text,label
"cuma two-way communication masih dalam proses.",1
"semua ini dapat bertahan dalam 30-40 minit, selepas itu, affan akan tak senang duduk dan suruh buka.",0
"sebelum ini kalau bawa pijak rumput mesti menangis kuat.",0
"i've been bringing my children here since they first opened.",1
"antara perkembangan yang ditunjukkan selepas terapi ialah:",1
"parents, at least you need to go for consultation if your child shows symptoms of speech delay that may bleed to autism.",1
"sebelum masuk terapi merangkak pun tak boleh.",0
"ammar boleh membaca tetapi tidak boleh berinteraksi sebelum ini.",0
"sebelum ini bila suap makan dia kemam lama.",0
"nangis sampai jiran tanya.",0
"kadang dia nak sesuatu tu dia cakap dekat saya sambil nangis.",0
"kekuatan balik.",2
"masuk terapi kedua balutan tangan, dia sendiri suai tangan untuk urut dan balut selepas siap balut kepala.",2
"teruskan terapi ya, tahniah. 💪💪",2
"ok saya akan buat balutan esok ikut paras kening, sekarang dia dah tidur lepas balut.",1
"alhamdulillah, i am one of the customers who received child therapy treatment at this treatment center.",2
"alhamdulillah ustaz. selepas 3 hari balutan kepala, izzara tiada lagi meltdown setiap kali balut kepala dia.",2
"jadi bila balutan mengikut sop, memang anak akan ada perubahan. 💪",2
"terbaik semua. 👏👏💪💪😊",2
"wah dah hensem boy, nampak dah besar sangat ni.",2
"ada sahabat tempat kerja saya terserempak dengan ammar di sekolah yang tahu situasi ammar.",1
"video pembelajaran saya akan share nanti insyallah.",1
"nak tanya sikit, saya dah hampir 2 minggu terapi.",1
"dia selalu sedih dan suka marah, merajuk.",0
"tadi ada parents teachers meeting di sekolahnya.",1
"kemudian saya stop ot, saya buat rawatan di neurotherapy dan hantar playschool.",1
"wah dah hensem boy, nampak dah besar sangat ni.",2
"now at the infrared level.",1
"tapi sekarang kunyah makan laju dan dah bagi saya suap dia pakai tangan.",2
"sebelum ini jenuh la nak bersilat dengan dia untuk potong rambut saja.",0
"lepas itu ustaz, muhammad anaqi dah takut duduk sendirian.",0
"malam tak sempat, ingat nak balut kul 10 malam dia dah tido.",1
"nak makan yang dia nak saja.",0
"dah tak tidur buaian siang, buaian mama dah kasi lipat simpan stor.",2
"betul.",1
"mandi kolam dia boleh beza dalam dengan tidak dalam.",2
"tak menangis dan meronta macam sebelum ini.",2
"alhamdulillah asbab terapi balutan, ammar dah banyak bercakap dan tunjukkan perubahan baru.",2
"sebelum therapy balut ini dia akan tidur lewat dalam 12:30 ke 1 pagi.",0
"sekarang makin kuat otot-otot anaqi.",2
"salam kawan-kawan, jom balut kepala. 🌹",1
"seronok sangat ustaz.",2
"yang lain masih dalam percubaan, harap ada perubahan positif lain.",1
"terapi-terapi lepas-lepas dia hanya akan bertahan sejam.",0
"sebelum ini selalu kata cepat lupa dan tak fokus dalam kelas.",0
"sekarang dah pandai makan nasi.",2
"syuhada dah tak menjerit beberapa hari ini.",2
"demam pun masuk ubat supp.",1
"tak dapat buat balutan, hanya urut sahaja.",0
"sebelum ini ammar hanya boleh membaca tapi tak boleh berinteraksi dua hala dengan kami.",0
"faeeq sebelum ini tak makan daging.",0
"sebelum ini jenuh la nak bersilat dengan dia untuk potong rambut saja.",0
"sekarang dia pandai punggah untuk cari mainan selain yang sentiasa main.",2
"nangis sampai jiran tanya.",0
"sebelum ini tak nak makan nasi, asyik nak bubur.",0
"malam jarang berjaga, dah minta susu.",2
"ya allah, seronok tak terkata mama.",2
"dah boleh berdiri sendiri.",2
"tapi selasa baru ini dia naik basikal.",2
"baru 6 sesi kalau tidak silap.",1
"cuma pergerakkan dia masih tak boleh control.",0
"terbaik puan. 💪💪 moga berhasil.",2
"mintak nak buat kerja sekolah.",2
"ok saya akan buat balutan esok ikut paras kening, sekarang dia dah tidur lepas balut.",1
"macam itu juga dengan air, asyik nak suruh order chagee saja.",0
"sebelum masuk terapi merangkak pun tak boleh.",0
"both children have autism.",1
"harini ammar ada perarakan maulidur rasul di sekolah.",1
"salam puan, nak tanya. reza ini ada nampak apa-apa perubahan yang positif tak.",1
"sebelum masuk terapi merangkak pun tak boleh.",0
"hasilnya organ semua mendapat oksigen dan nutrisi yang cukup dan akan berlaku perkumuhan dan penyahintinjaan yang selesa.",1
"masalah sangat memilih makanan, tantrum, tumbuk kawan.",0
"rawatan terapi kerja ammar di hukm harini.",1
"selesai online therapy untuk aiman hakim dan habib.",1
"tengok ummar dah boleh kayuh basikal dalam bulatan kayuhan penuh.",2
"hopefully neurospa therapy will continue to be recognized and can help children with problems.",2
"tidur pun awal.",2
"dah boleh dikawal sedikit daripada sebelum ini, impulsif terkawal.",2
"sepanjang 5 sesi tu adeeb tak bagi kerjasama, takut, tak ada minat untuk bermain.",0
"sebelum masuk terapi merangkak pun tak boleh.",0
"dah pandai bergaul dengan rakan sebaya.",2
"thaqif balut setiap malam. 👍",2
"alhamdulillah setelah anak saya muhammad al fateh (2 tahun 10 bulan) mengikut 8 sesi terapi, banyak perubahan positif mula ditunjukkan.",2
"dah happy bila nak bermain.",2
"rasanya yang kedua masih mencabar.",0
"dia dah mula meroket semula ya.",2
"punya lama lah mama tunggu dia bye-bye.",1
"a lot of knowledge and awareness sharing by tuan.",2
"tak pernah buat macam tu, selalu tarik dengan nak sesuatu.",0
"berapa lama nampak improvement boleh berkomunikasi itu, puan.",1
"saya ambil keputusan untuk terapikan sekali abang dan kakak daniel.",2
"i can see the changes in rayyan in terms of less tantrums and he calms down easily.",2
"jenuh dah bersilat maknya baru nak sihat.",0
"kekadang boleh divert attention dia untuk lengkapkan sejam, adakala dia akan nangis sampai buka balutan, adakala pada masa awal-awal tu buka saja balutan bila dia nangis lama sangat.",0
"syukur alhamdulillah di atas perubahan positif ini.",2
"semalam saya hanya buat 1 jam untuk setiap kali pakai.",1
"terapi-terapi lepas-lepas dia hanya akan bertahan sejam.",0
"done terapi tengah malam. 😅",1
"sebelum ini saya berhentikan sekolah.",0
"yang kurang, masa urut dan balut masih perlu tengok handphone untuk duduk diam.",0
"salam maaf, terlepas untuk update.",1
"sebelum ini mainan yang diletak dalam bakul tak pernah dia memunggah, hanya main apabila diajak bermain bersama saja.",2
"perubahan banyak sangat.",2
"a great place for child therapy.",2
"sebelum ini tak nak makan nasi, asyik nak bubur.",0
"focused learning and good exam results.",2
"balutan hari ke-5.",1
"semua ini dapat bertahan dalam 30-40 minit, selepas itu, affan akan tak senang duduk dan suruh buka.",0
"thank god, my child has seen a lot of positive development after undergoing therapy at neurospa therapy.",2
"dah paham rutin dia setiap hari kena pergi sana.",2
"betul anak saya first time muntah semua lendir-lendir.",0
"hai, selamat malam. saya just nak share cerita anak saya.",1
"buat therapy sebab susah nak makan, tak nak makan langsung.",0
"hasilnya organ semua mendapat oksigen dan nutrisi yang cukup dan akan berlaku perkumuhan dan penyahintinjaan yang selesa.",1
"terbaik nuh. 👏👏",2
"dia selalu sedih dan suka marah, merajuk.",0
"hampir 2 bulan terapi.",1
"betul anak saya first time muntah semua lendir-lendir.",0
"sedikit pengalaman saya kongsikan bersama.",1
"sebelum ini saya berhentikan sekolah.",0
"nak suap makan pakai tangan dia tak nak sebab tak suka saya sentuh mulut dia.",0
"sebelum ini jenuh la nak bersilat dengan dia untuk potong rambut saja.",0
"kalau sebelum ini berkejaran dengan dia saja. 😂😂",0
"last week sekolah agama cikgu bagitahu paper sirah/akhlak dia dapat highest seluruh kelas 98.",2
"saya tanya pada teacher taska.",1
"deekshanya 💪",2
"done terapi tengah malam. 😅",1
"memang bab bermain amin belum pandai sangat.",0
"hariz dah masuk sesi ke-4.",1
"bagi saya dah happy sangat.",2
"tak sempat pagi, kul 11 pagi sampai pukul 3 petang balut dapat 4 jam.",1
"sekarang dah boleh makan pelbagai masakan berasaskan ayam, daging dan ikan.",2
"baru 6 sesi kalau tidak silap.",1
"lama betul tido malam tadi.",2
"sebelum ini pasif, tak suka berkawan.",0
"sebelum ini tengok nasi dia dah buat muka.",0
"dia dah banyak bertanya, apa yang dia nampak dia akan tanya 'bonda, what is this?'.",2
"tadi luthfi sejak 5/5/25 so far tak ada memanjat kerusi atau meja.",2
"sekarang saya pakai taktik balut kepala dulu saja, then 2nd round baru kepala dah tangan.",1
"personally tak nampak sangat significant changes selain daripada yang di atas.",1
"bagi saya dah happy sangat.",2
"banyak lagi perkembangan yang baik-baik, so kawan-kawan semua teruskan terapi ok. ✌️",2
"sebelum ini pegang buku pun tak mahu.",0
"awal pagi dan nak tidur je sempat buat sebab kerja.",1
"banyak relaks dia punya muscle tu.",2
"adam khalish sekarang macam jadi penyedih.",0
"assalamualaikum wbt.",1
"the eldest has a lot of words and can speak well.",2
"demam pun masuk ubat supp.",1
"next appointment jumpa doctor psychologist kerana dia ada masalah behaviour.",0
"izzuddin mula dari 22.02.2025.",1
"banyak bercakap dah sekarang.",2
"kat luar tak ada tantrum, ok sekarang.",2
"sebelum ini dia mengamuk, tak nak buka mulut, lari keluar.",0
"my son's name is al faiq. he has had his 7th therapy session.",1
"cuba buka tapi kita tak bagi.",1
"dan sekarang pandai dah nak rebut mainan dengan kakak dia. 🤭",2
"sudahnya mood kelaut kalau ditegur lagi.",0
"sebelum ini kalau siang wajib tidur dalam buaian, kalau tak tak tidur.",0
"belum lagi. cuma therapist nurul je tgh liae dgn saya.",1
"cikgu maklum ammar minta mask.",2
"semalam saya hanya buat 1 jam untuk setiap kali pakai.",1
"masih makan benda sama, telur dadar dan cupcake.",0
"sebelum ini selalu kata cepat lupa dan tak fokus dalam kelas.",0
"sebelum dia memang tak pernah tidur siang.",0
"sebelum ini semua masuk mulut.",0
"kadang bangun minta susu cuma tak sekerap sebelum ini.",2
"antara perubahan positif, alhamdulillah tantrum berkurang.",2
"sebelum ini selalu kata cepat lupa dan tak fokus dalam kelas.",0
"sebelum ini jenuh la nak bersilat dengan dia untuk potong rambut saja.",0
"parents, at least you need to go for consultation if your child shows symptoms of speech delay that may bleed to autism.",1
"doktor terkejut dengan perubahan cara kerja ammar.",2
"sebelum ini dia mengamuk, tak nak buka mulut, lari keluar.",0
"kalau sugar tinggi habis semua orang dia kacau.",0
"alhamdulillah, tahniah ibu dan ayah aqib sebab konsisten buat terapi di rumah. 👏",2
"selain itu, kalau dulu susah sangat tidur malam.",0
"sebelum ini kalau siang wajib tidur dalam buaian, kalau tak tak tidur.",0
"sekarang saya pakai taktik balut kepala dulu saja, then 2nd round baru kepala dah tangan.",1
"sekarang saya pakai taktik balut kepala dulu saja, then 2nd round baru kepala dah tangan.",1
"tapi selalu dapat full markah dalam setiap subject.",2
"now at the infrared level.",1
"perkara yang memang tak pernah ammar nak buat dan akan koyakkan mask kalau disuruh pakai sebelum ini.",2
"kalau tak sebelum ini memang tak fokus tunjuk apa dalam buku itu, langsung tak nak tengok.",0
"dengar kuliah daddy. 🤍",2
"not extravagant.",2
"masih makan benda sama, telur dadar dan cupcake.",0
"sebelum ini jenuh la nak bersilat dengan dia untuk potong rambut saja.",0
"khareef aanaqi.",1
"alhamdulillah, anak saya dah pandai main gelongsor seorang diri tanpa perlu bantuan ayahnya.",2
"the place is comfortable, the therapist's service is good and the children are comfortable.",2
"cuma masih tak nak makan nasi.",0
"anak saya ahmad ali jenis sangat aktif, tak pernah day nap, selalu tido malam je.",0
"zayyan dah semakin tenang, tidak lagi main baling-baling batu bila di kampung.",2
"salam maaf, terlepas untuk update.",1
"balutan kedua uwais.",1
"memang macam trauma sangat lah.",0
"tu yang skip lama, nak mula balik.",1
"eye contact makin kerap.",2
"selepas terapi danyashree pandai pegang barang, sekarang dah swimming pun dah ok.",2
"jadi itu yang dia marah bila saya tak bagi.",0
"alhamdulillah balutan saya setiap malam konsisten walaupun dia mengamuk-amuk nak pakai.",2
"sebelum ini hanya makan nasi berlaukkan sup ayam, kadang makan nasi hanya 2 hari sekali.",0
"punya lama lah mama tunggu dia bye-bye.",1
"baik ustaz, saya usahakan.",1
"macam itu juga dengan air, asyik nak suruh order chagee saja.",0
"dia pandai bertenang.",2
"kalau sugar tinggi habis semua orang dia kacau.",0
"sudahnya tak lama lagi mahu spm.",1
"berjaya tukar cara pemakanan dia dari processed food kepada real food.",2
"both children have autism.",1
"jenuh dah bersilat maknya baru nak sihat.",0
"alhamdulillah, umar haidar makan sendiri dah, banyak perubahan.",2
"personally tak nampak sangat significant changes selain daripada yang di atas.",1
"sabtu lepas jiran buat bbq, dia boleh bermain bola dengan anak-anak jiran dari 6:30 petang hingga 11:30 malam.",2
"sebelum ini bila suap makan dia kemam lama.",0
"tak ada silat-silat time balut tangan, dia dah lelap.",2
"sebelum ini saya berhentikan sekolah.",0
"sekarang dekat 4–5 kali cakap lapar.",1
"ari ini terapikan sekali kakaknya.",1
"saya ada tanya cikgu perlu ke saya tukarkan sekolah luthfi kepada sekolah khas untuk kanak-kanak yang ada development issue, sebab sekarang luthfi sekolah government biasa.",1
"yang kurang, masa urut dan balut masih perlu tengok handphone untuk duduk diam.",0
"dan satu lagi, dia sekarang ini sangat-sangat manja dengan daddy dia.",2
"kalau nak tidur pun masuk jam 3–4 pagi baru nak tidur.",0
"bila peluh keluar, menandakan badan panas disebabkan aliran darah cantik.",1
"sebelum ini semua masuk mulut.",0
"sebelum therapy balut ini dia akan tidur lewat dalam 12:30 ke 1 pagi.",0
"semalam saya hanya buat 1 jam untuk setiap kali pakai.",1
"limited sangat cara bermain katanya.",0
"now at the infrared level.",1
"hai manisha...",1
"setelah itu, bermulalah fasa terapi balut tangan pula yang mana permulaannya memang amat mencabar untuk balut.",0
"dengan rela hati buka mulut. sebelum ini dia mengamuk, tak nak buka mulut, lari keluar.",2
"semoga ada perkembangan yang baik-baik selepas ini. 🙌💪🙏",2
"ok, alhamdulillah semua dah sembuh dan pulih.",2
"wah bagusnya ada peningkatan.",2
"adam khalish sekarang macam jadi penyedih.",0
"tapi buat masa sekarang kami buat yang termampu.",1
"sebelum ini dia berani.",0
"assalamualaikum ustaz, nak share kalau tak isaac memang tak pandai nak main block ini.",0
"eye contact: kalau sebelum ini buat apa pun dia tak akan bagi respon.",0
"dah boleh main sama-sama ke, boleh duduk diam ke.",1
"sudahnya mood kelaut kalau ditegur lagi.",0
"assalamualaikum ustaz, saya khairul ayah kepada eewan.",1
"lega mama.",2
"rasanya yang kedua masih mencabar.",0
"yang kurang, masa urut dan balut masih perlu tengok handphone untuk duduk diam.",0
"alhamdulillah la, sekarang umar haidar dah tak berapa nak gila dengan remote, tak ada dah nak menangis kalau tak dapat remote tv.",2
"semoga asbab terapi ini dapat membantu ammar untuk dapat perubahan positif lagi.",2
"sebelum ini allah je tahu susahnya nak bagi dia ubat sebab dia menangis dan sembur habis ubat.",0
"next appointment jumpa doctor psychologist kerana dia ada masalah behaviour.",0
"dari segi fokus dan membaca improve.",2
"saya tanya pada teacher taska.",1
"sebelum ini semua masuk mulut.",0
"walaupun masih ada merayau sikit kat school.",0
"january 2024 berhenti tahfiz, bawa balik start sekolah sk dan sra masuk tahun 6.",1
"kalau dulu kena marah dia buat tak tahu saja.",0
"sekarang minatnya sangat suka dibacakan buku cerita.",2
"sebelum ini dia langsung tak pandai dan tak berani main swing, melompat dan bergayut.",0
"hopefully, everything will be made easier for him while undergoing therapy here.",2
"cuma pergerakkan dia masih tak boleh control.",0
"mula-mula langsung tak bagi balut kepala masa terapi pertama.",0
"main bola dia pandai, jadi doktor suruh fokus untuk main bola.",2
"anak saya aqeela dah buat terapi almost 4 month.",1
"di sekolah luthfi setiap pagi ada outdoor activity berjalan, selalu dia akan berlari.",0
"kalau nak tidur pun masuk jam 3–4 pagi baru nak tidur.",0
"hasilnya organ semua mendapat oksigen dan nutrisi yang cukup dan akan berlaku perkumuhan dan penyahintinjaan yang selesa.",1
"i am very satisfied, best of luck.",2
"dari mula kenal izz di ppki dia selalu warna ikut suka hati.",0
"dua tiga hari ini dia dah try makan nasi.",2
"bila dah buat terapi, otak dah memproses dan menghantar signal ke seluruh sistem badan seperti sistem kardiovaskular, sistem endokrin, sistem limpatik.",1
"alhamdulillah terbaik puan, hasil konsisten terapi, jaga pemakanan dia dan detox badan. tahniah puan. 🙌",2
"tiap kali ambil balik sekolah dapat pujian dari cikgu.",2
"cuma cara bercakap kadang-kadang macam baby, tapi xpelat lagi.",0
"selain itu, kalau dulu susah sangat tidur malam.",0
"sebelum masuk terapi merangkak pun tak boleh.",0
"alhamdulillah, sebelum ini saya ada bagitahu ustaz, kalau ummar kayuh basikal dia tak dapat kayuh dalam bulatan penuh.",0
"cuma paper cikgu ambil balik.",1
"sebelum ini kalau bawa pijak rumput mesti menangis kuat.",0
"betul.",1
"ni ha rehat sungguh.",2
"sebelum ini dia berani.",0
"di sekolah tulis lambat, di rumah ok saja.",1
"wahhh terer ni baru start dah ada emosi dan awareness.",2
"dia cuba sampaikan sesuatu sambil menahan sedih, kadang sampai menitis air mata.",0
"sebelum ini saya berhentikan sekolah.",0
"jumpa doctor di hta around april 2023, diagnosed as autism.",1
"ajak baca doa, sekali tengok eh dah lelap dah.",2
"tak pernah buat macam tu, selalu tarik dengan nak sesuatu.",0
"my son's name is al faiq. he has had his 7th therapy session.",1
"sebelum ini nak jumpa doktor kena bersilat, nampak klinik atau hospital terus tak nak masuk.",0
"kalau sebelum ini setiap malam bangun menangis. 🥺",0
"masuk yang ketiga, dia sendiri bagi kepala untuk balut dan paling lama bertahan adalah 3 jam.",2
"balutan kedua uwais.",1
"alhamdulillah uwais dah berselera makan, selepas 4 bulan takde selera makan. 🙌",2
"buat aktiviti pun ok nak join macam kawan-kawan lain.",2
"pengeluaran hormon akan jadi lebih stabil.",1
"syukur selalu.",2
"9 tahun.",1
"sebelum ini nak jumpa doktor kena bersilat, nampak klinik atau hospital terus tak nak masuk.",0
"alhamdulillah allah swt brought us together with neurospa therapy.",2
"kalau sugar tinggi habis semua orang dia kacau.",0
"ada masa sehari sekali, tengok mood.",1
"ni disebabkan proses perubahan ke?",1
"dia suka memanjat meja dan kerusi.",0
"sebelum ini dia berani.",0
"hai ammar. 🥰",2
"result sekolah agama syuhada.",1
"terapi malam: 5:30 petang ke 7:30 malam.",1
"tantrum tu takde sangat dah, bila tantrum boleh pujuk.",2
"mula-mula langsung tak bagi balut kepala masa terapi pertama.",0
"pegawai terapi cakap boleh duduk lama di meja dalam 20 minit.",2
"selalunya tidur lambat, aktif sangat main.",1
"jenuh dah bersilat maknya baru nak sihat.",0
"hafiy eshan hari ini masuk sesi 5.",1
"di sekolah tulis lambat, di rumah ok saja.",1
"terima kasih neuro spa.",2
"asyik nak bergerak.",0
"ustaz, anak saya dah nampak kesan positif.",2
"hehe, dia selera orang tua ustaz, tak pedas dia tak selera makan. 😂",1
"terapi malam: 5:30 petang ke 7:30 malam.",1
"malam pun tidur makin lena dan jarang terjaga minta susu.",2
"assalamualaikum, nak share perkembangan positive.",2
"sebelum ini semua masuk mulut.",0
"rendaman: 4:30 petang ke 5 petang.",1
"tahniah.",2
"alhamdulillah, sebelum ini saya ada bagitahu ustaz, kalau ummar kayuh basikal dia tak dapat kayuh dalam bulatan penuh.",0
"sebelum ini tak nak makan nasi, asyik nak bubur.",0
"maxkan 3 jam sehari.",1
"sebelum ini dia cakap juga lapar tapi sehari 1–2 kali saja.",1
"saya tanya pada teacher taska.",1
"kekadang boleh divert attention dia untuk lengkapkan sejam, adakala dia akan nangis sampai buka balutan, adakala pada masa awal-awal tu buka saja balutan bila dia nangis lama sangat.",0
"sebelum ini jenuh la nak bersilat dengan dia untuk potong rambut saja.",0
"memang bab bermain amin belum pandai sangat.",0
"alhamdulillah, faiq has changed.",2
"perkembangan hafiy eshan selama 13 sesi bersama nst.",2
"sebelum ini hanya makan nasi berlaukkan sup ayam, kadang makan nasi hanya 2 hari sekali.",0
"bila pergi rumah pengasuh tak menangis dah dalam 3 minggu ini.",2
"alhamdulillah setakat ini nampak perubahan positif.",2
"feedback dari sekolah:",1
"sekarang dekat 4–5 kali cakap lapar.",1
"agak struggle buat urutan dalam kereta, tak nak bagi kerjasama.",1
"punya lama lah mama tunggu dia bye-bye.",1
"sebelum ini dia selalu hanya makan nasi dengan ikan, ayam dan telur dadar saja.",0
"salam, tahniah. 💪💪💪",2
"dah pandai pergi toilet sendiri.",2
"boleh duduk sejam atas kerusi.",2
"alhamdulillah, the cheapest place in town.",2
"papa dia suruh saya tengok ummar kayuh basikal macam mana.",1
"komen cikgu izz di sekolah.",1
"bagus boleh tidur lena.",2
"salam maaf, terlepas untuk update.",1
"sebelum ini bila suap makan dia kemam lama.",0
"salam dan selamat malam.",1
"alhamdulillah, dah tak pelat.",2
"salam, hai semua. 👋👋👋",2
"salam, baru dapat terapi, baru balik dari temujanji cara kerja di hospital.",1
"kurang tantrum.",2
"salam, baru dapat terapi, baru balik dari temujanji cara kerja di hospital.",1
"dah kurang laskar.",2
"both children have autism.",1
"result sekolah agama syuhada.",1
"semalam saya hanya buat 1 jam untuk setiap kali pakai.",1
"belum lagi. cuma therapist nurul je tgh liae dgn saya.",1
"delicious and satisfying and good service.",2
"amin dah nak makan buah oren ini.",2
"nak suap makan pakai tangan dia tak nak sebab tak suka saya sentuh mulut dia.",0
"boleh memahami arahan dengan lebih baik. 😊",2
"cikgu beritahu luthfi banyak sangat perubahan daripada buat hal sendiri, sekarang dah mula bergaul dengan kawan-kawan.",2
"hari khamis lepas, adeeb jumpa occupational therapy under hospital government.",1
"both children have autism.",1
"kami bawa suffi ke therapist centre untuk check.",1
"cikgu dia cakap dia dah rajin buat kerja, bacaan pun banyak improve alhamdulillah.",2
"sekarang ini dia sekali dua panggil sudah menoleh.",2
"kalini alhamdulillah boleh makan ubat batuk.",2
"betul anak saya first time muntah semua lendir-lendir.",0
"alhamdulillah beransur pulih cuma tinggal batuk-batuk sikit.",2
"makan: lebih berselera dan dah boleh terima sayur. 🙌",2
"feedback dari sekolah:",1
"dia dah ada eye contact.",2
"kalau sebelum ini berkejaran dengan dia saja. 😂😂",0
"kekadang boleh divert attention dia untuk lengkapkan sejam, adakala dia akan nangis sampai buka balutan, adakala pada masa awal-awal tu buka saja balutan bila dia nangis lama sangat.",0
"nak tanya sikit, saya dah hampir 2 minggu terapi.",1
"sebelum ini allah je tahu susahnya nak bagi dia ubat sebab dia menangis dan sembur habis ubat.",0
"hehe, dia selera orang tua ustaz, tak pedas dia tak selera makan. 😂",1
"kalau malam pukul 9 mata dia dah kuyu.",2
"kekadang boleh divert attention dia untuk lengkapkan sejam, adakala dia akan nangis sampai buka balutan, adakala pada masa awal-awal tu buka saja balutan bila dia nangis lama sangat.",0
"cuba buka tapi kita tak bagi.",1
"dari kecik sampai sekarang makan bubur.",0
"dengan rela hati buka mulut.",2
"personally tak nampak sangat significant changes selain daripada yang di atas.",1
"speech semakin lancar walaupun belum gabung ayat.",2
"haaa bagus tu puan. 👍👍😊",2
"harini first time lepas dia rendam air garam, dia cirit sampai tak sempat ke toilet.",0
"yer betul.",1
"menjadi seorang yang sangat cergas dan explore semua benda.",2
"saja sharing perkembangan anak.",1
"tunggu dia bangun nak sarapan mandi, pastu baru buat urutan.",1
"masuk minggu ketiga urutan dekat leher dengan mulut dia.",1
"harini boleh buat lagi.",2
"macam itu juga dengan air, asyik nak suruh order chagee saja.",0
"sebuah sudah buat balutan.",1
"saya bagi dia mewarna sebab subjek mewarna dan melukis dia memang tak minat.",0
"pengeluaran hormon akan jadi lebih stabil.",1
"sebelum ini nak jumpa doktor kena bersilat, nampak klinik atau hospital terus tak nak masuk.",0
"kadang dia nak sesuatu tu dia cakap dekat saya sambil nangis.",0
"balutan kedua uwais.",1
"alhamdulillah adik fahaira sesi 10 hari ini.",2
"masih makan benda sama, telur dadar dan cupcake.",0
"sebelum ini tak nak makan nasi, asyik nak bubur.",0
"assalamualaikum, saya just nak share.",1
"since syuhada received therapy here, there have been many changes.",2
"jadi itu yang dia marah bila saya tak bagi.",0
"masih makan benda sama, telur dadar dan cupcake.",0
"dah ada perkembangan positif pada nadim.",2
"alhamdulillah pagi ini.",2
"memang macam trauma sangat lah.",0
"di sekolah luthfi setiap pagi ada outdoor activity berjalan, selalu dia akan berlari.",0
"11th session with both children. lots of positive developments.",2
"wowww superb.",2
"jadi itu yang dia marah bila saya tak bagi.",0
"9 tahun.",1
"alhamdulillah rayyan yusuff lebih behave.",2
"sekarang mudah sangat nak tidur jam 9 dan tidur nyenyak.",2
"setelah itu, bermulalah fasa terapi balut tangan pula yang mana permulaannya memang amat mencabar untuk balut.",0
"sebelum ini tak nak makan nasi, asyik nak bubur.",0
"sebelum ini kalau siang wajib tidur dalam buaian, kalau tak tak tidur.",0
"anak saya ahmad ali jenis sangat aktif, tak pernah day nap, selalu tido malam je.",0
"sebelum ini anaqi seorang yang diam tak bergerak, asyik baring saja.",0
"terima kasih.",2
"ammar juga telah mula mengambil pelbagai jenis makanan, yang selama ini ammar agak memilih makanan.",2
"limited sangat cara bermain katanya.",0
"antara peningkatan yang saya nampak, umar lebih cepat respon bila dipanggil.",2
"hampir 2 bulan terapi.",1
"biasa kalau makanan ini susah nak ubah.",2
"hasilnya organ semua mendapat oksigen dan nutrisi yang cukup dan akan berlaku perkumuhan dan penyahintinjaan yang selesa.",1
"sebelum ini bila suap makan dia kemam lama.",0
"ada sahabat tempat kerja saya terserempak dengan ammar di sekolah yang tahu situasi ammar.",1
"ia terjadi pada anak saya juga pada mulanya positive to negative behavior 2-3 hari gitu.",0
"izzuddin mula dari 22.02.2025.",1
"hariz dah masuk sesi ke-4.",1
"memang bab bermain amin belum pandai sangat.",0
"umur dah berapa tahun.",1
"cuma paper cikgu ambil balik.",1
"sebelum ini selalu kata cepat lupa dan tak fokus dalam kelas.",0
"lepas balutan kali keempat suffi agak grumpy, tantrum tak nak dibalut.",0
"kemudian saya stop ot, saya buat rawatan di neurotherapy dan hantar playschool.",1
"tepuk tangan, terbaik semua. 👏👏",2
"hai manisha...",1
"alhamdulillah, syukur.",2
"anak dah masuk sesi ke-7.",1
"anak saya ahmad ali jenis sangat aktif, tak pernah day nap, selalu tido malam je.",0
"sekarang dekat 4–5 kali cakap lapar.",1
"dari mula sampai habis boleh serileks ini.",2
"sangat takut potong rambut.",0
"eye contact: kalau sebelum ini buat apa pun dia tak akan bagi respon.",0
"harini first time lepas dia rendam air garam, dia cirit sampai tak sempat ke toilet.",0
"tapi normal kan.",1
"buat therapy sebab susah nak makan, tak nak makan langsung.",0
"dia boleh duduk dan keluarkan guli yang bercampur dengan slime satu-satu.",2
"ia terjadi pada anak saya juga pada mulanya positive to negative behavior 2-3 hari gitu.",0
"syiffa'a terapi sesi pagi.",1
"terapi balutan tangan di pusat rawatan.",1
"ni disebabkan proses perubahan ke?",1
"dia suka memanjat meja dan kerusi.",0
"balutan hari ke-5.",1
"semua ini dapat bertahan dalam 30-40 minit, selepas itu, affan akan tak senang duduk dan suruh buka.",0
"boleh lah nak ajak gaduh.",2
"nak makan yang dia nak saja.",0
"yer betul.",1
"syiffa'a terapi sesi pagi.",1
"sambung tido lagi kat rumah. 😄",2
"bahasa arab dia tahu jaddun atok, jaddatun nenek.",2
"memang macam trauma sangat lah.",0
"hai, nak share before terapi isa mateen kelas bulan july, still tak fokus dan tak faham apa teacher minta.",0
"hai, nak share before terapi isa mateen kelas bulan july, still tak fokus dan tak faham apa teacher minta.",0
"kalau nak tidur pun masuk jam 3–4 pagi baru nak tidur.",0
"anak saya aqeela dah buat terapi almost 4 month.",1
"dapat balut masa tidur saja.",1
"sebelum ini allah je tahu susahnya nak bagi dia ubat sebab dia menangis dan sembur habis ubat.",0
"dapat tidur petang, tak meragam cari fon.",2
"betul anak saya first time muntah semua lendir-lendir.",0
"masih makan benda sama, telur dadar dan cupcake.",0
"eye contact makin baik.",2
"hariz dah masuk sesi ke-4.",1
"syukur alhamdulillah.",2
"cuma masih tak nak makan nasi.",0
"salam maaf, terlepas untuk update.",1
"sebelum ini anaqi seorang yang diam tak bergerak, asyik baring saja.",0
"sebelum ini kalau bawa pijak rumput mesti menangis kuat.",0
"next appointment jumpa doctor psychologist kerana dia ada masalah behaviour.",0
"anak saya ahmad ali jenis sangat aktif, tak pernah day nap, selalu tido malam je.",0
"sudahnya mood kelaut kalau ditegur lagi.",0
"hanya seminggu buat terapi di rumah dengan konsisten, anak dah dapat banyak perubahan selepas terapi.",2
"parent lain pun boleh share perkembangan anak di sini ya.",1
"kalau dulu kena marah dia buat tak tahu saja.",0
"kalau tidak drama air mata dari awal hingga akhir.",0
"bahasa melayu pun ok.",2
"lagi ketua sekolah dan cikgu luthfi is giving full support on his development in school.",2
"sedikit pengalaman saya kongsikan bersama.",1
"cuma bab makan masih lagi cerewet.",0
"sebelum ini dia berani.",0
"now at the infrared level.",1
"jadi itu yang dia marah bila saya tak bagi.",0
"haah, tu baru siap ratah sup seafood, campur cendawan nak bagi dia balik. 😂",2
"the best therapy. my child has seen a lot of improvement here. thank you neurospa therapy ❤️",2
"bila panggil cepat respon dah juga.",2
"salam, saya nak kongsi perubahan yang baik sepanjang sesi terapi ini.",2
"anak saya semalam baru first day buat balutan.",2
"sebelum masuk terapi merangkak pun tak boleh.",0
"masih makan benda sama, telur dadar dan cupcake.",0
"sebelum ini pegang buku pun tak mahu.",0
"selain itu, kalau dulu susah sangat tidur malam.",0
"di sekolah luthfi setiap pagi ada outdoor activity berjalan, selalu dia akan berlari.",0
"sebelum ini jenuh la nak bersilat dengan dia untuk potong rambut saja.",0
"sebelum masuk terapi merangkak pun tak boleh.",0
"dah tak takut pijak rumput.",2
"selalunya tidur lambat, aktif sangat main.",1
"parent lain pun boleh share perkembangan anak di sini ya.",1
"tahniah diucapkan.",2
"alhamdulillah.",2
"assalamualaikum, ustaz.",1
"dah masuk urutan mulut, pipi dan tangan.",2
"saya bagi dia mewarna sebab subjek mewarna dan melukis dia memang tak minat.",0
"ajak baca doa, sekali tengok eh dah lelap dah.",2
"sebelum ini tengok nasi dia dah buat muka.",0
"hampir 2 bulan terapi.",1
"jumpa doctor di hta around april 2023, diagnosed as autism.",1
"salam, saya nak tanya. anak autism biasanya kurang berpeluh ke?",1
"jumpa doctor di hta around april 2023, diagnosed as autism.",1
"nanti saya update sikit-sikit.",1
"rendaman: 4:30 petang ke 5 petang.",1
"dah pandai menunjuk.",2
"dan improvement amsyar sangat laju.",2
"lepas balutan kali keempat suffi agak grumpy, tantrum tak nak dibalut.",0
"banyak dah improved muhammad anaqi.",2
"jadi itu yang dia marah bila saya tak bagi.",0
"sebelum ini tak nak makan nasi, asyik nak bubur.",0
"ammar boleh membaca tetapi tidak boleh berinteraksi sebelum ini.",0
"mengamuk bila balut dan nangis yang agak kuat.",0
"just finished the 16th session.",1
"sedikit pengalaman saya kongsikan bersama.",1
"berapa lama nampak improvement boleh berkomunikasi itu, puan.",1
"ok saya akan buat balutan esok ikut paras kening, sekarang dia dah tidur lepas balut.",1
"dia suka memanjat meja dan kerusi.",0
"cepat respon dan boleh bertindak mengikut arahan yang diberikan.",2
"ni disebabkan proses perubahan ke?",1
"ok saya akan buat balutan esok ikut paras kening, sekarang dia dah tidur lepas balut.",1
"hai selamat malam. saya just nak share cerita anak saya.",1
"makanan yang dia nak makan pula tu fast food, makanan tak sihat.",0
"kalau sugar tinggi habis semua orang dia kacau.",0
"alhamdulillah, nak nangis rasa.",2
"the place is comfortable, the therapists are all experienced, and the service is tip top.",2
"the child has made a lot of good progress.",2
"mama cuba sehabis baik nak balut kepala itu.",2
"dia cuba sampaikan sesuatu sambil menahan sedih, kadang sampai menitis air mata.",0
"kalau sugar tinggi habis semua orang dia kacau.",0
"dah tahu kalau mandi tu kena buka baju, seluar dan letak dalam bakul.",2
"cikgu siap ambil gambar tunjuk bukti dekat saya pasal saya tak percaya. 👍🙌",2
"walaupun dah makan dua itu tetap cakap lapar lagi.",0
"dia follow saja bila balut kepala.",2
"alahai sian adam. selamat malam. 😊",2
"kalau sebelum ini setiap malam bangun menangis. 🥺",0
"ia terjadi pada anak saya juga pada mulanya positive to negative behavior 2-3 hari gitu.",0
"sebelum ini hanya makan nasi berlaukkan sup ayam, kadang makan nasi hanya 2 hari sekali.",0
"sabar menunggu giliran dan tak lari mengejut dah.",2
"saya tanya pada teacher taska.",1
"faeeq sebelum ini tak makan daging.",0
"dia akan jawab 'yes' dan 'ermm'.",2
"dah tak meraung ajak keluar malam-malam.",2
"semua ini dapat bertahan dalam 30-40 minit, selepas itu, affan akan tak senang duduk dan suruh buka.",0
"dia dah boleh jalan sendiri untuk berapa langkah.",2
"masalah sangat memilih makanan, tantrum, tumbuk kawan.",0
"lepas bukak tu dia senyap pergi ambil cawan dengan botol air kat atas meja bagi kat saya nak minum air.",2
"jenuh dah bersilat maknya baru nak sihat.",0
"nanti saya update sikit-sikit.",1
"ammar pakai mask sampai balik.",2
"cuba buka tapi kita tak bagi.",1
"saya ada tanya cikgu perlu ke saya tukarkan sekolah luthfi kepada sekolah khas untuk kanak-kanak yang ada development issue, sebab sekarang luthfi sekolah government biasa.",1
"perkembangan: dah start bina ayat sikit-sikit.",2
"rasanya yang kedua masih mencabar.",0
"boleh fokus untuk settlekan satu-satu task atau aktiviti.",2
"hopefully, everything will be made easier for him while undergoing therapy here.",2
"hari ini di ot amin masih lagi tak boleh nak fokus lama.",0
"selain itu, kalau dulu susah sangat tidur malam.",0
"terapi malam: 5:30 petang ke 7:30 malam.",1
"don dah pandai makan sendiri.",2
"sekarang dah pandai makan nasi.",2
"ini kali kedua potong rambut lepas start terapi jun.",2
"malam tadi tidur awal, tak ada nak pujuk-pujuk.",2
"alhamdulillah sejak buat balutan dia dah tak tantrum dah.",2
"tido lena sudah.",2
"lepas buat rawatan ini baru nak dia nak rasa makanan lain.",2
"kadang dia nak sesuatu tu dia cakap dekat saya sambil nangis.",0
"ia terjadi pada anak saya juga pada mulanya positive to negative behavior 2-3 hari gitu.",0
"eye contact: kalau sebelum ini buat apa pun dia tak akan bagi respon.",0
"sebelum ini nak jumpa doktor kena bersilat, nampak klinik atau hospital terus tak nak masuk.",0
"tidak sangka sangat-sangat akhirnya dia tahu sakit dan tunjuk di mana bahagian dia sakit.",2
"berkat treatment kat neurospa.",2
"limited sangat cara bermain katanya.",0
"salam maaf, terlepas untuk update.",1
"harini first time lepas dia rendam air garam, dia cirit sampai tak sempat ke toilet.",0
"minggu lepas pergi ot, terapis bagitahu fokus dia bagus.",2
"banyak lagi, moga lepas ini banyak lagi perkembangannya.",2
"dari mula kenal izz di ppki dia selalu warna ikut suka hati.",0
"kalau tak sebelum ini memang tak fokus tunjuk apa dalam buku itu, langsung tak nak tengok.",0
"agak struggle buat urutan dalam kereta, tak nak bagi kerjasama.",1
"anak saya aqeela dah buat terapi almost 4 month.",1
"baik ustaz, saya usahakan.",1
"thank god, the 2nd infrared session is over.",1
"papa dia suruh saya tengok ummar kayuh basikal macam mana.",1
"kami fikir positif saja, itu yang penting.",2
"sudahnya tak lama lagi mahu spm.",1
"sebelum ini tengok nasi dia dah buat muka.",0
"dia sekarang ringan sikit nak ikut.",2
"berjalan masih beberapa steps tapi dia makin nak bangun dan praktis sendiri.",2
"azz amin anak bertuah, kalau tak balut dia main saja sampai kul 3 ke 4 pagi baru ngantuk.",0
"hai, selamat malam. saya just nak share cerita anak saya.",1
"alhamdulillah, dah hari ke-24 balutan kepala.",2
"tahniah.",2
"banyak perubahan anaqi.",2
"they can now listen to simple instructions.",2
"sebelum ini dia tak akan makan, dia macam geli.",0
"nampak dah nak bergaul sedikit dengan kawan-kawan.",2
"aathvick baru lagi, dia nangis sebab tak selesa.",0
"syiffa'a terapi sesi pagi.",1
"arini bawa ajwad ke menara taming sari.",1
"anak saya aqeela dah buat terapi almost 4 month.",1
"both children have autism.",1
"dari mula kenal izz di ppki dia selalu warna ikut suka hati.",0
"setiap minggu banyak sangat perubahan dia semenjak buat terapi ini.",2
"bila peluh keluar, menandakan badan panas disebabkan aliran darah cantik.",1
"selepas urut dan balut terus tidur.",2
"salam kawan-kawan, jom balut kepala. 🌹",1
"salam kawan-kawan, jom balut kepala. 🌹",1
"alhamdulillah banyak lagi perubahannya.",2
"now at the infrared level.",1
"belum lagi. cuma therapist nurul je tgh liae dgn saya.",1
"wah dah hensem boy, nampak dah besar sangat ini.",2
"antara perkembangan yang ditunjukkan selepas terapi ialah:",1
"sebelum ini nak potong rambut dia nangis sampai termuntah.",0
"alhamdulillah memang banyak perubahan yang baik selepas sesi urutan.",2
"sebelum ini pasif, tak suka berkawan.",0
"ada sahabat tempat kerja saya terserempak dengan ammar di sekolah yang tahu situasi ammar.",1
"still in progress for any signs of improvement.",1
"balutan untuk sesi 2 harini di centre, ayah eren yang buat, ketat dan kemas.",2
"tapi normal kan.",1
"malam tadi tidur awal, tak ada nak pujuk-pujuk.",2
"dia cuba sampaikan sesuatu sambil menahan sedih, kadang sampai menitis air mata.",0
"muhammad faeq. 💜",1
"buat therapy sebab susah nak makan, tak nak makan langsung.",0
"setelah itu, bermulalah fasa terapi balut tangan pula yang mana permulaannya memang amat mencabar untuk balut.",0
"hanya allah swt saja tahu perasaan itu kan.",1
"terapi malam: 5:30 petang ke 7:30 malam.",1
"hari khamis lepas, adeeb jumpa occupational therapy under hospital government.",1
"buat therapy sebab susah nak makan, tak nak makan langsung.",0
"hai, selamat malam. saya just nak share cerita anak saya.",1
"setakat ini perubahan haseem makin baik terima arahan dan makin banyak words dia boleh sebut.",2
"saya nak share perkembangan anak saya amiirah ada adhd, baru 3 kali buat terapi.",1
"dah suka main macam ini.",2
"ni dia tido dalam kereta waktu jemput abang dia sekolah.",2
"ini result periksa dia akhir tahun.",1
"sebelum therapy balut ini dia akan tidur lewat dalam 12:30 ke 1 pagi.",0
"arini bawa ajwad ke menara taming sari.",1
"sekarang potong rambut tak payah pegang dah dia, big boy sangat.",2
"selera makan bertambah.",2
"video pembelajaran saya akan share nanti insyallah.",1
"ada sahabat tempat kerja saya terserempak dengan ammar di sekolah yang tahu situasi ammar.",1
"now at the infrared level.",1
"sebelum dia memang tak pernah tidur siang.",0
"lepas balutan kali keempat suffi agak grumpy, tantrum tak nak dibalut.",0
"nanti saya update sikit-sikit.",1
"ini result periksa dia akhir tahun.",1
"terapi malam: 5:30 petang ke 7:30 malam.",1
"setelah sebulan jalani terapi, perkembangan positif dia nampak daripada hasil mewarna dia hari ini.",2
"salam puan, nak tanya. reza ini ada nampak apa-apa perubahan yang positif tak.",1
"jika berpeluh pun sikit je, tak macam anak normal yang boleh basah kepala dan badan.",1
"bahasa melayu pun boleh bercakap banyak dah.",2
"saya hantar isa 2 tahun occupational therapy, 2 tahun skill masih sama.",0
"semalam saya hanya buat 1 jam untuk setiap kali pakai.",1
"selain dari dah boleh pakai cap, haziq selepas urutan leher dan muka dah makin laju mengunyah makanan.",2
"selain itu, kalau dulu susah sangat tidur malam.",0
"sebelum ini selalu kata cepat lupa dan tak fokus dalam kelas.",0
"speech dah banyak dan terapis pun dah nampak perubahan ini.",2
"doakan ya.",2
"dia selalu sedih dan suka marah, merajuk.",0
"punya lama lah mama tunggu dia bye-bye.",1
"alhamdulillah dah mula nak makan dan rasa makanan selain bubur.",2
"boleh duduk setempat lebih 1/2 jam.",2
"sebelum ini dia cakap juga lapar tapi sehari 1–2 kali saja.",1
"fairel dah boleh gunting rambut.",2
"kemudian saya stop ot, saya buat rawatan di neurotherapy dan hantar playschool.",1
"anak dah masuk sesi ke-7.",1
"rendaman: 4:30 petang ke 5 petang.",1
"tak dapat buat balutan, hanya urut sahaja.",0
"sebelum ini saya berhentikan sekolah.",0
"sejak terapi otak, terapis cakap ada nampak perubahan.",2
"alhamdulillah, sebelum ini makan bubur saja ke.",1
"perkembangan baik untuk anak saya. 🥹",2
"selepas pakai dia ok dan nampak dia selesa dengan balutan. ❤️",2
"very good and my child has seen many changes.",2
"nak makan yang dia nak saja.",0
"sebelum ini nak jumpa doktor kena bersilat, nampak klinik atau hospital terus tak nak masuk.",0
"papa dia suruh saya tengok ummar kayuh basikal macam mana.",1
"ammar boleh membaca tetapi tidak boleh berinteraksi sebelum ini.",0
"pengeluaran hormon akan jadi lebih stabil.",1
"salam, ya betul. kebanyakan anak autism dan adhd kurang berpeluh.",1
"just finished the 16th session.",1
"assalamualaikum ustaz, nak share kalau tak isaac memang tak pandai nak main block ini.",0
"balutan kali ke-3 untuk harini. 👍",1
"bangun pagi pun senang.",2
"sebelum ini nak potong rambut dia nangis sampai termuntah.",0
"cuma pergerakkan dia masih tak boleh control.",0
"ari ini terapikan sekali kakaknya.",1
"agak struggle buat urutan dalam kereta, tak nak bagi kerjasama.",1
"sebelum ini bila suap makan dia kemam lama.",0
"january 2024 berhenti tahfiz, bawa balik start sekolah sk dan sra masuk tahun 6.",1
"anak saya sebelum ini kurang berpeluh, sekarang cepat berpeluh.",1
"kalau saya tunjuk dekat gambar dalam buku itu, dia tengok arah tangan saya.",2
"baru 6 sesi kalau tidak silap.",1
"sebelum ini semua masuk mulut.",0
"dah makin ada peningkatan dalam bercakap.",2
"noah said hello. 🥰",2
"selain itu, kalau dulu susah sangat tidur malam.",0
"so kawan-kawan semua teruskan terapi ok. ✌️",2
"bila dah buat terapi, otak dah memproses dan menghantar signal ke seluruh sistem badan seperti sistem kardiovaskular, sistem endokrin, sistem limpatik.",1
"cuma paper cikgu ambil balik.",1
"i've been bringing my children here since they first opened.",1
"dari kecik sampai sekarang makan bubur.",0
"sebuah sudah buat balutan.",1
"sekarang dah mula nak makan daging, sotong, udang.",2
"salam kawan-kawan, jom balut kepala. 🌹",1
"malam tadi alhamdulillah dapat balut kepala sebelum tido.",2
"sebelum ini dia berani.",0
"sebelum ini tengok nasi dia dah buat muka.",0
"yana sarankan pada saya bagus kalau saya buat terapi pada anak-anak yang lain.",2
"alhamdulillah, i am one of the customers who received child therapy treatment at this treatment center.",2
"assalamualaikum ustaz, saya khairul ayah kepada eewan.",1
"hai, nak share before terapi isa mateen kelas bulan july, still tak fokus dan tak faham apa teacher minta.",0
"salam puan, nak tanya. reza ini ada nampak apa-apa perubahan yang positif tak.",1
"sebelum ini nak jumpa doktor kena bersilat, nampak klinik atau hospital terus tak nak masuk.",0
"agak struggle buat urutan dalam kereta, tak nak bagi kerjasama.",1
"pengeluaran hormon akan jadi lebih stabil.",1
"semua sudah lena. 😄",2
"terbaik, teruskan terapi.",2
"terima kasih allah, terima kasih team neurospa.",2
"hampir 2 bulan terapi.",1
"next appointment jumpa doctor psychologist kerana dia ada masalah behaviour.",0
"nak suap makan pakai tangan dia tak nak sebab tak suka saya sentuh mulut dia.",0
"khareef aanaqi.",1
"kalau dulu kena marah dia buat tak tahu saja.",0
"saya hantar isa 2 tahun occupational therapy, 2 tahun skill masih sama.",0
"setelah itu, bermulalah fasa terapi balut tangan pula yang mana permulaannya memang amat mencabar untuk balut.",0
"kurang tantrum.",2
"balik kampung masih on balutan.",1
"hari ini tahan 4 jam.",2
"cuma susah nak dengar suara dia.",0
"selain itu, kalau dulu susah sangat tidur malam.",0
"walaupun masih ada merayau sikit kat school.",0
"alhamdulillah, dah boleh pijak rumput.",2
"contoh: mommy nak susu.",2
"pertama, mudah tidur.",2
"day 1-2: 1 jam. day 3: 3 jam.",1
"alhamdulillah.",2
"kemudian saya stop ot, saya buat rawatan di neurotherapy dan hantar playschool.",1
"mula-mula langsung tak bagi balut kepala masa terapi pertama.",0
"anak dah masuk sesi ke-7.",1
"terus usaha.",2
"my son's name is al faiq. he has had his 7th therapy session.",1
"kat luar tak ada tantrum, ok sekarang.",2
"children have seen changes after having therapy here.",2
"sedikit pengalaman saya kongsikan bersama.",1
"harini first time lepas dia rendam air garam, dia cirit sampai tak sempat ke toilet.",0
"feedback dari sekolah:",1
"bila dah buat terapi, otak dah memproses dan menghantar signal ke seluruh sistem badan seperti sistem kardiovaskular, sistem endokrin, sistem limpatik.",1
"alhamdulillah, i see changes in various aspects.",2
"terapi di hari kedua, permulaan yang baik.",2
"sebelum ini selalu kata cepat lupa dan tak fokus dalam kelas.",0
"terapi neuro by neurospa puchong, selangor - terapi speech, autism, adhd dan sensory terbaik di selangor.",2
"salam ustaz, markah amsyar.",2
"cuma paper cikgu ambil balik.",1
"selain itu, kalau dulu susah sangat tidur malam.",0
"yeay, mecca dah boleh duduk lama satu masa.",2
"sekarang makan nasi 2-3 kali sehari.",2
"selain itu, kalau dulu susah sangat tidur malam.",0
"dah ada perkembangan positif. 🙌",2
"salam kawan-kawan, jom balut kepala. 🌹",1
"anak saya aqeela dah buat terapi almost 4 month.",1
"ada sahabat tempat kerja saya terserempak dengan ammar di sekolah yang tahu situasi ammar.",1
"kalau nak tidur pun masuk jam 3–4 pagi baru nak tidur.",0
"berapa lama nampak improvement boleh berkomunikasi itu, puan.",1
"yang terkini, ammar mula minum air mineral direct daripada botol mineral dan mulakan dengan bismillah.",2
"eye contact semua dah ok.",2
"very good and i am one of the customers who received child therapy treatment at this treatment center.",2
"alhamdulillah ustaz, bacaan zharfan makin meningkat dan dia makin fokus semasa membaca.",2
"alhamdulillah, sebelum ini makan bubur saja ke.",1
"salam, baru dapat terapi, baru balik dari temujanji cara kerja di hospital.",1
"memang bab bermain amin belum pandai sangat.",0
"lepas mula balutan suffi dah ada focus, dengar arahan, nak juga bercakap walaupun tak kerap.",2
"cuma selepas lama cuti dari balutan dan urutan selama 2 minggu disebabkan anak-anak baru baik chicken pox agak struggle sikit mengamuk juga nak start balutan.",0
"sebelum ini tak nak makan nasi, asyik nak bubur.",0
"selepas urut dan balut terus tidur.",2
"hari ini dia fokus main block saja.",2
"kemudian dia dah ok dah.",2
"alhamdulillah, tahniah puan, kemas balutannya cuma lepas ini ketatkan sikit lagi ya. 👍",2
"my son has been to neurospa and has made great progress.. 100% recommended.",2
"walau dah bagi fon pun tak jalan.",0
"insyallah segala usaha parents akan berjaya nanti.",2
"he is becoming calmer and showing positive development.",2
"banyak perubahan kalau kita usaha lebih.",2
"hafiy eshan hari ini masuk sesi 5.",1
"dah pandai buat memek muka.",2
"tak dapat buat balutan, hanya urut sahaja.",0
"sebelum ini selalu kata cepat lupa dan tak fokus dalam kelas.",0
"dulu dia tak pandai lipat lutut untuk duduk dekat gelongsor itu.",0
"dah nak bermain, dah faham arahan sikit-sikit suruh kemas mainan.",2
"hari ini di ot amin masih lagi tak boleh nak fokus lama.",0
"sebelum dia memang tak pernah tidur siang.",0
"sebelum ini semua masuk mulut.",0
"nak makan yang dia nak saja.",0
"i am very satisfied and it helped to overcome my child's mild adhd problem.",2
"walaupun masih ada merayau sikit kat school.",0
"dari kecik sampai sekarang makan bubur.",0
"kedua, sentiasa cakap lapar.",1
"toleh bila panggil nama ada improvement almost 70-90% of the time.",2
"sebelum ini kalau siang wajib tidur dalam buaian, kalau tak tak tidur.",0
"moga amin dapat perubahan yang lebih banyak lagi.",2
"walau dah bagi fon pun tak jalan.",0
"salam, alhamdulillah syukur.",2
"setiap hari balut tanpa gagal. 😄",2
"khareef aanaqi.",1
"dah kurang mengamuk.",2
"perangai baru dekat rumah pengasuh.",2
"result sekolah agama syuhada.",1
"cuma paper cikgu ambil balik.",1
"memang bab bermain amin belum pandai sangat.",0
"jam 10.30 tidur.",2
"he is very tolerant, can be brought to talk to.",2
"result sekolah agama syuhada.",1
"kekadang boleh divert attention dia untuk lengkapkan sejam, adakala dia akan nangis sampai buka balutan, adakala pada masa awal-awal tu buka saja balutan bila dia nangis lama sangat.",0
"good job anak, mama syukur sangat.",2
"faeeq sebelum ini tak makan daging.",0
"personally tak nampak sangat significant changes selain daripada yang di atas.",1
"papa dia suruh saya tengok ummar kayuh basikal macam mana.",1
"adam khalish sekarang macam jadi penyedih.",0
"jika berpeluh pun sikit je, tak macam anak normal yang boleh basah kepala dan badan.",1
"semoga akan terus ada perkembangan yang baik-baik untuk anak mama ini.",2
"hafiy eshan hari ini masuk sesi 5.",1
"sebelum ini jenuh la nak bersilat dengan dia untuk potong rambut saja.",0
"balik kampung masih on balutan.",1
"parent lain pun boleh share perkembangan anak di sini ya.",1
"emir sekarang ini nak jumpa doktor tak payah bersilat dengan dia.",2
"tapi semalam dia tidur agak lama, rasa macam ada me time.",2
"alhamdulillah, thank you.",2
"tahniah, bagus sangat-sangat konsisten. boleh share apa perkembangan khalis aqif sekarang puan.",2
"hari ke-3 rawatan dia yang mintak nak balik dan nampak cool, nak belajar.",2
"sudahnya mood kelaut kalau ditegur lagi.",0
"mama cuba sehabis baik nak balut kepala itu.",2
"good engagement and treatment provided.",2
"jumpa doctor di hta around april 2023, diagnosed as autism.",1
"sudahnya tak lama lagi mahu spm.",1
"assalamualaikum ustaz, saya khairul ayah kepada eewan.",1
"bangun pagi pun senang, tak ada mengamuk-mengamuk macam biasa.",2
"harini first time lepas dia rendam air garam, dia cirit sampai tak sempat ke toilet.",0
"zaaef baru sihat.",2
"salam maaf, terlepas untuk update.",1
"now at the infrared level.",1
"kalau dulu kena marah dia buat tak tahu saja.",0
"dulu dia tak pandai lipat lutut untuk duduk dekat gelongsor itu.",0
"dah boleh main sama-sama ke, boleh duduk diam ke.",1
"cuma cara bercakap kadang-kadang macam baby, tapi xpelat lagi.",0
"walaupun masih ada merayau sikit kat school.",0
"sebelum ini jenuh la nak bersilat dengan dia untuk potong rambut saja.",0
"doktor di hukm tahu neurospa therapy lah ustaz.",1
"dia dah start nak makan benda baru, macam bihun goreng, chicken chop yang dah tabur kuah atas chicken pun dia okay.",2
"perubahan terbaru zaaef dah boleh makan ubat guna picagari.",2
"hehe, dia selera orang tua ustaz, tak pedas dia tak selera makan. 😂",1
"insyallah saya akan share video noah.",1
"mama pegang fon bagi tengok kartun.",2
"di sekolah luthfi setiap pagi ada outdoor activity berjalan, selalu dia akan berlari.",0
"jarang update sebab mak ayahnya ngantuk dah.",1
"pada masa tu suffi dah mula ada eye contact, kasih sayang, bermain dgn adik dia, panggil mummy daddy.",2
"salam. saya nak share pasal khalish. alhamdulillah khalish makin fokus disekolah.",2
"awal pagi dan nak tidur je sempat buat sebab kerja.",1
"assalamualaikum ustaz, saya nak share perkembangan isaac.",2
"mengamuk bila balut dan nangis yang agak kuat.",0
"emir mubarak. maaf jarang kongsi gambar.",1
"selesai online therapy untuk aiman hakim dan habib.",1
"amboi, dasyat selera dia.. 🤭",2
"betul anak saya first time muntah semua lendir-lendir.",0
"dah boleh bergaul bermain dengan orang.",2
"buat awal pakai ke sekolah, dah pesan kepada teacher dia minta bukakan nanti.",1
"hypernya kuranglah sikit berbanding sebelum ini.",2
"nak makan yang dia nak saja.",0
"tantrum dah kurang.",2
"buat therapy sebab susah nak makan, tak nak makan langsung.",0
"sangat takut potong rambut.",0
"saja sharing perkembangan anak.",1
"kalau dulu kena marah dia buat tak tahu saja.",0
"anak saya sebelum ini kurang berpeluh, sekarang cepat berpeluh.",1
"parent lain pun boleh share perkembangan anak di sini ya.",1
"faeeq sebelum ini tak makan daging.",0
"kalau sebelum ini berkejaran dengan dia saja. 😂😂",0
"tapi normal kan.",1
"saya semakin semangat nak balut dia setiap hari. syukur sangat🤲🏼",2
"terus buat terapi mak ayah, walaupun tiap-tiap hari kena bersilat.",2
"arini bawa ajwad ke menara taming sari.",1
"kalau di sekolah, dah kurang buat perangai. tak ada cikgu mengadu.",2
"alhamdulillah ada respon bye-bye dah.",2
"i am very satisfied, best of luck.",2
"terbaik. syukur, ada perubahan. teruskan terapi setiap hari. moga berhasil lebih banyak lagi. 💪💪",2
"sebelum ini nak jumpa doktor kena bersilat, nampak klinik atau hospital terus tak nak masuk.",0
"saya perasan beberapa hari ini juga dia tak masukkan benda atau mainan dalam mulut.",2
"dan disebabkan saya nampak ada beberapa perubahan yang positif pada daniel.",2
"tadi siang ada parents teacher meeting, cikgu beritahu seminggu kebelakangan ini luthfi dah mula ikut buat aktiviti sekolah dan ikut arahan.",2
"alhamdulillah buat, tak pernah tinggal lagi.",2
"hafiy eshan hari ini masuk sesi 9, alhamdulillah.",2
"alhamdulillah, sangat besar perubahan ini, bagus sangat-sangat.",2
"just finished the 16th session.",1
"cuma paper cikgu ambil balik.",1
"ini result periksa dia akhir tahun.",1
"sebelum ini tengok nasi dia dah buat muka, sekarang dia dah try makan 2–3 butir.",2
"salam dan selamat malam.",1
"cuma pergerakkan dia masih tak boleh control.",0
"alhamdulillah hari ini cikgu kasi feedback.",2
"my son's name is al faiq. he has had his 7th therapy session.",1
"dengar nasihat bila pesan jangan bawa balik mainan orang lain.",2
"cuma bab makan masih lagi cerewet.",0
"lepas buat terapi tadi tidur dah budaknya.",2
"terima kasih team neurospa therapy bantu ammar.",2
"may 2024 start therapy at neurospa therapy till now.",1
"macam itu juga dengan air, asyik nak suruh order chagee saja.",0
"dulu dia tak pandai lipat lutut untuk duduk dekat gelongsor itu.",0
"nak share perkembangan terkini anaqi.",1
"the best therapy. my child has seen a lot of improvement here. thank you neurospa therapy ❤️",2
"sebelum ini tak nak makan nasi, asyik nak bubur.",0
"sebelum ini kalau siang wajib tidur dalam buaian, kalau tak tak tidur.",0
"initially sebulan kami stop screen time dan hp.",1
"saya perhatikan sejak buat urutan dan balutan kepala ini, anak saya hari-hari tidur siang.",2
"alhamdulillah, sebelum ini saya ada bagitahu ustaz, kalau ummar kayuh basikal dia tak dapat kayuh dalam bulatan penuh.",0
"papa dia suruh saya tengok ummar kayuh basikal macam mana.",1
"ia terjadi pada anak saya juga pada mulanya positive to negative behavior 2-3 hari gitu.",0
"lepas itu ustaz, muhammad anaqi dah takut duduk sendirian.",0
"cuba buka tapi kita tak bagi.",1
"dulu dia tidak pegang apa-apa pun, selepas terapi baru dia buat sendiri.",2
"pengeluaran hormon akan jadi lebih stabil.",1
"amboi dia, peninglah mak dia nak melayan. 😅",2
"tadi ada parents teachers meeting di sekolahnya.",1
"baik ustaz, saya usahakan.",1
"tapi masih tak nak makan.",0
"salam, saya pun nak share antara perubahan positif haziq.",2
"sekarang makin kuat otot-otot anaqi.",2
"maxkan 3 jam sehari.",1
"betul anak saya first time muntah semua lendir-lendir.",0
"nak share sebab happy sangat dan tak sangka.",2
"hehe, dia selera orang tua ustaz, tak pedas dia tak selera makan. 😂",1
"dia memang masih ada lagi garang, tapi nampak slow sikit.",2
"ammar boleh membaca tetapi tidak boleh berinteraksi sebelum ini.",0
"yer betul.",1
"selalunya tidur lambat, aktif sangat main.",1
"maaf kelewatan update. balutan malam hari ke-4 izzara nuraisyah.",1
"pergerakan pun terkawal dan nak duduk bila mendengar arahan.",2
"sebelum ini kalau bawa pijak rumput mesti menangis kuat.",0
"masih makan benda sama, telur dadar dan cupcake.",0
"jarang memanjat.",2
"mengamuk bila balut dan nangis yang agak kuat.",0
"sebelum ini tak nak makan nasi, asyik nak bubur.",0
"alhamdulillah anak sulong saya yang dekat ppki pun banyak perubahan dah.",2
"hampir 2 bulan terapi.",1
"alhamdulillah. 👍",2
"dah boleh sebut umi abah, sebelum ini tak boleh sebut.",2
"i've been bringing my children here since they first opened.",1
"banyak benda yang dulu dia tak nak buat sekarang dah nak buat.",2
"komen cikgu pun berkaitan emosi dan tak boleh kawal emosi.",0
"he now sleeps soundly.",2
"sekarang potong rambut tak payah pegang dah dia, big boy sangat.",2
"anak saya ahmad ali jenis sangat aktif, tak pernah day nap, selalu tido malam je.",0
"teacher ada cakap dia dah kurang tantrum, habiskan makanan, cuma masih lagi tak duduk diam.",2
"harini first time lepas dia rendam air garam, dia cirit sampai tak sempat ke toilet.",0
"keinginan mencuba semakin tinggi (belajar nak pakai stoking sendiri, kopiah, buka seluar dan pampers sendiri, juga belajar nak pakai kasut sendiri).",2
"antara punca anak autism lambat perkembangan sebab perkumuhan tidak cantik.",1
"kurang meragam.",2
"hai kak, cikgu kata sekarang dah kurang menangis.",2
"both children have autism.",1
"hariz dah masuk sesi ke-4.",1
"wah dah hensem boy, nampak dah besar sangat ini.",2
"outdoor activity dah boleh jalan pegang tangan cikgu.",2
"kalau sugar tinggi habis semua orang dia kacau.",0
"bila dilarang kata jangan pergi sana, dia akan stop jalan dan patah balik.",2
"assalamualaikum ustaz, nak share kalau tak isaac memang tak pandai nak main block ini.",0
"alhamdulillah, i see changes in various aspects.",2
"hai, selamat malam. saya just nak share cerita anak saya.",1
"hai kartigayen, macam mana dekat school sekarang? dah ada perkembangan ke.",1
"sudah keluarkan perkataan yang kerap 'mama mama mama' sentiasa apabila diperlukan.",2
"tahniah!! sensory dah mula integrate semula.",2
"sebutaan perkataan semakin jelas.",2
"happy birthday ariqin.",2
"initially sebulan kami stop screen time dan hp.",1
"alhamdulillah setakat ini.",2
"kalau nak tidur pun masuk jam 3–4 pagi baru nak tidur.",0
"malam tak sempat, ingat nak balut kul 10 malam dia dah tido.",1
"nak share feedback yang baik untuk don pagi ini.",2
"yang kurang, masa urut dan balut masih perlu tengok handphone untuk duduk diam.",0
"now at the infrared level.",1
"alhamdulillah ustaz, banyak sangat perubahannya.",2
"alhamdulillah. 🤍",2
"sebelum ini saya berhentikan sekolah.",0
"salam, baru dapat terapi, baru balik dari temujanji cara kerja di hospital.",1
"maaf kelewatan update. balutan malam hari ke-4 izzara nuraisyah.",1
"hari ini di ot amin masih lagi tak boleh nak fokus lama.",0
"speech therapy happy dengan dia.",2
"masuk minggu ini dia macam dah faham sedikit arahan-arahan yang dibagi.",2
"nampak respon makin bagus.",2
"dah pandai buat memek muka.",2
"assalamualaikum ustaz, nak share kalau tak isaac memang tak pandai nak main block ini.",0
"sedikit pengalaman saya kongsikan bersama.",1
"tak sempat pagi, kul 11 pagi sampai pukul 3 petang balut dapat 4 jam.",1
"sayang nadim sampai syurga. 💗",2
"ye faham minggu lepas si kembar ni demam batuk.",0
"dah boleh main sama-sama ke, boleh duduk diam ke.",1
"tak dela kerja sekerat jalan.",2
"sebelum ini dia mengamuk, tak nak buka mulut, lari keluar.",0
"kalau sugar tinggi habis semua orang dia kacau.",0
"yang kurang, masa urut dan balut masih perlu tengok handphone untuk duduk diam.",0
"syiffa'a terapi sesi pagi.",1
"alhamdulillah, sebelum ini makan bubur saja ke.",1
"so far suffi perlu tingkatkan sentence dan vocabulary.",1
"assalamualaikum, hari ini hari kedua daniel balut kepala.",2
"allah maha pemberi.",2
"sekarang siap makan, main dekat-dekat ibu saja sebelum pergi kenduri buat sesi kedua.",2
"cuma two-way communication masih dalam proses.",1
"kalau pergi taman dah tak takut main ayunan.",2
"kalau dulu kena marah dia buat tak tahu saja.",0
"anak saya aqeela dah buat terapi almost 4 month.",1
"mudah faham arahan. 👍",2
"sebelum ini semua masuk mulut.",0
"bab arahan, dah mula respon bila bagi arahan mudah.",2
"cycle tidur noah lepas balutan sangat bagus.",2
"kalau sebelum ini berkejaran dengan dia saja. 😂😂",0
"sepanjang 5 sesi tu adeeb tak bagi kerjasama, takut, tak ada minat untuk bermain.",0
"dah faham arahan sikit-sikit.",2
"terapi malam: 5:30 petang ke 7:30 malam.",1
"semua ini dapat bertahan dalam 30-40 minit, selepas itu, affan akan tak senang duduk dan suruh buka.",0
"betul anak saya first time muntah semua lendir-lendir.",0
"so far alhamdulillah. suffi telah menunjukkan banyak improvement.",2
"sebelum ini dia berani.",0
"terapi di hari kedua, permulaan yang baik.",2
"selain itu, kalau dulu susah sangat tidur malam.",0
"assalamualaikum wbt.",1
"memang bab bermain amin belum pandai sangat.",0
"agak struggle buat urutan dalam kereta, tak nak bagi kerjasama.",1
"malam tak sempat, ingat nak balut kul 10 malam dia dah tido.",1
"cuma two-way communication masih dalam proses.",1
"sebelum dia memang tak pernah tidur siang.",0
"dari mula kenal izz di ppki dia selalu warna ikut suka hati.",0
"mengamuk bila balut dan nangis yang agak kuat.",0
"alhamdulillah.",2
"kalau sebelum ini setiap malam bangun menangis. 🥺",0
"semalam saya hanya buat 1 jam untuk setiap kali pakai.",1
"pandai pakai selipar atau kasut sendiri.",2
"hampir 2 bulan terapi.",1
"cuma pergerakkan dia masih tak boleh control.",0
"just finished the 16th session.",1
"wahh bagusnya ada peningkatan.",2
"assalamualaikum, ustaz.",1
"sebelum ini anaqi seorang yang diam tak bergerak, asyik baring saja.",0
"alhamdulillah, harini lebih tenang untuk potong rambut.",2
"alhamdulillah emir gunting rambut dah tak perlu riba.",2
"alhamdulillah lepas urut mulut 2 hari ini.",2
"walau dah bagi fon pun tak jalan.",0
"sebelum ini allah je tahu susahnya nak bagi dia ubat sebab dia menangis dan sembur habis ubat.",0
"sebelum ini dia langsung tak pandai dan tak berani main swing, melompat dan bergayut.",0
"dari mula kenal izz di ppki dia selalu warna ikut suka hati.",0
"maaf kelewatan update. balutan malam hari ke-4 izzara nuraisyah.",1
"saya yakin. banyak perkembangan anak² yg dah mulakan terapi dengan kami.",2
"dah tak takut.",2
"anak saya aqeela dah buat terapi almost 4 month.",1
"jadi urut kaki tak kena sepak-sepak.",2
"maxkan 3 jam sehari.",1
"alhamdulillah hanya menangis waktu urut.",2
"thank god, the 2nd infrared session is over.",1
"ni disebabkan proses perubahan ke?",1
"cuma bab makan masih lagi cerewet.",0
"sudahnya tak lama lagi mahu spm.",1
"malam jam 9 dah tidur.",2
"mula-mula langsung tak bagi balut kepala masa terapi pertama.",0
"arini bawa ajwad ke menara taming sari.",1
"seronok dan gembira serta bersyukur hanya allah yang tahu.",2
"berapa lama nampak improvement boleh berkomunikasi itu, puan.",1
"memang bab bermain amin belum pandai sangat.",0
"saya ada beritahu cikgu luthfi yang luthfi is undergoing this therapy dan mintak tolong kasi feedback ada perubahan ke tidak.",1
"nanti saya update sikit-sikit.",1
"the second child has autism but still doesn't have tantrums anymore.",2
"cuba buka tapi kita tak bagi.",1
"sebelum ini selalu kata cepat lupa dan tak fokus dalam kelas.",0
"sebelum ini tengok nasi dia dah buat muka.",0
"nak tanya sikit, saya dah hampir 2 minggu terapi.",1
"dah kuat nak memanjat.",2
"hariz dah masuk sesi ke-4.",1
"eye contact: kalau sebelum ini buat apa pun dia tak akan bagi respon.",0
"interaksi dua hala makin banyak walaupun tak kerap sangat.",2
"my son's name is al faiq. he has had his 7th therapy session.",1
"balutan kedua uwais.",1
"antara feedback yang saya dapat dari parents eren ialah:",1
"izzuddin mula dari 22.02.2025.",1
"hafiy eshan hari ini masuk sesi 5.",1
"rasanya yang kedua masih mencabar.",0
"aathvick baru lagi, dia nangis sebab tak selesa.",0
"masih makan benda sama, telur dadar dan cupcake.",0
"rasanya yang kedua masih mencabar.",0
"saya bagi dia mewarna sebab subjek mewarna dan melukis dia memang tak minat.",0
"muhammad faeq. 💜",1
"dia dah boleh duduk di kerusi selama 10 minit.",2
"papa dia suruh saya tengok ummar kayuh basikal macam mana.",1
"semalam saya hanya buat 1 jam untuk setiap kali pakai.",1
"demam pun masuk ubat supp.",1
"sebelum ini dia mengamuk, tak nak buka mulut, lari keluar.",0
"cikgu beritahu tak perlu sebab dia dah mula tunjuk berubah.",2
"dua tiga hari ini dia dah try makan nasi.",2
"antara punca anak autism lambat perkembangan sebab perkumuhan tidak cantik.",1
"tak dapat buat balutan, hanya urut sahaja.",0
"still in progress for any signs of improvement.",1
"syukur.",2
"ariqin pulak tak mau lena sebab time demam tidur 24 jam. hihi",0
"sebelum ini, lepas balik dari terapi, berbual dengan yana serba sedikit.",2
"masih obses dengan sesuatu yang dia minat, tapi dah boleh nego sikit.",2
"sebuah sudah buat balutan.",1
"9 tahun.",1
"anak dah masuk sesi ke-7.",1
"sebelum ini selalu kata cepat lupa dan tak fokus dalam kelas.",0
"tak sabar next therapy session next week.",2
"sebelum ini dia selalu hanya makan nasi dengan ikan, ayam dan telur dadar saja.",0
"makanan yang dia nak makan pula tu fast food, makanan tak sihat.",0
"ok saya akan buat balutan esok ikut paras kening, sekarang dia dah tidur lepas balut.",1
"alhamdulillah, update selepas 1 minggu buat terapi.",2
"kepada parents, trust the therapy process dan jangan give up ye.",2
"kedua, sentiasa cakap lapar.",1
"tak menangis, nak pilih baju sendiri.",2
"setelah itu, bermulalah fasa terapi balut tangan pula yang mana permulaannya memang amat mencabar untuk balut.",0
"antara punca anak autism lambat perkembangan sebab perkumuhan tidak cantik.",1
"sebelum masuk terapi merangkak pun tak boleh.",0
"kedua, sentiasa cakap lapar.",1
"asyik nak bergerak.",0
"lepas balutan kali keempat suffi agak grumpy, tantrum tak nak dibalut.",0
"bawa anak main playground, dia jatuh dia cakap awww.",2
"semoga yang baik-baik juga untuk anak-anak yang lain. 🙌❤️",2
"alhamdulillah, tahniah. semoga khalis bertambah perkembangan lagi.",2
"ex-premature 25 minggu tahun 2019, 5 bulan duduk dalam inkubator di hospital serdang.",1
"masih makan benda sama, telur dadar dan cupcake.",0
"berapa lama nampak improvement boleh berkomunikasi itu, puan.",1
"doktor maklum teruskan terapi balutan itu.",2
"assalamualaikum, ustaz.",1
"tahniah atas usaha dan kegigihan puan buat terapi setiap hari.",2
"belum lagi. cuma therapist nurul je tgh liae dgn saya.",1
"agak struggle buat urutan dalam kereta, tak nak bagi kerjasama.",1
"hai, selamat malam. saya just nak share cerita anak saya.",1
"nanti saya update sikit-sikit.",1
"initially sebulan kami stop screen time dan hp.",1
"ada masa sehari sekali, tengok mood.",1
"alhamdulillah asbab terapi sebelum ini ammar dah boleh berkomunikasi dengan kami yang sekian lama kami tunggu.",2
"maxkan 3 jam sehari.",1
"hari khamis lepas, adeeb jumpa occupational therapy under hospital government.",1
"komen cikgu pun berkaitan emosi dan tak boleh kawal emosi.",0
"kalau dulu kena marah dia buat tak tahu saja.",0
"malam tak sempat, ingat nak balut kul 10 malam dia dah tido.",1
"my son's name is al faiq. he has had his 7th therapy session.",1
"bila kita panggil nama emir dia datang.",2
"dia cuba sampaikan sesuatu sambil menahan sedih, kadang sampai menitis air mata.",0
"alhamdulillah, the child has changed a lot and developed a lot after therapy with nst.",2
"betul.",1
"baru 6 sesi kalau tidak silap.",1
"exam math.",1
"baik ustaz, saya usahakan.",1
"sebelum ini selalu kata cepat lupa dan tak fokus dalam kelas.",0
"anak saya ahmad ali jenis sangat aktif, tak pernah day nap, selalu tido malam je.",0
"sebelum ini selalu kata cepat lupa dan tak fokus dalam kelas.",0
"yer betul.",1
"masih makan benda sama, telur dadar dan cupcake.",0
"so far suffi perlu tingkatkan sentence dan vocabulary.",1
"saya tanya pada teacher taska.",1
"terapi malam: 5:30 petang ke 7:30 malam.",1
"kurang tantrum kalau tak dapat apa yang dia nak.",2
"dia dah boleh fokus dalam kelas.",2
"hai kak, cikgu kata sekarang dah kurang menangis.",2
"selera makan semua dah ok.",2
"semalam muhammad anaqi boleh berdiri tanpa bantuan.",2
"alhamdulillah sekarang ini dah berani. 💪",2
"salam dan selamat malam.",1
"faeeq sebelum ini tak makan daging.",0
"semua ini dapat bertahan dalam 30-40 minit, selepas itu, affan akan tak senang duduk dan suruh buka.",0
"azz amin anak bertuah, kalau tak balut dia main saja sampai kul 3 ke 4 pagi baru ngantuk.",0
"kemudian saya stop ot, saya buat rawatan di neurotherapy dan hantar playschool.",1
"khareef aanaqi. balutan hari ke-5, berjaya tukar cara pemakanan dia dari processed food kepada real food.",2
"dapat balut masa tidur saja.",1
"cuma masih tak nak makan nasi.",0
"ariqin pulak tak mau lena sebab time demam tidur 24 jam. hihi",0
"boleh duduk elok kat kedai tunggu makanan sampai. 😄",2
"especially speech dia banyak improvement.",2
"9 tahun.",1
"selain itu, kalau dulu susah sangat tidur malam.",0
"sudahnya mood kelaut kalau ditegur lagi.",0
"anak saya aqeela dah buat terapi almost 4 month.",1
"sebelum ini kalau bawa pijak rumput mesti menangis kuat.",0
"pengeluaran hormon akan jadi lebih stabil.",1
"semakin hari semakin ada pertambahan bilangan perkataan yang ammar buat untuk berinteraksi dengan kami.",2
"ini result periksa dia akhir tahun.",1
"dah pandai merajuk.",2
"parent lain pun boleh share perkembangan anak di sini ya.",1
"tak sempat pagi, kul 11 pagi sampai pukul 3 petang balut dapat 4 jam.",1
"semua ini dapat bertahan dalam 30-40 minit, selepas itu, affan akan tak senang duduk dan suruh buka.",0
"tapi saya belum hantar lagi playschool.",1
"alhamdulillah.",2
"anak saya sebelum ini kurang berpeluh, sekarang cepat berpeluh.",1
"arini bawa ajwad ke menara taming sari.",1
"anak umur 6 tahun mild autism dan gdd.",1
"maaf ustaz lambat, alhamdulillah dah masuk 3 bulan ini ada perubahan dari segi makan.",2
"alhamdulillah harap ada perubahan yang lebih baik.",2
"sebelum ini nak jumpa doktor kena bersilat, nampak klinik atau hospital terus tak nak masuk.",0
"khareef aanaqi.",1
"tadi ada parents teachers meeting di sekolahnya.",1
"cuma selepas lama cuti dari balutan dan urutan selama 2 minggu disebabkan anak-anak baru baik chicken pox agak struggle sikit mengamuk juga nak start balutan.",0
"sebab kadang dah boleh sebut ayat yang panjang sikit dari biasa. alhamdulillah.",2
"arini bawa ajwad ke menara taming sari.",1
"cuma cara bercakap kadang-kadang macam baby, tapi xpelat lagi.",0
"harini first time lepas dia rendam air garam, dia cirit sampai tak sempat ke toilet.",0
"ghufran dah masuk sesi ke-3.",1
"hari ke-3 buat therapy.",2
"alhamdulillah amir amsyar dah ada words juga.",2
"alhamdulillah.",2
"ada perasan takut itu. itu pun satu improvement kan?",2
"assalamualaikum.",1
"adam khalish sekarang macam jadi penyedih.",0
"belum lagi. cuma therapist nurul je tgh liae dgn saya.",1
"yang kurang, masa urut dan balut masih perlu tengok handphone untuk duduk diam.",0
"sebelum ini pegang buku pun tak mahu.",0
"sekarang saya pakai taktik balut kepala dulu saja, then 2nd round baru kepala dah tangan.",1
"agak struggle buat urutan dalam kereta, tak nak bagi kerjasama.",1
"yess alhamdulillah, memang banyak dah berubah.",2
"video pembelajaran saya akan share nanti insyallah.",1
"mula-mula langsung tak bagi balut kepala masa terapi pertama.",0
"inshaallah allah melihat usaha kita dan percaya allah juga yang mengizinkan segala perkembangan anak kita.",2
"pagi ini boleh papa suruh don bye-bye.",2
"ye faham minggu lepas si kembar ni demam batuk.",0
"2/5/25 first appointment untuk consultation dengan therapist.",1
"alhamdulillah.",2
"video pembelajaran saya akan share nanti insyallah.",1
"my son's name is al faiq. he has had his 7th therapy session.",1
"eye contact: kalau sebelum ini buat apa pun dia tak akan bagi respon.",0
"both children have autism.",1
"sebelum ini nak jumpa doktor kena bersilat, nampak klinik atau hospital terus tak nak masuk.",0
"masih makan benda sama, telur dadar dan cupcake.",0
"anak saya ahmad ali jenis sangat aktif, tak pernah day nap, selalu tido malam je.",0
"sebelum ini nak potong rambut dia nangis sampai termuntah.",0
"alhamdulillah lepas terapi, banyak sangat improvement dalam pembelajaran.",2
"mintak-mintak konsisten dia cakap, sebab sebelum ini ada juga dia cakap tapi sekali itu saja, terus stop.",2
"antaranya anak saya dah boleh menyebut perkataan dan gabung ayat tapi dalam english.",2
"anak saya ahmad ali jenis sangat aktif, tak pernah day nap, selalu tido malam je.",0
"don ada perkembangan yang baik.",2
"pendidikan islam saya dimaklumkan dapat 100.",2
"main playground lebih yakin dan kuat.",2
"tahniah hafiy eshan, encem boy. 🥰",2
"sudahnya tak lama lagi mahu spm.",1
"hai, nak share before terapi isa mateen kelas bulan july, still tak fokus dan tak faham apa teacher minta.",0
"hai, nak share before terapi isa mateen kelas bulan july, still tak fokus dan tak faham apa teacher minta.",0
"personally tak nampak sangat significant changes selain daripada yang di atas.",1
"sebelum ini dia berani.",0
"bab makan, ada masanya makan nasi dengan lauk (ikan atau ayam) sangat banyak 3–4 kali sehari.",2
"hai, selamat malam. saya just nak share cerita anak saya.",1
"still in progress for any signs of improvement.",1
"balutan kali ke-3 untuk harini. 👍",1
"adam khalish sekarang macam jadi penyedih.",0
"ok saya akan buat balutan esok ikut paras kening, sekarang dia dah tidur lepas balut.",1
"azz amin anak bertuah, kalau tak balut dia main saja sampai kul 3 ke 4 pagi baru ngantuk.",0
"baik ustaz, saya usahakan.",1
"ada sekali itu saya nampak dia main-main menjual aiskrim.",2
"assalamualaikum, selamat petang.",1
"sebelum ini dia langsung tak pandai dan tak berani main swing, melompat dan bergayut.",0
"sebelum ini nak potong rambut dia nangis sampai termuntah.",0
"harini ammar ada perarakan maulidur rasul di sekolah.",1
"very good and i am one of the customers who received child therapy treatment at this treatment center.",2
"salam, baru dapat terapi, baru balik dari temujanji cara kerja di hospital.",1
"saya bagi dia mewarna sebab subjek mewarna dan melukis dia memang tak minat.",0
"sebelum ini nak jumpa doktor kena bersilat, nampak klinik atau hospital terus tak nak masuk.",0
"sebelum ini allah je tahu susahnya nak bagi dia ubat sebab dia menangis dan sembur habis ubat.",0
"sangat aktif dan mula pegang-pegang tangan kakak abang.",2
"he is becoming calmer and showing positive development.",2
"tetap terapi walaupun di kampung.",1
"doktor di hukm tahu neurospa therapy lah ustaz.",1
"papa dia suruh saya tengok ummar kayuh basikal macam mana.",1
"mula faham simple arahan.",2
"salam kawan-kawan, jom balut kepala. 🌹",1
"sebelum ini jenuh la nak bersilat dengan dia untuk potong rambut saja.",0
"sebelum ini nak jumpa doktor kena bersilat, nampak klinik atau hospital terus tak nak masuk.",0
"hampir 2 bulan terapi.",1
"my son's name is al faiq. he has had his 7th therapy session.",1
"sekarang mudah sangat nak tidur jam 9 dan tidur nyenyak.",2
"salam puan, nak tanya. reza ini ada nampak apa-apa perubahan yang positif tak.",1
"maxkan 3 jam sehari.",1
"both children have autism.",1
"setakat ini itulah perubahan anak saya.",2
"dah boleh main sama-sama ke, boleh duduk diam ke.",1
"anak saya ahmad ali jenis sangat aktif, tak pernah day nap, selalu tido malam je.",0
"video pembelajaran saya akan share nanti insyallah.",1
"terima kasih @terapis liyana.",2
"alhamdulillah harini genap seminggu.",2
"jika berpeluh pun sikit je, tak macam anak normal yang boleh basah kepala dan badan.",1
"may 2024 start therapy at neurospa therapy till now.",1
"anak saya aqeela dah buat terapi almost 4 month.",1
"dapat balut masa tidur saja.",1
"tak hiperaktif sangat. alhamdulillah.",2
"memang bab bermain amin belum pandai sangat.",0
"ada masa sehari sekali, tengok mood.",1
"hai selamat malam. saya just nak share cerita anak saya.",1
"kami bawa suffi ke therapist centre untuk check.",1
"limited sangat cara bermain katanya.",0
"walaupun dah makan dua itu tetap cakap lapar lagi.",0
"yang lain dah ok.",2
"jadi time terapi malam memang kul 1 ke atas, atau kul 12 malam paling awal.",1
"kalau tidak drama air mata dari awal hingga akhir.",0
"terbaik puan, bantu otak memproses, pasti anak akan dapat improve dengan lebih baik. 💪💪",2
"jenuh dah bersilat maknya baru nak sihat.",0
"cuma pergerakkan dia masih tak boleh control.",0
"dah ada perasaan sedih.",2
"9 tahun.",1
"jadi time terapi malam memang kul 1 ke atas, atau kul 12 malam paling awal.",1
"ni disebabkan proses perubahan ke?",1
"cuma masih tak nak makan nasi.",0
"dia sangat-sangat kurang kejap-kejap nak mengamuk bila tak dapat buat sesuatu.",2
"sebelum masuk terapi merangkak pun tak boleh.",0
"ni dia nyanyi lagu twinkle twinkle walaupun sebutan tak jelas tapi dia boleh ikut rentak lagu itu.",2
"kalau pergi taman dah tak takut main ayunan dan dah tak takut pijak rumput.",2
"ini result periksa dia akhir tahun.",1
"setelah itu, bermulalah fasa terapi balut tangan pula yang mana permulaannya memang amat mencabar untuk balut.",0
"i am very satisfied and it helped to overcome my child's mild adhd problem.",2
"selepas 5 hari nampak perubahan and positive feedback dari sekolah sampai hari ini.",2
"kalau dulu kena marah dia buat tak tahu saja.",0
"tapi saya belum hantar lagi playschool.",1
"bila peluh keluar, menandakan badan panas disebabkan aliran darah cantik.",1
"ex-premature 25 minggu tahun 2019, 5 bulan duduk dalam inkubator di hospital serdang.",1
"anak saya aqeela dah buat terapi almost 4 month.",1
"anak saya jarang kena attack rhinitis allergy.",2
"sekarang dekat 4–5 kali cakap lapar.",1
"berapa tahun.",1
"dah banyak faham arahan.",2
"dah tak pukul diri sendiri lagi.",2
"semalam kakak dia main, dia tengok lalu dia buat.",2
"kalau nak tidur malam dia jadi macam manja sangat dan nak kita ada dengan dia sampai dia terlena.",2
"nak tanya sikit, saya dah hampir 2 minggu terapi.",1
"alhamdulillah noah ada improvement sejak dia start balut kepala dan tangan.",2
"terapi balutan tangan di pusat rawatan.",1
"cuma paper cikgu ambil balik.",1
"saya bagi dia mewarna sebab subjek mewarna dan melukis dia memang tak minat.",0
"sensory dan emosi haira semakin baik.",2
"anak saya sebelum ini kurang berpeluh, sekarang cepat berpeluh.",1
"11th session with both children. lots of positive developments.",2
"dah boleh main sama-sama ke, boleh duduk diam ke.",1
"yang lain masih dalam percubaan, harap ada perubahan positif lain.",1
"yang kurang, masa urut dan balut masih perlu tengok handphone untuk duduk diam.",0
"dan kena jaga mental dan fizikal juga.",2
"i've been bringing my children here since they first opened.",1
"jumpa doctor di hta around april 2023, diagnosed as autism.",1
"dia explain ibarat jentera kita kena setkan dia untuk dia berjalan lama-lama dia akan paham.",2
"sekarang ini masih bubur tapi ada juga nak rasa makanan lain.",2
"hariz dah masuk sesi ke-4.",1
"2/5/25 first appointment untuk consultation dengan therapist.",1
"harini first time lepas dia rendam air garam, dia cirit sampai tak sempat ke toilet.",0
"masuk minggu ketiga urutan dekat leher dengan mulut dia.",1
"papa dia suruh saya tengok ummar kayuh basikal macam mana.",1
"harini first time lepas dia rendam air garam, dia cirit sampai tak sempat ke toilet.",0
"my son has been going here, highly recommended for children with adhd problems.",2
"betul anak saya first time muntah semua lendir-lendir.",0
"kalau mommy bagi arahan dia cepat buat dan dah ada respon kalau kita tanya.",2
"emir sekarang ini nak jumpa doktor tak payah bersilat dengan dia.",2
"rasanya yang kedua masih mencabar.",0
"tak pernah buat macam tu, selalu tarik dengan nak sesuatu.",0
"next appointment jumpa doctor psychologist kerana dia ada masalah behaviour.",0
"sekarang dekat 4–5 kali cakap lapar.",1
"insyallah saya akan share video noah.",1
"sebelum ini nak potong rambut dia nangis sampai termuntah.",0
"asbab daripada balutan yang dibuat ke atas dirinya, ammar telah mula berinteraksi dengan kami dengan dua perkataan.",2
"jadi time terapi malam memang kul 1 ke atas, atau kul 12 malam paling awal.",1
"terkejut sangat.",1
"mula-mula langsung tak bagi balut kepala masa terapi pertama.",0
"nangis sampai jiran tanya.",0
"personally tak nampak sangat significant changes selain daripada yang di atas.",1
"alhamdulillah reza ada nampak perubahan.",2
"teacher cakap selama 2 minggu dia jalan terapi ini, dia buat kerja semua siap.",2
"anak saya buat petang-petang biar malam tidur lena.",2
"sebelum ini nak jumpa doktor kena bersilat, nampak klinik atau hospital terus tak nak masuk.",0
"nangis sampai jiran tanya.",0
"sebelum ini dia langsung tak pandai dan tak berani main swing, melompat dan bergayut.",0
"sebelum ini nak potong rambut dia nangis sampai termuntah.",0
"lepas therapy, ahmad dah boleh pegang pensil dengan betul.",2
"komen cikgu izz di sekolah.",1
"alhamdulillah, hampir seminggu fairel terapi balutan kepala.",2
"haziq dah boleh pakai cap after 3 kali balut kepala. 😍",2
"anak saya ahmad ali jenis sangat aktif, tak pernah day nap, selalu tido malam je.",0
"mengamuk bila balut dan nangis yang agak kuat.",0
"pandai berus gigi sendiri makan sendiri.",2
"ya normal, perkembangan emosi.",1
"hai, nak share before terapi isa mateen kelas bulan july, still tak fokus dan tak faham apa teacher minta.",0
"alhamdulillah.. therapy for children got good feedback.. hopefully there will be better changes.. inshaallah..",2
"malam tak sempat, ingat nak balut kul 10 malam dia dah tido.",1
"betul anak saya first time muntah semua lendir-lendir.",0
"january 2024 berhenti tahfiz, bawa balik start sekolah sk dan sra masuk tahun 6.",1
"sebelum ini nak jumpa doktor kena bersilat, nampak klinik atau hospital terus tak nak masuk.",0
"masuk minggu ketiga urutan dekat leher dengan mulut dia.",1
"sebelum ini pegang buku pun tak mahu.",0
"sekarang dah boleh berkawan. alhamdulillah.",2
"arini bawa ajwad ke menara taming sari.",1
"sepanjang 5 sesi tu adeeb tak bagi kerjasama, takut, tak ada minat untuk bermain.",0
"alhamdulillah, hari ini hari pertama minggu ke-5 nadim terapi di neurospatherapy.",2
"ada buat tapi tak selalu macam sebelum ini.",2
"sebelum ini allah je tahu susahnya nak bagi dia ubat sebab dia menangis dan sembur habis ubat.",0
"bolehlah main dengan kakak dia dah.",2
"lepas balutan kali keempat suffi agak grumpy, tantrum tak nak dibalut.",0
"sebelum ini selalu kata cepat lupa dan tak fokus dalam kelas.",0
"alhamdulillah dengan izin-nya lepas urutan leher dan pipi.",2
"pembelajaran pun sama improve.",2
"pengeluaran hormon akan jadi lebih stabil.",1
"parents, at least you need to go for consultation if your child shows symptoms of speech delay that may bleed to autism.",1
"memang macam trauma sangat lah.",0
"sekarang alhamdulillah lepas terapi setiap hari tanpa tinggal.",2
"sebelum ini tak nak makan nasi, asyik nak bubur.",0
"tak dapat buat balutan, hanya urut sahaja.",0
"agak struggle buat urutan dalam kereta, tak nak bagi kerjasama.",1
"rasanya yang kedua masih mencabar.",0
"jumpa doctor di hta around april 2023, diagnosed as autism.",1
"selain itu, kalau dulu susah sangat tidur malam.",0
"sebelum ini selalu kata cepat lupa dan tak fokus dalam kelas.",0
"bila peluh keluar, menandakan badan panas disebabkan aliran darah cantik.",1
"sebelum ini selalu kata cepat lupa dan tak fokus dalam kelas.",0
"sebelum dia memang tak pernah tidur siang.",0
"sebelum ini nak jumpa doktor kena bersilat, nampak klinik atau hospital terus tak nak masuk.",0
"kalau nak tidur pun masuk jam 3–4 pagi baru nak tidur.",0
"selesai online therapy untuk aiman hakim dan habib.",1
"now warna ikut garisan.",2
"selalunya tidur lambat, aktif sangat main.",1
"sebelum ini anaqi seorang yang diam tak bergerak, asyik baring saja.",0
"tapi buat masa sekarang kami buat yang termampu.",1
"lepas itu ustaz, muhammad anaqi dah takut duduk sendirian.",0
"sudahnya tak lama lagi mahu spm.",1
"hai manisha...",1
"contohnya dia dah mula banyak bercakap walaupun dalam bahasa dia.",2
"sebelum ini saya berhentikan sekolah.",0
"alhamdulillah, selesai terapi online adik khalif sesi 2 dari johor.",2
"betul.",1
"aathvick baru lagi, dia nangis sebab tak selesa.",0
"rasanya yang kedua masih mencabar.",0
"contoh masukkan kaki dalam bila nak pakai pampers.",2
"sebelum ini anaqi seorang yang diam tak bergerak, asyik baring saja.",0
"cuma selepas lama cuti dari balutan dan urutan selama 2 minggu disebabkan anak-anak baru baik chicken pox agak struggle sikit mengamuk juga nak start balutan.",0
"the best... environmentally friendly service, and most importantly, there is a change for our child.",2
"macam itu juga dengan air, asyik nak suruh order chagee saja.",0
"video pembelajaran saya akan share nanti insyallah.",1
"banyak positive feedback message dari cikgu.",2
"ada perubahan baik yang saya nampak.",2
"cikgu naim bagitahu dia dah kurang berjalan kat kelas.",2
"macam itu juga dengan air, asyik nak suruh order chagee saja.",0
"tahniah saya ucapkan untuk parents eren.",2
"sebelum ini dia berani.",0
"waiting for the next session.",1
"sebelum ini dia mengamuk, tak nak buka mulut, lari keluar.",0
"salam. terbaik. tahniah puan. teruskan terapi dirumah. akan ada lagi perkembangan yang lain inshaallah.",2
"cuba buka tapi kita tak bagi.",1
"jenuh dah bersilat maknya baru nak sihat.",0
"papa dia suruh saya tengok ummar kayuh basikal macam mana.",1
"saya sangat bersyukur bila tengok reaction anak yang positif.",2
"ammar alhamdulillah dengan izin-nya banyak mengeluarkan kata-kata yang jelas 2–3 hari ini.",2
"cuma pergerakkan dia masih tak boleh control.",0
"my son's name is al faiq. he has had his 7th therapy session.",1
"walaupun masih takut-takut.",0
"2/5/25 first appointment untuk consultation dengan therapist.",1
"kalau nak tidur pun masuk jam 3–4 pagi baru nak tidur.",0
"saya ada beritahu cikgu luthfi yang luthfi is undergoing this therapy dan mintak tolong kasi feedback ada perubahan ke tidak.",1
"boleh fokus bila buat sesuatu, pandang bila bagi arahan.",2
"sebelum ini jenuh la nak bersilat dengan dia untuk potong rambut saja.",0
"doakan isa boleh bersembang ya.",2
"sebelum ini tak nak makan nasi, asyik nak bubur.",0
"jenuh dah bersilat maknya baru nak sihat.",0
"setakat ini itulah perubahan anak saya.",2
"tidur lena, dah tak berdengkur.",2
"tapi normal kan.",1
"sebelum ini selalu kata cepat lupa dan tak fokus dalam kelas.",0
"sudahnya mood kelaut kalau ditegur lagi.",0
"received child therapy here. comfortable & friendly staff.",2
"papa dia suruh saya tengok ummar kayuh basikal macam mana.",1
"doktor pakar cakap dia tak leh nak letak apa-apa untuk amsyar sebab amsyar banyak improve.",2
"sebelum ini kalau siang wajib tidur dalam buaian, kalau tak tak tidur.",0
"saya nak share perkembangan anak saya amiirah ada adhd, baru 3 kali buat terapi.",1
"maaf ustaz lambat, alhamdulillah dah masuk 3 bulan ini ada perubahan dari segi makan.",2
"sebelum ini tak nak makan nasi, asyik nak bubur.",0
"dapat nombor 1.",2
"hai kartigayen, macam mana dekat school sekarang? dah ada perkembangan ke.",1
"setelah itu, bermulalah fasa terapi balut tangan pula yang mana permulaannya memang amat mencabar untuk balut.",0
"assalamualaikum wbt.",1
"saya bagi dia mewarna sebab subjek mewarna dan melukis dia memang tak minat.",0
"sekarang senang saja nak tidur siang.",2
"hai, nak share before terapi isa mateen kelas bulan july, still tak fokus dan tak faham apa teacher minta.",0
"berharap ada lagi perkembangan positif mengikuti terapi di neurospa. 🙌❤️",2
"anak dah masuk sesi ke-7.",1
"assalamualaikum ustaz, nak share kalau tak isaac memang tak pandai nak main block ini.",0
"sedikit pengalaman saya kongsikan bersama.",1
"tak ada mengamuk-mengamuk macam biasa.",2
"personally tak nampak sangat significant changes selain daripada yang di atas.",1
"hafiy eshan hari ini masuk sesi 5.",1
"dia pun dah pandai suap sendiri carrot dan potato dalam mulut dia. 😍",2
"rawatan terapi kerja ammar di hukm harini.",1
"sujud syukur. 😭",2
"assalamualaikum ustaz, sekarang ini isaac suka kalau kita baca buku untuk dia.",2
"kalau nak tidur pun masuk jam 3–4 pagi baru nak tidur.",0
"dah boleh bagitau apa yang dia nak (contoh: channel tv yang dia nak, makanan pun sama) walaupun word bercakap tu tak banyak sangat.",2
"teruskan terapi, moga banyak lagi perubahan menyusul.",2
"jadi itu yang dia marah bila saya tak bagi.",0
"fokus makin bagus.",2
"adam khalish sekarang macam jadi penyedih.",0
"awal pagi dan nak tidur je sempat buat sebab kerja.",1
"alhamdulillah, ahmad ada improvement. ❤️💪👍",2
"rasanya yang kedua masih mencabar.",0
"sangat takut potong rambut.",0
"buat therapy sebab susah nak makan, tak nak makan langsung.",0
"parents, at least you need to go for consultation if your child shows symptoms of speech delay that may bleed to autism.",1
"yang kurang, masa urut dan balut masih perlu tengok handphone untuk duduk diam.",0
"dah boleh belajar semula walaupun tak lama.",2
"memang bab bermain amin belum pandai sangat.",0
"sebelum ini dia cakap juga lapar tapi sehari 1–2 kali saja.",1
"nanti boleh share perkembangan anak-anak di sini. ✌😁",2
"initially sebulan kami stop screen time dan hp.",1
"banyak ustaz.",2
"pergi taman dah tak melulu.",2
"komen cikgu izz di sekolah.",1
"jadi itu yang dia marah bila saya tak bagi.",0
"sedikit pengalaman saya kongsikan bersama.",1
"memang bab bermain amin belum pandai sangat.",0
"buat therapy sebab susah nak makan, tak nak makan langsung.",0
"sebelum masuk terapi merangkak pun tak boleh.",0
"komen cikgu pun berkaitan emosi dan tak boleh kawal emosi.",0
"sebelum ini semua masuk mulut.",0
"asyik nak bergerak.",0
"arahan pun dah faham bila kita suruh kemas.",2
"sebelum ini kalau siang wajib tidur dalam buaian, kalau tak tak tidur.",0
"kami bawa suffi ke therapist centre untuk check.",1
"sebelum therapy balut ini dia akan tidur lewat dalam 12:30 ke 1 pagi.",0
"lepas itu ustaz, muhammad anaqi dah takut duduk sendirian.",0
"sangat takut potong rambut.",0
"masuk minggu ketiga urutan dekat leher dengan mulut dia.",1
"limited sangat cara bermain katanya.",0
"sebelum ini allah je tahu susahnya nak bagi dia ubat sebab dia menangis dan sembur habis ubat.",0
"dari mula kenal izz di ppki dia selalu warna ikut suka hati.",0
"balutan kedua hari ini, alhamdulillah lena tidur.",2
"doktor di hukm tahu neurospa therapy lah ustaz.",1
"lepas balutan kali keempat suffi agak grumpy, tantrum tak nak dibalut.",0
"cuma pergerakkan dia masih tak boleh control.",0
"balutan kali ke-3 untuk harini. 👍",1
"sebelum ini kalau bawa pijak rumput mesti menangis kuat.",0
"walaupun masih takut-takut.",0
"hanya allah swt saja tahu perasaan itu kan.",1
"day 1-2: 1 jam. day 3: 3 jam.",1
"salam dan selamat malam.",1
"cuma masih tak nak makan nasi.",0
"sebelum ini jenuh la nak bersilat dengan dia untuk potong rambut saja.",0
"cuma susah nak dengar suara dia.",0
"cuma masih tak nak makan nasi.",0
"sepanjang 5 sesi tu adeeb tak bagi kerjasama, takut, tak ada minat untuk bermain.",0
"dia cuba sampaikan sesuatu sambil menahan sedih, kadang sampai menitis air mata.",0
"lepas balutan kali keempat suffi agak grumpy, tantrum tak nak dibalut.",0
"ye faham minggu lepas si kembar ni demam batuk.",0
"sebelum ini allah je tahu susahnya nak bagi dia ubat sebab dia menangis dan sembur habis ubat.",0
"sepanjang 5 sesi tu adeeb tak bagi kerjasama, takut, tak ada minat untuk bermain.",0
"sebelum masuk terapi merangkak pun tak boleh.",0
"sebelum ini ammar hanya boleh membaca tapi tak boleh berinteraksi dua hala dengan kami.",0
"initially sebulan kami stop screen time dan hp.",1
"so far suffi perlu tingkatkan sentence dan vocabulary.",1
"agak struggle buat urutan dalam kereta, tak nak bagi kerjasama.",1
"alhamdulillah, i am very satisfied with the therapist and service here.",2
"anak saya aqeela dah buat terapi almost 4 month.",1
"received child therapy here. comfortable & friendly staff.",2
"exam math.",1
"walaupun dah makan dua itu tetap cakap lapar lagi.",0
"sebelum ini tak pernah sekolah.",0
"setakat ini alhamdulillah.",2
"hafiy eshan hari ini masuk sesi 5.",1
"he is calmer and can listen to instructions well.",2
"yang kurang, masa urut dan balut masih perlu tengok handphone untuk duduk diam.",0
"demam pun masuk ubat supp.",1
"semua ini dapat bertahan dalam 30-40 minit, selepas itu, affan akan tak senang duduk dan suruh buka.",0
"sebelum ini pegang buku pun tak mahu.",0
"nampak lebih banyak respons apabila dipanggil berbanding sebelum ini.",2
"angkat mainan masuk dalam bakul, angkat kerusi, letak kerusi.",2
"baru 6 sesi kalau tidak silap.",1
"the second child has autism but still doesn't have tantrums anymore.",2
"rasanya yang kedua masih mencabar.",0
"yer betul.",1
"ari ini terapikan sekali kakaknya.",1
"mula-mula langsung tak bagi balut kepala masa terapi pertama.",0
"assalamualaikum.",1
"selain itu, kalau dulu susah sangat tidur malam.",0
"balutan hari ke-5.",1
"waktu tidur makin teratur.",2
"bagus tu, perubahan dari segi emosi.",2
"pengeluaran hormon akan jadi lebih stabil.",1
"salam maaf, terlepas untuk update.",1
"yea, alhamdulillah.",2
"tu yang skip lama, nak mula balik.",1
"nak makan yang dia nak saja.",0
"kalau tidak drama air mata dari awal hingga akhir.",0
"papa dia suruh saya tengok ummar kayuh basikal macam mana.",1
"hari khamis lepas, adeeb jumpa occupational therapy under hospital government.",1
"sudahnya mood kelaut kalau ditegur lagi.",0
"antara feedback yang saya dapat dari parents eren ialah:",1
"semalam saya hanya buat 1 jam untuk setiap kali pakai.",1
"kalau tak sebelum ini memang tak fokus tunjuk apa dalam buku itu, langsung tak nak tengok.",0
"hariz dah masuk sesi ke-4.",1
"berapa lama nampak improvement boleh berkomunikasi itu, puan.",1
"tidur lena dari 9 malam ke 7 pagi.",2
"sekarang saya pakai taktik balut kepala dulu saja, then 2nd round baru kepala dah tangan.",1
"buat therapy sebab susah nak makan, tak nak makan langsung.",0
"perkembangan terapi hari ini, haira tak menangis langsung masa sesi urutan dan balutan.",2
"terima kasih sangat-sangat tak sabar untuk jumpa therapy lagi next week.",2
"result sekolah agama syuhada.",1
"jika berpeluh pun sikit je, tak macam anak normal yang boleh basah kepala dan badan.",1
"anak umur 6 tahun mild autism dan gdd.",1
"salam, baru dapat terapi, baru balik dari temujanji cara kerja di hospital.",1
"alhamdulillah, harini adik eren hazriel (2 tahun) datang centre untuk terapi sesi ke-2.",2
"sekarang dia dah try makan 2-3 butir.",2
"selesai online therapy untuk aiman hakim dan habib.",1
"alhamdulillah. tahniah puan. hasil dari puan buat terapi setiap hari di rumah.",2
"cuba buka tapi kita tak bagi.",1
"terkejut tengok ammar bercakap dengan kawan-kawan sambil jalan ke kelas.",2
"selain itu, kalau dulu susah sangat tidur malam.",0
"moga jadi kekuatan untuk ibu bapa buat terapi.",2
"sujud syukur. 😭",2
"mecca lepas terapi ni banyak sangat perubahan.",2
"hari ini berjaya bagi dia pakai 3 jam untuk setiap kali pakai.",2
"syiffa'a terapi sesi pagi.",1
"sebelum ini kalau siang wajib tidur dalam buaian, kalau tak tak tidur.",0
"balutan hari ke-5.",1
"nak share perkembangan terkini anaqi.",1
"yang kurang, masa urut dan balut masih perlu tengok handphone untuk duduk diam.",0
"i've been bringing my children here since they first opened.",1
"both children have autism.",1
"walau dah bagi fon pun tak jalan.",0
"alhamdulillah untuk adam naufal sudah ada perubahan perkataan semakin jelas.",2
"alhamdulillah. 👍",2
"dah tak mengamuk kalau orang lain usik barang-barang dia.",2
"kalau tak sebelum ini memang tak fokus tunjuk apa dalam buku itu, langsung tak nak tengok.",0
"dah boleh main sama-sama ke, boleh duduk diam ke.",1
"menulis tu laju sikit dah dari sebelum ini.",2
"alhamdulillah start neuro therapy.",2
"alhamdulillah, terima kasih.",2
"ada masa sehari sekali, tengok mood.",1
"boleh terima dan faham arahan.",2
"cuba buka tapi kita tak bagi.",1
"selesai online therapy untuk aiman hakim dan habib.",1
"exam math.",1
"walaupun sedikit perkembangan tapi kami sangat-sangat bersyukur.",2
"doktor di hukm tahu neurospa therapy lah ustaz.",1
"ada juga saya nampak dia ambil buku seolah-olah dia bercerita waktu tengok buku itu macam mana saya selalu bercerita dekat dia.",2
"punya lama lah mama tunggu dia bye-bye.",1
"cuma cara bercakap kadang-kadang macam baby, tapi xpelat lagi.",0
"saya hantar isa 2 tahun occupational therapy, 2 tahun skill masih sama.",0
"dah makin faham kalau kita larang dia buat benda yang bahaya.",2
"akhir bulan april cikgu mengadu luthfi haqimi susah nak duduk di kerusi bila ada aktiviti sekolah.",0
"punya lama lah mama tunggu dia bye-bye.",1
"syukur ya allah.",2
"salam dan selamat malam.",1
"hyper dah makin berkurangan.",2
"syukur dia dah makin ok dan boleh dengar cakap cikgu.",2
"setelah itu, bermulalah fasa terapi balut tangan pula yang mana permulaannya memang amat mencabar untuk balut.",0
"hasilnya organ semua mendapat oksigen dan nutrisi yang cukup dan akan berlaku perkumuhan dan penyahintinjaan yang selesa.",1
"duduk kelas yang pertama dari 4 kelas.",2
"salam puan, nak tanya. reza ini ada nampak apa-apa perubahan yang positif tak.",1
"dulu dia tak pandai lipat lutut untuk duduk dekat gelongsor itu.",0
"assalamualaikum, ustaz.",1
"there's a lot of progress, for example, my children can now follow the correct bedtime.",2
"cuma bab makan masih lagi cerewet.",0
"sedikit pengalaman saya kongsikan bersama.",1
"syiffa'a terapi sesi pagi.",1
"sepanjang 5 sesi tu adeeb tak bagi kerjasama, takut, tak ada minat untuk bermain.",0
"cuma bab makan masih lagi cerewet.",0
"parents, at least you need to go for consultation if your child shows symptoms of speech delay that may bleed to autism.",1
"makan makin berselera.",2
"selepas buat therapy balutan ini, noah start tidur pukul 10:30 malam paling lambat.",2
"now at the infrared level.",1
"apa yang saya nampak dari segi pemakanan dan percakapan, dah ada perubahan.",2
"ariqin pulak tak mau lena sebab time demam tidur 24 jam. hihi",0
"walaupun masih takut-takut.",0
"sebelum ini tak nak makan nasi, asyik nak bubur.",0
"lepas balutan kali keempat suffi agak grumpy, tantrum tak nak dibalut.",0
"dah pandai nak melawa. 😅",2
"sebelum ini dia selalu hanya makan nasi dengan ikan, ayam dan telur dadar saja.",0
"still in progress for any signs of improvement.",1
"he is calmer and can listen to instructions well.",2
"sebelum ini saya berhentikan sekolah.",0
"cuba buka tapi kita tak bagi.",1
"tapi dari segi arahan ada yang dia boleh ikut selepas buat terapi dengan nst.",2
"sekarang dah pandai ajak adik main sama-sama.",2
"terbaik puan, hasil usaha puan buat terapi setiap hari di rumah.",2
"sekarang saya pakai taktik balut kepala dulu saja, then 2nd round baru kepala dah tangan.",1
"comment cikgu, di kelas syuhada fokus, cepat menghafal.",2
"mengamuk bila balut dan nangis yang agak kuat.",0
"dah kurang masalah texture dalam mulut. 👏🙌",2
"rendaman: 4:30 petang ke 5 petang.",1
"macam baby. alhamdulillah. 🤲🤲",2
"salam maaf, terlepas untuk update.",1
"adam khalish sekarang macam jadi penyedih.",0
"sebelum ini dia cakap juga lapar tapi sehari 1–2 kali saja.",1
"ye faham minggu lepas si kembar ni demam batuk.",0
"cuma paper cikgu ambil balik.",1
"sebelum ini ummar akan kayuh separuh saja pedal.",0
"kalau sebelum ini berkejaran dengan dia saja. 😂😂",0
"the eldest has a lot of words and can speak well.",2
"walaupun dah makan dua itu tetap cakap lapar lagi.",0
"jumpa doctor di hta around april 2023, diagnosed as autism.",1
"betul.",1
"bagusnya rayyan, duduk diam saja itu.",2
"yer betul.",1
"malam tak sempat, ingat nak balut kul 10 malam dia dah tido.",1
"sebelum ini nak potong rambut dia nangis sampai termuntah.",0
"rasanya yang kedua masih mencabar.",0
"dah ada confidence.",2
"rendaman: 4:30 petang ke 5 petang.",1
"boleh panjat spider web dah.",2
"sebelum ini kalau siang wajib tidur dalam buaian, kalau tak tak tidur.",0
"buat awal pakai ke sekolah, dah pesan kepada teacher dia minta bukakan nanti.",1
"pengeluaran hormon akan jadi lebih stabil.",1
"hai, selamat pagi. 🥰",2
"taha ahmad macam nak meniru orang cakap. tadi pun dia mintak makan, dia sebut 'akan'.",2
"lepas balutan kali keempat suffi agak grumpy, tantrum tak nak dibalut.",0
"saya perhatikan sejak buat urutan dan balutan kepala ini, anak saya hari-hari tidur siang.",2
"sebelum ini pegang buku pun tak mahu.",0
"alhamdulillah buka dari balutan pertama 1 jam semalam dah ada perubahan.",2
"salam, baru dapat terapi, baru balik dari temujanji cara kerja di hospital.",1
"nangis sampai jiran tanya.",0
"dah boleh study dengan video pendek less than 5 minutes (video academic).",2
"just finished the 16th session.",1
"kalau sebelum ini berkejaran dengan dia saja. 😂😂",0
"memang macam trauma sangat lah.",0
"alhamdulillah banyak perubahan.",2
"assalamualaikum, saya just nak share.",1
"sebelum ini kalau siang wajib tidur dalam buaian, kalau tak tak tidur.",0
"sepanjang 5 sesi tu adeeb tak bagi kerjasama, takut, tak ada minat untuk bermain.",0
"banyak lagi perkembangan yang baik-baik.",2
"limited sangat cara bermain katanya.",0
"sedikit pengalaman saya kongsikan bersama.",1
"terkejut sangat.",1
"harini first time lepas dia rendam air garam, dia cirit sampai tak sempat ke toilet.",0
"alhamdulillah emir gunting rambut dah tak perlu riba.",2
"setelah itu, bermulalah fasa terapi balut tangan pula yang mana permulaannya memang amat mencabar untuk balut.",0
"semakin ringan mulut untuk belajar bercakap.",2
"rasanya yang kedua masih mencabar.",0
"malam jam 9 dah tidur.",2
"ini hasil dari konsistensi terapi di rumah, tahniah puan. 💪💪",2
"sebelum ini dia langsung tak pandai dan tak berani main swing, melompat dan bergayut.",0
"sudahnya tak lama lagi mahu spm.",1
"sudahnya mood kelaut kalau ditegur lagi.",0
"assalamualaikum ustaz, saya khairul ayah kepada eewan.",1
"day 1-2: 1 jam. day 3: 3 jam.",1
"mula-mula langsung tak bagi balut kepala masa terapi pertama.",0
"ada masa sehari sekali, tengok mood.",1
"sangat takut potong rambut.",0
"emir mubarak. maaf jarang kongsi gambar.",1
"saya sangat kecewa dan sedih hari ini",0
"saya rasa tertekan dan tak tahu nak buat apa",0
"anak saya menangis sepanjang hari",0
"saya rasa putus asa dengan keadaan ini",0
"hari ini sangat susah untuk saya",0
"saya tak cukup tidur dan rasa sangat letih",0
"anak saya tantrum teruk pagi tadi",0
"saya rasa risau sangat tentang masa depan",0
"anak saya masih tak nak makan langsung",0
"saya rasa macam nak give up dah",0
"anak saya sakit dan saya risau",0
"saya rasa sunyi dan keseorangan",0
"keadaan semakin teruk dari hari ke hari",0
"saya tak tahu macam mana nak hadapi ini",0
"anak saya melawan dan menjerit",0
"saya rasa sangat bersalah",0
"hari ni amat memenatkan",0
"saya tak nampak apa-apa perubahan positif",0
"anak saya masih tak boleh bercakap",0
"saya rasa down sangat hari ini",0
"anak saya mengamuk tak terkawal",0
"saya rasa lemah dan tak bermaya",0
"keadaan rumah sangat tegang",0
"saya risau anak saya tak akan sembuh",0
"hari ini amat teruk",0
"saya rasa sangat letih dan penat",0
"anak saya menangis tanpa henti",0
"saya tak tau nak buat apa dah",0
"saya rasa sangat kecewa dengan diri sendiri",0
"anak saya masih meragam dan menjerit",0
"saya rasa macam gagal sebagai ibu bapa",0
"keadaan bertambah buruk",0
"saya rasa sangat tertekan dan cemas",0
"anak saya tak mahu makan langsung",0
"saya rasa down dan tak bersemangat",0
"hari ini amat mencabar",0
"saya rasa hilang harapan",0
"anak saya masih tak boleh tidur",0
"saya rasa sangat bimbang",0
"keadaan ini sangat menyakitkan",0
"anak saya masih merajuk dan marah",0
"saya rasa terperangkap",0
"anak saya tak mahu dengar cakap",0
"saya rasa sangat terhina",0
"hari ni lagi teruk dari semalam",0
"saya rasa macam nak menangis",0
"anak saya semakin agresif",0
"saya rasa sangat stress",0
"anak saya tak mahu sekolah",0
"saya rasa sangat takut",0
"keadaan di rumah semakin teruk",0
"saya rasa sangat sedih dan kecewa",0
"anak saya menangis kuat malam tadi",0
"saya rasa macam dah tak mampu",0
"hari ni sangat susah nak handle anak",0
"saya rasa sangat tertekan dengan semua ini",0
"anak saya masih belum menunjukkan perubahan",0
"saya rasa kecewa dengan progress yang lambat",0
"keadaan ini buat saya stress",0
"saya rasa sangat risau tentang anak saya",0
"anak saya masih tak boleh fokus",0
"saya rasa macam nak give up",0
"hari ini sangat meletihkan",0
"saya rasa sedih sangat",0
"anak saya meragam sepanjang hari",0
"saya rasa macam tak boleh handle lagi",0
"keadaan semakin teruk setiap hari",0
"saya rasa sangat bimbang tentang masa depan",0
"anak saya masih tak mahu makan",0
"saya rasa sangat kecewa",0
"hari ni amat mencabar untuk saya",0
"saya rasa macam nak menangis setiap hari",0
"anak saya makin teruk",0
"saya rasa sangat tertekan dan risau",0
"anak saya masih belum pulih",0
"saya rasa macam dah hilang harapan",0
"hari ini amat memenatkan jiwa",0
"saya rasa sangat sedih dan hampa",0
"anak saya masih meragam",0
"saya rasa macam tak mampu lagi",0
"keadaan ini sangat menyusahkan",0
"saya rasa sangat bimbang dan risau",0
"anak saya masih tak mahu dengar cakap",0
"saya rasa sangat kecewa dengan keadaan ini",0
"hari ni lagi teruk dari sebelum ni",0
"saya rasa macam nak putus asa",0
"anak saya semakin sukar dikawal",0
"saya rasa sangat penat dan letih",0
"anak saya masih tak boleh tidur malam",0
"saya rasa macam dah tak tahan",0
"keadaan ini buat saya stress sangat",0
"saya rasa sangat sedih",0
"anak saya menangis setiap malam",0
"saya rasa macam nak lari dari semua ni",0
"hari ini amat sukar untuk saya",0
"saya rasa sangat kecewa dan marah",0
"anak saya masih belum ada perubahan",0
"saya rasa macam dah tak tahu apa nak buat",0
"keadaan semakin hari semakin buruk",0
"saya rasa sangat tertekan",0
"anak saya semakin teruk dari sebelum",0
"saya rasa macam nak give up dah",0
"hari ni sangat mencabar emosi",0
"saya rasa kecewa sangat",0
"anak saya masih merajuk",0
"saya rasa macam tak ada harapan",0
"anak saya masih tak mahu kerjasama",0
"saya rasa sangat sedih dan kecewa",0
"hari ini amat memenatkan",0
"saya rasa macam dah tak ada tenaga",0
"anak saya semakin sukar",0
"saya rasa sangat risau",0
"keadaan ini sangat menekan",0
"anak saya masih belum pulih sepenuhnya",0
"saya rasa sangat tertekan dan cemas",0
"hari ni lebih teruk dari semalam",0
"saya rasa macam nak menangis",0
"anak saya masih meragam dan menjerit",0
"saya rasa sangat kecewa",0
"anak saya masih tak mahu makan",0
"saya rasa macam dah tak mampu",0
"hari ini amat susah",0
"saya rasa sangat sedih",0
"anak saya menangis kuat",0
"saya rasa macam nak putus asa",0
"keadaan ini sangat menyakitkan hati",0
"saya rasa sangat bimbang",0
"anak saya masih tak boleh bercakap",0
"saya rasa macam dah hilang semangat",0
"hari ini sangat tertekan",0
"saya rasa kecewa sangat",0
"anak saya masih merajuk",0
"saya rasa macam tak ada harapan",0
"anak saya masih tak mahu kerjasama",0
"saya rasa sangat sedih dan kecewa",0
"hari ini amat memenatkan",0
"saya rasa macam dah tak ada tenaga",0
"anak saya semakin sukar",0
"saya rasa sangat risau",0
"keadaan ini sangat menekan",0
"anak saya masih belum pulih sepenuhnya",0
"saya rasa sangat tertekan dan cemas",0
"hari ni lebih teruk dari semalam",0
"saya rasa macam nak menangis",0
"anak saya masih meragam dan menjerit",0
"saya rasa sangat kecewa",0
"anak saya masih tak mahu makan",0
"saya rasa macam dah tak mampu",0
"hari ini amat susah",0
"saya rasa sangat sedih",0
"anak saya menangis kuat",0
"saya rasa macam nak putus asa",0
"keadaan ini sangat menyakitkan hati",0
"saya rasa sangat bimbang",0
"anak saya masih tak boleh bercakap",0
"saya rasa macam dah hilang semangat",0
"hari ini sangat tertekan",0
"saya rasa gembira hari ini",2
"saya sangat seronok",2
"alhamdulillah, semuanya baik",2
"hari ini sangat bagus",2
"saya rasa happy sangat",2
"terima kasih semua",2
"saya suka dengan perkembangan ini",2
"perasaan saya sangat gembira",2
"saya rasa ceria hari ini",2
"sangat menggembirakan",2
"saya berasa seronok",2
"ini berita baik",2
"saya sangat bersyukur",2
"alhamdulillah, syukur",2
"hati saya rasa tenang",2
"saya rasa lega",2
"saya sangat berpuas hati",2
"terbaik lah",2
"memang best",2
"saya rasa sangat bertuah",2
"hari ini penuh dengan kebahagiaan",2
"saya rasa sangat bersemangat",2
"alhamdulillah untuk segala nikmat",2
"saya sangat berterima kasih",2
"saya rasa sangat dihargai",2
"saya rasa sangat bertuah",2
"hari ini sangat ceria",2
"saya rasa sangat gembira dan bersyukur",2
"saya sangat teruja",2
"saya rasa sangat bangga",2
"saya rasa sangat lega dan tenang",2
"hidup saya semakin baik",2
"saya rasa sangat beruntung",2
"saya rasa sangat bahagia",2
"alhamdulillah, semuanya berjalan lancar",2
"saya rasa sangat gembira hari ini",2
"saya sangat suka dengan ini",2
"ini adalah hari yang baik",2
"saya rasa sangat puas",2
"saya rasa sangat terinspirasi",2
"hari ini sangat indah",2
"saya rasa sangat bertenaga",2
"saya rasa sangat positif",2
"saya rasa sangat ceria dan gembira",2
"alhamdulillah, hidup semakin baik",2
"saya rasa sangat bersyukur dengan semua ini",2
"saya sangat berterima kasih kepada semua",2
"ini adalah pencapaian yang baik",2
"saya rasa sangat bangga dengan diri saya",2
"saya rasa sangat lega dan bahagia",2
"saya sangat teruja dengan ini",2
"alhamdulillah, semua berjalan lancar",2
"saya rasa sangat gembira dan bersemangat",2
"saya sangat suka dengan perkembangan anak saya",2
"saya rasa sangat beruntung mempunyai keluarga ini",2
"alhamdulillah, hari ini sangat baik",2
"saya rasa sangat ceria dan penuh harapan",2
"saya sangat berterima kasih atas sokongan semua",2
"saya rasa sangat bersyukur dengan kehidupan ini",2
"saya sangat gembira melihat anak saya berkembang",2
"alhamdulillah, segala usaha membuahkan hasil",2
"saya rasa sangat bahagia dan tenang",2
"saya sangat seronok dengan sesi terapi hari ini",2
"saya rasa sangat positif tentang masa depan",2
"alhamdulillah, anak saya semakin baik",2
"saya sangat berterima kasih kepada doktor",2
"hari ini sangat menggembirakan",2
"saya rasa sangat lega dengan kemajuan anak saya",2
"saya sangat gembira dengan hasil terapi",2
"alhamdulillah, semuanya berjalan dengan baik",2
"saya rasa sangat bersemangat untuk hari ini",2
"saya sangat suka dengan cara terapi ini",2
"saya rasa sangat beruntung mendapat sokongan semua",2
"alhamdulillah, hidup saya semakin cerah",2
"saya rasa sangat bahagia dan bersyukur",2
"saya sangat teruja untuk melihat perkembangan anak saya",2
"saya rasa sangat ceria dan optimis",2
"alhamdulillah, kemajuan anak saya sangat memberangsangkan",2
"saya rasa sangat gembira dengan semua ini",2
"saya sangat berterima kasih kepada semua yang membantu",2
"saya rasa sangat bersyukur dengan kemajuan ini",2
"alhamdulillah, hari ini sangat bermakna",2
"saya rasa sangat bahagia dengan keluarga saya",2
"saya sangat suka melihat anak saya tersenyum",2
"saya rasa sangat positif dan bertenaga",2
"alhamdulillah, semua berjalan mengikut perancangan",2
"saya rasa sangat gembira dan lega",2
"saya sangat terinspirasi untuk teruskan usaha",2
"saya rasa sangat bersyukur dengan bantuan yang diberikan",2
"alhamdulillah, semuanya menjadi lebih baik",2
"saya rasa sangat ceria dan bersemangat",2
"saya sangat gembira dengan perkembangan yang positif",2
"saya rasa sangat beruntung dan bahagia",2
"alhamdulillah, saya bersyukur dengan semua yang ada",2
"saya rasa sangat berterima kasih kepada pasukan terapi",2
"saya sangat seronok dengan kemajuan anak saya",2
"saya rasa sangat gembira dan tenang",2
"alhamdulillah, hari ini adalah hari yang baik",2
"saya rasa sangat positif tentang semua ini",2
"saya sangat suka melihat anak saya gembira",2
"saya rasa sangat bersemangat untuk teruskan usaha",2
"alhamdulillah, syukur atas segala nikmat",2
"saya rasa sangat bahagia dengan kemajuan ini",2
"saya sangat berterima kasih kepada semua yang menyokong",2
"saya rasa sangat gembira dan bersyukur",2
"alhamdulillah, anak saya semakin aktif",2
"saya rasa sangat ceria hari ini",2
"saya sangat suka dengan perkembangan yang berlaku",2
"saya rasa sangat beruntung dan gembira",2
"alhamdulillah, semua berjalan lancar",2
"saya rasa sangat positif dan optimis",2
"saya sangat seronok dengan sesi hari ini",2
"saya rasa sangat bersyukur dan bahagia",2
"alhamdulillah, kemajuan anak saya sangat ketara",2
"saya rasa sangat gembira dengan semua ini",2
"saya sangat berterima kasih kepada doktor",2
"saya rasa sangat lega dan tenang",2
"alhamdulillah, hari ini sangat bermanfaat",2
"saya gembira sangat",2
"hati saya sangat senang",2
"perasaan saya sangat baik",2
"saya rasa seperti di awan",2
"hari ini penuh kebahagiaan",2
"saya sangat bertuah",2
"kehidupan saya sangat baik",2
"saya rasa amat gembira",2
"alhamdulillah, syukur sangat",2
"saya lega dan bahagia",2
"saya berasa sangat ceria",2
"saya sangat suka",2
"saya rasa bangga",2
"saya merasa sangat puas",2
"perubahan sangat positif",2
"anak saya tersenyum",2
"saya lihat kemajuan yang baik",2
"saya bersyukur sangat",2
"hari ini cerah dan gembira",2
"saya rasa penuh tenaga",2
"saya rasa penuh harapan",2
"saya optimis dengan masa depan",2
"saya bersyukur setiap hari",2
"saya bahagia di hati",2
"semuanya baik-baik",2
"hidup saya semakin cerah",2
"saya rasa sangat berterima kasih",2
"saya rasa seperti menang",2
"saya rasa sangat baik hari ini",2
"perasaan saya sangat positif",2
"saya amat bersyukur",2
"alhamdulillah, semuanya baik",2
"saya rasa ceria",2
"saya senang hati",2
"saya suka dengan ini",2
"saya sangat gembira",2
"saya berasa lega",2
"saya happy",2
"saya seronok",2
"bestnya hari ini",2
"saya rasa sempurna",2
"saya berasa bertuah",2
"saya sangat bangga dengan anak saya",2
"alhamdulillah, saya bersyukur",2
"saya rasa amat baik",2
"hari ini sangat menggembirakan",2
"saya rasa puas hati",2
"saya sangat beruntung",2
"perubahan ini sangat baik",2
"saya sangat bersyukur dengan semua ini",2
"alhamdulillah, saya berasa gembira",2
"saya suka sangat",2
"saya rasa bahagia",2
"hati saya penuh dengan kegembiraan",2
"saya rasa bersyukur",2
"saya amat berterima kasih",2
"saya rasa sangat berharga",2
"saya bergembira hari ini",2
"saya sangat berpuas hati",2
"saya seronok dengan kemajuan anak saya",2
"alhamdulillah, semuanya baik-baik",2
"saya rasa amat ceria",2
"saya sangat berbesar hati",2
"saya suka dengan hasil ini",2
"saya rasa bahagia dan tenang",2
"saya semakin yakin",2
"saya rasa sangat positif",2
"saya gembira dengan kemajuan",2
"saya berasa sungguh gembira",2
"saya sangat terharu dengan kebaikan ini",2
"alhamdulillah, saya sangat berterima kasih",2
"saya rasa seperti diimpikan",2
"saya rasa ceria dan bertenaga",2
"hari ini membawa kebahagiaan",2
"saya amat bersyukur dengan semua ini",2
"saya berasa sangat lega",2
"saya sangat bahagia",2
"saya rasa seronok sangat",2
"saya suka dengan perkembangan ini",2
"alhamdulillah, saya gembira",2
"saya rasa amat baik hari ini",2
"saya sangat puas dengan hasilnya",2
"saya berasa sangat bertuah",2
"saya rasa sangat bersemangat",2
"saya gembira melihat anak saya ceria",2
"saya sangat bersyukur dengan bantuan ini",2
"saya rasa sangat dihargai",2
"saya lega dan gembira",2
"saya suka dengan kemajuan ini",2
"saya rasa sangat optimis",2
"saya sangat ceria hari ini",2
"saya berasa sangat baik",2
"alhamdulillah, syukur sangat banyak",2
"saya rasa seperti menang hadiah",2
"saya berasa sungguh bahagia",2
"saya sangat seronok dengan sesi ini",2
"saya rasa sangat baik dan positif",2
"saya amat gembira dengan ini",2
"saya bersyukur dengan kemajuan anak saya",2
"saya rasa sangat berterima kasih",2
"alhamdulillah, segala-galanya baik",2
"saya rasa gembira",2
"saya berasa seronok",2
"hari ini hari yang baik",2
"saya sangat bertuah",2
"saya berasa bangga",2
"alhamdulillah, syukur",2
"saya rasa bahagia",2
"saya sangat suka",2
"terbaik",2
"bagus",2
"hebat",2
"mantap",2
"gempak",2
"best",2
"seronok",2
"gembira",2
"ceria",2
"tenang",2
"puas",2
"lega",2
"yakin",2
"optimis",2
"bersyukur",2
"berterima kasih",2
"terharu",2
"teruja",2
"terinspirasi",2
"bersemangat",2
"bertenaga",2
"positif",2
"bahagia",2
"indah",2
"bermakna",2
"berharga",2
"beruntung",2