student_id,age,gender,programme,attendance_pct,assignment_avg,quiz_avg,midterm_score,study_hours_week,previous_gpa,absences,internet_access,extracurricular,academic_risk
ST07173,20,Male,Software Engineering,72.2,49.0,71.2,81.6,11.1,3.48,3.0,Yes,Yes,Not At Risk
ST01210,25,Female,IT,75.4,66.0,76.4,56.2,3.6,3.49,,Yes,No,At Risk
ST11561,24,Female,Computer Science,100.0,53.6,94.6,68.5,5.5,2.98,2.0,Yes,Yes,Not At Risk
ST05074,24,Male,Computer Science,72.4,100.0,65.5,78.0,6.5,3.05,7.0,Yes,Yes,Not At Risk
ST05558,21,Male,Computer Science,78.7,78.5,72.4,89.0,6.3,2.76,4.0,Yes,Yes,Not At Risk
ST01148,21,Female,IT,72.3,65.5,69.5,68.8,2.1,2.0,4.0,Yes,No,Not At Risk
ST00054,25,Female,Computer Science,78.7,69.5,50.8,46.5,3.8,4.0,2.0,No,No,At Risk
ST08638,23,Male,Computer Science,92.6,74.0,76.3,64.7,8.4,2.44,3.0,Yes,No,Not At Risk
ST00902,25,Male,Computer Science,82.7,59.2,89.6,78.2,7.5,2.79,4.0,No,Yes,Not At Risk
ST06146,20,Female,Data Science,85.4,49.3,59.5,64.2,7.8,2.54,2.0,Yes,Yes,Not At Risk
ST07822,23,Female,Software Engineering,78.0,58.7,61.0,55.6,1.5,2.2,6.0,Yes,Yes,At Risk
ST07194,22,Female,Computer Science,69.0,65.6,70.6,83.8,1.3,3.6,7.0,Yes,No,Not At Risk
ST00055,18,Male,Software Engineering,73.7,41.9,50.2,84.5,10.4,1.57,2.0,Yes,No,Not At Risk
ST11803,20,Male,Software Engineering,80.4,95.5,71.0,85.2,6.5,2.57,4.0,Yes,Yes,Not At Risk
ST11896,18,Female,IT,64.9,57.6,50.1,77.2,6.0,3.05,6.0,Yes,No,Not At Risk
ST02668,21,Male,Computer Science,90.5,91.1,69.5,81.5,12.3,2.34,5.0,Yes,No,Not At Risk
ST04506,22,Male,Software Engineering,77.9,60.7,100.0,84.3,10.7,2.78,3.0,Yes,No,Not At Risk
ST04253,24,Male,Computer Science,76.2,66.2,47.1,88.7,4.9,3.56,4.0,Yes,Yes,Not At Risk
ST01881,24,Female,Computer Science,54.8,50.5,66.1,60.3,8.2,3.28,3.0,Yes,Yes,At Risk
ST04754,19,Male,Data Science,74.9,66.9,58.6,77.2,7.5,3.12,4.0,Yes,Yes,At Risk
ST01119,23,Male,Software Engineering,66.1,51.6,71.5,88.3,1.8,2.91,2.0,Yes,No,Not At Risk
ST07133,22,Male,IT,100.0,69.3,62.1,41.5,5.5,1.62,4.0,Yes,No,Not At Risk
ST03722,22,Female,IT,74.4,77.1,82.2,41.9,7.2,2.62,1.0,Yes,No,At Risk
ST11929,24,Female,Software Engineering,69.3,78.0,71.0,46.3,14.3,2.8,4.0,Yes,No,At Risk
ST08814,20,Male,IT,75.1,70.5,55.9,54.7,6.9,2.76,1.0,Yes,Yes,Not At Risk
ST01109,19,Male,,80.4,91.8,64.3,75.1,2.1,3.58,2.0,No,No,Not At Risk
ST03059,23,Male,Computer Science,83.8,100.0,67.7,66.7,8.8,2.54,3.0,Yes,No,Not At Risk
ST09758,22,Female,Computer Science,93.3,70.9,81.8,45.0,4.8,2.24,5.0,Yes,No,Not At Risk
ST03989,23,Male,Software Engineering,74.9,73.6,68.4,85.7,1.9,1.84,5.0,Yes,No,Not At Risk
ST08663,21,Male,IT,72.1,98.6,79.4,52.7,2.3,3.52,7.0,Yes,Yes,At Risk
ST10975,19,Male,Software Engineering,71.6,59.8,83.7,54.8,2.9,3.13,7.0,Yes,Yes,Not At Risk
ST09679,23,Female,Software Engineering,94.4,85.6,55.2,67.3,9.6,3.0,3.0,Yes,No,Not At Risk
ST04473,18,Male,Software Engineering,73.1,55.9,62.9,74.8,7.9,2.57,7.0,Yes,No,Not At Risk
ST10042,19,Male,Data Science,73.3,52.5,46.9,38.6,9.7,2.72,3.0,Yes,No,At Risk
ST00940,23,Female,Computer Science,85.1,96.8,51.1,57.7,3.1,2.64,6.0,Yes,Yes,Not At Risk
ST09293,23,Female,Software Engineering,92.9,64.9,67.1,46.6,5.1,2.9,6.0,Yes,No,Not At Risk
ST00613,20,female,Computer Science,85.8,74.4,67.4,78.6,2.6,2.56,4.0,Yes,No,Not At Risk
ST02644,23,Female,Data Science,96.4,65.2,48.1,72.6,18.8,3.03,5.0,Yes,Yes,Not At Risk
ST06915,24,Male,,92.8,68.4,42.8,53.4,11.4,2.9,3.0,Yes,No,Not At Risk
ST06398,22,Female,IT,60.3,69.6,61.1,48.7,2.7,2.11,2.0,Yes,No,Not At Risk
ST08828,21,Female,Computer Science,75.9,65.8,68.8,70.9,2.9,2.78,3.0,Yes,No,At Risk
ST07279,18,Female,,82.4,50.3,50.7,57.9,6.0,2.57,4.0,Yes,Yes,Not At Risk
ST06666,23,Male,IT,89.6,49.2,65.1,39.7,2.9,3.15,3.0,Yes,No,Not At Risk
ST04997,21,Female,IT,78.8,81.2,52.3,59.1,14.4,1.62,8.0,Yes,No,Not At Risk
ST02489,25,Female,Computer Science,100.0,77.9,87.0,34.3,4.9,2.67,7.0,Yes,No,Not At Risk
ST06563,22,Male,Computer Science,87.1,31.6,81.6,53.4,2.6,1.74,8.0,Yes,Yes,At Risk
ST06992,19,Female,IT,81.2,79.7,63.0,83.8,13.3,3.22,5.0,Yes,No,Not At Risk
ST10579,25,Male,Software Engineering,88.4,64.6,57.8,59.4,4.2,2.4,5.0,Yes,No,Not At Risk
ST06152,23,Male,Computer Science,70.4,62.6,72.3,67.7,5.7,2.04,6.0,Yes,No,Not At Risk
ST05780,24,Male,IT,93.6,68.7,80.7,37.4,5.9,2.83,3.0,No,Yes,Not At Risk
ST01431,24,Male,Data Science,70.5,66.3,72.5,68.7,7.4,3.26,2.0,Yes,Yes,Not At Risk
ST10419,23,Male,IT,84.6,65.6,87.5,68.4,7.3,3.56,2.0,,Yes,Not At Risk
ST00598,24,Male,IT,74.2,79.9,60.5,77.0,5.8,3.6,0.0,Yes,Yes,Not At Risk
ST05969,19,Female,Computer Science,89.2,76.7,71.4,52.9,15.6,4.0,3.0,Yes,No,Not At Risk
ST10562,22,Male,Software Engineering,70.6,61.2,49.6,74.2,2.3,3.57,6.0,,Yes,Not At Risk
ST11966,21,Male,Data Science,64.2,51.3,49.5,84.9,6.4,2.52,5.0,Yes,Yes,At Risk
ST09824,18,Female,Data Science,75.1,81.8,66.2,72.7,2.5,2.8,6.0,Yes,No,Not At Risk
ST00621,22,Male,Software Engineering,66.9,60.0,59.9,54.0,6.1,3.12,4.0,Yes,No,Not At Risk
ST03641,25,Female,Software Engineering,91.1,73.3,66.8,75.1,7.8,2.65,3.0,Yes,No,Not At Risk
ST00554,20,Male,Software Engineering,87.4,100.0,58.7,56.1,4.5,3.45,3.0,Yes,No,Not At Risk
ST09389,21,Male,Software Engineering,77.0,96.3,59.1,80.3,2.6,2.38,4.0,Yes,No,Not At Risk
ST03880,21,Female,Software Engineering,52.9,70.9,75.2,86.0,4.8,3.2,4.0,Yes,No,Not At Risk
ST01417,24,Female,Data Science,68.1,44.4,90.3,68.9,2.6,2.08,5.0,Yes,No,At Risk
ST04591,19,Female,Computer Science,77.5,83.1,73.6,65.6,11.8,2.35,3.0,Yes,No,Not At Risk
ST03623,23,Female,IT,69.5,62.9,86.4,,12.1,2.82,3.0,Yes,No,Not At Risk
ST07236,19,Female,Computer Science,71.7,100.0,60.0,72.7,1.5,4.0,8.0,Yes,No,Not At Risk
ST05655,21,Male,Computer Science,77.7,76.2,84.8,41.2,8.2,1.76,3.0,Yes,Yes,Not At Risk
ST02988,23,Male,Data Science,70.4,55.4,58.7,52.2,5.4,2.17,8.0,Yes,No,At Risk
ST06681,25,Male,IT,85.4,83.7,49.2,69.0,6.5,3.71,2.0,Yes,Yes,Not At Risk
ST10061,24,Female,Computer Science,71.0,81.1,50.2,80.2,10.8,2.91,4.0,Yes,Yes,Not At Risk
ST00823,24,Female,Software Engineering,72.7,56.2,75.9,35.1,3.7,2.87,3.0,Yes,No,At Risk
ST03176,25,Male,Computer Science,64.7,63.2,57.0,52.0,14.8,2.61,6.0,Yes,No,Not At Risk
ST07555,23,Female,Computer Science,79.9,60.7,72.2,79.8,13.1,4.0,5.0,Yes,Yes,Not At Risk
ST05314,19,Female,Software Engineering,80.3,69.4,80.0,70.1,5.6,1.68,,Yes,Yes,Not At Risk
ST06764,18,Male,Computer Science,88.9,84.9,80.1,78.7,6.5,2.29,1.0,Yes,Yes,Not At Risk
ST03537,21,Male,Data Science,72.7,71.6,85.2,88.6,6.3,3.33,5.0,Yes,Yes,Not At Risk
ST00635,22,Female,Software Engineering,89.8,66.7,71.7,49.3,4.9,2.61,4.0,Yes,No,Not At Risk
ST06685,19,Male,Computer Science,72.8,71.8,79.7,89.2,5.8,3.27,5.0,Yes,No,Not At Risk
ST01550,24,Male,IT,86.4,57.5,40.9,60.4,9.6,3.81,7.0,Yes,No,Not At Risk
ST08186,19,Female,IT,80.3,70.0,61.8,26.8,7.1,2.24,5.0,Yes,No,Not At Risk
ST06596,19,Female,Computer Science,78.0,75.1,62.6,56.6,6.0,3.83,4.0,Yes,No,Not At Risk
ST07471,20,Female,IT,86.8,84.3,65.0,60.2,3.9,2.51,3.0,No,No,Not At Risk
ST01042,22,Female,Computer Science,79.8,64.0,64.3,54.9,6.2,3.09,3.0,Yes,No,Not At Risk
ST08908,25,Male,Computer Science,78.4,70.0,31.5,70.0,6.9,2.44,3.0,Yes,No,Not At Risk
ST10239,22,Female,Data Science,88.8,73.0,65.7,47.1,13.2,3.65,0.0,Yes,Yes,Not At Risk
ST05327,20,Male,Computer Science,81.7,46.1,82.1,16.6,8.8,3.1,5.0,Yes,Yes,At Risk
ST02343,23,Female,Computer Science,86.7,66.7,49.2,33.6,6.3,3.05,4.0,Yes,Yes,At Risk
ST00960,20,Female,Software Engineering,60.8,57.7,70.5,54.2,2.0,2.75,1.0,Yes,No,Not At Risk
ST07210,18,Male,Computer Science,100.0,52.9,79.8,64.1,8.1,2.06,3.0,Yes,No,Not At Risk
ST08907,21,Female,Software Engineering,91.9,72.2,61.6,64.1,7.9,3.99,4.0,Yes,Yes,Not At Risk
ST02679,20,Male,Software Engineering,93.7,99.7,54.2,54.7,8.0,3.43,6.0,Yes,Yes,Not At Risk
ST09787,21,Female,IT,86.4,67.4,64.1,92.1,4.0,2.16,3.0,Yes,Yes,Not At Risk
ST02493,24,Male,Data Science,80.9,63.7,67.2,72.7,7.0,2.77,3.0,No,No,Not At Risk
ST05669,19,Female,Computer Science,87.5,69.0,78.5,40.9,3.7,4.0,3.0,Yes,No,Not At Risk
ST07943,25,Female,Computer Science,79.8,80.3,75.9,61.6,4.1,2.9,0.0,No,No,Not At Risk
ST10375,25,Female,Computer Science,81.0,50.5,67.6,64.0,4.6,1.92,5.0,Yes,No,Not At Risk
ST02042,25,Male,Computer Science,59.3,62.0,64.0,59.1,3.2,2.86,4.0,Yes,Yes,Not At Risk
ST09580,22,Male,Computer Science,77.2,79.1,71.3,82.9,9.6,2.64,4.0,Yes,No,Not At Risk
ST00878,21,Male,Computer Science,61.6,48.7,63.1,20.7,7.6,1.85,3.0,Yes,No,Not At Risk
ST08879,20,Male,Software Engineering,92.5,55.9,45.9,62.4,2.4,2.63,6.0,Yes,Yes,Not At Risk
ST01590,22,Female,IT,77.5,42.0,57.9,66.9,1.0,4.0,3.0,Yes,Yes,Not At Risk
ST08368,18,Male,IT,90.6,71.5,55.1,74.1,6.1,3.17,1.0,Yes,No,Not At Risk
ST08735,22,Female,Data Science,94.7,82.4,56.0,57.4,7.3,3.79,3.0,Yes,Yes,Not At Risk
ST06218,22,Female,IT,89.2,69.6,57.6,57.6,2.4,3.01,8.0,Yes,No,Not At Risk
ST11117,20,Female,Computer Science,98.5,72.5,54.2,100.0,6.8,2.83,,No,Yes,Not At Risk
ST06610,19,Female,Data Science,81.4,86.8,78.0,57.2,3.7,1.98,4.0,Yes,No,Not At Risk
ST05695,24,Female,IT,95.2,56.1,100.0,61.7,8.5,1.78,4.0,Yes,Yes,Not At Risk
ST09802,25,Male,Computer Science,90.9,70.4,100.0,86.1,3.1,3.5,1.0,Yes,Yes,Not At Risk
ST01872,22,Male,Computer Science,65.0,67.0,98.9,35.8,9.2,2.19,3.0,Yes,No,At Risk
ST03318,22,Male,Computer Science,65.2,65.2,92.2,57.0,3.7,3.85,3.0,Yes,Yes,At Risk
ST11101,19,Male,Data Science,88.6,61.4,16.9,54.3,7.8,3.45,1.0,Yes,Yes,Not At Risk
ST00292,21,Male,Computer Science,96.7,77.2,63.4,58.5,6.8,2.77,9.0,Yes,No,Not At Risk
ST10584,21,Female,Data Science,77.5,90.8,30.6,57.7,6.9,1.63,8.0,Yes,Yes,Not At Risk
ST06974,23,Male,IT,91.0,80.7,78.8,29.9,5.6,3.38,6.0,Yes,No,Not At Risk
ST01911,23,Female,Software Engineering,100.0,60.5,55.0,66.4,7.3,2.64,5.0,Yes,No,Not At Risk
ST10531,24,Female,IT,100.0,76.0,56.7,43.0,7.9,2.61,2.0,Yes,Yes,Not At Risk
ST10869,19,Female,IT,88.0,54.9,50.5,95.0,9.8,2.74,4.0,Yes,Yes,Not At Risk
ST08020,24,Male,Computer Science,92.8,68.6,54.6,69.6,2.2,2.58,4.0,Yes,Yes,Not At Risk
ST08886,20,Male,Software Engineering,75.0,81.4,98.3,48.3,7.1,3.83,3.0,Yes,Yes,Not At Risk
ST11149,18,Male,Computer Science,90.2,82.6,48.4,74.4,16.2,3.61,3.0,Yes,No,Not At Risk
ST08904,22,Female,Software Engineering,72.1,53.1,52.4,53.2,3.4,2.11,5.0,Yes,No,Not At Risk
ST11718,18,Female,Data Science,83.3,85.3,51.7,,3.9,2.69,0.0,Yes,No,Not At Risk
ST00208,19,Male,Software Engineering,100.0,84.9,74.8,37.4,6.3,3.91,5.0,No,Yes,Not At Risk
ST08282,18,Male,Computer Science,93.1,74.5,83.5,74.1,5.1,2.27,6.0,Yes,Yes,Not At Risk
ST10237,22,Male,Data Science,76.7,64.7,64.2,80.9,2.2,2.69,4.0,Yes,Yes,Not At Risk
ST03212,24,Male,IT,96.7,68.8,75.1,65.5,6.1,2.27,2.0,,Yes,Not At Risk
ST03558,23,Male,IT,92.1,74.2,51.8,75.6,7.5,3.19,3.0,Yes,No,Not At Risk
ST10521,24,Female,IT,98.7,86.0,39.3,43.9,10.0,2.58,5.0,Yes,Yes,Not At Risk
ST00877,19,Male,Software Engineering,85.4,75.9,53.8,34.4,22.5,2.57,7.0,No,No,Not At Risk
ST10008,20,Female,Software Engineering,68.3,71.4,51.5,58.1,11.0,2.41,4.0,Yes,No,Not At Risk
ST07055,22,Male,IT,82.9,62.8,72.7,52.0,3.7,2.3,1.0,Yes,Yes,Not At Risk
ST10651,25,Female,IT,61.8,81.5,67.6,87.4,7.6,2.76,3.0,Yes,Yes,Not At Risk
ST05177,22,Female,Computer Science,78.2,39.1,34.9,89.8,6.3,2.83,5.0,No,No,Not At Risk
ST05493,21,Female,IT,66.2,96.7,75.9,60.7,4.1,3.15,3.0,Yes,Yes,Not At Risk
ST05585,23,Male,Computer Science,92.7,63.9,60.8,65.5,7.5,3.47,4.0,Yes,Yes,Not At Risk
ST01127,25,Male,Computer Science,72.7,77.7,52.1,86.9,9.0,4.0,4.0,Yes,Yes,Not At Risk
ST11223,19,Male,IT,79.9,57.4,75.6,36.4,7.1,2.23,7.0,Yes,Yes,At Risk
ST10391,20,Female,Software Engineering,100.0,55.1,63.8,59.2,3.0,2.31,2.0,Yes,Yes,At Risk
ST11246,19,Male,IT,86.0,56.7,74.5,29.2,2.6,3.34,2.0,Yes,No,Not At Risk
ST02596,25,Female,Computer Science,59.5,69.4,91.9,90.4,6.4,2.8,6.0,Yes,No,Not At Risk
ST06831,24,Male,IT,81.9,82.7,88.5,45.0,8.5,2.94,5.0,Yes,No,Not At Risk
ST02317,19,Female,Computer Science,74.8,60.1,41.2,91.6,4.3,2.29,2.0,Yes,Yes,At Risk
ST02243,22,Female,Computer Science,78.7,79.6,31.9,67.5,5.8,3.32,6.0,Yes,No,Not At Risk
ST03817,18,Male,Software Engineering,84.7,62.0,81.0,89.9,2.9,3.23,4.0,Yes,No,Not At Risk
ST07951,22,Female,Software Engineering,84.0,63.5,57.9,47.6,11.1,2.84,4.0,Yes,Yes,Not At Risk
ST01128,19,Female,Software Engineering,90.1,92.4,61.3,62.8,2.2,3.64,3.0,Yes,Yes,Not At Risk
ST08805,23,Male,Computer Science,87.3,43.7,64.8,48.3,1.9,3.92,3.0,Yes,Yes,At Risk
ST08072,23,Male,Software Engineering,69.3,70.7,69.2,74.8,7.1,2.77,3.0,Yes,Yes,Not At Risk
ST03389,25,Female,Computer Science,87.9,86.9,59.3,68.1,6.6,3.3,1.0,No,Yes,Not At Risk
ST00949,24,Female,IT,81.7,66.3,50.7,48.7,7.2,4.0,5.0,Yes,Yes,Not At Risk
ST04783,25,Male,Computer Science,99.7,69.4,58.5,81.0,4.1,3.12,3.0,Yes,No,Not At Risk
ST00963,21,Male,IT,71.9,66.7,65.5,12.1,10.4,2.68,0.0,Yes,No,Not At Risk
ST05659,22,Female,Data Science,74.5,63.8,68.0,76.4,6.2,3.17,4.0,Yes,Yes,Not At Risk
ST00999,18,Female,Computer Science,92.8,58.4,70.7,67.4,2.6,2.77,4.0,Yes,No,Not At Risk
ST05342,23,Male,IT,69.2,52.8,84.7,61.9,4.2,2.35,5.0,Yes,Yes,At Risk
ST11660,25,Female,IT,82.9,59.6,73.4,82.7,6.1,3.22,2.0,Yes,Yes,Not At Risk
ST07206,23,Female,IT,84.6,48.9,76.4,68.3,15.7,1.53,4.0,Yes,Yes,At Risk
ST10961,25,Female,Computer Science,73.7,48.7,45.4,55.5,10.8,2.4,5.0,Yes,No,At Risk
ST05599,19,Male,Software Engineering,100.0,68.0,46.5,45.8,6.4,2.68,2.0,Yes,No,Not At Risk
ST08642,19,Female,IT,93.5,39.4,44.7,71.1,5.2,2.03,0.0,Yes,Yes,Not At Risk
ST00389,24,Male,Software Engineering,64.1,55.3,82.3,71.4,3.4,2.43,3.0,Yes,No,At Risk
ST04743,19,Male,IT,88.8,83.8,50.7,80.7,5.0,1.92,1.0,Yes,No,Not At Risk
ST09993,21,Male,Computer Science,89.6,58.2,45.2,67.1,2.2,2.55,3.0,Yes,Yes,Not At Risk
ST03696,18,Female,IT,72.0,78.0,53.8,69.8,3.9,3.09,5.0,Yes,Yes,Not At Risk
ST02781,24,Female,IT,76.4,67.9,94.2,64.2,7.2,1.95,3.0,Yes,Yes,Not At Risk
ST09914,25,Male,Data Science,65.1,62.7,85.3,34.6,7.5,1.87,5.0,No,Yes,At Risk
ST11029,21,Female,Software Engineering,97.2,69.1,47.9,71.9,3.9,3.32,2.0,Yes,No,Not At Risk
ST02117,22,Male,Computer Science,91.5,83.0,100.0,15.9,5.7,2.63,2.0,Yes,Yes,Not At Risk
ST10878,19,Female,Computer Science,78.2,84.4,73.8,67.1,1.6,1.94,4.0,Yes,Yes,Not At Risk
ST05903,24,Male,Software Engineering,78.5,72.3,84.6,73.0,3.1,3.39,2.0,Yes,No,Not At Risk
ST06269,20,Female,Computer Science,94.4,41.6,93.4,53.3,5.5,2.68,3.0,Yes,Yes,Not At Risk
ST06670,24,Male,IT,83.4,57.7,80.7,46.2,10.8,3.55,2.0,Yes,Yes,Not At Risk
ST02419,24,Male,Software Engineering,70.6,65.7,49.5,100.0,1.7,3.4,5.0,Yes,No,Not At Risk
ST08935,25,Female,Computer Science,71.4,89.3,66.6,52.1,8.0,3.79,3.0,Yes,Yes,Not At Risk
ST02671,24,Male,Computer Science,83.3,61.0,53.6,36.8,3.7,2.97,4.0,Yes,No,Not At Risk
ST07546,23,Female,Data Science,92.7,100.0,68.5,63.0,6.9,3.64,4.0,Yes,Yes,Not At Risk
ST03955,25,Female,IT,95.8,73.5,69.1,74.7,5.7,3.97,4.0,Yes,No,Not At Risk
ST00669,20,Male,Computer Science,100.0,49.2,69.5,41.1,3.2,3.23,1.0,Yes,Yes,Not At Risk
ST02241,25,Female,Data Science,60.3,76.9,59.4,95.1,4.9,3.08,5.0,Yes,Yes,Not At Risk
ST00698,20,Female,Computer Science,77.0,72.9,57.4,46.2,2.8,3.74,2.0,Yes,Yes,Not At Risk
ST01121,24,Female,Software Engineering,82.8,37.1,55.5,50.5,2.3,2.18,6.0,Yes,No,At Risk
ST07132,23,Female,Data Science,93.9,68.3,63.6,65.8,5.7,3.61,2.0,Yes,No,Not At Risk
ST00606,22,Female,IT,69.2,48.3,63.6,79.5,7.5,3.42,2.0,Yes,Yes,Not At Risk
ST11987,20,Female,Software Engineering,100.0,41.1,63.4,66.6,8.0,2.05,3.0,No,No,Not At Risk
ST11995,18,Female,IT,88.9,41.7,61.4,51.0,7.7,3.2,6.0,Yes,No,Not At Risk
ST09579,21,Female,Computer Science,77.4,76.1,54.9,55.1,4.2,2.88,3.0,Yes,Yes,Not At Risk
ST07990,23,Male,IT,70.4,100.0,50.1,100.0,4.2,1.67,7.0,Yes,No,Not At Risk
ST08018,21,Male,Computer Science,64.3,66.3,80.7,93.5,5.6,2.97,1.0,Yes,Yes,Not At Risk
ST05187,19,Female,IT,76.7,49.3,54.6,73.1,3.3,3.39,2.0,Yes,No,Not At Risk
ST00600,23,Female,Software Engineering,51.7,79.7,78.1,79.5,3.9,2.99,6.0,Yes,No,Not At Risk
ST04685,23,Female,IT,79.2,87.7,49.0,55.8,4.1,2.11,3.0,Yes,Yes,Not At Risk
ST02951,22,Female,Computer Science,75.9,56.4,75.6,83.7,5.9,4.0,3.0,Yes,No,Not At Risk
ST10522,24,Female,Computer Science,70.1,80.3,47.2,69.0,3.6,2.71,2.0,Yes,No,At Risk
ST09037,24,Female,Computer Science,94.3,81.0,65.3,81.8,4.4,3.86,4.0,Yes,No,Not At Risk
ST07672,23,Male,Software Engineering,95.8,44.2,80.0,63.6,6.1,2.66,4.0,Yes,Yes,Not At Risk
ST02691,25,Male,Data Science,68.7,61.1,45.8,61.5,6.9,2.92,4.0,Yes,Yes,Not At Risk
ST00974,18,Female,IT,100.0,90.9,74.3,72.9,4.0,2.61,8.0,Yes,No,Not At Risk
ST06445,23,Female,Computer Science,82.9,78.0,66.7,86.0,13.7,2.52,4.0,Yes,Yes,Not At Risk
ST04275,22,Male,Computer Science,90.8,78.2,36.1,52.5,2.0,2.66,4.0,Yes,No,Not At Risk
ST00616,18,Female,Data Science,92.2,67.7,47.8,68.9,15.2,2.64,4.0,Yes,No,Not At Risk
ST02922,24,Male,Software Engineering,83.6,41.4,59.7,54.3,10.6,4.0,5.0,,Yes,Not At Risk
ST00657,20,Female,Data Science,100.0,54.5,66.5,81.6,4.7,3.32,4.0,Yes,No,Not At Risk
ST02606,24,Male,Computer Science,75.5,59.5,77.5,42.7,3.2,2.85,5.0,Yes,No,Not At Risk
ST08309,22,Male,IT,75.2,69.3,84.7,61.8,10.0,4.0,6.0,Yes,No,Not At Risk
ST11441,23,Male,IT,100.0,69.8,77.8,82.6,6.7,1.08,2.0,Yes,Yes,Not At Risk
ST07533,19,Male,Data Science,91.0,73.8,84.3,81.5,4.6,2.13,2.0,Yes,Yes,Not At Risk
ST06952,19,Male,IT,85.6,59.6,51.3,50.1,4.8,1.7,4.0,,Yes,Not At Risk
ST02464,22,Female,Computer Science,87.6,100.0,78.3,77.7,6.9,4.0,9.0,No,Yes,Not At Risk
ST10693,18,Female,Software Engineering,87.3,96.1,82.2,53.1,6.9,2.93,9.0,Yes,No,Not At Risk
ST04619,22,Male,IT,78.6,89.2,76.8,69.0,1.4,1.97,6.0,Yes,Yes,At Risk
ST03899,21,Female,IT,96.0,68.6,69.2,58.3,13.8,3.34,6.0,Yes,No,At Risk
ST04595,18,Male,Data Science,66.5,62.3,90.9,51.1,10.4,2.5,8.0,Yes,No,Not At Risk
ST05650,21,Female,Computer Science,72.4,52.4,73.1,37.0,3.1,3.16,8.0,Yes,No,At Risk
ST11879,19,Male,Computer Science,64.4,59.6,65.8,58.9,2.0,3.33,6.0,Yes,Yes,Not At Risk
ST07344,20,Male,IT,81.4,71.2,73.5,72.8,4.0,1.39,4.0,Yes,No,Not At Risk
ST08866,20,Male,Data Science,96.3,62.8,75.0,7.6,2.1,3.29,5.0,Yes,No,Not At Risk
ST03889,23,Male,Computer Science,100.0,65.7,54.6,97.7,3.7,2.45,2.0,Yes,Yes,Not At Risk
ST06515,19,Male,Computer Science,100.0,78.0,70.3,84.4,2.7,2.17,3.0,Yes,Yes,Not At Risk
ST10541,18,Female,Software Engineering,80.6,88.7,62.9,65.8,3.6,2.65,6.0,Yes,No,Not At Risk
ST08465,24,Female,Software Engineering,93.1,87.3,78.6,94.6,7.0,2.12,5.0,Yes,No,Not At Risk
ST06889,23,Female,Computer Science,90.1,52.0,51.2,58.9,4.5,1.87,4.0,Yes,No,Not At Risk
ST00957,25,Female,IT,100.0,71.6,80.7,62.7,7.0,2.55,4.0,Yes,Yes,Not At Risk
ST03091,21,Male,Software Engineering,54.0,62.9,42.2,44.7,6.2,3.25,4.0,Yes,No,At Risk
ST04897,24,Male,Computer Science,88.5,58.2,70.4,66.5,7.1,1.96,4.0,Yes,Yes,Not At Risk
ST07719,24,Male,Computer Science,88.8,69.5,56.7,47.1,2.8,2.45,4.0,Yes,Yes,At Risk
ST04811,18,Female,Software Engineering,78.9,95.0,53.0,51.4,2.0,2.43,4.0,Yes,No,Not At Risk
ST05468,20,Male,Data Science,66.1,64.9,68.1,78.0,3.1,3.03,2.0,Yes,Yes,At Risk
ST07294,18,Male,Computer Science,74.1,78.0,71.6,70.8,11.7,3.39,4.0,Yes,No,Not At Risk
ST05214,25,Female,Computer Science,75.0,36.2,71.4,85.5,8.4,3.55,9.0,Yes,Yes,Not At Risk
ST11025,23,Female,Computer Science,70.1,95.9,70.4,50.2,2.4,2.88,6.0,Yes,No,Not At Risk
ST01613,18,Female,Data Science,90.4,61.2,59.6,,2.4,2.77,2.0,Yes,No,Not At Risk
ST10105,22,Female,Software Engineering,91.7,87.5,64.1,76.5,7.2,4.0,1.0,Yes,No,Not At Risk
ST03112,22,Male,Computer Science,100.0,68.4,42.7,71.6,7.9,3.22,6.0,Yes,No,Not At Risk
ST00784,25,Female,IT,87.7,86.8,88.2,42.5,4.1,2.75,5.0,Yes,No,Not At Risk
ST00597,20,Female,Data Science,71.7,58.5,58.7,60.1,13.3,2.67,6.0,Yes,No,At Risk
ST11053,18,Male,IT,72.8,46.9,62.8,26.1,10.6,3.88,6.0,Yes,No,At Risk
ST08561,21,Male,Computer Science,75.8,56.3,47.7,88.1,13.0,2.21,3.0,Yes,No,Not At Risk
ST01754,24,Male,IT,89.0,50.5,79.4,44.7,1.9,1.99,4.0,Yes,No,Not At Risk
ST01903,21,Female,IT,94.1,71.9,48.4,49.0,5.1,2.42,4.0,Yes,Yes,Not At Risk
ST02845,19,Male,Data Science,85.8,87.4,77.8,45.5,10.0,3.0,2.0,Yes,No,Not At Risk
ST00112,23,Male,IT,81.2,75.9,61.6,43.4,5.7,3.66,2.0,Yes,No,At Risk
ST00056,18,Male,Computer Science,79.7,14.9,64.4,61.8,2.1,4.0,1.0,Yes,No,At Risk
ST11017,25,Female,Software Engineering,98.9,70.0,27.2,46.5,5.5,1.72,7.0,Yes,No,Not At Risk
ST04460,19,Male,Computer Science,71.3,60.6,67.1,92.2,8.4,1.81,3.0,Yes,No,Not At Risk
ST10021,25,Male,IT,82.0,75.3,64.8,47.8,3.2,3.45,3.0,Yes,No,Not At Risk
ST03530,20,Male,Computer Science,77.4,64.8,56.3,68.6,2.3,3.37,5.0,Yes,No,Not At Risk
ST08818,21,Male,IT,86.7,56.5,74.7,57.6,5.8,3.03,1.0,Yes,No,Not At Risk
ST05499,19,Female,IT,96.2,54.2,83.5,81.1,5.9,3.65,3.0,No,Yes,Not At Risk
ST06412,24,Female,IT,74.0,88.5,42.3,70.5,6.0,2.67,7.0,Yes,Yes,Not At Risk
ST10697,23,Female,Software Engineering,72.0,69.0,100.0,59.3,4.2,2.82,1.0,No,No,Not At Risk
ST00023,25,Male,Computer Science,71.1,91.9,76.4,63.1,4.7,3.3,7.0,Yes,Yes,Not At Risk
ST11574,22,Male,Computer Science,100.0,74.1,70.1,75.8,8.9,2.16,3.0,Yes,No,Not At Risk
ST01301,25,Female,Data Science,79.6,68.0,69.2,69.0,17.0,2.04,7.0,Yes,No,Not At Risk
ST11080,20,Male,Data Science,100.0,32.4,73.3,9.7,2.2,4.0,6.0,No,No,Not At Risk
ST09949,23,Female,Computer Science,83.6,71.7,81.7,50.7,1.3,2.53,4.0,Yes,Yes,Not At Risk
ST01391,23,Male,Software Engineering,51.3,77.8,97.5,79.1,3.4,2.68,5.0,Yes,Yes,Not At Risk
ST09246,24,Female,IT,70.3,49.9,53.6,72.4,9.0,3.75,0.0,No,No,Not At Risk
ST00343,20,Male,IT,97.8,70.9,57.3,71.7,5.4,2.23,2.0,Yes,Yes,Not At Risk
ST02232,24,Male,IT,58.2,83.1,54.8,60.7,2.7,3.28,7.0,Yes,Yes,Not At Risk
ST10842,22,Female,IT,64.6,80.1,84.2,46.1,6.3,3.06,3.0,Yes,No,At Risk
ST07507,22,Male,Computer Science,90.1,66.1,56.1,60.8,6.4,2.26,3.0,Yes,No,Not At Risk
ST01717,19,Female,Computer Science,80.9,67.3,30.4,71.5,9.0,2.22,2.0,Yes,No,Not At Risk
ST10801,19,Male,Computer Science,93.3,51.9,59.5,73.1,6.5,2.52,,Yes,Yes,Not At Risk
ST05478,23,Female,Data Science,91.1,67.8,51.1,64.3,2.9,3.75,3.0,Yes,Yes,Not At Risk
ST02309,23,Male,Software Engineering,97.5,59.9,89.4,41.4,6.4,2.87,5.0,Yes,Yes,At Risk
ST07643,21,Female,Software Engineering,67.3,71.0,93.0,66.9,2.6,1.92,3.0,Yes,Yes,Not At Risk
ST00832,23,Male,Software Engineering,66.4,74.2,63.7,73.5,2.9,2.58,6.0,Yes,Yes,Not At Risk
ST00399,23,Female,Data Science,75.8,84.7,71.4,64.8,4.8,2.48,6.0,Yes,No,Not At Risk
ST01401,20,Male,Computer Science,85.4,53.6,54.5,86.2,8.0,3.47,6.0,Yes,Yes,Not At Risk
ST00002,20,Female,Data Science,93.8,66.2,57.9,58.7,7.8,3.24,2.0,Yes,Yes,Not At Risk
ST02555,19,Female,Data Science,78.3,49.3,64.6,55.5,6.3,3.91,4.0,Yes,No,Not At Risk
ST04690,18,Female,Software Engineering,94.8,57.1,80.8,46.4,3.3,2.1,2.0,Yes,Yes,Not At Risk
ST00407,19,Male,Data Science,57.3,77.9,69.3,90.7,7.3,3.39,5.0,Yes,No,At Risk
ST11582,23,Male,IT,92.7,32.3,81.9,64.4,4.8,2.91,3.0,Yes,Yes,Not At Risk
ST10962,19,Male,Data Science,82.8,97.3,78.4,48.0,25.0,3.3,8.0,Yes,No,Not At Risk
ST06594,23,Male,Computer Science,94.4,72.8,66.4,55.1,12.1,2.8,5.0,Yes,No,Not At Risk
ST09263,20,Male,Software Engineering,91.4,68.5,56.1,69.8,2.8,2.19,1.0,Yes,Yes,Not At Risk
ST08529,25,female,Computer Science,86.6,85.4,78.3,89.7,1.5,3.91,8.0,Yes,Yes,Not At Risk
ST09116,21,Female,Computer Science,59.1,55.0,51.2,78.8,4.4,2.2,4.0,Yes,No,Not At Risk
ST08849,25,Female,Data Science,96.5,61.2,71.8,50.5,9.7,3.19,1.0,Yes,Yes,Not At Risk
ST09199,23,Male,IT,81.5,63.2,59.2,45.6,1.2,2.75,6.0,Yes,No,Not At Risk
ST00904,21,Male,IT,73.9,67.1,67.2,77.2,5.0,2.74,4.0,Yes,No,Not At Risk
ST02613,19,Female,IT,76.7,72.4,65.7,48.9,8.0,4.0,2.0,Yes,Yes,At Risk
ST06155,20,Female,Software Engineering,85.9,79.1,89.3,60.8,3.5,2.15,3.0,Yes,Yes,Not At Risk
ST06344,25,Male,Computer Science,96.7,51.9,76.7,50.7,3.4,3.06,5.0,Yes,No,Not At Risk
ST02778,23,Male,IT,94.6,66.6,78.5,51.8,6.2,3.01,4.0,Yes,No,Not At Risk
ST07271,18,Male,Software Engineering,77.3,77.8,68.9,56.8,2.6,2.8,2.0,Yes,No,Not At Risk
ST10075,23,Male,IT,92.5,59.6,47.4,92.1,8.6,2.19,5.0,Yes,No,Not At Risk
ST09450,21,Female,Computer Science,77.5,69.2,68.6,73.5,11.8,3.36,2.0,Yes,No,Not At Risk
ST00283,22,Female,Computer Science,100.0,54.7,80.3,63.0,14.8,2.23,5.0,Yes,No,Not At Risk
ST06972,18,Male,Software Engineering,89.2,75.3,65.5,74.9,12.7,2.73,2.0,,No,Not At Risk
ST06991,20,Male,Software Engineering,77.1,75.7,73.2,82.5,4.4,2.49,4.0,Yes,No,Not At Risk
ST07441,25,Female,Software Engineering,91.0,71.6,98.0,62.2,6.1,2.74,5.0,No,No,Not At Risk
ST04178,22,Female,IT,95.2,69.4,96.8,81.6,2.2,2.84,8.0,Yes,No,At Risk
ST04705,25,Female,IT,73.5,82.4,78.0,74.2,4.2,3.9,3.0,Yes,Yes,Not At Risk
ST01770,25,Female,Computer Science,71.4,75.7,71.5,56.1,3.3,2.69,2.0,Yes,Yes,Not At Risk
ST02417,22,Male,IT,94.9,100.0,61.4,64.0,2.3,3.2,6.0,Yes,Yes,Not At Risk
ST04088,25,Male,IT,78.1,53.0,91.0,42.7,9.3,2.3,7.0,Yes,No,At Risk
ST10669,22,Female,Computer Science,81.0,53.6,60.5,64.4,8.2,2.09,2.0,Yes,No,Not At Risk
ST07971,21,Male,Computer Science,75.9,50.4,69.2,69.1,4.1,2.3,0.0,Yes,No,Not At Risk
ST04132,24,Female,Computer Science,74.5,86.7,66.1,93.8,5.3,2.66,3.0,Yes,Yes,Not At Risk
ST04271,24,Female,Computer Science,91.8,88.7,41.7,84.5,4.3,3.02,3.0,Yes,No,Not At Risk
ST03378,21,Female,IT,76.5,64.9,79.7,90.3,12.0,2.49,4.0,Yes,No,Not At Risk
ST05629,22,Male,IT,72.8,78.7,51.2,62.3,6.3,2.32,4.0,Yes,No,At Risk
ST01344,24,Female,Computer Science,87.3,60.0,53.0,91.8,5.1,1.42,2.0,Yes,No,Not At Risk
ST08116,19,Female,Software Engineering,74.1,57.5,61.9,64.1,10.1,3.16,3.0,Yes,No,Not At Risk
ST05385,22,Female,Data Science,76.8,61.6,74.2,47.6,3.6,2.65,2.0,Yes,No,At Risk
ST01645,24,Female,Software Engineering,67.2,63.3,54.0,68.7,2.0,3.69,8.0,Yes,No,At Risk
ST03786,25,Female,IT,76.1,52.3,68.0,65.6,4.7,2.8,5.0,Yes,No,At Risk
ST01145,24,Female,Computer Science,65.9,93.7,47.3,77.6,6.6,3.02,4.0,Yes,No,Not At Risk
ST09211,25,Male,Data Science,88.3,57.2,89.2,24.2,5.5,3.43,4.0,Yes,No,Not At Risk
ST06643,23,Male,Computer Science,76.9,28.6,31.5,63.6,8.4,4.0,4.0,Yes,Yes,Not At Risk
ST10530,21,Female,Computer Science,82.6,51.7,50.6,67.4,2.8,2.36,4.0,Yes,Yes,Not At Risk
ST07515,21,Male,Software Engineering,69.5,75.9,77.5,70.2,9.9,3.71,5.0,Yes,Yes,Not At Risk
ST03469,22,Male,Computer Science,67.5,78.4,63.8,72.5,4.2,2.59,4.0,Yes,Yes,Not At Risk
ST02834,20,Female,IT,77.7,69.6,57.1,74.7,13.0,2.45,4.0,Yes,Yes,Not At Risk
ST07169,24,Female,Data Science,74.3,47.6,39.6,95.1,10.8,2.77,5.0,Yes,Yes,At Risk
ST01575,25,Male,IT,73.5,84.0,64.9,60.1,2.8,2.2,2.0,Yes,Yes,Not At Risk
ST02004,25,Male,Data Science,85.3,59.0,71.1,62.5,2.4,3.01,3.0,Yes,No,Not At Risk
ST05831,21,Female,Computer Science,75.6,48.7,55.6,93.1,2.6,1.81,3.0,Yes,Yes,Not At Risk
ST04284,22,Male,IT,86.8,82.8,80.4,49.1,2.7,2.35,4.0,Yes,Yes,Not At Risk
ST06203,21,Male,Computer Science,88.6,27.5,54.1,88.5,5.4,3.37,3.0,Yes,No,Not At Risk
ST06857,21,Female,,74.9,78.6,88.7,65.9,3.6,1.4,6.0,Yes,Yes,Not At Risk
ST03665,18,Female,Computer Science,65.1,70.6,77.9,50.8,3.2,2.18,2.0,Yes,No,Not At Risk
ST01036,23,female,Software Engineering,83.6,57.6,47.6,64.3,8.5,2.79,4.0,Yes,No,Not At Risk
ST02797,22,Female,Computer Science,92.6,64.5,60.7,78.1,7.8,2.77,4.0,Yes,Yes,Not At Risk
ST08374,20,Male,Computer Science,81.5,90.0,55.7,56.2,5.9,4.0,4.0,Yes,No,Not At Risk
ST03147,20,Female,Computer Science,99.9,55.0,83.6,72.6,2.4,2.88,6.0,Yes,Yes,Not At Risk
ST09344,24,Male,Data Science,90.6,60.3,65.1,77.3,7.4,2.7,2.0,Yes,No,Not At Risk
ST08141,20,Female,IT,83.6,69.4,57.9,81.4,6.9,2.33,5.0,Yes,Yes,Not At Risk
ST01788,24,Female,Data Science,93.5,47.2,53.0,67.7,2.9,3.93,4.0,Yes,No,Not At Risk
ST03372,19,Female,Software Engineering,63.5,71.8,61.3,86.5,9.4,3.65,4.0,Yes,No,Not At Risk
ST07881,20,Male,Computer Science,68.0,100.0,57.3,75.1,4.3,3.17,6.0,No,No,Not At Risk
ST09642,19,Male,Data Science,100.0,45.3,38.1,67.8,9.9,3.19,8.0,Yes,No,Not At Risk
ST11607,24,Female,IT,67.2,53.4,62.8,,2.1,2.06,4.0,Yes,No,Not At Risk
ST10115,24,Female,Software Engineering,59.9,77.8,81.6,69.7,11.2,3.22,0.0,Yes,Yes,Not At Risk
ST04971,20,Male,IT,68.8,66.2,76.6,51.9,14.6,2.23,6.0,Yes,No,Not At Risk
ST05963,18,Male,Data Science,84.6,66.5,50.9,48.6,4.3,3.22,3.0,Yes,No,Not At Risk
ST01543,22,Male,IT,75.6,75.8,63.6,54.7,10.2,2.28,5.0,Yes,Yes,Not At Risk
ST03915,20,Male,IT,77.5,63.1,61.4,68.0,5.4,3.51,4.0,Yes,Yes,Not At Risk
ST02183,20,Female,IT,88.3,84.4,74.0,62.7,3.3,2.77,7.0,Yes,Yes,Not At Risk
ST09082,25,Female,Data Science,75.6,46.1,33.7,42.5,10.0,2.75,8.0,Yes,Yes,Not At Risk
ST05396,18,Female,Computer Science,85.4,93.2,82.3,50.2,5.8,2.66,4.0,Yes,Yes,Not At Risk
ST09771,18,Male,Computer Science,83.3,60.0,54.0,37.4,7.4,2.53,1.0,Yes,Yes,Not At Risk
ST10238,21,Male,Software Engineering,50.9,79.6,87.0,27.7,3.9,3.54,6.0,Yes,No,At Risk
ST11780,20,Male,Software Engineering,99.8,60.3,60.8,65.0,10.4,4.0,2.0,Yes,Yes,At Risk
ST04306,21,Female,IT,58.0,72.8,54.0,54.7,11.5,2.94,6.0,Yes,Yes,Not At Risk
ST08671,25,Female,Data Science,79.7,89.5,92.0,49.9,8.5,1.87,4.0,Yes,Yes,Not At Risk
ST09454,21,Male,,65.9,91.7,84.0,67.1,3.1,2.71,5.0,Yes,Yes,Not At Risk
ST06726,20,Male,Computer Science,61.2,84.6,77.5,73.7,2.0,3.37,2.0,Yes,No,At Risk
ST05295,22,Female,IT,69.7,44.2,56.2,40.3,4.3,2.45,2.0,Yes,No,Not At Risk
ST01936,22,Female,Computer Science,91.7,75.2,60.9,70.5,4.9,4.0,8.0,Yes,Yes,Not At Risk
ST08227,25,Male,Software Engineering,91.9,60.2,67.1,46.8,4.0,3.59,3.0,Yes,No,At Risk
ST04232,25,Female,Software Engineering,71.9,62.4,64.4,82.5,6.2,2.85,3.0,Yes,No,Not At Risk
ST06225,22,Female,Computer Science,83.5,74.5,77.6,,3.1,3.16,5.0,No,Yes,At Risk
ST00058,23,Male,Software Engineering,90.3,88.3,50.1,70.7,4.7,2.64,3.0,Yes,No,Not At Risk
ST10960,20,Female,Computer Science,83.2,63.3,55.1,94.3,6.1,1.79,5.0,Yes,No,Not At Risk
ST06998,23,Male,Data Science,70.2,59.2,53.2,38.4,3.8,3.02,4.0,Yes,No,Not At Risk
ST08462,24,Female,Software Engineering,91.9,88.1,74.2,44.8,15.3,2.9,2.0,Yes,No,Not At Risk
ST01547,25,Female,IT,92.4,84.3,72.1,53.1,2.7,2.39,7.0,Yes,No,At Risk
ST01800,18,Male,IT,98.6,51.6,75.8,52.0,7.8,2.13,3.0,Yes,No,At Risk
ST10662,19,Female,Data Science,71.2,93.5,82.7,42.3,1.7,3.56,6.0,Yes,Yes,Not At Risk
ST08415,19,Female,Software Engineering,78.4,64.9,47.2,68.6,4.0,2.78,3.0,Yes,Yes,Not At Risk
ST00582,23,Male,Software Engineering,88.5,81.7,39.9,35.1,8.8,3.71,3.0,Yes,No,Not At Risk
ST07185,24,Female,Software Engineering,79.7,70.3,67.6,69.2,9.1,3.67,2.0,Yes,No,Not At Risk
ST06119,21,Male,Computer Science,81.7,83.4,71.8,58.8,8.1,3.02,4.0,Yes,Yes,Not At Risk
ST08394,22,Female,IT,74.4,83.2,47.4,47.1,11.3,4.0,4.0,Yes,No,Not At Risk
ST00462,22,Male,Data Science,85.4,65.0,57.5,88.7,1.8,2.56,4.0,Yes,Yes,Not At Risk
ST06036,19,Male,Software Engineering,76.2,55.5,63.4,66.7,5.5,3.23,5.0,Yes,No,Not At Risk
ST07047,22,female,Computer Science,95.3,65.6,42.6,54.3,4.7,2.46,2.0,Yes,Yes,At Risk
ST04677,20,Female,Data Science,82.7,91.4,75.9,81.8,2.7,2.57,1.0,Yes,No,Not At Risk
ST07330,20,Female,IT,96.2,79.8,100.0,35.3,8.2,2.19,1.0,Yes,Yes,Not At Risk
ST00819,24,Male,IT,80.2,60.1,75.0,54.3,1.0,3.04,1.0,Yes,Yes,Not At Risk
ST01437,18,Female,IT,100.0,90.3,85.2,88.1,3.8,1.74,4.0,Yes,No,Not At Risk
ST01392,25,Male,Software Engineering,68.4,64.1,59.4,26.8,4.2,2.33,2.0,Yes,Yes,At Risk
ST02107,24,Male,IT,82.2,53.2,70.4,76.0,8.0,2.99,3.0,Yes,No,Not At Risk
ST10910,23,Male,Computer Science,72.1,87.4,73.6,60.5,13.8,4.0,7.0,Yes,No,Not At Risk
ST11872,18,Male,IT,71.6,71.0,84.7,87.9,3.0,3.22,6.0,Yes,Yes,Not At Risk
ST01667,25,Female,Computer Science,62.5,51.4,76.8,37.7,11.4,3.04,5.0,Yes,Yes,Not At Risk
ST01538,20,Female,Data Science,89.2,67.8,32.5,70.6,3.9,2.57,4.0,Yes,No,Not At Risk
ST11580,21,Female,Software Engineering,74.4,61.5,45.5,69.0,1.3,2.73,3.0,Yes,No,At Risk
ST02109,25,Female,Software Engineering,73.1,64.4,63.9,51.5,10.1,3.16,5.0,Yes,No,Not At Risk
ST05721,25,Female,Data Science,85.8,60.5,18.5,88.0,7.9,2.42,4.0,Yes,Yes,Not At Risk
ST00019,23,Female,Software Engineering,89.2,79.6,52.0,65.3,3.8,2.51,4.0,,No,Not At Risk
ST11227,22,Female,Data Science,81.9,87.3,60.3,56.0,5.8,2.48,5.0,Yes,No,Not At Risk
ST08914,25,Male,Software Engineering,90.1,47.0,57.6,53.9,4.9,2.93,4.0,Yes,No,Not At Risk
ST07581,20,Male,Computer Science,77.4,100.0,96.0,56.7,9.5,3.17,3.0,Yes,No,Not At Risk
ST10358,20,Female,IT,82.4,15.6,71.8,51.3,5.2,2.07,,No,No,At Risk
ST06612,25,Male,IT,85.2,59.6,53.3,78.6,6.7,3.39,2.0,Yes,Yes,Not At Risk
ST06318,24,Female,Computer Science,72.7,84.6,60.2,57.4,3.3,3.08,6.0,Yes,Yes,Not At Risk
ST11959,23,Male,Software Engineering,89.4,62.7,83.5,57.3,6.8,2.72,3.0,Yes,No,Not At Risk
ST10173,21,Female,Computer Science,96.8,67.3,74.2,49.8,1.1,2.8,4.0,Yes,Yes,Not At Risk
ST07671,21,Female,Computer Science,67.2,59.0,63.3,48.0,7.2,3.07,4.0,Yes,No,Not At Risk
ST07426,19,Female,Software Engineering,99.8,61.9,54.4,64.3,9.8,2.89,4.0,Yes,No,Not At Risk
ST08659,25,Male,Computer Science,100.0,48.2,36.2,80.6,1.1,2.02,3.0,Yes,No,At Risk
ST10586,18,Male,Computer Science,63.2,60.3,74.7,75.5,3.0,2.89,3.0,Yes,Yes,At Risk
ST05350,23,Female,Software Engineering,68.5,72.6,42.4,43.9,2.7,1.64,3.0,Yes,No,Not At Risk
ST11142,20,Male,Data Science,84.6,55.6,71.7,86.9,7.3,3.61,3.0,Yes,No,Not At Risk
ST06003,25,Male,Computer Science,79.4,84.1,38.2,64.7,3.7,3.86,5.0,Yes,Yes,Not At Risk
ST08864,18,Male,Computer Science,93.0,84.2,51.6,40.8,3.1,3.8,0.0,Yes,Yes,Not At Risk
ST09828,21,Male,Data Science,100.0,56.7,96.6,76.8,3.6,2.88,1.0,Yes,Yes,Not At Risk
ST06327,23,Male,Computer Science,85.2,75.0,74.5,42.6,5.2,3.01,5.0,Yes,No,Not At Risk
ST04994,24,Female,IT,60.5,70.1,59.2,88.4,6.1,2.49,3.0,Yes,No,At Risk
ST04917,18,female,IT,77.3,56.2,79.9,71.2,6.6,3.62,2.0,Yes,Yes,At Risk
ST05657,25,Male,Computer Science,65.0,100.0,61.9,77.8,8.4,3.89,9.0,Yes,No,Not At Risk
ST05954,18,Male,IT,77.7,55.7,66.7,55.4,7.0,2.11,2.0,Yes,Yes,Not At Risk
ST06878,23,Female,Software Engineering,94.1,74.4,49.3,66.8,6.5,3.75,,Yes,No,Not At Risk
ST04463,21,Male,IT,73.4,71.4,100.0,48.1,5.6,2.91,2.0,Yes,Yes,Not At Risk
ST08140,23,Female,Data Science,90.2,58.0,65.8,68.2,10.0,2.81,3.0,Yes,No,Not At Risk
ST03720,23,Male,IT,82.3,66.0,43.5,74.9,4.0,2.91,2.0,Yes,No,Not At Risk
ST00476,24,Female,Software Engineering,97.6,54.5,78.9,56.0,1.0,2.48,6.0,Yes,Yes,Not At Risk
ST01862,21,Male,Data Science,79.4,76.2,58.1,54.6,7.6,2.38,4.0,Yes,Yes,Not At Risk
ST02958,20,Female,Data Science,60.2,70.7,59.4,46.4,1.4,2.63,5.0,Yes,Yes,Not At Risk
ST00138,24,Female,Computer Science,72.7,68.6,54.5,81.9,1.8,2.62,3.0,Yes,No,Not At Risk
ST03507,25,Female,Computer Science,85.1,50.0,45.5,87.3,13.1,2.98,4.0,Yes,No,At Risk
ST09014,22,Female,,83.2,40.9,69.5,69.5,1.5,2.89,3.0,Yes,No,Not At Risk
ST09780,25,Female,IT,97.2,61.0,49.3,55.8,5.2,3.07,5.0,Yes,No,Not At Risk
ST00105,21,Female,Software Engineering,60.7,93.5,55.8,64.9,6.6,3.55,5.0,Yes,No,Not At Risk
ST04508,22,Female,IT,100.0,42.3,59.9,59.9,9.4,2.57,2.0,Yes,Yes,Not At Risk
ST03777,19,Male,Software Engineering,87.0,72.0,69.7,46.2,5.1,2.32,3.0,No,Yes,Not At Risk
ST05021,19,Male,Software Engineering,88.7,71.0,71.6,58.9,8.8,3.07,2.0,Yes,Yes,Not At Risk
ST11514,24,female,Computer Science,100.0,74.8,30.4,72.7,1.0,2.56,5.0,Yes,Yes,Not At Risk
ST03025,22,Female,Computer Science,72.2,75.5,36.3,26.3,2.9,2.06,6.0,Yes,Yes,Not At Risk
ST02824,19,Male,Data Science,100.0,60.2,60.3,50.8,10.0,2.71,1.0,Yes,No,Not At Risk
ST01420,20,Male,Computer Science,73.8,63.7,48.9,22.2,6.0,3.08,0.0,Yes,Yes,At Risk
ST10462,24,Female,Data Science,79.4,74.3,77.1,40.8,1.9,3.57,3.0,Yes,Yes,At Risk
ST04019,19,Female,IT,82.6,84.7,69.5,55.8,7.5,2.7,5.0,No,No,Not At Risk
ST10176,18,Female,Computer Science,81.8,67.1,60.2,73.0,5.0,2.93,0.0,Yes,No,Not At Risk
ST11657,20,Male,IT,89.2,76.6,62.3,58.7,2.0,3.55,5.0,Yes,Yes,Not At Risk
ST02686,22,Female,Software Engineering,78.7,84.5,65.9,66.7,6.2,1.82,11.0,No,Yes,Not At Risk
ST03761,19,Female,Software Engineering,68.8,93.7,74.6,91.5,4.5,2.97,3.0,Yes,No,Not At Risk
ST07416,24,Male,Software Engineering,75.3,67.8,40.0,71.8,3.8,3.76,4.0,Yes,No,Not At Risk
ST04299,20,Female,Software Engineering,82.0,62.7,70.1,47.7,8.7,4.0,5.0,Yes,Yes,Not At Risk
ST01426,19,Male,Computer Science,96.0,82.4,71.8,69.5,5.4,1.99,6.0,Yes,No,Not At Risk
ST10124,22,Female,Computer Science,86.6,61.2,44.6,44.4,5.4,2.36,3.0,Yes,No,Not At Risk
ST00227,23,Female,Data Science,59.8,68.0,41.3,71.0,5.2,2.54,5.0,Yes,Yes,Not At Risk
ST06032,19,Female,Computer Science,78.9,58.0,78.2,68.8,10.6,3.5,,Yes,Yes,Not At Risk
ST02059,21,Male,Data Science,76.1,74.8,68.8,44.8,3.1,3.83,4.0,Yes,Yes,Not At Risk
ST11947,23,Female,Data Science,94.0,89.9,100.0,75.0,3.4,1.51,2.0,Yes,No,Not At Risk
ST08335,18,Female,Computer Science,80.2,73.0,56.2,85.4,3.0,2.07,8.0,Yes,Yes,Not At Risk
ST05610,24,Female,Software Engineering,63.4,69.6,90.3,80.5,5.9,2.21,4.0,Yes,No,At Risk
ST05570,23,Male,Software Engineering,76.2,49.4,59.4,59.1,7.3,2.79,7.0,Yes,No,Not At Risk
ST04825,18,Male,IT,59.9,86.0,78.8,75.1,2.1,2.67,3.0,No,No,Not At Risk
ST01970,20,Male,IT,84.1,92.8,43.6,73.2,4.5,2.93,2.0,Yes,Yes,Not At Risk
ST10630,23,Male,IT,100.0,100.0,61.4,67.3,11.0,2.47,2.0,Yes,No,Not At Risk
ST03750,25,Female,Data Science,79.4,73.5,66.0,59.4,4.1,2.77,6.0,Yes,Yes,At Risk
ST11043,20,Male,Data Science,83.7,54.7,82.9,66.8,2.8,2.91,7.0,No,No,Not At Risk
ST08871,20,Male,Software Engineering,99.1,57.6,60.8,70.0,2.4,3.19,4.0,Yes,No,Not At Risk
ST10803,22,Female,Computer Science,82.2,68.6,59.6,64.0,5.7,2.99,5.0,Yes,Yes,Not At Risk
ST08078,20,Female,IT,82.2,92.9,76.1,72.8,15.0,2.29,4.0,Yes,Yes,Not At Risk
ST01661,20,Female,IT,88.5,86.5,65.4,32.8,5.9,3.07,3.0,Yes,No,Not At Risk
ST03684,22,Female,Computer Science,86.5,47.4,50.5,100.0,6.8,2.8,4.0,,No,Not At Risk
ST00237,23,Male,Computer Science,96.4,72.9,88.7,46.8,8.0,2.51,1.0,Yes,Yes,Not At Risk
ST04366,19,Female,IT,99.3,40.1,75.4,69.1,11.8,3.61,5.0,Yes,Yes,Not At Risk
ST08049,18,Male,Computer Science,88.5,54.6,61.9,63.3,8.8,2.86,4.0,No,Yes,Not At Risk
ST01992,24,Female,Software Engineering,62.0,45.9,100.0,57.4,12.4,1.68,2.0,Yes,Yes,At Risk
ST01817,24,Female,Data Science,94.3,52.1,52.5,58.2,5.2,2.67,0.0,Yes,No,Not At Risk
ST00602,25,Female,IT,93.2,89.5,77.5,74.7,9.7,4.0,4.0,Yes,No,Not At Risk
ST05698,22,Male,Data Science,64.6,48.8,28.4,87.2,2.3,2.64,,Yes,Yes,Not At Risk
ST11832,24,Male,Data Science,62.7,58.3,87.1,50.3,7.1,2.75,4.0,Yes,Yes,Not At Risk
ST04736,19,Female,IT,74.3,100.0,39.7,87.3,3.6,2.66,7.0,Yes,No,Not At Risk
ST10357,21,Male,IT,80.4,73.4,85.2,50.7,11.7,1.69,2.0,Yes,Yes,At Risk
ST05719,19,Female,Software Engineering,90.9,89.4,79.7,71.1,1.5,2.51,1.0,Yes,Yes,Not At Risk
ST08951,19,Female,Computer Science,55.3,61.4,29.9,28.8,20.4,2.26,4.0,Yes,Yes,Not At Risk
ST00464,21,Female,Software Engineering,78.6,81.0,62.3,48.5,4.2,1.97,1.0,Yes,Yes,Not At Risk
ST03856,24,Male,Software Engineering,75.0,60.1,74.8,51.1,7.3,2.38,2.0,No,No,Not At Risk
ST01901,24,Male,IT,81.8,67.4,47.8,64.9,9.1,2.53,4.0,Yes,Yes,Not At Risk
ST00646,22,Female,Computer Science,58.2,48.5,69.2,86.5,7.6,3.99,5.0,Yes,No,At Risk
ST08748,21,Female,IT,100.0,84.2,93.7,56.7,9.8,3.18,2.0,Yes,Yes,Not At Risk
ST03366,24,Male,Computer Science,81.8,59.9,83.6,52.2,9.2,3.61,5.0,Yes,No,Not At Risk
ST08126,21,Male,Software Engineering,74.2,56.4,82.8,94.7,12.5,3.7,6.0,Yes,Yes,Not At Risk
ST02188,23,Male,Computer Science,71.0,48.4,61.0,48.9,5.1,2.27,3.0,Yes,Yes,Not At Risk
ST07164,18,Female,Software Engineering,100.0,89.6,75.2,71.5,3.0,2.47,3.0,Yes,Yes,Not At Risk
ST07817,19,Male,IT,64.8,56.6,91.1,29.7,8.6,2.73,7.0,Yes,No,At Risk
ST08947,19,Male,Computer Science,88.7,73.7,65.7,31.7,3.9,2.32,8.0,Yes,No,Not At Risk
ST05831,21,female,Computer Science,75.6,48.7,55.6,93.1,2.6,1.81,3.0,Yes,Yes,Not At Risk
ST07422,21,Female,Computer Science,50.1,30.2,88.7,32.6,8.7,2.63,3.0,Yes,Yes,Not At Risk
ST03679,20,Male,Software Engineering,95.8,69.4,79.3,36.1,16.1,2.67,2.0,Yes,No,Not At Risk
ST11678,22,Female,Data Science,67.6,56.3,46.3,76.6,2.9,3.02,1.0,Yes,No,Not At Risk
ST06917,24,Male,Computer Science,87.7,59.1,60.4,79.7,7.7,2.97,4.0,Yes,No,Not At Risk
ST08459,21,Male,Data Science,94.9,45.7,75.8,38.0,3.1,3.6,2.0,No,Yes,Not At Risk
ST00494,18,Male,Data Science,92.8,40.1,68.3,69.4,4.0,2.23,3.0,Yes,No,Not At Risk
ST11058,21,Male,Software Engineering,81.1,71.2,46.4,63.4,5.0,2.22,2.0,Yes,Yes,Not At Risk
ST09432,24,Male,Software Engineering,82.4,77.1,72.6,85.8,6.8,2.79,1.0,Yes,Yes,Not At Risk
ST09010,20,Male,Computer Science,77.6,66.8,56.0,54.7,4.6,2.3,2.0,Yes,Yes,Not At Risk
ST06521,20,Female,Data Science,62.2,67.0,50.2,57.8,8.2,3.62,3.0,Yes,No,Not At Risk
ST11667,22,Male,Software Engineering,71.0,47.6,58.9,68.0,11.3,3.31,7.0,Yes,Yes,Not At Risk
ST09790,19,Female,IT,66.9,70.4,62.7,78.7,2.0,2.55,6.0,Yes,No,Not At Risk
ST01358,21,Male,IT,80.4,72.4,72.8,53.8,3.2,3.6,4.0,Yes,No,Not At Risk
ST04336,20,Female,Computer Science,77.2,46.4,100.0,45.7,5.0,2.52,4.0,Yes,No,At Risk
ST10768,18,Female,Data Science,100.0,62.1,46.2,90.0,5.7,3.28,2.0,No,Yes,Not At Risk
ST09410,24,Male,Software Engineering,78.9,88.6,37.0,70.8,10.1,2.35,6.0,Yes,Yes,Not At Risk
ST07698,19,Male,IT,74.4,71.3,53.8,61.3,2.2,3.39,4.0,Yes,Yes,Not At Risk
ST02998,20,Male,Computer Science,80.2,83.9,65.6,58.3,7.2,1.52,8.0,Yes,Yes,Not At Risk
ST06873,18,Female,IT,85.1,59.3,72.7,53.1,7.7,3.2,1.0,Yes,Yes,Not At Risk
ST03184,24,Male,Data Science,97.8,58.7,56.2,62.8,4.3,2.23,6.0,Yes,No,Not At Risk
ST01604,21,Male,Software Engineering,85.6,45.5,88.9,70.3,3.4,2.81,7.0,Yes,No,At Risk
ST08488,18,Female,Software Engineering,85.1,36.4,82.8,61.9,11.1,2.18,3.0,Yes,No,At Risk
ST10382,20,Male,Software Engineering,98.0,90.9,69.4,66.3,2.9,1.72,8.0,Yes,No,Not At Risk
ST08825,21,Male,Data Science,49.4,61.6,75.6,43.3,2.3,1.95,5.0,Yes,Yes,At Risk
ST04588,21,Male,IT,78.0,68.4,69.1,50.6,9.0,3.55,3.0,Yes,No,At Risk
ST09316,24,Male,IT,84.0,39.9,55.5,47.6,16.5,3.78,9.0,Yes,No,Not At Risk
ST10851,25,Female,Software Engineering,70.8,88.9,83.8,73.0,2.7,2.39,6.0,Yes,Yes,Not At Risk
ST10685,23,Female,Computer Science,74.1,71.1,59.6,64.3,8.3,2.85,7.0,Yes,No,Not At Risk
ST06037,25,Male,IT,86.0,66.3,65.0,55.5,5.3,4.0,4.0,Yes,Yes,Not At Risk
ST08337,19,Male,Software Engineering,90.3,51.0,33.5,49.6,3.9,3.87,5.0,Yes,No,Not At Risk
ST11293,25,Female,Software Engineering,85.0,75.7,70.0,66.1,12.1,3.45,1.0,Yes,Yes,Not At Risk
ST01952,22,Male,IT,75.7,82.4,66.7,53.3,5.2,2.0,3.0,Yes,Yes,Not At Risk
ST03764,19,Male,IT,96.7,93.2,62.7,51.1,1.2,3.13,2.0,Yes,No,Not At Risk
ST07785,25,Female,Computer Science,100.0,86.1,67.4,86.2,6.3,3.18,4.0,Yes,No,Not At Risk
ST08807,22,Male,Computer Science,70.8,69.3,77.2,69.5,3.4,2.86,3.0,No,Yes,Not At Risk
ST05484,23,Male,Computer Science,80.4,60.1,65.2,79.3,2.5,2.88,2.0,Yes,Yes,Not At Risk
ST01422,20,Female,Software Engineering,94.1,73.8,66.6,85.4,6.0,3.33,4.0,Yes,No,Not At Risk
ST01932,18,Female,Computer Science,67.8,53.6,65.2,59.5,1.8,2.59,4.0,,Yes,At Risk
ST01568,22,Male,IT,73.9,77.1,88.4,51.9,8.4,3.48,4.0,Yes,No,At Risk
ST00723,19,Female,Software Engineering,76.9,97.6,25.3,55.5,3.3,2.29,8.0,Yes,No,Not At Risk
ST01885,22,Male,Computer Science,100.0,73.2,74.3,91.7,2.3,3.27,3.0,Yes,No,Not At Risk
ST09666,25,Male,Computer Science,79.0,68.3,48.8,98.2,7.6,2.63,5.0,Yes,No,Not At Risk
ST10287,23,Male,Data Science,75.7,92.9,51.6,58.7,3.0,2.21,2.0,Yes,Yes,Not At Risk
ST09030,22,Male,Software Engineering,84.5,65.1,83.9,73.6,1.0,3.69,3.0,Yes,No,Not At Risk
ST03305,18,Female,IT,80.8,78.1,67.3,59.4,3.4,3.83,3.0,Yes,Yes,Not At Risk
ST03519,19,Male,IT,62.8,64.1,96.9,100.0,3.7,4.0,4.0,Yes,Yes,Not At Risk
ST06089,24,Female,Software Engineering,98.3,73.7,62.1,77.3,4.9,3.33,4.0,Yes,Yes,Not At Risk
ST03745,22,Male,IT,83.7,57.9,60.9,49.7,6.7,3.02,4.0,Yes,No,Not At Risk
ST06082,18,Female,,71.1,49.2,56.5,94.0,9.4,2.62,4.0,Yes,No,Not At Risk
ST01375,24,Female,IT,100.0,82.2,60.0,67.3,5.8,4.0,5.0,No,No,Not At Risk
ST03018,22,Male,Computer Science,72.3,58.4,40.2,71.8,5.1,3.12,4.0,Yes,No,Not At Risk
ST00650,24,Male,Computer Science,72.2,85.1,78.1,71.2,7.8,2.89,4.0,Yes,No,At Risk
ST07421,18,Male,Computer Science,69.1,60.1,83.1,38.4,1.9,2.83,5.0,Yes,No,Not At Risk
ST11515,25,Male,Computer Science,88.2,83.5,100.0,69.8,3.3,2.46,5.0,Yes,No,Not At Risk
ST00656,22,Female,Computer Science,81.4,37.1,61.7,78.5,7.6,3.22,4.0,Yes,No,Not At Risk
ST05976,19,Male,IT,87.9,86.6,41.6,59.5,8.1,1.7,6.0,Yes,Yes,Not At Risk
ST09142,23,Female,Software Engineering,55.1,47.6,81.0,78.9,10.7,3.61,3.0,Yes,No,Not At Risk
ST04444,18,Male,Software Engineering,77.3,77.0,60.7,56.6,2.9,2.83,5.0,Yes,No,At Risk
ST10633,25,Female,Data Science,100.0,67.4,65.6,49.3,11.9,2.27,1.0,Yes,Yes,Not At Risk
ST06615,20,Female,IT,69.7,76.6,55.8,90.7,4.8,3.33,1.0,Yes,Yes,Not At Risk
ST02196,24,Male,IT,98.0,59.3,54.9,57.7,10.0,3.37,4.0,Yes,No,Not At Risk
ST07411,24,Female,Computer Science,97.0,78.8,76.7,46.8,6.0,3.87,6.0,Yes,No,Not At Risk
ST01347,21,Female,Data Science,83.1,74.1,48.8,65.9,10.8,2.67,8.0,Yes,No,Not At Risk
ST06482,24,Female,IT,71.7,89.5,90.7,48.7,10.2,3.13,5.0,Yes,No,Not At Risk
ST05474,21,Male,Computer Science,100.0,44.3,40.0,87.9,4.4,1.75,4.0,No,No,At Risk
ST03189,20,Female,Computer Science,87.7,77.4,63.9,60.4,3.8,3.58,2.0,Yes,Yes,Not At Risk
ST04500,25,Female,Software Engineering,73.6,87.6,76.9,67.5,2.1,3.3,4.0,Yes,No,Not At Risk
ST09038,20,Male,Computer Science,85.1,64.5,70.2,68.7,4.7,2.68,2.0,Yes,Yes,Not At Risk
ST10464,19,Female,IT,81.3,99.3,49.2,45.8,5.9,3.5,4.0,Yes,No,At Risk
ST07835,22,Male,Computer Science,90.7,74.1,78.5,56.8,4.4,2.69,3.0,Yes,Yes,Not At Risk
ST05715,22,Female,Software Engineering,83.9,41.3,73.7,61.1,5.1,2.12,3.0,Yes,Yes,Not At Risk
ST11328,23,Male,IT,78.4,100.0,36.5,70.6,2.6,3.44,3.0,Yes,No,Not At Risk
ST05133,21,Female,IT,66.5,78.8,57.0,71.9,8.8,2.52,5.0,Yes,No,Not At Risk
ST01297,18,Female,Software Engineering,90.8,78.0,60.3,44.2,10.2,2.43,,Yes,No,Not At Risk
ST00221,19,Female,Computer Science,82.7,93.2,85.2,40.7,6.7,1.88,7.0,Yes,No,Not At Risk
ST06776,22,Male,Computer Science,78.1,83.7,76.0,74.3,8.1,3.0,1.0,Yes,No,Not At Risk
ST11414,20,Female,Software Engineering,86.7,82.5,87.0,80.6,3.6,1.63,2.0,Yes,No,Not At Risk
ST05846,25,Male,Software Engineering,83.0,59.6,86.1,52.3,8.3,2.34,1.0,Yes,No,Not At Risk
ST09973,23,Female,Computer Science,64.3,57.2,45.3,54.6,1.7,3.86,,Yes,Yes,Not At Risk
ST08765,21,Male,Software Engineering,99.0,67.8,54.0,91.7,9.9,3.73,2.0,Yes,No,Not At Risk
ST08406,19,Female,Software Engineering,88.0,73.9,55.3,44.6,8.3,3.78,2.0,Yes,Yes,Not At Risk
ST10233,21,Male,Computer Science,69.0,76.1,68.2,79.1,8.7,2.98,2.0,Yes,No,Not At Risk
ST07470,23,Female,Data Science,75.6,52.8,57.2,73.9,16.1,3.07,2.0,Yes,No,At Risk
ST11312,25,Male,IT,64.2,61.5,43.3,69.3,3.6,2.84,0.0,Yes,Yes,At Risk
ST02281,22,Male,Computer Science,66.5,75.8,65.4,73.3,1.9,3.04,4.0,Yes,No,Not At Risk
ST03677,18,Female,Computer Science,89.2,58.3,66.8,93.1,1.2,2.91,9.0,No,No,Not At Risk
ST06213,21,Male,Data Science,95.6,71.4,59.2,71.9,6.2,3.0,1.0,Yes,No,Not At Risk
ST09433,24,Female,Software Engineering,86.9,44.1,54.3,44.1,12.7,3.78,1.0,Yes,No,Not At Risk
ST01425,18,Female,Software Engineering,67.5,61.7,68.8,63.8,10.9,1.51,3.0,Yes,Yes,At Risk
ST08153,22,Male,Data Science,92.8,73.3,58.7,82.0,4.8,2.15,7.0,No,No,Not At Risk
ST04433,19,Female,Software Engineering,74.0,75.0,67.8,64.5,4.5,2.99,1.0,Yes,No,Not At Risk
ST03466,18,Female,Computer Science,82.3,63.1,58.6,59.9,5.5,3.44,5.0,Yes,No,Not At Risk
ST06914,19,Female,Computer Science,71.9,88.0,32.6,99.6,3.5,3.3,3.0,Yes,Yes,Not At Risk
ST01587,20,Female,Computer Science,73.5,58.0,59.0,26.3,1.7,1.84,5.0,Yes,Yes,Not At Risk
ST07186,20,Female,IT,76.1,59.2,44.3,85.4,3.1,2.06,5.0,Yes,No,Not At Risk
ST07199,25,Male,IT,61.6,71.3,41.3,66.0,6.4,4.0,3.0,Yes,Yes,Not At Risk
ST06819,24,female,Software Engineering,100.0,73.3,59.9,76.1,24.1,2.39,10.0,Yes,Yes,Not At Risk
ST10844,20,Female,Data Science,76.8,71.9,57.6,46.9,5.9,2.0,0.0,Yes,No,Not At Risk
ST10408,25,Male,Software Engineering,87.3,79.7,89.0,70.4,9.8,3.41,2.0,Yes,Yes,Not At Risk
ST08567,18,Male,Data Science,78.1,63.3,51.7,55.1,7.8,3.43,1.0,Yes,No,Not At Risk
ST02106,22,Female,Software Engineering,66.1,86.7,58.4,71.1,4.2,3.38,7.0,Yes,Yes,Not At Risk
ST07668,22,Male,IT,95.7,51.3,62.0,48.6,1.5,3.38,0.0,Yes,No,Not At Risk
ST10605,24,Female,Computer Science,79.8,44.8,73.6,77.5,6.3,4.0,4.0,Yes,No,Not At Risk
ST01060,18,Female,Computer Science,81.2,47.8,62.0,72.7,8.0,3.31,10.0,Yes,Yes,Not At Risk
ST02361,23,Female,Computer Science,47.6,49.3,90.5,53.1,5.9,2.25,4.0,Yes,Yes,At Risk
ST00689,24,Male,Data Science,50.7,35.0,38.4,62.4,3.1,2.25,4.0,Yes,No,At Risk
ST06421,25,Male,Software Engineering,100.0,60.9,87.0,58.4,7.6,2.31,4.0,Yes,No,Not At Risk
ST07615,25,Male,Software Engineering,76.5,54.9,55.1,60.8,7.2,2.99,2.0,Yes,No,Not At Risk
ST03208,19,Female,IT,74.8,59.6,80.9,54.7,4.9,1.77,4.0,Yes,Yes,At Risk
ST08019,20,Male,Computer Science,78.4,100.0,85.3,72.9,4.0,4.0,2.0,Yes,No,Not At Risk
ST10916,18,Male,Software Engineering,84.5,64.4,51.1,49.2,0.7,3.61,0.0,Yes,Yes,Not At Risk
ST00617,20,Female,Computer Science,73.5,34.5,50.3,54.5,3.3,3.61,3.0,Yes,No,At Risk
ST01675,19,Female,Software Engineering,67.6,71.4,71.1,64.1,2.8,2.38,3.0,Yes,No,Not At Risk
ST07987,18,Female,Software Engineering,89.6,73.9,62.2,50.8,9.9,2.65,4.0,Yes,Yes,Not At Risk
ST06330,19,Female,IT,87.9,75.1,61.7,55.3,1.1,2.71,2.0,Yes,Yes,Not At Risk
ST09799,22,Male,Software Engineering,100.0,50.2,71.1,38.6,2.1,3.72,5.0,Yes,No,At Risk
ST05807,23,Male,Computer Science,78.6,68.2,79.2,43.3,13.4,3.4,4.0,No,No,Not At Risk
ST07743,20,Female,Computer Science,80.4,97.8,59.2,88.8,11.1,3.47,3.0,Yes,Yes,Not At Risk
ST07771,23,Female,IT,75.4,82.3,64.3,63.9,3.1,3.31,4.0,Yes,No,Not At Risk
ST07013,21,Female,Computer Science,87.6,43.5,52.4,60.9,7.5,1.99,0.0,Yes,Yes,Not At Risk
ST00260,19,Male,Software Engineering,99.5,60.0,62.6,63.4,9.3,2.99,2.0,Yes,Yes,Not At Risk
ST03383,22,Male,Computer Science,87.8,78.5,76.9,70.9,3.2,4.0,2.0,Yes,No,Not At Risk
ST03638,23,Male,Data Science,62.7,61.5,82.8,20.9,3.2,2.48,3.0,Yes,Yes,Not At Risk
ST07573,20,Female,Data Science,63.5,55.0,38.4,45.8,7.2,3.85,3.0,Yes,No,Not At Risk
ST10147,24,Female,Software Engineering,88.6,60.6,67.1,81.2,3.7,1.83,2.0,Yes,No,Not At Risk
ST01814,22,Female,IT,72.8,56.3,100.0,52.4,19.1,2.83,3.0,Yes,No,Not At Risk
ST10129,22,Male,Data Science,69.2,83.1,56.9,88.3,5.8,4.0,3.0,Yes,Yes,Not At Risk
ST02714,19,Male,Computer Science,86.9,53.7,51.0,77.7,2.8,1.7,3.0,Yes,Yes,Not At Risk
ST10820,25,Female,Data Science,100.0,55.8,42.6,73.4,12.2,3.39,2.0,Yes,No,Not At Risk
ST11594,21,Male,Computer Science,88.3,68.5,73.4,56.7,1.9,3.02,3.0,Yes,Yes,Not At Risk
ST06948,22,Male,Computer Science,90.6,76.2,65.0,57.0,14.2,4.0,6.0,,Yes,Not At Risk
ST09862,23,Female,Software Engineering,55.8,59.8,71.9,71.5,3.7,2.5,4.0,Yes,No,At Risk
ST09860,23,Male,Data Science,96.1,59.5,91.6,57.7,24.9,2.52,3.0,Yes,Yes,Not At Risk
ST07318,23,Male,IT,80.3,66.4,51.3,59.3,5.2,3.18,0.0,Yes,Yes,Not At Risk
ST06786,22,Female,IT,81.3,95.3,55.9,57.2,2.0,2.55,5.0,Yes,No,Not At Risk
ST01270,19,Female,Data Science,94.4,64.0,74.2,81.2,12.1,3.51,3.0,Yes,Yes,Not At Risk
ST03061,19,Male,Data Science,85.8,88.5,51.7,47.1,8.8,2.7,3.0,Yes,No,Not At Risk
ST03047,19,Female,Computer Science,85.8,53.3,88.0,75.0,7.3,3.28,10.0,Yes,No,Not At Risk
ST00156,20,Male,Data Science,87.6,79.4,85.3,68.6,7.3,3.83,2.0,Yes,No,Not At Risk
ST05842,18,Female,IT,71.6,67.4,96.1,66.7,2.1,3.78,2.0,Yes,Yes,Not At Risk
ST06955,23,Female,Computer Science,83.1,56.5,65.8,65.7,2.7,2.85,2.0,Yes,No,At Risk
ST08581,22,Female,Computer Science,94.1,66.9,50.5,69.1,3.2,2.58,5.0,Yes,Yes,Not At Risk
ST01922,18,Male,Software Engineering,67.5,81.0,66.1,56.2,3.0,3.06,3.0,Yes,Yes,Not At Risk
ST06240,22,Male,IT,80.2,70.8,75.1,43.3,7.9,2.34,3.0,No,Yes,At Risk
ST06805,23,Male,Software Engineering,75.3,55.7,65.4,67.5,1.8,3.04,7.0,,Yes,Not At Risk
ST07419,25,Male,IT,94.5,52.9,71.3,68.9,5.1,2.32,5.0,Yes,No,Not At Risk
ST07201,19,Male,IT,93.9,55.7,91.5,82.8,2.2,2.06,2.0,Yes,No,Not At Risk
ST11061,19,Female,IT,75.8,65.2,41.6,50.8,5.4,3.25,4.0,,No,Not At Risk
ST10888,25,Male,IT,85.3,60.3,49.5,,3.8,2.92,6.0,Yes,No,Not At Risk
ST01937,24,Female,Software Engineering,88.9,81.4,62.0,64.9,9.7,3.64,5.0,Yes,Yes,Not At Risk
ST06677,18,Male,Computer Science,83.9,83.0,76.6,72.6,10.7,2.31,6.0,Yes,No,Not At Risk
ST05234,23,Male,Computer Science,83.4,67.8,44.5,35.4,6.1,3.16,4.0,Yes,Yes,Not At Risk
ST03203,23,Female,Software Engineering,100.0,83.4,63.9,62.9,3.9,2.55,6.0,Yes,No,Not At Risk
ST11608,20,Male,IT,100.0,48.3,67.5,38.9,4.6,4.0,3.0,Yes,No,Not At Risk
ST10642,23,Female,IT,89.1,81.2,65.9,50.1,13.8,3.68,8.0,Yes,Yes,Not At Risk
ST11740,18,Female,Data Science,87.7,49.9,75.7,,6.7,3.11,5.0,Yes,Yes,Not At Risk
ST07742,24,Female,Computer Science,82.4,64.1,48.5,57.4,6.7,3.15,2.0,Yes,No,Not At Risk
ST02886,20,Male,Computer Science,95.2,64.5,74.3,21.3,2.1,4.0,6.0,Yes,No,Not At Risk
ST11280,23,Female,IT,80.2,60.0,31.4,86.1,4.5,1.51,3.0,Yes,No,Not At Risk
ST06672,23,Female,Software Engineering,77.6,74.8,64.5,78.3,2.5,3.35,1.0,Yes,Yes,Not At Risk
ST03336,19,Female,,90.7,75.2,40.4,65.4,13.5,2.91,6.0,Yes,No,Not At Risk
ST05281,18,Female,Computer Science,72.0,51.7,63.7,70.6,2.5,3.11,3.0,Yes,Yes,Not At Risk
ST07157,18,Female,Software Engineering,99.7,65.7,22.6,60.1,3.4,3.06,2.0,Yes,Yes,Not At Risk
ST04133,23,Female,Software Engineering,88.4,66.4,100.0,81.9,3.5,3.58,3.0,No,Yes,Not At Risk
ST10072,23,Female,Computer Science,87.8,90.2,55.2,62.6,7.6,3.04,2.0,Yes,Yes,Not At Risk
ST08482,23,Male,Data Science,72.6,80.7,56.4,56.0,7.6,2.26,4.0,Yes,Yes,Not At Risk
ST11033,24,Female,IT,85.2,68.8,63.9,55.9,12.2,3.53,8.0,Yes,No,Not At Risk
ST00799,18,Female,Data Science,82.9,68.0,69.0,54.8,10.2,2.56,6.0,Yes,No,Not At Risk
ST03691,22,Female,IT,84.7,73.9,58.1,48.1,8.9,1.25,2.0,Yes,No,Not At Risk
ST09933,19,Male,Computer Science,93.1,48.6,74.6,31.6,4.1,2.81,7.0,Yes,Yes,Not At Risk
ST08922,24,Male,Data Science,70.7,86.9,65.6,54.2,2.6,3.13,2.0,Yes,Yes,Not At Risk
ST01056,23,Male,Computer Science,95.1,71.4,84.9,99.2,3.7,3.13,2.0,Yes,Yes,Not At Risk
ST05304,23,Female,Computer Science,94.4,62.3,63.5,78.7,1.9,3.76,3.0,,No,Not At Risk
ST02638,25,Female,IT,78.4,78.1,69.4,60.1,8.1,2.42,3.0,Yes,Yes,Not At Risk
ST09809,21,Male,IT,82.0,72.5,79.3,56.8,4.0,2.18,3.0,Yes,No,Not At Risk
ST11648,22,Female,Software Engineering,86.7,73.7,45.1,73.1,13.5,1.69,5.0,Yes,Yes,Not At Risk
ST05751,24,Male,Software Engineering,73.0,77.0,79.6,46.5,9.0,2.87,3.0,Yes,Yes,At Risk
ST02310,21,Male,Software Engineering,63.8,50.1,65.4,59.8,2.3,3.71,3.0,Yes,No,Not At Risk
ST08670,22,Male,Computer Science,88.6,76.1,92.8,34.1,8.8,2.02,3.0,Yes,Yes,Not At Risk
ST01471,22,Female,Software Engineering,65.9,67.2,60.1,50.0,3.6,3.25,1.0,Yes,No,Not At Risk
ST04047,22,Male,Data Science,69.9,58.8,76.4,49.6,7.4,1.37,3.0,Yes,No,At Risk
ST02599,25,Male,Data Science,100.0,74.9,55.0,75.1,7.0,2.96,2.0,Yes,No,Not At Risk
ST09578,18,Female,IT,100.0,48.7,52.6,81.3,10.3,3.12,7.0,Yes,No,Not At Risk
ST07669,22,Male,Computer Science,71.1,71.7,64.9,38.7,8.7,1.58,7.0,Yes,No,Not At Risk
ST06325,22,Male,Computer Science,98.6,73.9,45.3,13.7,7.2,2.89,2.0,Yes,Yes,Not At Risk
ST07561,20,Male,IT,95.5,76.7,67.7,88.6,6.6,2.05,4.0,Yes,Yes,Not At Risk
ST08794,23,M,Data Science,86.3,53.1,69.9,83.5,5.2,2.0,5.0,Yes,Yes,Not At Risk
ST07359,19,Female,Computer Science,71.3,90.1,63.0,47.5,3.8,2.49,7.0,Yes,No,Not At Risk
ST05202,19,Female,IT,71.7,86.1,34.7,54.2,1.0,3.08,1.0,Yes,Yes,Not At Risk
ST11882,20,Female,Data Science,95.3,71.9,54.9,100.0,3.1,2.01,4.0,Yes,Yes,Not At Risk
ST00442,23,Male,IT,91.7,61.8,72.1,53.0,6.1,2.71,5.0,Yes,Yes,Not At Risk
ST10015,23,Female,IT,80.0,76.8,57.3,,5.0,3.79,3.0,No,No,Not At Risk
ST11424,24,Female,Data Science,74.2,46.6,58.6,64.3,4.2,3.63,5.0,Yes,Yes,Not At Risk
ST09321,23,Female,Computer Science,88.6,28.3,63.5,48.5,6.6,3.15,5.0,Yes,No,At Risk
ST02962,23,Male,Data Science,77.0,66.5,85.7,86.1,3.6,3.39,3.0,Yes,Yes,Not At Risk
ST08615,18,Male,Data Science,82.4,77.4,55.1,78.5,4.6,4.0,,Yes,No,Not At Risk
ST04606,19,Male,IT,71.5,100.0,43.5,74.5,7.8,2.92,1.0,Yes,Yes,Not At Risk
ST07138,18,Male,Data Science,90.5,74.6,45.2,55.8,11.9,3.06,5.0,Yes,No,Not At Risk
ST09928,20,Female,IT,96.6,87.9,69.9,79.3,2.9,2.14,2.0,Yes,Yes,Not At Risk
ST05622,23,Male,Computer Science,62.4,72.9,60.4,73.6,5.8,2.41,5.0,Yes,No,Not At Risk
ST05861,18,Female,Computer Science,63.9,95.7,60.0,63.0,4.0,2.89,5.0,Yes,Yes,Not At Risk
ST03767,18,Male,Data Science,88.6,60.5,87.6,51.1,6.4,3.19,2.0,Yes,Yes,Not At Risk
ST10781,24,Male,Computer Science,77.1,70.8,49.2,64.6,6.4,2.4,4.0,No,Yes,Not At Risk
ST05022,24,Male,Software Engineering,53.9,58.8,57.0,62.5,2.3,2.86,3.0,Yes,Yes,At Risk
ST03155,25,Female,Software Engineering,91.2,79.4,78.7,83.8,3.2,1.99,4.0,Yes,No,Not At Risk
ST02977,18,Female,Software Engineering,88.5,65.5,81.4,64.4,6.5,2.47,4.0,Yes,Yes,Not At Risk
ST02972,21,Male,Computer Science,94.3,61.5,58.4,59.1,2.4,3.64,0.0,Yes,Yes,Not At Risk
ST11813,22,Female,IT,91.9,67.6,49.4,78.9,1.7,3.4,3.0,Yes,No,Not At Risk
ST09987,18,Male,IT,76.0,69.8,48.8,65.8,4.5,2.97,1.0,Yes,Yes,Not At Risk
ST07667,18,Male,Data Science,69.7,88.5,71.3,59.7,3.3,2.58,3.0,Yes,Yes,Not At Risk
ST08017,25,Female,Computer Science,55.2,91.1,79.1,79.0,10.3,2.67,4.0,Yes,Yes,Not At Risk
ST01909,23,Male,Computer Science,72.2,62.6,61.6,50.3,5.6,3.17,9.0,Yes,Yes,Not At Risk
ST07793,21,Male,Software Engineering,83.5,75.3,48.3,80.2,9.7,3.7,4.0,Yes,Yes,Not At Risk
ST11674,24,Male,,79.4,73.6,60.2,51.2,3.3,2.63,3.0,Yes,No,At Risk
ST10231,18,Male,Computer Science,78.5,92.2,69.4,57.7,0.7,2.83,6.0,Yes,Yes,Not At Risk
ST06122,22,Female,Data Science,54.9,45.2,68.3,86.2,0.5,4.0,3.0,Yes,Yes,Not At Risk
ST00014,25,Female,Computer Science,60.6,100.0,31.1,74.0,6.8,3.73,7.0,Yes,Yes,Not At Risk
ST10565,23,Male,Software Engineering,67.2,73.5,60.0,80.8,4.5,2.96,4.0,Yes,No,Not At Risk
ST10904,24,Male,Software Engineering,61.7,71.9,92.5,83.2,5.0,2.84,2.0,Yes,Yes,At Risk
ST02405,22,Male,Software Engineering,96.7,69.1,23.7,60.3,3.0,2.52,4.0,Yes,No,Not At Risk
ST05586,20,Male,Computer Science,80.2,71.8,58.4,76.6,5.0,3.38,6.0,Yes,No,Not At Risk
ST03262,21,Male,IT,62.7,58.7,63.4,65.5,5.1,2.35,3.0,Yes,No,Not At Risk
ST01839,19,Male,IT,81.8,67.1,66.2,52.8,7.1,2.41,2.0,Yes,No,Not At Risk
ST03031,24,Female,Data Science,60.8,64.1,71.2,91.5,6.5,3.07,2.0,Yes,No,Not At Risk
ST00439,20,Male,Computer Science,82.5,77.5,42.7,60.0,4.7,4.0,1.0,Yes,No,Not At Risk
ST03809,18,Female,Software Engineering,77.3,63.1,90.7,54.8,6.7,1.98,5.0,Yes,No,Not At Risk
ST10270,24,Male,IT,80.2,65.6,58.1,61.7,6.1,2.83,3.0,Yes,No,Not At Risk
ST07307,22,Male,Computer Science,64.5,95.0,80.3,51.3,6.4,3.55,6.0,Yes,Yes,Not At Risk
ST08468,21,Male,Computer Science,100.0,51.7,53.3,55.4,5.5,2.44,8.0,Yes,No,Not At Risk
ST01026,20,Male,IT,89.7,66.7,94.0,59.9,2.6,2.53,3.0,Yes,No,Not At Risk
ST08427,25,Male,Data Science,65.4,98.6,83.6,57.6,6.3,4.0,6.0,Yes,No,Not At Risk
ST03409,25,Male,IT,67.7,56.4,43.7,80.7,7.5,3.43,3.0,Yes,No,Not At Risk
ST09475,23,Male,Software Engineering,94.7,50.9,79.6,91.9,4.6,3.27,2.0,Yes,Yes,Not At Risk
ST08970,25,Male,Computer Science,67.7,83.2,82.9,55.1,9.3,2.75,2.0,Yes,No,At Risk
ST08789,22,Male,Software Engineering,83.8,62.6,70.5,77.9,9.9,3.76,1.0,Yes,Yes,Not At Risk
ST10360,19,Male,Software Engineering,82.7,65.2,86.7,69.9,5.5,2.67,3.0,Yes,No,Not At Risk
ST03863,21,Female,Data Science,80.2,57.2,60.7,56.1,0.8,2.74,6.0,Yes,No,Not At Risk
ST09575,20,Male,Computer Science,96.9,73.7,39.0,95.4,4.7,3.27,1.0,Yes,No,Not At Risk
ST11647,20,Female,IT,75.4,89.5,49.8,65.2,4.2,2.57,6.0,Yes,No,Not At Risk
ST06946,20,M,IT,68.0,81.1,86.0,50.5,1.6,3.13,1.0,Yes,No,Not At Risk
ST02967,19,Male,Computer Science,62.9,57.2,72.3,71.7,7.3,2.83,6.0,Yes,No,Not At Risk
ST00984,23,Male,IT,54.3,57.5,75.1,64.5,1.7,4.0,3.0,,Yes,Not At Risk
ST07485,25,Male,Computer Science,66.8,65.4,56.1,56.6,9.6,3.37,5.0,Yes,Yes,Not At Risk
ST11596,23,Male,Software Engineering,72.5,63.4,85.1,42.5,1.0,2.39,3.0,Yes,Yes,At Risk
ST07530,20,Male,Data Science,85.4,60.7,92.4,67.8,3.2,4.0,6.0,Yes,No,At Risk
ST10388,20,Male,IT,79.0,78.1,57.5,63.2,4.8,2.98,7.0,Yes,Yes,Not At Risk
ST09205,20,Male,IT,98.3,34.3,67.5,66.7,7.5,2.66,2.0,No,Yes,Not At Risk
ST02740,19,Male,Computer Science,99.7,75.6,79.9,52.3,7.7,3.3,3.0,Yes,Yes,Not At Risk
ST07401,22,Male,Computer Science,94.4,68.5,53.0,34.9,3.4,3.1,3.0,Yes,Yes,At Risk
ST11845,21,Female,IT,85.7,85.3,84.1,71.5,10.2,2.61,3.0,Yes,No,Not At Risk
ST09614,19,Female,Data Science,100.0,65.3,58.8,36.7,3.4,2.14,5.0,Yes,Yes,Not At Risk
ST04437,23,Female,Data Science,85.0,62.1,72.0,79.8,2.9,2.49,2.0,Yes,No,Not At Risk
ST11115,23,Male,Computer Science,92.0,63.6,59.5,66.2,3.2,3.59,5.0,Yes,No,Not At Risk
ST09692,21,Female,IT,69.2,48.3,53.0,83.6,1.0,3.07,4.0,Yes,No,Not At Risk
ST03253,22,Male,IT,87.9,63.4,55.2,75.1,1.3,2.12,6.0,Yes,Yes,At Risk
ST02543,18,Female,IT,82.5,77.2,84.4,23.1,3.7,2.74,1.0,Yes,Yes,Not At Risk
ST07689,18,Male,IT,73.0,82.5,20.5,79.9,4.6,3.15,5.0,Yes,Yes,At Risk
ST02808,21,Male,Software Engineering,89.0,64.8,41.1,87.3,3.8,2.12,2.0,Yes,No,Not At Risk
ST08376,25,Male,Computer Science,85.2,70.9,85.3,56.1,5.5,2.13,6.0,Yes,No,At Risk
ST10774,18,Male,Computer Science,72.1,77.2,75.6,68.3,6.6,4.0,5.0,Yes,No,Not At Risk
ST04730,25,Male,IT,59.9,82.5,77.6,78.4,4.0,4.0,2.0,Yes,No,Not At Risk
ST04335,21,Male,Data Science,54.2,86.4,55.9,100.0,2.3,3.54,10.0,Yes,Yes,Not At Risk
ST10740,23,Male,Computer Science,77.3,78.7,63.3,82.2,8.0,2.73,4.0,Yes,No,Not At Risk
ST04449,24,Female,Computer Science,68.7,75.7,61.0,63.2,3.2,3.45,3.0,Yes,Yes,Not At Risk
ST04621,21,Male,Computer Science,76.1,50.4,85.9,66.6,7.3,3.94,3.0,Yes,No,Not At Risk
ST02705,24,Male,Software Engineering,75.1,71.0,67.7,62.8,5.6,2.67,3.0,Yes,No,Not At Risk
ST06777,22,Male,Computer Science,74.6,69.9,79.8,60.6,3.6,3.98,5.0,Yes,Yes,Not At Risk
ST00477,23,Female,Computer Science,82.1,57.4,63.0,64.0,1.9,2.22,2.0,Yes,No,Not At Risk
ST04071,25,Male,Computer Science,100.0,87.4,68.8,85.6,11.4,2.94,4.0,Yes,No,Not At Risk
ST04471,20,Female,Data Science,51.6,82.0,64.7,59.8,3.0,3.58,2.0,Yes,Yes,Not At Risk
ST02629,25,Female,IT,67.2,87.0,68.9,56.1,6.4,2.43,3.0,Yes,No,Not At Risk
ST09709,23,Female,Computer Science,66.0,82.3,34.6,97.3,6.5,2.71,6.0,Yes,Yes,Not At Risk
ST09916,24,Female,Computer Science,85.2,65.4,94.7,76.8,14.1,3.38,3.0,Yes,No,At Risk
ST10780,21,Male,IT,63.5,85.7,65.3,87.6,10.4,2.69,7.0,Yes,Yes,Not At Risk
ST08555,21,Male,Computer Science,100.0,78.2,64.3,41.3,5.9,2.87,5.0,Yes,Yes,Not At Risk
ST05307,23,Female,Data Science,76.0,44.7,71.7,61.5,7.1,3.31,10.0,Yes,No,Not At Risk
ST06597,23,Female,Computer Science,86.5,73.1,59.1,54.4,6.7,2.43,5.0,Yes,No,Not At Risk
ST03150,19,Male,Computer Science,89.1,64.5,78.9,67.8,6.4,2.87,2.0,Yes,No,Not At Risk
ST09047,21,Male,Computer Science,67.5,56.6,61.9,95.4,2.5,2.27,3.0,Yes,No,Not At Risk
ST06503,20,Female,Data Science,99.7,61.8,61.8,75.8,6.9,3.78,5.0,Yes,No,Not At Risk
ST02997,20,Female,Computer Science,62.0,76.9,40.6,45.8,4.5,3.37,,Yes,No,Not At Risk
ST04755,20,Male,Computer Science,86.0,72.6,65.5,72.9,7.3,1.55,4.0,,Yes,Not At Risk
ST01342,22,Male,IT,84.2,60.8,43.6,63.5,10.0,2.31,5.0,Yes,Yes,Not At Risk
ST05975,19,Male,IT,79.8,77.2,66.1,69.2,4.4,2.49,2.0,Yes,Yes,Not At Risk
ST03160,24,Female,Data Science,95.3,66.9,59.0,36.9,2.2,2.46,4.0,Yes,No,Not At Risk
ST08010,23,Female,Software Engineering,84.2,66.5,100.0,53.4,8.1,3.86,2.0,Yes,Yes,Not At Risk
ST10899,18,Male,Software Engineering,83.1,77.3,64.0,68.7,2.9,3.47,2.0,Yes,Yes,Not At Risk
ST06153,24,Female,Software Engineering,80.8,76.2,82.2,63.7,9.3,3.84,3.0,Yes,No,Not At Risk
ST06199,21,Female,IT,81.1,46.1,100.0,98.7,8.7,1.91,3.0,Yes,Yes,Not At Risk
ST07794,23,Female,IT,64.8,91.8,45.3,51.4,9.1,2.49,7.0,Yes,Yes,Not At Risk
ST09612,21,Female,Computer Science,58.2,69.3,62.1,73.7,8.9,2.69,2.0,Yes,No,Not At Risk
ST04876,22,Male,Computer Science,100.0,57.3,60.1,53.3,1.6,2.28,4.0,Yes,No,At Risk
ST10247,22,Female,IT,87.1,66.5,41.9,35.6,5.8,2.56,3.0,Yes,Yes,Not At Risk
ST09498,20,Male,Computer Science,97.6,73.6,86.4,53.6,5.3,3.19,6.0,Yes,Yes,Not At Risk
ST01874,18,Male,Data Science,64.4,86.4,45.0,48.9,3.3,3.55,5.0,Yes,Yes,Not At Risk
ST06416,20,Female,Computer Science,91.5,67.6,60.4,59.1,17.9,2.25,2.0,Yes,No,Not At Risk
ST01725,18,Female,Computer Science,87.5,93.2,81.9,77.8,6.7,2.62,5.0,No,No,Not At Risk
ST09003,24,Male,Software Engineering,74.7,67.4,86.4,71.9,4.5,3.11,6.0,Yes,Yes,Not At Risk
ST05726,21,Female,Computer Science,68.9,53.7,80.3,,9.0,2.59,6.0,Yes,No,Not At Risk
ST05181,24,Male,IT,100.0,60.4,59.2,57.5,9.0,3.23,4.0,Yes,No,Not At Risk
ST00813,20,Male,IT,80.1,68.8,75.5,28.7,15.3,2.69,2.0,Yes,No,Not At Risk
ST11990,19,Male,Computer Science,95.7,60.9,71.0,41.3,4.1,1.99,4.0,Yes,Yes,Not At Risk
ST04010,23,Female,Computer Science,79.1,67.1,63.0,49.8,7.2,3.37,0.0,Yes,No,Not At Risk
ST09453,22,Female,Computer Science,91.0,67.3,74.0,86.9,2.8,3.12,5.0,Yes,No,Not At Risk
ST00545,23,Female,Software Engineering,89.7,42.1,53.4,82.0,4.5,2.77,1.0,Yes,No,Not At Risk
ST00006,18,Male,Data Science,91.0,64.4,43.4,40.2,9.6,2.14,3.0,Yes,No,Not At Risk
ST11814,24,Female,Computer Science,69.5,83.6,70.3,96.0,6.0,3.88,5.0,Yes,Yes,Not At Risk
ST01926,25,Male,Software Engineering,89.4,59.9,71.0,63.4,7.1,2.75,8.0,Yes,No,Not At Risk
ST00466,18,Male,Data Science,78.4,64.5,65.1,58.6,3.1,3.72,5.0,Yes,Yes,At Risk
ST11182,22,Female,Software Engineering,96.1,67.6,65.8,32.5,8.4,2.42,3.0,Yes,No,Not At Risk
ST03093,24,Male,Computer Science,66.9,69.3,95.8,65.6,6.8,2.62,5.0,Yes,Yes,Not At Risk
ST07440,19,Female,Software Engineering,95.6,79.7,22.1,56.8,1.3,3.46,1.0,,Yes,Not At Risk
ST03755,25,Female,Computer Science,79.0,80.6,76.0,75.1,4.9,3.09,3.0,Yes,No,Not At Risk
ST00467,20,Female,Computer Science,80.2,60.4,76.9,71.8,4.5,2.67,3.0,Yes,No,Not At Risk
ST04517,25,Female,Computer Science,95.7,93.4,58.5,46.8,7.0,2.64,4.0,Yes,No,Not At Risk
ST10000,23,Male,Computer Science,76.4,74.6,29.1,74.8,8.6,2.36,5.0,,Yes,Not At Risk
ST00175,23,Female,Computer Science,90.0,79.3,39.6,50.3,6.5,2.56,3.0,Yes,No,Not At Risk
ST11719,22,Female,IT,82.8,54.7,66.9,60.8,10.6,3.28,3.0,Yes,No,Not At Risk
ST04198,21,Male,Computer Science,67.8,71.7,82.3,65.9,15.8,2.44,2.0,Yes,Yes,Not At Risk
ST07870,25,Female,IT,82.4,75.4,85.9,40.5,4.3,2.79,3.0,Yes,No,Not At Risk
ST08127,23,Male,Software Engineering,76.0,72.5,72.7,69.9,8.1,3.07,4.0,Yes,Yes,Not At Risk
ST07905,24,Female,Computer Science,84.0,51.6,66.2,43.8,6.6,2.01,3.0,Yes,Yes,Not At Risk
ST02096,20,Female,Data Science,87.2,77.5,77.8,80.7,3.9,2.4,5.0,No,No,Not At Risk
ST05544,25,Male,Software Engineering,96.5,63.4,52.6,39.4,1.9,2.77,7.0,Yes,No,Not At Risk
ST08787,18,Male,Software Engineering,100.0,51.8,33.5,52.5,10.5,2.13,1.0,Yes,Yes,Not At Risk
ST07094,20,Male,Computer Science,85.9,57.9,69.0,97.6,8.1,3.58,5.0,Yes,Yes,Not At Risk
ST00937,20,Male,IT,89.2,57.1,70.7,40.7,8.0,3.4,10.0,Yes,Yes,At Risk
ST05993,24,Male,IT,58.8,67.8,78.9,53.1,5.8,4.0,1.0,No,Yes,Not At Risk
ST08996,18,Male,IT,81.2,84.7,73.5,55.6,3.2,2.19,4.0,Yes,No,At Risk
ST04446,23,Male,Software Engineering,87.3,45.0,39.2,81.7,7.7,3.21,2.0,No,No,Not At Risk
ST00958,22,Female,IT,100.0,64.8,57.7,56.6,3.8,3.56,6.0,Yes,Yes,Not At Risk
ST04017,23,Female,Software Engineering,88.5,45.8,48.4,85.3,2.8,3.02,7.0,Yes,No,Not At Risk
ST03460,20,Female,IT,84.9,67.2,51.0,63.4,13.0,1.8,2.0,Yes,No,Not At Risk
ST05966,21,Female,IT,83.4,46.4,70.8,54.0,12.9,3.05,7.0,Yes,Yes,Not At Risk
ST01493,23,Female,IT,90.4,84.0,63.7,49.2,4.2,2.94,2.0,Yes,Yes,Not At Risk
ST08461,23,Female,Computer Science,71.5,65.2,77.5,55.6,1.9,4.0,1.0,No,No,Not At Risk
ST09202,20,Female,Data Science,66.2,60.9,75.2,58.3,5.4,2.46,2.0,Yes,Yes,Not At Risk
ST04983,22,Male,IT,72.4,81.6,72.7,58.2,5.3,2.29,4.0,Yes,Yes,Not At Risk
ST03686,20,Female,IT,79.7,92.7,77.7,100.0,13.7,3.02,4.0,Yes,Yes,Not At Risk
ST07220,19,Male,Data Science,80.2,51.7,60.3,77.4,4.8,3.02,3.0,Yes,No,Not At Risk
ST02903,24,Female,IT,70.9,57.1,83.6,25.2,4.1,4.0,2.0,Yes,Yes,Not At Risk
ST02939,21,Male,Computer Science,74.5,99.0,42.6,84.3,1.5,2.59,5.0,Yes,Yes,Not At Risk
ST04344,24,Female,Data Science,87.5,59.1,59.6,68.2,4.2,2.07,0.0,Yes,No,Not At Risk
ST05514,18,Female,Software Engineering,68.3,91.3,58.7,49.2,3.4,2.08,1.0,Yes,Yes,Not At Risk
ST01614,25,Female,Data Science,61.4,27.3,32.6,96.7,7.9,3.69,5.0,Yes,Yes,At Risk
ST07846,19,Male,IT,100.0,42.8,61.9,76.1,3.4,2.99,7.0,Yes,No,Not At Risk
ST05994,19,Female,Computer Science,84.7,59.4,81.0,67.9,4.2,3.15,2.0,No,Yes,At Risk
ST09504,22,Male,Computer Science,90.8,38.7,72.5,51.0,4.1,3.44,5.0,Yes,Yes,Not At Risk
ST09016,22,Male,IT,94.6,83.6,51.5,99.4,0.8,3.66,4.0,Yes,No,Not At Risk
ST11176,19,Male,Computer Science,81.4,56.8,43.6,85.5,6.7,2.6,4.0,Yes,No,Not At Risk
ST03826,24,Female,Computer Science,69.0,52.3,59.9,41.7,3.1,3.28,3.0,Yes,No,Not At Risk
ST11734,24,Male,Computer Science,96.6,75.8,82.4,49.3,9.6,2.32,2.0,Yes,No,At Risk
ST01222,19,Female,Data Science,82.0,61.2,62.8,86.1,4.6,2.88,3.0,Yes,No,Not At Risk
ST05761,21,Male,Data Science,71.8,63.1,59.6,47.0,5.4,3.26,0.0,Yes,No,Not At Risk
ST07664,18,Male,Computer Science,98.2,58.6,75.6,65.6,8.2,2.3,4.0,Yes,No,Not At Risk
ST02975,24,Male,Data Science,72.8,87.1,66.3,63.1,13.6,3.52,2.0,Yes,No,Not At Risk
ST07087,25,Female,IT,100.0,79.6,79.8,83.3,1.2,2.26,1.0,Yes,Yes,Not At Risk
ST01969,20,Male,Computer Science,76.4,74.9,62.1,41.5,11.3,3.79,4.0,Yes,No,Not At Risk
ST08156,22,Female,IT,55.5,45.0,75.9,65.6,8.2,3.14,6.0,Yes,Yes,At Risk
ST04500,25,Female,Software Engineering,73.6,87.6,76.9,67.5,2.1,3.3,4.0,Yes,No,Not At Risk
ST03741,24,Female,Computer Science,80.5,84.9,66.7,56.5,6.5,3.56,1.0,Yes,No,Not At Risk
ST08699,23,Male,IT,89.0,56.5,89.9,64.2,7.5,3.89,1.0,Yes,Yes,Not At Risk
ST09972,25,Female,Software Engineering,81.9,30.5,66.7,61.7,7.5,2.99,4.0,Yes,No,Not At Risk
ST05537,24,Male,Computer Science,100.0,60.3,72.3,72.3,3.3,2.96,7.0,Yes,No,Not At Risk
ST05771,22,Female,IT,78.6,88.3,79.2,86.8,3.3,2.87,4.0,Yes,No,At Risk
ST00995,21,Male,Computer Science,100.0,67.0,61.8,65.6,4.2,4.0,5.0,Yes,Yes,Not At Risk
ST10299,20,Male,Computer Science,93.8,83.0,64.0,56.2,12.4,3.2,4.0,Yes,Yes,Not At Risk
ST05889,24,Male,Software Engineering,79.5,67.0,62.1,68.7,0.9,3.11,4.0,Yes,Yes,Not At Risk
ST03180,22,Female,Software Engineering,74.1,98.5,61.9,68.0,3.5,2.64,5.0,Yes,Yes,Not At Risk
ST04393,22,Female,Software Engineering,82.7,90.3,31.4,56.0,3.4,3.3,3.0,Yes,Yes,Not At Risk
ST04227,19,Male,IT,80.0,55.7,59.5,70.8,5.4,2.05,4.0,Yes,No,At Risk
ST07066,18,Male,Software Engineering,80.4,68.2,54.3,71.0,2.8,3.46,6.0,Yes,No,Not At Risk
ST08858,24,Female,IT,73.4,59.0,61.0,89.9,5.8,2.32,4.0,Yes,Yes,Not At Risk
ST04367,18,Female,Software Engineering,69.1,60.7,69.2,76.3,4.2,2.85,4.0,Yes,Yes,Not At Risk
ST04165,18,Female,IT,86.8,61.4,42.9,38.2,3.0,2.83,1.0,Yes,Yes,Not At Risk
ST05320,25,Female,,65.6,93.5,95.0,95.7,6.3,2.97,4.0,Yes,Yes,Not At Risk
ST09339,20,Female,Data Science,84.6,72.2,48.2,40.2,2.0,3.23,4.0,Yes,Yes,Not At Risk
ST10533,21,Male,Computer Science,100.0,77.9,92.0,44.3,2.2,3.51,2.0,Yes,No,Not At Risk
ST05745,18,Male,Software Engineering,72.4,51.4,38.9,73.9,5.7,2.55,1.0,Yes,No,Not At Risk
ST09271,21,Male,Software Engineering,67.1,100.0,83.1,71.6,3.3,2.34,2.0,Yes,Yes,Not At Risk
ST06436,19,Male,IT,84.8,46.2,86.5,67.8,3.7,2.07,9.0,Yes,Yes,At Risk
ST07820,19,Female,IT,89.3,73.3,74.3,52.6,5.2,4.0,6.0,Yes,No,Not At Risk
ST01421,20,Female,Software Engineering,96.5,89.1,90.4,91.7,6.8,2.7,1.0,Yes,No,Not At Risk
ST01450,19,Female,Data Science,82.9,71.8,79.6,36.5,2.8,2.43,3.0,Yes,Yes,Not At Risk
ST11439,25,Female,IT,77.8,99.1,75.3,53.7,6.0,2.34,3.0,Yes,Yes,Not At Risk
ST05432,20,Female,Computer Science,90.2,79.2,48.0,52.7,12.5,2.69,4.0,Yes,No,Not At Risk
ST11503,23,Male,IT,100.0,55.4,78.6,74.9,3.6,2.16,2.0,No,Yes,Not At Risk
ST01339,23,Male,Data Science,70.5,85.0,60.0,71.5,15.8,2.65,4.0,Yes,No,Not At Risk
ST10118,24,Male,IT,82.2,94.3,42.9,52.5,10.4,2.68,4.0,Yes,No,Not At Risk
ST03592,23,Male,Computer Science,81.9,36.3,47.7,93.9,3.8,1.8,1.0,Yes,Yes,Not At Risk
ST08391,18,Male,Data Science,66.9,60.8,46.4,72.7,5.2,3.4,7.0,Yes,Yes,Not At Risk
ST04369,24,Male,IT,64.3,35.6,74.3,89.3,8.4,3.2,0.0,Yes,Yes,Not At Risk
ST03978,22,Male,IT,91.0,75.9,78.8,46.6,5.9,2.51,8.0,Yes,No,Not At Risk
ST02569,21,Female,IT,76.9,50.9,66.5,71.9,4.3,2.33,6.0,Yes,No,Not At Risk
ST08661,24,Female,Computer Science,76.4,43.4,65.5,76.0,0.9,3.2,,Yes,No,Not At Risk
ST03667,23,Male,Computer Science,82.5,50.9,56.2,54.9,4.0,2.48,4.0,No,Yes,Not At Risk
ST08764,18,Female,Software Engineering,69.7,56.5,65.8,39.9,3.6,3.42,5.0,Yes,Yes,Not At Risk
ST04415,18,Female,,86.1,41.5,54.4,73.1,11.2,2.22,4.0,Yes,No,Not At Risk
ST06882,24,Female,Computer Science,75.5,71.8,77.2,79.3,16.1,2.42,3.0,Yes,Yes,Not At Risk
ST02291,25,Female,Software Engineering,87.9,46.3,42.4,53.6,12.3,2.87,,Yes,Yes,Not At Risk
ST08264,24,Female,Software Engineering,80.8,82.5,67.0,75.6,3.0,4.0,2.0,Yes,No,Not At Risk
ST05991,22,Female,Data Science,93.9,69.9,71.5,48.5,6.0,2.37,1.0,Yes,No,Not At Risk
ST00218,22,Male,IT,78.5,25.0,83.9,90.1,10.8,2.82,4.0,Yes,Yes,At Risk
ST04300,19,Female,IT,94.5,78.4,87.9,82.7,4.5,2.93,3.0,Yes,No,Not At Risk
ST11378,24,Male,Computer Science,99.5,67.1,56.3,100.0,3.9,1.88,4.0,Yes,No,Not At Risk
ST02992,18,Male,Software Engineering,70.6,60.2,62.3,35.5,14.0,2.62,6.0,Yes,Yes,Not At Risk
ST01455,25,Female,Computer Science,82.2,82.8,58.3,51.8,7.3,2.29,4.0,Yes,Yes,Not At Risk
ST01748,25,M,Software Engineering,80.2,60.4,84.3,66.1,6.8,3.45,3.0,Yes,Yes,Not At Risk
ST05718,19,Male,Data Science,59.7,100.0,54.6,76.0,8.5,3.22,6.0,Yes,No,Not At Risk
ST11458,21,Male,IT,64.6,75.4,59.4,57.6,2.0,3.14,9.0,Yes,No,Not At Risk
ST04715,21,Female,Data Science,100.0,67.3,81.2,64.5,5.1,2.06,4.0,Yes,No,Not At Risk
ST03072,24,Female,Computer Science,68.4,61.2,74.5,60.0,1.4,3.89,4.0,Yes,Yes,At Risk
ST00057,23,Female,Software Engineering,77.5,58.6,52.6,76.5,7.2,2.6,3.0,Yes,No,Not At Risk
ST02791,18,Male,Software Engineering,100.0,45.8,93.5,32.6,9.6,3.02,4.0,Yes,No,Not At Risk
ST00047,24,Female,Computer Science,88.3,89.5,46.2,52.8,3.9,3.46,5.0,Yes,Yes,Not At Risk
ST08897,24,Male,Software Engineering,76.0,55.3,53.7,62.0,3.5,2.94,5.0,Yes,Yes,Not At Risk
ST01841,24,Female,Data Science,61.1,77.2,80.8,100.0,6.0,3.59,3.0,Yes,No,Not At Risk
ST02098,19,Female,Software Engineering,89.9,78.2,63.9,57.2,4.7,2.29,5.0,Yes,No,Not At Risk
ST08741,20,Female,Data Science,77.6,82.0,47.2,45.6,6.0,2.16,4.0,Yes,Yes,At Risk
ST00202,22,Female,Computer Science,83.7,66.0,87.1,56.8,2.7,3.5,6.0,Yes,Yes,Not At Risk
ST11266,24,Male,Computer Science,82.5,62.4,59.5,56.5,5.3,3.01,4.0,Yes,No,Not At Risk
ST06429,24,Female,Data Science,76.9,61.1,65.7,86.6,7.1,3.39,8.0,Yes,Yes,Not At Risk
ST00475,25,Male,Computer Science,95.3,52.5,59.0,46.9,1.8,2.49,5.0,Yes,Yes,Not At Risk
ST08425,22,Female,Software Engineering,69.5,74.8,48.7,60.6,2.2,2.22,4.0,Yes,No,Not At Risk
ST00025,24,Female,IT,91.9,72.9,83.4,70.2,7.2,2.07,8.0,Yes,No,Not At Risk
ST00135,19,Female,IT,83.3,56.2,57.9,55.2,4.2,3.41,4.0,Yes,No,Not At Risk
ST07694,19,Male,Computer Science,75.9,78.4,52.9,34.9,7.6,2.68,5.0,Yes,No,Not At Risk
ST03867,25,Female,Computer Science,73.0,62.0,87.3,57.3,13.0,3.65,4.0,Yes,No,Not At Risk
ST01591,24,Male,IT,85.7,100.0,61.8,51.5,2.8,1.81,9.0,Yes,No,Not At Risk
ST00150,25,Male,Software Engineering,91.6,31.7,66.1,77.3,3.6,2.94,7.0,No,Yes,Not At Risk
ST07059,23,Female,Computer Science,94.0,66.6,59.9,38.4,7.8,3.11,4.0,No,No,Not At Risk
ST10805,22,Male,Computer Science,80.7,72.2,57.3,53.5,10.2,4.0,4.0,Yes,No,Not At Risk
ST09761,21,Male,Computer Science,88.7,33.0,65.7,49.3,3.7,2.31,1.0,Yes,No,Not At Risk
ST03898,25,Female,IT,89.8,85.1,54.5,52.2,14.8,3.64,5.0,No,No,Not At Risk
ST06724,19,Male,Computer Science,78.4,52.2,88.8,52.7,8.1,3.03,3.0,Yes,Yes,Not At Risk
ST01272,23,Female,Software Engineering,80.0,75.5,81.1,,8.3,2.68,2.0,Yes,No,Not At Risk
ST08728,22,Female,Computer Science,86.0,58.0,69.0,65.4,3.6,2.64,8.0,Yes,No,At Risk
ST11994,22,Female,IT,82.0,61.0,55.1,86.4,5.7,2.88,3.0,Yes,Yes,Not At Risk
ST08451,18,Male,Software Engineering,65.9,84.2,80.0,28.6,7.0,1.23,3.0,Yes,Yes,At Risk
ST10053,23,Male,Data Science,77.5,55.2,37.7,,3.5,3.03,4.0,Yes,No,At Risk
ST07758,23,Female,IT,87.4,71.1,59.0,59.2,6.6,3.38,4.0,Yes,Yes,Not At Risk
ST00715,21,Male,Computer Science,85.1,83.0,86.5,71.4,3.9,4.0,7.0,Yes,Yes,Not At Risk
ST04832,21,Male,Computer Science,85.7,92.7,59.9,63.5,2.1,3.15,3.0,Yes,No,Not At Risk
ST04099,19,Male,Data Science,80.3,95.3,34.0,32.3,3.4,2.45,9.0,Yes,No,Not At Risk
ST05979,18,Female,Software Engineering,54.5,52.7,70.9,71.9,2.1,3.51,7.0,Yes,No,Not At Risk
ST06417,25,Female,Software Engineering,86.6,69.3,62.1,62.0,6.4,2.79,7.0,Yes,Yes,At Risk
ST10447,22,Male,IT,85.0,37.5,44.3,57.7,7.6,2.67,1.0,No,No,Not At Risk
ST05061,23,Female,Computer Science,87.8,71.2,49.3,80.0,7.5,3.34,4.0,Yes,No,Not At Risk
ST09165,24,Female,Data Science,95.7,64.2,57.7,68.0,10.6,3.41,3.0,Yes,No,Not At Risk
ST09332,22,Female,Data Science,66.5,63.9,56.1,75.1,8.2,3.0,4.0,Yes,No,Not At Risk
ST09261,23,Male,IT,75.6,96.8,64.8,54.8,5.4,3.88,4.0,Yes,Yes,Not At Risk
ST09523,21,Male,Data Science,69.5,57.0,77.9,45.7,3.3,2.43,7.0,Yes,Yes,Not At Risk
ST10755,22,Male,Data Science,85.4,61.8,95.1,71.9,8.6,4.0,7.0,Yes,No,Not At Risk
ST11666,20,Female,Software Engineering,65.3,77.8,50.3,45.9,3.5,3.54,3.0,Yes,Yes,Not At Risk
ST07158,18,Male,Computer Science,92.7,37.1,55.5,,8.6,2.88,6.0,Yes,No,Not At Risk
ST01063,24,Female,Computer Science,75.3,83.5,48.2,54.6,1.9,3.81,4.0,Yes,No,Not At Risk
ST00331,23,Female,Software Engineering,100.0,59.0,82.1,76.1,3.2,3.22,0.0,Yes,Yes,Not At Risk
ST08608,21,Female,Computer Science,81.9,76.5,70.4,91.7,2.9,2.05,6.0,Yes,No,At Risk
ST10121,21,Female,Software Engineering,95.9,88.7,52.8,70.7,9.2,4.0,5.0,Yes,No,Not At Risk
ST08306,23,Male,IT,87.0,71.8,78.3,59.4,3.0,4.0,8.0,Yes,No,Not At Risk
ST03042,20,Female,Computer Science,77.7,70.3,69.8,46.9,2.3,4.0,1.0,Yes,Yes,Not At Risk
ST01220,24,Male,IT,77.0,73.8,35.6,73.2,3.7,3.42,4.0,Yes,No,Not At Risk
ST07580,24,Female,Software Engineering,78.9,66.0,49.8,82.0,2.4,2.56,3.0,Yes,No,Not At Risk
ST11907,23,Male,Computer Science,57.4,86.0,87.2,91.3,4.4,3.47,3.0,Yes,Yes,Not At Risk
ST01950,25,Female,Data Science,84.7,53.4,80.7,49.6,11.3,3.86,5.0,Yes,No,Not At Risk
ST02074,24,Female,Software Engineering,66.7,45.6,54.4,52.0,7.2,1.98,3.0,No,No,Not At Risk
ST10002,24,Female,Software Engineering,63.4,42.0,53.9,54.2,4.5,3.46,5.0,Yes,No,Not At Risk
ST08788,21,Female,Software Engineering,75.6,77.2,70.9,55.9,5.5,2.68,2.0,No,Yes,Not At Risk
ST04712,21,Female,Software Engineering,90.6,64.9,41.0,74.4,6.5,3.17,7.0,Yes,Yes,Not At Risk
ST10412,20,Male,Data Science,67.2,72.2,87.7,49.0,2.4,3.13,2.0,Yes,No,Not At Risk
ST05461,24,Male,Data Science,73.2,62.0,47.8,72.0,7.7,2.66,6.0,Yes,Yes,Not At Risk
ST02760,22,Male,Computer Science,84.0,45.5,48.0,63.8,3.4,3.75,5.0,Yes,No,Not At Risk
ST03610,18,Female,IT,75.8,58.2,67.0,79.5,5.0,2.72,8.0,Yes,No,At Risk
ST00143,21,Male,Data Science,92.2,43.5,44.2,19.8,3.0,2.07,6.0,Yes,No,At Risk
ST06079,19,Female,Data Science,75.9,73.7,63.6,43.6,8.1,1.36,7.0,Yes,No,Not At Risk
ST06846,21,Male,,67.9,55.1,59.8,93.0,5.2,2.32,2.0,Yes,Yes,Not At Risk
ST03744,20,Male,IT,75.6,54.6,57.9,75.4,7.2,3.82,2.0,Yes,No,At Risk
ST11035,19,Female,Computer Science,74.9,84.2,82.5,52.7,12.8,3.35,,Yes,No,Not At Risk
ST01384,21,Male,Computer Science,100.0,67.3,34.1,60.6,9.7,2.82,9.0,Yes,Yes,Not At Risk
ST00288,23,Male,Data Science,83.5,54.3,95.3,4.4,1.9,3.95,1.0,Yes,Yes,Not At Risk
ST04018,24,Male,Computer Science,71.6,58.9,55.8,56.5,5.6,3.5,4.0,Yes,Yes,Not At Risk
ST04528,23,Female,Data Science,83.6,70.3,69.2,65.1,3.7,3.29,6.0,Yes,No,Not At Risk
ST10554,18,Female,Data Science,81.9,57.8,70.4,58.8,9.2,3.38,4.0,Yes,Yes,Not At Risk
ST07663,24,Female,Computer Science,78.4,76.5,62.3,45.0,6.9,2.5,4.0,Yes,No,Not At Risk
ST08672,22,Male,Computer Science,84.4,68.6,70.3,50.1,2.8,2.38,7.0,Yes,Yes,Not At Risk
ST00553,19,Male,Data Science,81.2,80.6,39.2,61.7,3.0,2.61,3.0,Yes,No,Not At Risk
ST03279,24,Male,IT,86.2,85.8,68.1,41.1,3.3,3.53,4.0,Yes,No,Not At Risk
ST04001,25,Male,Computer Science,64.0,64.8,85.8,57.5,5.1,3.8,9.0,Yes,Yes,Not At Risk
ST03934,25,Female,IT,78.8,47.0,65.1,72.1,1.2,3.22,5.0,Yes,No,Not At Risk
ST04671,18,Male,Computer Science,84.8,78.0,65.8,58.4,9.5,3.39,2.0,Yes,No,Not At Risk
ST11087,20,Male,Computer Science,74.7,55.9,50.4,79.5,12.1,3.34,1.0,Yes,No,Not At Risk
ST06466,23,Female,IT,97.5,51.9,97.6,47.5,10.5,2.81,6.0,Yes,No,Not At Risk
ST06965,21,Male,Software Engineering,98.1,47.5,53.5,69.5,6.2,2.91,5.0,Yes,Yes,Not At Risk
ST08624,20,Male,Data Science,80.1,84.0,57.3,100.0,5.2,1.95,4.0,Yes,No,Not At Risk
ST03380,19,Female,Computer Science,84.2,63.0,69.9,83.8,5.2,3.23,1.0,Yes,Yes,Not At Risk
ST08418,18,Female,IT,68.5,66.6,64.5,64.9,3.4,3.1,2.0,Yes,Yes,Not At Risk
ST06027,18,Female,Computer Science,86.5,88.8,74.1,70.0,0.8,2.53,6.0,Yes,Yes,Not At Risk
ST04324,18,Female,IT,81.1,66.8,99.5,79.2,8.3,2.94,3.0,Yes,No,Not At Risk
ST02943,20,Male,Computer Science,72.2,90.0,78.3,50.6,9.0,3.42,3.0,Yes,Yes,At Risk
ST01532,19,Female,Computer Science,71.4,80.9,71.8,81.0,6.5,2.67,7.0,Yes,No,At Risk
ST00687,20,Male,Data Science,72.7,40.7,43.4,57.4,3.0,2.38,5.0,Yes,No,At Risk
ST01073,22,Female,IT,100.0,90.9,55.6,71.0,2.3,3.15,5.0,Yes,No,Not At Risk
ST07207,21,Female,Software Engineering,76.7,84.5,49.7,69.4,2.8,3.09,4.0,Yes,Yes,Not At Risk
ST04992,22,Female,Computer Science,99.6,70.9,71.0,76.9,2.8,4.0,2.0,,No,Not At Risk
ST01310,25,Female,IT,74.7,62.0,26.3,59.2,3.8,3.31,4.0,Yes,Yes,Not At Risk
ST09528,22,Female,Data Science,83.9,53.2,83.7,77.8,4.6,3.0,8.0,Yes,No,Not At Risk
ST03882,25,Female,Software Engineering,89.0,72.7,82.5,63.9,8.6,2.9,2.0,Yes,Yes,At Risk
ST02443,23,Female,Data Science,73.0,82.6,29.9,73.3,3.3,2.76,3.0,Yes,No,At Risk
ST07486,18,Male,Software Engineering,85.9,42.0,52.5,40.9,2.2,2.69,2.0,Yes,No,Not At Risk
ST04836,19,Female,IT,70.4,80.2,69.3,56.1,6.5,2.81,3.0,Yes,No,Not At Risk
ST10900,22,Male,Data Science,97.9,77.6,54.6,28.3,3.3,2.2,1.0,Yes,No,Not At Risk
ST03771,19,Female,Computer Science,73.1,53.7,80.1,51.5,2.7,2.51,6.0,Yes,No,At Risk
ST09932,19,Female,Computer Science,74.8,61.6,44.6,71.6,9.6,4.0,4.0,Yes,No,Not At Risk
ST11160,19,Male,IT,82.7,76.8,58.1,61.9,5.9,4.0,4.0,Yes,No,Not At Risk
ST01367,23,Male,Computer Science,69.9,62.6,48.9,59.5,3.0,2.82,3.0,Yes,Yes,Not At Risk
ST11763,23,Female,IT,67.7,65.3,52.7,44.6,1.7,2.39,3.0,Yes,Yes,Not At Risk
ST04362,19,Female,Data Science,76.9,68.8,87.7,29.4,3.6,4.0,5.0,Yes,No,Not At Risk
ST09597,20,Female,Software Engineering,69.8,87.2,58.5,75.2,3.1,3.3,3.0,Yes,No,Not At Risk
ST11602,18,Male,Computer Science,86.7,36.7,51.4,78.6,7.8,3.68,7.0,Yes,Yes,Not At Risk
ST02838,20,Male,Data Science,81.0,78.4,55.5,47.0,6.3,2.47,3.0,Yes,Yes,Not At Risk
ST06708,19,Female,IT,82.7,45.4,79.1,77.8,4.5,1.92,3.0,Yes,Yes,Not At Risk
ST05419,25,Male,IT,79.2,67.0,60.9,55.7,4.6,3.53,4.0,Yes,Yes,Not At Risk
ST01995,23,Male,IT,84.7,93.5,66.7,53.1,3.4,2.5,3.0,Yes,No,Not At Risk
ST09327,22,Female,IT,69.2,90.8,74.5,94.6,6.1,2.02,2.0,Yes,No,Not At Risk
ST07472,22,Female,,77.0,63.9,68.6,80.1,3.4,2.82,7.0,Yes,No,Not At Risk
ST11367,23,Male,Data Science,73.9,62.2,57.5,40.5,2.8,1.59,6.0,Yes,No,Not At Risk
ST08675,25,Male,Computer Science,94.8,65.7,46.0,78.4,3.8,2.56,5.0,Yes,No,Not At Risk
ST11765,25,Female,Software Engineering,80.0,64.0,62.2,48.3,4.6,4.0,2.0,Yes,Yes,Not At Risk
ST04683,18,Female,Computer Science,86.0,70.0,60.4,,5.2,3.37,6.0,Yes,No,At Risk
ST07334,25,Female,IT,82.1,54.3,55.0,52.3,5.4,3.12,4.0,Yes,Yes,Not At Risk
ST10243,19,Male,Software Engineering,91.3,69.7,58.2,80.5,4.9,3.57,4.0,No,No,Not At Risk
ST05775,23,Male,Software Engineering,90.2,29.7,83.0,75.5,8.8,2.91,3.0,Yes,No,Not At Risk
ST09162,20,Female,Data Science,82.8,69.4,89.3,62.7,4.1,2.93,2.0,Yes,No,Not At Risk
ST06698,19,Male,Data Science,82.1,71.7,33.5,60.6,1.9,2.12,3.0,Yes,Yes,Not At Risk
ST03799,24,Male,IT,87.3,77.4,100.0,64.7,4.0,2.54,2.0,Yes,Yes,Not At Risk
ST06097,22,Female,Software Engineering,90.4,98.5,100.0,71.3,16.3,2.61,1.0,Yes,Yes,Not At Risk
ST05006,19,Female,Data Science,86.7,79.0,87.8,61.6,11.9,2.63,3.0,Yes,No,Not At Risk
ST04924,19,Female,Computer Science,66.2,67.8,61.3,58.9,5.8,3.32,6.0,No,No,Not At Risk
ST05663,23,Male,Computer Science,78.5,60.2,80.6,69.4,8.0,1.84,3.0,Yes,No,Not At Risk
ST06906,22,Male,IT,94.3,82.2,65.0,73.7,2.7,2.32,1.0,Yes,Yes,Not At Risk
ST02448,19,Male,Software Engineering,73.4,48.9,25.1,91.4,5.9,3.9,6.0,Yes,No,Not At Risk
ST00481,22,Female,Data Science,91.0,68.9,75.2,92.7,7.7,3.55,3.0,Yes,No,Not At Risk
ST03410,21,Male,Software Engineering,100.0,35.6,52.4,71.2,14.0,3.36,4.0,No,Yes,Not At Risk
ST07903,22,Male,IT,75.0,65.5,46.9,37.5,8.1,1.62,6.0,Yes,No,At Risk
ST06305,18,Female,IT,87.5,85.3,98.3,86.7,3.1,2.26,2.0,Yes,Yes,Not At Risk
ST02097,20,Female,Computer Science,95.0,53.6,89.1,45.5,6.5,2.91,2.0,Yes,No,At Risk
ST11743,18,Male,Computer Science,82.0,76.6,81.0,51.2,2.0,3.84,4.0,Yes,No,Not At Risk
ST03154,18,Male,Computer Science,76.2,59.8,48.1,80.3,6.9,3.03,6.0,Yes,Yes,Not At Risk
ST01859,22,Female,Computer Science,91.9,40.1,60.8,63.6,8.4,3.58,6.0,Yes,No,Not At Risk
ST05175,21,Female,Computer Science,76.5,89.6,67.5,56.3,6.4,3.28,2.0,Yes,Yes,Not At Risk
ST02302,23,Male,Software Engineering,85.7,34.6,60.5,92.9,10.2,1.75,4.0,Yes,Yes,Not At Risk
ST03723,25,Female,Computer Science,88.7,69.8,45.0,82.0,3.6,3.05,1.0,Yes,Yes,At Risk
ST01390,18,Male,Computer Science,77.8,66.9,68.9,80.9,7.7,2.87,4.0,Yes,Yes,Not At Risk
ST00004,22,Female,IT,79.6,71.6,76.8,57.4,5.0,3.55,3.0,No,No,Not At Risk
ST08727,18,Male,IT,76.8,84.3,44.2,39.5,5.5,2.69,5.0,,No,Not At Risk
ST09087,21,Male,Software Engineering,83.8,76.2,82.3,46.0,8.3,3.17,3.0,Yes,No,Not At Risk
ST11639,18,Male,Data Science,92.2,77.9,54.6,67.7,7.5,2.08,6.0,Yes,No,Not At Risk
ST04602,25,Male,Data Science,75.4,53.9,75.6,65.0,6.3,4.0,7.0,Yes,No,Not At Risk
ST11360,25,Male,Computer Science,55.2,69.6,78.1,85.9,4.0,2.67,3.0,Yes,Yes,Not At Risk
ST07075,18,Female,Software Engineering,83.7,81.8,38.9,42.5,6.4,3.26,6.0,Yes,Yes,Not At Risk
ST04477,18,Female,IT,83.6,59.7,77.0,76.1,2.8,3.2,0.0,Yes,Yes,Not At Risk
ST06500,20,Male,Software Engineering,84.5,79.4,76.4,53.5,7.0,2.41,3.0,Yes,No,At Risk
ST10300,25,Male,Computer Science,87.8,70.0,41.9,75.5,5.8,3.56,9.0,Yes,Yes,At Risk
ST10795,23,Male,IT,86.6,71.7,42.7,49.5,5.3,3.82,2.0,Yes,Yes,Not At Risk
ST06644,24,Male,Computer Science,50.6,64.5,50.7,61.0,2.8,3.5,3.0,Yes,Yes,At Risk
ST07570,18,Female,Computer Science,75.2,72.1,40.3,69.2,3.9,3.51,3.0,Yes,Yes,Not At Risk
ST08575,20,Female,Software Engineering,90.6,57.4,49.3,60.0,2.9,2.97,6.0,Yes,No,Not At Risk
ST06091,20,Male,Data Science,79.8,58.2,78.1,33.4,4.2,3.28,4.0,Yes,No,Not At Risk
ST11944,22,Male,Software Engineering,78.4,79.8,46.9,41.9,6.7,2.89,3.0,Yes,No,Not At Risk
ST07683,22,Female,Computer Science,90.7,85.3,51.2,60.0,9.2,2.61,4.0,Yes,Yes,Not At Risk
ST05884,19,Male,Data Science,78.7,63.1,54.5,74.7,15.4,2.52,4.0,Yes,No,Not At Risk
ST08199,19,Male,,100.0,76.4,52.1,96.6,3.0,2.81,10.0,Yes,No,Not At Risk
ST00632,19,Male,Computer Science,100.0,72.1,67.9,46.1,8.1,2.35,2.0,Yes,No,Not At Risk
ST01529,23,Male,,84.3,58.7,72.6,74.2,0.7,3.33,6.0,Yes,No,Not At Risk
ST06622,21,Male,Computer Science,100.0,68.0,61.3,87.5,5.1,2.17,6.0,Yes,No,Not At Risk
ST05921,22,Male,IT,77.7,80.3,96.6,55.0,2.5,2.36,3.0,Yes,No,At Risk
ST06133,24,Male,Software Engineering,93.6,85.3,45.7,61.5,5.4,3.65,7.0,Yes,Yes,Not At Risk
ST10013,22,Male,Computer Science,69.2,77.4,65.4,59.5,3.4,3.05,4.0,Yes,Yes,Not At Risk
ST08157,25,Female,IT,69.7,63.5,50.4,,6.9,3.16,5.0,Yes,Yes,Not At Risk
ST11687,24,Male,Software Engineering,85.1,89.9,96.4,86.1,8.6,2.67,4.0,Yes,Yes,Not At Risk
ST00798,21,Female,Data Science,82.1,88.8,71.8,68.4,7.8,1.76,7.0,Yes,Yes,Not At Risk
ST01844,22,Male,Software Engineering,76.4,68.6,34.2,67.2,4.7,2.86,9.0,Yes,Yes,At Risk
ST03821,18,Male,Computer Science,71.6,52.7,80.7,49.3,4.4,1.36,2.0,Yes,Yes,Not At Risk
ST00643,19,Male,Computer Science,80.4,47.0,69.0,69.8,9.0,3.06,3.0,Yes,No,Not At Risk
ST01476,25,Female,IT,75.6,67.8,55.9,55.7,9.3,2.75,0.0,Yes,Yes,Not At Risk
ST06020,19,Female,Data Science,78.7,58.3,59.9,46.9,3.7,2.75,0.0,No,Yes,At Risk
ST09874,18,Female,Data Science,96.7,63.2,77.2,58.8,4.1,3.73,2.0,Yes,Yes,Not At Risk
ST11337,25,Female,IT,70.1,36.5,75.2,89.6,20.0,2.64,3.0,Yes,Yes,Not At Risk
ST00943,24,Female,IT,80.3,78.6,70.6,62.0,4.5,2.33,3.0,Yes,No,Not At Risk
ST06850,20,Female,IT,98.8,45.9,70.2,45.4,5.5,2.07,3.0,Yes,Yes,Not At Risk
ST00245,23,Male,IT,61.2,85.9,35.8,28.3,8.3,2.88,3.0,Yes,No,Not At Risk
ST07810,25,Female,Computer Science,67.9,55.8,73.6,65.3,4.6,3.28,3.0,Yes,No,Not At Risk
ST07587,18,Female,Computer Science,85.5,69.8,76.4,50.7,3.0,2.55,2.0,Yes,Yes,Not At Risk
ST09880,23,Female,IT,73.3,73.8,57.7,78.2,7.0,3.43,6.0,Yes,Yes,Not At Risk
ST11016,23,Female,Computer Science,100.0,68.5,87.1,61.1,11.1,2.59,6.0,Yes,Yes,Not At Risk
ST08220,20,Male,Computer Science,70.6,67.0,45.5,33.1,7.4,2.84,2.0,Yes,No,Not At Risk
ST04827,22,Female,IT,85.0,78.6,71.0,80.2,7.3,3.48,3.0,Yes,No,Not At Risk
ST00132,22,Female,IT,76.6,78.2,48.7,98.2,4.6,1.56,8.0,Yes,No,Not At Risk
ST07567,21,Female,Computer Science,72.8,61.1,82.7,73.5,5.8,3.35,,Yes,Yes,Not At Risk
ST11236,22,Female,Data Science,67.4,63.4,89.2,67.8,11.0,2.04,3.0,Yes,Yes,Not At Risk
ST05588,22,Female,Data Science,65.8,71.9,46.9,76.6,5.2,3.5,3.0,Yes,Yes,Not At Risk
ST04908,23,Male,Data Science,84.4,62.2,64.2,68.5,2.1,2.84,5.0,No,Yes,Not At Risk
ST06179,25,Male,Data Science,76.5,63.2,52.2,79.6,4.0,2.08,5.0,Yes,No,Not At Risk
ST08680,23,Male,Data Science,83.5,72.1,83.8,47.4,4.5,3.17,4.0,Yes,No,Not At Risk
ST09217,25,Male,Computer Science,64.2,78.6,68.3,52.9,7.2,2.43,5.0,Yes,No,Not At Risk
ST06186,20,Female,Computer Science,71.1,72.0,53.4,83.1,10.5,3.35,6.0,Yes,No,Not At Risk
ST11481,22,Male,Software Engineering,54.6,68.0,45.0,69.5,3.7,3.84,4.0,Yes,Yes,At Risk
ST10634,20,Female,Software Engineering,82.6,60.9,77.6,37.8,8.9,2.79,6.0,Yes,No,At Risk
ST08100,21,Female,Computer Science,76.4,91.8,74.8,59.3,4.0,3.15,5.0,Yes,No,Not At Risk
ST02103,19,Female,IT,85.1,56.6,69.6,58.6,2.7,3.26,1.0,Yes,No,Not At Risk
ST06858,18,Female,,52.6,52.8,52.5,53.5,5.5,2.25,2.0,Yes,No,At Risk
ST10691,23,Female,IT,87.2,81.2,65.4,60.5,12.9,2.85,2.0,Yes,Yes,Not At Risk
ST05312,23,Female,Data Science,81.1,46.5,82.8,88.6,3.1,2.68,4.0,Yes,Yes,Not At Risk
ST08905,19,Female,Computer Science,87.3,48.6,82.2,44.6,4.2,2.92,5.0,Yes,Yes,Not At Risk
ST05646,23,Female,Software Engineering,79.4,57.2,67.8,75.3,1.7,2.58,3.0,Yes,No,Not At Risk
ST05772,25,Female,Data Science,72.5,50.8,67.2,63.9,7.8,2.07,5.0,Yes,Yes,At Risk
ST02438,21,Male,Data Science,73.7,84.3,72.1,54.5,4.2,1.97,5.0,Yes,Yes,Not At Risk
ST07747,24,M,Data Science,96.6,65.6,73.7,87.8,11.7,1.53,4.0,Yes,No,Not At Risk
ST09048,21,Female,IT,78.7,73.7,100.0,64.1,4.2,2.2,2.0,Yes,No,Not At Risk
ST07121,20,Female,IT,100.0,63.9,86.2,83.6,9.6,2.57,3.0,Yes,Yes,Not At Risk
ST04200,19,Female,Data Science,86.3,77.3,76.2,71.7,4.8,4.0,4.0,Yes,Yes,Not At Risk
ST09283,21,Male,IT,98.1,71.6,75.0,51.7,9.5,4.0,4.0,Yes,No,Not At Risk
ST02730,25,Female,IT,85.9,49.2,43.6,48.8,6.3,2.96,3.0,Yes,Yes,Not At Risk
ST10822,24,Female,Computer Science,58.9,48.7,56.1,89.9,4.6,2.47,1.0,Yes,No,Not At Risk
ST01592,25,M,Software Engineering,86.5,46.4,86.0,67.6,3.8,3.38,3.0,Yes,Yes,Not At Risk
ST09425,21,Male,IT,67.5,62.5,48.7,85.6,4.8,2.27,,Yes,Yes,Not At Risk
ST08023,22,Male,Computer Science,80.7,81.7,81.0,78.6,10.7,3.07,8.0,Yes,Yes,Not At Risk
ST05742,18,Male,Computer Science,93.0,53.6,93.3,72.1,8.8,3.56,2.0,Yes,No,Not At Risk
ST06265,20,Male,IT,83.2,53.8,53.0,81.6,10.4,2.58,3.0,Yes,No,Not At Risk
ST02710,19,Male,Software Engineering,96.5,47.8,100.0,79.2,4.7,3.0,4.0,Yes,No,Not At Risk
ST10717,20,Female,Computer Science,81.5,54.0,67.7,63.9,1.8,2.52,4.0,Yes,No,Not At Risk
ST09885,23,Female,Computer Science,77.0,55.4,56.6,84.2,11.9,1.96,3.0,Yes,Yes,At Risk
ST04585,19,Male,IT,100.0,80.3,85.6,56.7,3.1,3.05,1.0,Yes,No,Not At Risk
ST09426,18,Male,Data Science,76.6,79.6,75.3,46.1,1.8,3.47,4.0,Yes,Yes,Not At Risk
ST04064,23,Male,Computer Science,99.1,82.9,56.1,83.5,3.1,2.9,9.0,Yes,No,Not At Risk
ST00308,21,Female,Computer Science,91.3,69.5,27.8,74.7,4.9,3.08,6.0,Yes,Yes,Not At Risk
ST01038,18,M,Computer Science,100.0,80.0,66.7,66.0,3.7,3.67,3.0,Yes,Yes,Not At Risk
ST08536,25,Female,Computer Science,84.8,69.4,73.5,,7.5,2.53,4.0,Yes,No,Not At Risk
ST05433,23,Female,IT,96.1,79.3,95.0,46.0,5.5,1.78,1.0,Yes,No,Not At Risk
ST01143,22,Male,Data Science,89.0,73.8,53.9,49.6,2.1,1.84,4.0,Yes,Yes,Not At Risk
ST08971,18,Male,IT,94.5,77.7,55.8,82.0,2.1,2.86,4.0,Yes,No,Not At Risk
ST07198,19,Male,IT,90.4,68.6,54.9,98.9,7.7,1.81,3.0,Yes,No,Not At Risk
ST00168,19,M,IT,94.8,74.3,83.9,42.2,3.3,3.84,4.0,Yes,Yes,Not At Risk
ST08882,21,Male,Software Engineering,73.3,64.9,38.5,70.6,4.4,3.51,5.0,Yes,Yes,Not At Risk
ST06897,19,Female,Software Engineering,72.6,93.0,44.0,,8.3,3.64,3.0,Yes,Yes,Not At Risk
ST02460,18,Male,Computer Science,73.8,49.6,64.0,86.5,15.8,3.1,8.0,Yes,No,Not At Risk
ST05988,19,female,Computer Science,96.9,64.2,86.1,84.0,9.2,3.19,6.0,Yes,No,Not At Risk
ST00578,18,Female,Data Science,100.0,55.9,64.9,71.5,9.7,2.95,3.0,Yes,Yes,Not At Risk
ST01520,21,Male,IT,82.9,76.2,66.3,86.8,7.1,3.23,3.0,Yes,No,Not At Risk
ST04834,18,Male,Computer Science,78.2,50.4,83.8,64.5,14.4,3.3,7.0,Yes,No,Not At Risk
ST07395,21,Male,Computer Science,70.2,88.3,67.4,37.1,6.3,2.33,2.0,Yes,No,Not At Risk
ST10056,21,Female,Computer Science,55.0,53.6,29.4,68.2,11.6,3.17,6.0,Yes,No,At Risk
ST03468,24,Female,IT,94.5,63.4,62.0,41.0,2.9,3.64,4.0,Yes,No,Not At Risk
ST01923,19,Male,IT,80.7,69.5,84.0,84.5,8.7,2.59,2.0,Yes,Yes,Not At Risk
ST10431,20,Female,IT,73.3,74.2,56.5,68.5,7.3,3.9,3.0,Yes,Yes,At Risk
ST04338,20,Female,Computer Science,71.8,97.7,54.7,62.4,13.8,3.51,2.0,Yes,No,Not At Risk
ST10737,19,Male,Computer Science,86.3,42.0,85.8,62.3,3.6,3.24,6.0,Yes,No,At Risk
ST08796,19,Female,Computer Science,74.5,57.0,53.0,61.0,6.0,2.78,5.0,Yes,No,Not At Risk
ST11072,22,Male,Software Engineering,75.3,58.9,75.6,76.1,5.9,2.5,4.0,Yes,Yes,Not At Risk
ST06645,25,Female,IT,79.2,100.0,51.2,70.8,3.2,3.02,8.0,Yes,No,At Risk
ST08715,20,Male,Data Science,86.4,90.2,64.9,85.8,14.5,2.38,6.0,Yes,Yes,Not At Risk
ST00914,21,Female,Computer Science,88.9,49.9,59.5,61.9,4.3,4.0,3.0,Yes,Yes,Not At Risk
ST10651,25,Female,IT,61.8,81.5,67.6,87.4,7.6,2.76,3.0,Yes,Yes,Not At Risk
ST09043,24,Female,Data Science,82.6,65.4,81.3,54.8,9.0,2.86,1.0,No,No,Not At Risk
ST05737,20,Female,Computer Science,98.2,81.6,69.8,26.6,2.0,3.99,2.0,Yes,Yes,Not At Risk
ST11485,22,Male,Software Engineering,100.0,61.2,56.7,62.6,3.9,4.0,3.0,Yes,Yes,At Risk
ST00994,23,Male,Software Engineering,69.6,79.8,80.6,41.1,5.3,3.2,6.0,Yes,Yes,Not At Risk
ST11589,20,Male,Software Engineering,73.6,81.5,100.0,100.0,4.6,2.14,1.0,Yes,No,Not At Risk
ST03534,24,Female,Data Science,80.4,77.6,83.4,24.7,4.3,2.91,3.0,Yes,Yes,Not At Risk
ST04114,22,Male,IT,76.5,56.9,60.2,64.7,7.6,3.18,3.0,,Yes,Not At Risk
ST06824,22,Female,Computer Science,90.9,66.9,100.0,87.3,9.2,3.35,3.0,Yes,Yes,Not At Risk
ST03161,23,Female,Software Engineering,73.4,77.1,58.4,46.1,8.1,2.76,4.0,No,No,At Risk
ST05083,24,Male,Software Engineering,84.8,59.9,85.3,63.1,3.4,3.51,6.0,Yes,No,Not At Risk
ST09641,18,Female,Software Engineering,73.6,79.8,67.8,90.0,10.7,3.45,2.0,No,Yes,Not At Risk
ST11615,21,Male,Computer Science,92.7,79.1,55.2,61.3,12.4,2.2,4.0,Yes,Yes,Not At Risk
ST02538,23,Male,Data Science,94.7,88.1,68.1,82.4,20.2,2.2,4.0,Yes,No,Not At Risk
ST03080,20,Female,Computer Science,93.5,71.4,78.2,51.9,4.0,4.0,3.0,Yes,No,Not At Risk
ST00188,21,Female,Computer Science,86.0,58.6,47.5,66.0,6.8,3.56,6.0,Yes,No,Not At Risk
ST03363,18,Male,Computer Science,100.0,74.5,76.5,80.3,2.3,3.8,3.0,Yes,Yes,Not At Risk
ST06815,23,Male,Data Science,62.3,57.2,42.6,86.0,0.7,2.7,4.0,Yes,Yes,Not At Risk
ST01336,24,Female,IT,100.0,58.2,60.3,35.8,8.2,2.74,3.0,Yes,Yes,Not At Risk
ST08855,24,Male,IT,69.0,40.7,38.8,51.6,4.1,3.44,1.0,Yes,Yes,Not At Risk
ST06608,22,Male,Computer Science,91.8,49.9,69.6,57.1,9.2,2.86,2.0,No,No,Not At Risk
ST06322,23,Male,IT,82.4,56.2,27.2,42.2,1.0,4.0,4.0,Yes,Yes,At Risk
ST03236,21,Female,Software Engineering,62.0,93.5,56.4,72.8,4.5,3.0,2.0,Yes,Yes,Not At Risk
ST10401,24,Female,IT,63.8,63.1,53.1,69.8,2.3,3.36,4.0,Yes,No,Not At Risk
ST09055,19,Male,Computer Science,76.4,57.8,51.9,59.3,2.9,2.53,6.0,Yes,Yes,At Risk
ST11936,20,Female,Computer Science,96.2,67.4,64.3,40.8,6.9,3.23,4.0,Yes,No,Not At Risk
ST00928,21,Female,IT,95.2,51.2,79.7,28.1,3.0,1.79,5.0,Yes,Yes,Not At Risk
ST09335,20,Female,Computer Science,87.6,54.6,69.8,53.9,4.6,2.86,2.0,Yes,Yes,At Risk
ST03416,24,Female,Data Science,95.0,68.6,41.1,69.8,5.2,2.99,3.0,Yes,No,Not At Risk
ST07179,18,Male,Software Engineering,82.5,78.3,50.6,35.1,13.9,3.03,5.0,Yes,Yes,Not At Risk
ST06454,19,Female,Data Science,95.3,82.2,70.2,65.2,3.0,2.64,5.0,Yes,Yes,Not At Risk
ST02180,20,Male,Data Science,86.5,92.5,76.5,68.0,6.2,3.71,5.0,Yes,Yes,Not At Risk
ST04194,19,Male,Data Science,94.7,51.8,85.8,60.3,8.0,2.62,4.0,Yes,No,Not At Risk
ST07410,24,Female,Computer Science,79.0,60.3,63.5,40.9,2.3,3.49,5.0,Yes,Yes,Not At Risk
ST04594,21,Female,Computer Science,100.0,94.0,52.7,46.7,5.2,3.12,4.0,Yes,Yes,Not At Risk
ST06402,24,Male,Software Engineering,88.0,75.9,97.8,72.5,2.7,1.9,1.0,No,Yes,Not At Risk
ST01361,23,Male,Computer Science,82.9,68.1,51.9,75.6,5.3,3.22,5.0,Yes,Yes,Not At Risk
ST07117,19,Male,Software Engineering,91.9,61.0,76.8,69.8,2.3,3.15,5.0,Yes,Yes,Not At Risk
ST08215,21,Male,IT,100.0,85.8,64.1,49.2,2.9,2.07,7.0,No,Yes,Not At Risk
ST06721,21,Female,Computer Science,83.5,80.8,75.6,,4.7,3.21,9.0,Yes,Yes,Not At Risk
ST00751,19,Female,IT,77.4,87.4,70.2,84.2,2.6,4.0,3.0,Yes,No,Not At Risk
ST01849,20,Female,,65.2,100.0,60.5,84.7,7.6,4.0,4.0,Yes,No,Not At Risk
ST05872,23,Female,Software Engineering,81.0,58.4,32.5,60.8,8.2,1.93,4.0,Yes,Yes,Not At Risk
ST04450,24,Female,IT,85.9,48.0,73.6,46.9,3.6,3.1,4.0,Yes,No,Not At Risk
ST02442,25,Male,IT,83.9,71.5,54.0,59.8,6.9,2.96,1.0,Yes,No,Not At Risk
ST01246,21,Female,,83.3,35.5,77.1,90.2,2.5,2.38,5.0,Yes,Yes,Not At Risk
ST10846,24,Female,,91.6,48.0,59.8,35.5,1.9,4.0,3.0,Yes,Yes,Not At Risk
ST06632,20,Male,IT,76.2,78.1,58.6,63.4,3.7,3.79,8.0,Yes,No,Not At Risk
ST07854,22,Male,IT,100.0,58.1,91.6,76.4,2.2,3.82,6.0,Yes,Yes,Not At Risk
ST09323,19,Male,Software Engineering,100.0,83.2,55.8,66.3,3.1,2.96,2.0,Yes,No,Not At Risk
ST06871,25,Female,Data Science,64.4,58.2,89.5,55.9,6.7,3.2,9.0,Yes,No,Not At Risk
ST10921,18,Male,Computer Science,82.3,100.0,39.8,69.6,3.3,3.35,4.0,Yes,No,Not At Risk
ST10672,22,Male,Computer Science,81.6,62.2,79.0,80.6,2.7,2.47,1.0,Yes,No,Not At Risk
ST04731,18,Male,Computer Science,100.0,68.9,68.3,70.9,2.1,2.88,4.0,Yes,Yes,Not At Risk
ST05056,23,Male,Computer Science,71.7,36.1,74.5,54.1,3.7,3.97,3.0,Yes,No,At Risk
ST08739,21,Male,Data Science,85.9,76.7,100.0,90.3,3.3,3.15,4.0,Yes,No,Not At Risk
ST01985,19,Male,Computer Science,81.5,43.5,44.9,44.7,2.4,1.26,1.0,Yes,Yes,At Risk
ST10648,23,Female,IT,100.0,74.4,82.9,62.1,1.2,3.14,7.0,Yes,Yes,Not At Risk
ST01488,25,Male,Computer Science,100.0,55.4,88.1,50.2,1.0,2.87,5.0,Yes,Yes,Not At Risk
ST11788,23,Female,Computer Science,66.8,48.2,61.0,69.4,4.5,3.28,2.0,Yes,No,Not At Risk
ST11467,20,Female,Computer Science,90.9,79.0,47.6,92.9,2.2,3.44,9.0,Yes,Yes,Not At Risk
ST03251,25,Male,Software Engineering,78.0,68.4,48.8,69.7,5.6,2.78,1.0,Yes,No,At Risk
ST00629,20,Female,IT,77.4,54.4,86.3,51.7,16.3,2.51,0.0,Yes,Yes,Not At Risk
ST07710,18,Female,Computer Science,93.2,46.4,95.9,74.4,3.9,2.77,1.0,Yes,Yes,Not At Risk
ST06289,24,Female,Software Engineering,69.0,49.3,100.0,100.0,6.2,2.57,4.0,Yes,No,At Risk
ST09000,22,Female,IT,82.3,57.3,62.9,56.5,4.7,3.64,6.0,Yes,No,At Risk
ST10143,21,Male,Computer Science,78.6,81.8,57.9,57.2,2.5,3.06,3.0,No,No,Not At Risk
ST10704,25,Male,IT,100.0,76.6,94.2,94.7,12.4,3.64,3.0,Yes,Yes,Not At Risk
ST02322,23,Female,IT,70.8,69.0,29.0,47.9,6.3,3.55,3.0,Yes,No,Not At Risk
ST07093,20,Male,IT,86.8,69.5,68.6,47.3,4.3,3.53,4.0,Yes,No,Not At Risk
ST11779,19,Male,IT,84.1,62.6,53.2,49.5,4.9,2.9,1.0,Yes,Yes,At Risk
ST04739,23,Female,Data Science,94.8,92.0,74.3,64.7,10.1,2.94,4.0,Yes,No,Not At Risk
ST01069,21,Female,Data Science,58.0,48.4,66.2,51.8,3.4,2.33,5.0,Yes,No,At Risk
ST11905,20,Male,IT,81.3,46.9,76.9,97.6,7.3,3.26,5.0,Yes,Yes,Not At Risk
ST09740,21,M,Software Engineering,84.0,61.1,60.2,53.4,6.9,2.52,8.0,No,Yes,At Risk
ST10271,20,Female,Software Engineering,66.4,74.4,57.7,72.8,3.3,2.35,4.0,Yes,No,At Risk
ST07539,18,Male,Data Science,72.3,70.8,57.8,84.2,7.9,4.0,2.0,Yes,Yes,Not At Risk
ST01732,24,Male,Data Science,81.4,96.5,100.0,67.3,7.5,2.66,6.0,Yes,Yes,Not At Risk
ST09310,20,Male,IT,100.0,50.0,66.8,74.9,6.5,3.11,7.0,Yes,No,Not At Risk
ST07705,23,Female,Computer Science,76.8,68.6,68.8,79.1,3.7,3.01,0.0,Yes,Yes,Not At Risk
ST06753,18,Male,IT,87.0,58.9,59.9,49.9,12.1,2.13,5.0,Yes,No,Not At Risk
ST08061,18,Female,Data Science,81.0,67.3,62.5,71.8,1.8,2.77,5.0,Yes,Yes,At Risk
ST00556,25,Female,,81.1,45.9,49.5,57.2,6.3,3.22,3.0,Yes,Yes,Not At Risk
ST08523,23,Female,Software Engineering,100.0,61.6,57.5,63.0,10.1,3.16,5.0,Yes,Yes,Not At Risk
ST04040,19,Male,Software Engineering,83.1,33.4,52.4,52.0,6.7,2.46,3.0,Yes,No,Not At Risk
ST01305,22,Male,Computer Science,85.8,84.8,73.2,49.9,16.1,2.13,4.0,Yes,No,Not At Risk
ST00109,22,Male,IT,82.6,78.2,63.1,56.2,5.8,3.68,,Yes,No,At Risk
ST10505,19,Male,Data Science,71.3,50.4,45.9,40.1,7.7,2.7,5.0,Yes,Yes,At Risk
ST11232,18,Male,IT,89.3,74.3,64.1,40.5,3.9,2.5,6.0,Yes,Yes,Not At Risk
ST06435,23,Female,IT,89.9,56.5,79.2,100.0,7.4,2.31,3.0,No,No,Not At Risk
ST04700,18,Female,Data Science,81.1,70.3,95.5,66.1,7.0,3.95,5.0,Yes,Yes,Not At Risk
ST06104,23,Male,Data Science,85.0,67.9,54.4,78.8,3.1,2.31,7.0,Yes,No,Not At Risk
ST06012,23,Female,Computer Science,87.7,75.3,65.3,36.7,13.5,1.59,4.0,Yes,Yes,Not At Risk
ST11027,18,Male,Computer Science,91.9,67.9,96.7,82.7,3.8,4.0,4.0,Yes,Yes,Not At Risk
ST00493,23,Female,Computer Science,84.5,33.5,88.8,66.5,6.8,2.2,5.0,Yes,No,At Risk
ST08021,25,Female,IT,90.6,56.7,77.4,64.6,8.8,3.73,2.0,Yes,No,Not At Risk
ST01244,22,Male,Computer Science,81.4,52.4,90.5,78.0,4.5,2.72,4.0,Yes,No,Not At Risk
ST04604,20,Male,Data Science,72.8,52.9,70.5,76.8,6.6,2.72,2.0,Yes,No,Not At Risk
ST11680,25,Female,Data Science,69.4,85.5,56.4,22.3,7.8,2.48,1.0,Yes,No,At Risk
ST00456,22,Male,IT,69.8,57.0,26.0,63.5,3.3,1.9,6.0,Yes,Yes,Not At Risk
ST01441,20,Male,Data Science,82.0,64.0,77.2,90.4,5.9,3.45,3.0,Yes,No,Not At Risk
ST11397,19,Male,Software Engineering,98.6,100.0,94.1,69.8,3.5,2.1,2.0,Yes,No,Not At Risk
ST07600,20,Female,IT,75.0,51.5,65.5,43.4,7.2,3.01,2.0,Yes,No,At Risk
ST01363,25,Female,Computer Science,100.0,68.2,62.6,86.3,5.0,2.15,5.0,Yes,Yes,Not At Risk
ST02370,25,Male,Computer Science,75.9,80.0,29.1,60.5,13.0,2.91,1.0,Yes,No,Not At Risk
ST06138,21,Male,Software Engineering,80.4,59.2,69.1,80.0,4.6,1.95,3.0,Yes,Yes,Not At Risk
ST10397,19,Female,Computer Science,84.4,75.9,48.6,33.9,2.4,4.0,5.0,Yes,No,Not At Risk
ST07350,19,Female,Computer Science,91.6,100.0,46.9,67.9,4.2,3.28,5.0,Yes,No,Not At Risk
ST09319,23,Female,Computer Science,100.0,76.8,76.5,80.9,3.4,2.4,9.0,Yes,No,Not At Risk
ST10190,20,Female,Computer Science,49.9,71.9,59.8,61.1,4.6,3.08,2.0,Yes,Yes,At Risk
ST10674,23,Female,Data Science,65.9,80.8,100.0,57.2,6.2,2.86,4.0,Yes,No,Not At Risk
ST03494,18,Female,Computer Science,63.8,84.5,57.5,56.0,9.3,3.17,0.0,Yes,No,Not At Risk
ST08558,23,Male,,89.7,80.7,52.8,56.9,10.3,3.52,9.0,Yes,Yes,Not At Risk
ST11038,21,Male,Software Engineering,66.1,79.2,58.6,41.1,2.1,2.77,5.0,Yes,No,At Risk
ST10219,19,Female,Data Science,89.4,70.0,61.3,79.1,6.2,2.48,1.0,Yes,Yes,Not At Risk
ST05684,25,Female,IT,80.8,63.7,63.3,60.6,8.1,2.41,2.0,Yes,No,At Risk
ST01175,19,Female,Software Engineering,91.5,54.7,82.0,52.3,8.2,1.78,2.0,Yes,No,Not At Risk
ST01080,18,Male,Computer Science,72.1,53.7,84.0,79.5,8.9,2.33,3.0,Yes,Yes,Not At Risk
ST01513,19,Male,Computer Science,72.1,79.2,65.1,38.1,5.9,3.23,5.0,Yes,No,At Risk
ST01193,24,Female,IT,88.0,64.4,57.8,56.9,3.7,2.56,3.0,Yes,Yes,Not At Risk
ST04549,20,Female,Computer Science,83.8,97.8,64.6,49.1,10.3,3.33,4.0,Yes,Yes,Not At Risk
ST09304,21,Male,Software Engineering,68.7,67.3,78.1,53.8,5.0,3.8,7.0,Yes,Yes,Not At Risk
ST00939,21,Female,Computer Science,80.8,70.9,50.4,41.4,7.7,2.9,5.0,Yes,Yes,Not At Risk
ST01750,24,Male,Computer Science,96.9,82.3,61.6,71.7,4.9,2.54,4.0,Yes,No,Not At Risk
ST00131,24,Female,Computer Science,71.9,62.7,61.0,85.2,9.2,2.37,4.0,Yes,No,Not At Risk
ST10944,20,Male,Computer Science,90.7,82.4,56.5,35.5,12.2,2.97,7.0,Yes,No,Not At Risk
ST05942,25,Female,Software Engineering,65.6,84.6,56.5,85.0,5.3,2.74,7.0,Yes,No,At Risk
ST10179,21,Male,IT,67.6,74.4,87.5,85.8,5.2,2.59,6.0,Yes,No,Not At Risk
ST03104,20,Female,Data Science,78.1,91.0,71.7,84.0,6.3,2.65,3.0,Yes,No,Not At Risk
ST09959,18,Female,Computer Science,82.6,100.0,83.7,60.5,5.0,2.85,8.0,Yes,No,Not At Risk
ST04977,19,Female,Software Engineering,74.1,71.8,66.1,60.2,10.0,1.74,2.0,Yes,No,Not At Risk
ST00844,18,Male,Data Science,71.3,65.4,62.0,73.0,2.5,2.26,6.0,Yes,Yes,Not At Risk
ST01783,18,Male,Computer Science,67.8,77.6,49.0,53.8,5.9,1.75,3.0,Yes,Yes,Not At Risk
ST01696,24,Male,Software Engineering,77.2,79.7,46.2,49.8,6.9,3.04,6.0,Yes,No,At Risk
ST08397,24,Male,Data Science,94.8,70.4,54.8,71.9,5.5,3.63,4.0,Yes,No,Not At Risk
ST05120,22,Male,IT,66.9,69.9,67.2,42.9,16.2,2.13,3.0,Yes,Yes,Not At Risk
ST11297,24,Female,Data Science,86.9,79.3,76.1,,8.4,1.93,3.0,Yes,No,Not At Risk
ST06130,18,Male,Software Engineering,58.4,78.8,32.3,52.3,5.9,4.0,3.0,Yes,Yes,Not At Risk
ST09629,20,Male,Data Science,92.1,83.7,66.1,55.2,3.0,2.64,4.0,Yes,No,Not At Risk
ST09416,24,Male,Software Engineering,64.6,70.7,39.2,98.3,4.4,3.31,6.0,Yes,No,Not At Risk
ST06631,18,Male,IT,100.0,97.5,63.5,,2.5,2.2,6.0,Yes,Yes,Not At Risk
ST09207,20,Male,Computer Science,83.7,88.8,75.7,27.7,8.9,2.64,4.0,Yes,No,Not At Risk
ST11363,22,Male,Data Science,82.0,86.1,58.2,62.3,2.8,3.09,5.0,Yes,No,Not At Risk
ST03949,20,Male,Computer Science,80.4,80.5,60.2,36.5,3.9,3.51,3.0,No,No,Not At Risk
ST11151,24,Female,IT,66.3,76.1,97.8,55.3,15.0,3.47,10.0,Yes,Yes,Not At Risk
ST07649,22,Male,Data Science,100.0,56.3,76.3,83.5,9.0,3.26,3.0,Yes,No,Not At Risk
ST08751,19,Female,IT,99.7,73.1,58.8,47.1,7.4,2.52,3.0,Yes,No,At Risk
ST08953,18,Male,Software Engineering,76.8,49.3,13.7,68.6,3.2,2.5,4.0,Yes,No,Not At Risk
ST06829,24,Male,Data Science,96.9,58.4,88.9,53.4,10.9,3.03,8.0,Yes,Yes,Not At Risk
ST10387,21,Male,Computer Science,98.2,51.2,72.8,32.6,8.8,1.94,6.0,Yes,Yes,Not At Risk
ST02468,20,Female,Computer Science,82.5,81.3,97.5,74.7,17.7,2.92,6.0,Yes,Yes,Not At Risk
ST11070,22,Male,Computer Science,76.9,56.2,54.5,100.0,12.9,3.52,3.0,Yes,Yes,Not At Risk
ST02588,25,Female,Computer Science,93.7,58.0,59.1,70.5,6.4,2.52,9.0,Yes,No,Not At Risk
ST06434,19,Female,Software Engineering,69.0,88.7,48.6,56.8,8.3,2.95,5.0,Yes,Yes,Not At Risk
ST05282,24,Female,Data Science,90.2,56.1,87.2,59.8,4.4,3.45,2.0,Yes,Yes,Not At Risk
ST07596,25,Female,Software Engineering,74.8,74.8,63.2,43.9,2.4,1.97,4.0,Yes,No,Not At Risk
ST03023,24,Male,Data Science,85.4,62.7,78.7,64.0,5.0,2.09,4.0,Yes,No,Not At Risk
ST00562,21,Female,IT,85.2,91.6,96.0,25.5,14.2,2.09,,Yes,Yes,Not At Risk
ST02888,18,Female,IT,72.4,77.2,63.9,86.1,2.7,3.04,3.0,Yes,Yes,Not At Risk
ST04654,23,Female,Data Science,71.3,58.8,77.6,54.0,3.2,2.07,2.0,,No,At Risk
ST04251,25,Female,Computer Science,90.3,77.5,71.1,51.2,3.9,2.9,4.0,Yes,No,At Risk
ST11358,20,Female,Software Engineering,90.3,45.9,41.8,52.7,5.3,3.01,4.0,Yes,No,Not At Risk
ST07393,20,Female,Software Engineering,85.5,84.0,53.8,78.7,2.9,3.33,5.0,Yes,Yes,Not At Risk
ST09601,24,Male,IT,78.9,88.2,59.2,60.8,2.9,2.93,6.0,Yes,No,Not At Risk
ST05085,18,Male,Computer Science,95.4,69.5,61.2,73.0,9.9,3.22,7.0,Yes,No,Not At Risk
ST09484,21,Female,IT,88.4,53.9,59.6,62.0,5.0,2.09,3.0,Yes,Yes,Not At Risk
ST06486,22,Male,IT,82.4,53.0,58.8,65.3,7.1,2.98,3.0,Yes,No,Not At Risk
ST10413,20,Male,IT,90.1,61.8,67.6,65.6,5.8,3.56,6.0,Yes,No,Not At Risk
ST05626,20,Male,Software Engineering,77.6,81.3,75.7,55.4,3.4,2.62,3.0,Yes,No,Not At Risk
ST00297,25,Female,IT,87.8,72.2,27.3,37.6,6.5,2.75,3.0,Yes,Yes,Not At Risk
ST00121,23,Male,Computer Science,80.7,83.3,79.8,96.9,3.1,4.0,3.0,Yes,Yes,Not At Risk
ST08686,25,Female,Software Engineering,74.4,85.8,59.2,81.1,9.3,3.03,6.0,Yes,No,Not At Risk
ST00880,20,Male,Software Engineering,67.3,88.5,34.1,64.1,5.6,2.08,5.0,Yes,No,Not At Risk
ST05252,20,Male,Computer Science,84.0,47.0,60.0,80.8,4.3,3.26,1.0,Yes,No,Not At Risk
ST07876,23,Female,Software Engineering,54.8,59.1,69.3,51.4,2.6,3.31,7.0,Yes,No,At Risk
ST10291,23,Male,Computer Science,80.0,91.3,61.2,24.9,5.0,3.47,5.0,Yes,Yes,Not At Risk
ST03976,20,Female,IT,87.2,86.7,30.7,55.3,10.6,3.65,3.0,Yes,Yes,Not At Risk
ST04310,19,Female,Software Engineering,78.4,58.4,49.2,58.0,5.3,3.72,3.0,Yes,Yes,Not At Risk
ST04492,18,Male,Data Science,83.6,76.1,27.6,95.5,9.7,3.35,4.0,No,No,Not At Risk
ST11805,18,Male,IT,68.6,59.4,63.2,49.9,6.9,3.94,5.0,Yes,No,At Risk
ST01892,18,Female,Software Engineering,63.7,75.3,79.4,54.4,3.8,3.04,1.0,Yes,Yes,At Risk
ST10083,24,Female,Computer Science,85.3,72.5,68.9,63.6,2.4,2.48,4.0,Yes,No,Not At Risk
ST02741,18,Male,IT,90.3,100.0,66.6,81.7,3.0,2.68,2.0,Yes,Yes,Not At Risk
ST11366,24,Male,Software Engineering,78.7,77.7,89.6,60.4,5.1,2.91,7.0,Yes,No,Not At Risk
ST02264,18,Male,IT,53.2,70.5,48.0,64.8,1.1,2.82,0.0,Yes,Yes,Not At Risk
ST05576,18,Male,Software Engineering,86.4,65.6,56.2,58.5,7.7,2.61,2.0,Yes,No,Not At Risk
ST05390,22,Male,IT,100.0,98.9,59.1,100.0,12.5,2.98,3.0,Yes,No,Not At Risk
ST08383,21,Female,IT,80.1,76.0,66.7,70.6,2.4,2.62,5.0,,Yes,Not At Risk
ST07562,24,Female,Software Engineering,86.8,41.3,59.3,25.2,3.6,3.75,5.0,Yes,Yes,Not At Risk
ST00752,20,Female,Computer Science,70.1,27.4,68.2,52.8,11.6,3.3,4.0,Yes,Yes,At Risk
ST09541,21,Male,Computer Science,82.4,84.0,72.9,58.1,9.3,2.68,4.0,Yes,Yes,At Risk
ST03422,23,Male,Software Engineering,65.0,44.5,46.9,53.1,2.4,2.26,1.0,Yes,No,At Risk
ST10932,22,Male,Data Science,90.5,70.8,85.8,71.9,6.2,3.5,2.0,Yes,Yes,Not At Risk
ST07144,22,Male,IT,78.5,51.6,70.7,51.2,2.8,2.45,4.0,,No,Not At Risk
ST09524,23,Female,Computer Science,96.3,73.3,72.1,57.0,11.9,2.94,4.0,Yes,Yes,Not At Risk
ST11491,21,Female,IT,76.7,52.5,95.1,50.9,10.2,3.0,3.0,Yes,No,Not At Risk
ST07514,20,Female,Software Engineering,79.0,55.2,64.5,56.0,7.3,2.57,1.0,Yes,Yes,Not At Risk
ST05065,25,Male,IT,73.7,67.1,60.9,72.2,4.7,2.32,3.0,Yes,Yes,At Risk
ST09440,20,Female,Software Engineering,85.5,74.6,71.0,70.5,7.0,2.71,0.0,Yes,No,Not At Risk
ST11958,21,Male,,93.1,85.8,63.1,63.3,9.9,2.42,3.0,Yes,No,Not At Risk
ST07964,23,Female,IT,79.4,65.4,62.2,69.4,2.1,1.85,5.0,Yes,No,Not At Risk
ST04432,22,Female,Computer Science,96.9,75.6,46.4,61.6,2.8,1.77,7.0,Yes,Yes,Not At Risk
ST05712,25,Female,,82.0,77.4,67.9,69.1,5.6,2.92,4.0,Yes,No,Not At Risk
ST07154,25,Male,Data Science,65.4,58.9,56.5,80.3,2.5,2.41,4.0,Yes,Yes,Not At Risk
ST07250,20,Male,Data Science,84.6,54.4,74.6,43.1,8.8,2.96,4.0,Yes,Yes,Not At Risk
ST02930,22,Male,IT,85.9,62.1,67.7,71.5,4.3,3.64,6.0,Yes,No,Not At Risk
ST02604,22,Female,Software Engineering,69.2,77.0,46.7,36.6,5.5,3.44,3.0,Yes,No,Not At Risk
ST01451,25,Male,Data Science,72.9,57.4,55.1,84.9,6.7,2.69,3.0,Yes,No,Not At Risk
ST01107,21,Female,Data Science,72.2,53.2,50.3,27.1,3.2,1.9,6.0,Yes,No,At Risk
ST03615,19,Female,Software Engineering,65.5,75.5,81.0,91.7,3.4,2.65,4.0,Yes,Yes,Not At Risk
ST07861,19,Male,Software Engineering,71.0,78.3,75.8,63.7,6.9,3.23,2.0,Yes,Yes,Not At Risk
ST11205,24,Female,IT,90.7,57.5,54.1,94.2,12.9,2.9,4.0,Yes,No,Not At Risk
ST08037,20,Female,IT,80.0,77.9,57.6,93.6,8.6,3.44,5.0,Yes,No,Not At Risk
ST06262,19,Male,IT,64.0,44.5,61.8,84.5,6.1,3.2,2.0,Yes,Yes,Not At Risk
ST08412,21,Female,Computer Science,88.9,65.0,65.2,82.1,4.6,2.5,5.0,Yes,No,Not At Risk
ST04593,20,Male,Computer Science,84.8,63.6,78.4,57.2,3.9,3.71,4.0,Yes,Yes,Not At Risk
ST10215,19,Female,IT,85.7,72.2,55.8,52.6,8.5,2.13,5.0,Yes,Yes,Not At Risk
ST09022,25,Female,Data Science,80.4,58.9,54.0,48.9,3.6,3.25,1.0,Yes,No,Not At Risk
ST04155,21,Female,Computer Science,96.9,74.1,49.1,47.1,6.5,3.36,5.0,Yes,No,Not At Risk
ST11091,24,Female,Data Science,62.7,44.9,85.2,66.6,2.5,3.27,4.0,Yes,No,Not At Risk
ST11449,18,Female,Data Science,82.5,80.4,35.6,77.8,1.4,2.84,4.0,Yes,Yes,Not At Risk
ST09291,21,Female,Software Engineering,84.9,80.9,50.4,32.6,3.7,1.82,1.0,Yes,Yes,Not At Risk
ST00536,20,Male,Software Engineering,78.8,58.5,60.8,59.8,9.1,3.44,3.0,Yes,No,Not At Risk
ST01944,24,Female,Computer Science,72.4,74.1,55.4,99.5,4.7,2.58,2.0,Yes,No,Not At Risk
ST00628,18,Male,Computer Science,89.4,71.0,75.7,67.8,5.4,4.0,3.0,Yes,Yes,Not At Risk
ST06496,21,Female,IT,73.4,96.9,78.0,61.4,6.8,3.47,1.0,Yes,Yes,Not At Risk
ST03045,19,Female,Data Science,97.1,71.7,54.3,53.8,8.9,3.5,10.0,Yes,No,Not At Risk
ST04940,24,Male,Software Engineering,77.3,91.4,59.6,57.2,12.4,2.83,5.0,Yes,No,Not At Risk
ST08280,20,Female,IT,74.0,58.7,39.0,67.3,1.2,2.78,2.0,Yes,Yes,At Risk
ST01323,23,Female,Computer Science,89.9,93.1,68.4,58.0,2.6,1.54,4.0,Yes,No,Not At Risk
ST00320,22,Male,Software Engineering,95.0,86.2,37.5,54.5,11.0,2.35,3.0,Yes,No,Not At Risk
ST01990,21,Male,Software Engineering,89.8,47.4,58.2,58.2,2.1,3.22,2.0,Yes,No,Not At Risk
ST00821,19,Male,Data Science,99.0,71.0,59.4,48.4,10.2,2.77,0.0,Yes,Yes,Not At Risk
ST07525,24,Male,Data Science,90.6,87.0,55.7,82.5,6.4,1.86,5.0,Yes,No,Not At Risk
ST08355,18,Male,IT,76.7,86.1,25.5,63.9,10.5,3.76,1.0,Yes,No,Not At Risk
ST07458,24,Male,Data Science,74.8,74.2,83.2,41.7,6.2,2.55,4.0,Yes,No,Not At Risk
ST07897,22,Male,Computer Science,100.0,75.4,61.2,53.9,3.4,2.71,3.0,Yes,No,At Risk
ST11627,22,Male,Computer Science,68.7,68.7,56.6,31.6,5.3,3.82,3.0,Yes,No,Not At Risk
ST00825,23,Female,Data Science,82.6,66.3,89.2,60.9,1.0,2.16,6.0,Yes,Yes,Not At Risk
ST01626,18,Male,Data Science,86.2,92.7,66.6,75.9,12.8,2.41,5.0,Yes,No,Not At Risk
ST01364,19,Female,IT,73.2,76.2,63.2,83.4,3.1,2.08,6.0,Yes,No,Not At Risk
ST09359,19,Female,IT,92.1,70.3,67.6,49.3,7.4,2.51,7.0,Yes,No,Not At Risk
ST04610,23,Female,Data Science,68.5,80.7,73.9,35.6,3.5,2.37,4.0,Yes,No,At Risk
ST01585,20,Female,IT,78.6,59.7,56.6,80.5,5.7,2.48,6.0,Yes,No,Not At Risk
ST11537,24,Female,IT,77.5,59.1,67.5,53.4,0.3,2.12,3.0,Yes,Yes,At Risk
ST09813,24,Female,IT,94.5,57.5,62.2,58.1,2.3,2.8,5.0,Yes,No,Not At Risk
ST05268,18,Male,Data Science,76.3,55.0,62.4,67.6,4.4,2.8,4.0,Yes,Yes,Not At Risk
ST11480,24,Male,IT,86.5,64.9,56.3,64.9,4.3,3.09,6.0,No,No,Not At Risk
ST03877,18,Female,IT,83.8,60.1,53.9,58.4,3.5,3.13,5.0,Yes,Yes,Not At Risk
ST07161,23,Female,Computer Science,85.3,39.1,65.5,67.6,2.8,2.69,5.0,Yes,Yes,Not At Risk
ST00634,20,Female,Computer Science,73.2,46.3,57.1,33.2,1.6,3.18,3.0,Yes,No,Not At Risk
ST04569,25,Female,IT,71.9,57.7,52.9,81.2,9.7,2.01,4.0,Yes,No,At Risk
ST03932,24,Female,Data Science,93.3,48.2,61.0,65.2,10.2,1.58,5.0,Yes,Yes,Not At Risk
ST11465,20,Female,Software Engineering,92.9,67.5,74.9,74.2,8.2,3.04,2.0,Yes,Yes,Not At Risk
ST00806,24,Male,Computer Science,81.2,54.6,67.5,43.1,11.8,2.44,10.0,Yes,No,Not At Risk
ST08207,25,Female,Computer Science,95.4,64.8,39.0,61.9,6.4,2.76,3.0,,No,Not At Risk
ST08609,19,Female,IT,65.6,78.0,73.7,,3.7,2.51,7.0,Yes,No,Not At Risk
ST00216,20,Female,Data Science,91.6,45.1,62.4,54.5,6.5,2.06,4.0,Yes,Yes,Not At Risk
ST08878,22,Male,Computer Science,86.2,69.1,36.0,40.4,2.3,2.79,4.0,Yes,No,Not At Risk
ST05628,25,Female,IT,68.4,56.0,64.6,86.9,4.1,2.29,6.0,Yes,No,At Risk
ST07650,19,Female,IT,84.6,64.1,55.5,66.3,2.8,3.68,3.0,Yes,No,Not At Risk
ST09652,24,Female,Data Science,72.3,92.8,78.1,38.3,3.4,3.45,8.0,Yes,Yes,Not At Risk
ST02649,19,Female,Software Engineering,82.2,77.5,59.9,37.8,10.4,3.89,6.0,,No,Not At Risk
ST04858,20,Male,Computer Science,68.5,88.3,84.0,69.0,7.1,3.19,5.0,Yes,Yes,At Risk
ST00898,18,Female,Software Engineering,59.2,84.2,79.9,70.2,11.4,2.56,3.0,No,No,Not At Risk
ST00165,25,Female,Data Science,80.6,74.3,43.5,55.9,10.3,3.57,2.0,Yes,No,Not At Risk
ST02312,23,Female,Software Engineering,88.5,74.9,74.7,62.6,4.1,2.86,3.0,Yes,No,Not At Risk
ST02794,18,Male,Data Science,92.6,44.9,100.0,63.6,2.9,2.52,9.0,Yes,No,Not At Risk
ST00862,24,Female,IT,52.2,72.5,72.2,29.8,7.4,2.37,9.0,Yes,No,Not At Risk
ST02510,19,Male,IT,79.9,55.7,66.1,59.9,4.9,3.0,3.0,Yes,Yes,Not At Risk
ST07687,20,Female,,95.9,62.8,30.4,66.5,3.2,2.95,4.0,,Yes,Not At Risk
ST00410,25,Male,Software Engineering,80.3,77.8,77.3,64.4,3.8,2.94,3.0,Yes,No,Not At Risk
ST04170,21,Male,Computer Science,61.0,66.1,54.8,68.3,5.2,2.06,4.0,Yes,No,Not At Risk
ST07431,22,Female,Computer Science,79.4,74.1,49.9,76.4,7.5,1.91,2.0,Yes,Yes,Not At Risk
ST02516,25,Male,IT,59.5,81.4,55.1,19.0,5.4,3.5,1.0,No,Yes,At Risk
ST06603,18,Female,Data Science,87.4,60.4,62.3,67.7,7.2,2.29,3.0,Yes,No,Not At Risk
ST09313,20,Male,Computer Science,83.5,71.2,77.1,76.8,6.3,3.51,6.0,Yes,No,Not At Risk
ST09225,24,Male,Data Science,100.0,81.4,49.5,65.7,5.5,3.56,6.0,Yes,Yes,Not At Risk
ST00572,20,Female,Software Engineering,80.0,70.3,57.4,52.1,4.8,2.74,0.0,Yes,Yes,Not At Risk
ST03165,19,Male,Computer Science,98.3,49.5,61.1,35.1,7.2,3.29,6.0,Yes,Yes,Not At Risk
ST04995,22,Female,Computer Science,67.3,76.2,40.4,48.4,7.7,3.2,4.0,Yes,No,Not At Risk
ST09728,19,Male,IT,84.1,65.0,67.9,86.6,7.9,4.0,3.0,Yes,No,Not At Risk
ST06947,21,Male,Software Engineering,67.2,70.2,77.8,60.6,3.8,3.13,6.0,Yes,Yes,At Risk
ST05386,19,Male,Data Science,67.2,55.9,67.6,50.9,3.4,2.72,2.0,Yes,No,Not At Risk
ST07551,22,Male,Software Engineering,85.9,57.4,61.2,68.0,4.7,2.81,6.0,Yes,Yes,Not At Risk
ST00523,22,Male,Software Engineering,59.6,93.1,54.2,46.0,6.5,2.52,3.0,Yes,Yes,Not At Risk
ST10947,18,Female,IT,90.0,69.7,69.4,47.2,2.3,2.84,3.0,Yes,Yes,Not At Risk
ST05707,18,Male,Data Science,89.1,59.1,51.1,72.3,2.7,3.0,1.0,Yes,Yes,Not At Risk
ST07625,25,Female,Computer Science,78.0,82.2,55.3,54.5,11.0,2.32,0.0,Yes,No,Not At Risk
ST07830,19,Male,IT,83.1,85.2,82.0,43.8,5.5,2.96,6.0,Yes,Yes,Not At Risk
ST08117,25,Female,IT,93.7,64.9,85.0,42.7,7.6,2.74,4.0,Yes,No,Not At Risk
ST02901,22,Male,Software Engineering,73.5,49.1,88.3,96.4,4.4,4.0,4.0,Yes,No,Not At Risk
ST04565,18,Female,Computer Science,88.2,64.3,79.0,96.5,6.8,3.28,3.0,Yes,Yes,Not At Risk
ST02991,21,Female,Software Engineering,61.6,94.7,55.9,78.0,14.7,1.53,5.0,Yes,No,Not At Risk
ST03395,24,Female,Computer Science,100.0,69.6,54.0,94.8,6.9,3.1,3.0,Yes,No,Not At Risk
ST00659,25,Female,Computer Science,88.5,70.9,72.6,66.1,10.1,3.55,1.0,Yes,No,Not At Risk
ST05235,25,Female,IT,78.3,43.7,82.0,76.7,2.2,2.69,4.0,Yes,No,Not At Risk
ST09493,23,Male,Software Engineering,91.2,40.4,56.1,66.6,5.1,2.83,1.0,Yes,Yes,Not At Risk
ST10488,18,Male,Software Engineering,100.0,34.5,65.5,50.8,10.0,3.28,5.0,Yes,No,Not At Risk
ST02157,20,Female,Data Science,86.9,71.6,79.3,65.9,4.8,2.83,8.0,Yes,Yes,Not At Risk
ST09333,20,Male,Computer Science,53.0,66.2,64.5,74.3,7.3,2.4,4.0,Yes,No,Not At Risk
ST08997,20,Female,Data Science,71.2,64.8,89.8,57.6,2.6,2.34,6.0,Yes,No,At Risk
ST09816,20,Male,Computer Science,50.5,72.1,63.3,74.4,10.6,3.02,4.0,Yes,Yes,At Risk
ST02185,19,Male,Computer Science,75.0,84.1,100.0,79.4,1.4,2.8,2.0,Yes,Yes,Not At Risk
ST04583,23,Female,Software Engineering,73.0,94.6,80.2,,3.9,3.2,3.0,Yes,No,Not At Risk
ST08854,22,Male,IT,97.1,56.3,84.8,53.5,7.4,3.2,1.0,No,Yes,Not At Risk
ST03710,21,Male,Software Engineering,70.8,78.3,71.9,55.0,3.3,3.03,2.0,Yes,Yes,Not At Risk
ST06845,18,Female,Computer Science,67.4,59.3,74.0,66.4,3.8,3.27,2.0,,No,Not At Risk
ST02342,24,Male,Software Engineering,84.2,70.3,63.7,60.4,5.8,4.0,8.0,Yes,No,Not At Risk
ST03185,20,Female,IT,63.8,90.0,68.1,79.1,7.3,3.43,3.0,Yes,No,Not At Risk
ST03213,24,Female,Software Engineering,82.6,59.0,80.1,85.1,1.4,1.91,6.0,No,Yes,Not At Risk
ST10256,20,Female,Software Engineering,72.2,62.8,80.4,59.4,9.5,3.33,4.0,Yes,Yes,Not At Risk
ST06825,18,Female,Data Science,93.6,98.1,65.0,59.0,3.7,3.04,5.0,Yes,No,Not At Risk
ST07727,18,Male,Software Engineering,100.0,89.7,76.5,63.9,11.3,2.84,4.0,Yes,Yes,Not At Risk
ST00325,24,Female,Software Engineering,79.0,82.3,76.6,72.5,4.0,4.0,5.0,Yes,Yes,Not At Risk
ST00879,19,Male,Software Engineering,65.5,79.5,73.7,49.2,13.6,2.29,5.0,Yes,Yes,Not At Risk
ST06502,23,Female,Computer Science,79.5,59.5,34.9,72.3,2.9,2.25,5.0,Yes,Yes,Not At Risk
ST10350,25,Female,Software Engineering,94.2,43.9,51.6,83.3,3.3,2.32,1.0,Yes,No,Not At Risk
ST04838,19,Male,IT,74.8,51.1,55.2,70.2,8.4,1.66,3.0,Yes,No,Not At Risk
ST00229,18,Female,Software Engineering,96.6,78.7,55.7,84.3,0.9,1.74,5.0,Yes,No,Not At Risk
ST03644,21,Male,Software Engineering,100.0,82.8,50.2,60.8,14.3,3.0,7.0,No,Yes,Not At Risk
ST06986,19,Female,Software Engineering,84.0,66.2,37.3,80.9,3.4,3.4,3.0,Yes,No,Not At Risk
ST07415,18,Male,Computer Science,87.0,56.7,69.7,100.0,1.7,3.48,4.0,Yes,No,At Risk
ST10840,21,Female,IT,86.6,85.4,65.0,84.6,3.1,3.15,1.0,Yes,No,Not At Risk
ST08932,20,Female,IT,74.9,67.0,65.1,66.1,8.3,2.34,0.0,Yes,No,Not At Risk
ST05153,25,Male,Data Science,84.8,80.2,80.2,26.8,7.6,2.98,5.0,Yes,No,Not At Risk
ST10756,23,Male,Computer Science,76.4,76.4,46.6,44.1,7.3,3.17,3.0,Yes,No,At Risk
ST05521,22,Female,Data Science,100.0,23.9,61.8,59.8,6.3,3.38,6.0,Yes,No,Not At Risk
ST09888,20,Female,Data Science,86.8,73.6,100.0,45.0,5.7,3.07,2.0,Yes,No,Not At Risk
ST11930,20,Female,Data Science,89.9,54.9,60.3,52.2,3.5,2.29,2.0,Yes,No,Not At Risk
ST05512,18,Male,IT,59.9,83.6,64.1,64.2,6.5,3.21,6.0,Yes,No,Not At Risk
ST10743,20,Female,Computer Science,89.3,52.1,74.5,69.2,6.1,1.67,6.0,Yes,No,Not At Risk
ST10892,18,Female,Software Engineering,64.2,40.3,95.0,46.4,6.6,2.93,3.0,Yes,Yes,Not At Risk
ST00294,24,Male,Software Engineering,83.9,51.2,89.2,45.4,4.8,3.3,3.0,Yes,Yes,Not At Risk
ST11807,22,Female,Computer Science,89.9,29.5,61.7,64.9,3.1,3.67,4.0,Yes,No,Not At Risk
ST09380,19,Male,Data Science,80.5,82.1,73.4,67.2,4.5,4.0,5.0,Yes,Yes,Not At Risk
ST00890,20,Male,Data Science,97.6,36.4,47.7,77.6,6.5,1.97,1.0,No,Yes,Not At Risk
ST03857,22,Female,Computer Science,82.4,44.8,78.6,63.2,1.6,2.68,7.0,Yes,No,Not At Risk
ST11917,18,Female,Computer Science,70.2,88.8,72.9,50.8,2.3,1.92,2.0,Yes,No,At Risk
ST08580,18,Male,Software Engineering,62.6,37.6,70.2,48.5,1.3,3.95,1.0,Yes,Yes,Not At Risk
ST09833,23,Female,,80.8,82.4,66.5,57.7,7.4,3.68,4.0,Yes,No,Not At Risk
ST11585,20,Male,IT,67.6,88.0,55.6,100.0,8.6,3.4,5.0,Yes,Yes,Not At Risk
ST10957,23,Male,Computer Science,95.0,69.2,76.2,59.1,4.7,2.08,1.0,Yes,Yes,Not At Risk
ST02093,24,Female,Software Engineering,71.8,76.4,61.3,66.0,4.8,3.36,4.0,Yes,Yes,Not At Risk
ST00451,22,Male,Computer Science,69.7,52.5,68.3,42.4,6.9,2.49,6.0,Yes,Yes,Not At Risk
ST09325,22,Male,Data Science,73.1,79.1,55.0,43.6,5.8,3.45,2.0,No,No,Not At Risk
ST01266,25,Female,Software Engineering,95.7,76.3,59.9,53.3,4.9,3.22,7.0,Yes,Yes,Not At Risk
ST03123,25,Male,IT,89.7,69.4,100.0,61.8,2.1,2.56,4.0,Yes,No,Not At Risk
ST02647,25,Male,,84.3,60.9,71.0,57.2,5.8,3.89,4.0,Yes,No,Not At Risk
ST09278,23,Female,Software Engineering,90.4,45.6,73.6,72.1,6.0,1.87,2.0,Yes,No,Not At Risk
ST03752,23,Male,Software Engineering,80.4,80.0,53.6,85.6,9.4,2.26,5.0,Yes,Yes,Not At Risk
ST11691,21,Male,Data Science,80.0,61.0,68.6,63.5,2.1,2.69,5.0,Yes,No,Not At Risk
ST09960,19,Female,Data Science,94.8,74.9,56.7,55.2,8.3,1.73,0.0,Yes,No,Not At Risk
ST11771,21,Male,Software Engineering,99.6,70.5,54.7,68.2,6.3,2.97,6.0,Yes,No,Not At Risk
ST07674,21,Female,Data Science,77.1,73.3,93.6,80.3,4.7,3.29,3.0,Yes,No,Not At Risk
ST11427,21,Female,Software Engineering,75.9,47.2,57.9,57.7,6.0,2.89,5.0,Yes,No,Not At Risk
ST11886,25,Male,Data Science,73.2,95.2,62.3,79.1,5.1,2.41,7.0,Yes,Yes,Not At Risk
ST06548,20,Female,IT,83.2,66.7,79.6,81.7,3.1,2.83,,No,Yes,Not At Risk
ST01243,20,Male,Computer Science,69.7,76.0,77.9,59.8,25.0,2.66,4.0,Yes,No,Not At Risk
ST06014,21,Female,Computer Science,100.0,59.7,68.1,92.7,1.1,3.19,4.0,Yes,Yes,Not At Risk
ST00623,20,Female,Computer Science,100.0,66.7,48.6,100.0,7.3,3.34,5.0,No,Yes,Not At Risk
ST05687,24,Male,Data Science,96.6,84.8,66.9,74.6,7.7,3.45,4.0,Yes,No,Not At Risk
ST05927,23,Male,IT,99.6,55.7,69.2,85.8,9.2,2.61,2.0,No,No,Not At Risk
ST04087,19,Female,Software Engineering,95.7,70.4,70.5,52.6,1.9,2.08,4.0,Yes,No,Not At Risk
ST06150,20,Male,Computer Science,64.5,82.4,78.9,70.8,4.1,2.93,7.0,Yes,Yes,Not At Risk
ST06754,24,Female,Computer Science,78.7,68.8,59.8,55.8,2.1,1.77,5.0,Yes,Yes,Not At Risk
ST04474,19,Female,Software Engineering,86.3,60.5,57.1,60.3,10.2,2.78,7.0,Yes,Yes,At Risk
ST02578,20,Female,Software Engineering,89.3,90.3,33.3,71.1,1.3,2.51,3.0,Yes,Yes,Not At Risk
ST03288,19,Female,Data Science,78.3,71.8,69.7,81.0,3.2,2.42,0.0,Yes,Yes,Not At Risk
ST02224,21,Female,Software Engineering,84.1,69.3,75.1,86.5,7.1,2.9,8.0,Yes,Yes,Not At Risk
ST05035,23,Female,Data Science,91.5,84.3,54.9,73.8,3.5,3.09,5.0,Yes,No,Not At Risk
ST06208,23,Female,IT,64.5,88.3,48.2,59.6,5.0,3.91,4.0,Yes,No,Not At Risk
ST07535,25,Female,Computer Science,83.9,81.5,46.7,56.0,5.1,3.0,4.0,Yes,No,Not At Risk
ST07373,24,Male,Data Science,100.0,60.2,45.2,84.4,3.1,3.37,4.0,Yes,No,Not At Risk
ST05764,22,Male,Software Engineering,83.4,77.1,63.9,96.1,6.8,2.71,6.0,Yes,No,Not At Risk
ST02665,18,Female,IT,58.5,49.7,64.6,59.8,6.6,4.0,3.0,Yes,No,Not At Risk
ST07800,22,Female,Data Science,75.8,64.8,83.1,60.0,7.0,2.8,3.0,Yes,Yes,At Risk
ST04451,24,Female,Data Science,71.0,40.2,53.8,64.0,7.4,3.19,5.0,Yes,Yes,Not At Risk
ST09299,24,Female,Software Engineering,88.0,82.6,80.2,55.6,4.2,3.37,6.0,Yes,Yes,Not At Risk
ST01775,23,Female,Computer Science,81.8,42.5,78.9,70.4,5.8,3.21,6.0,Yes,No,Not At Risk
ST07126,19,Male,IT,76.8,53.3,67.7,49.5,6.8,3.03,5.0,Yes,Yes,Not At Risk
ST00249,22,Male,IT,70.3,53.0,77.6,80.5,10.9,2.23,4.0,Yes,No,Not At Risk
ST06290,18,Male,Software Engineering,78.3,61.9,48.2,79.1,9.8,2.73,8.0,Yes,No,Not At Risk
ST06865,22,Female,Computer Science,90.8,69.6,72.7,38.3,6.2,3.56,7.0,Yes,Yes,At Risk
ST11307,19,Female,IT,84.0,31.6,74.6,87.0,9.1,4.0,3.0,Yes,No,Not At Risk
ST06740,24,Female,IT,70.4,100.0,59.0,87.6,5.3,2.95,3.0,Yes,No,Not At Risk
ST11764,20,Female,Computer Science,70.6,80.9,30.7,78.4,2.8,3.35,7.0,Yes,No,Not At Risk
ST08067,18,Male,Data Science,77.3,54.7,55.2,63.9,13.7,3.14,2.0,No,No,Not At Risk
ST06830,18,Female,Computer Science,92.1,73.3,68.2,56.8,2.4,2.51,4.0,Yes,Yes,Not At Risk
ST02953,23,Female,Computer Science,83.1,83.0,61.7,92.8,4.3,2.08,7.0,Yes,Yes,Not At Risk
ST03354,24,Female,Computer Science,81.2,77.2,74.8,95.1,5.9,2.15,7.0,Yes,No,Not At Risk
ST00424,18,Female,Software Engineering,83.6,96.8,33.3,74.6,7.4,2.25,7.0,Yes,No,Not At Risk
ST07691,21,Female,Computer Science,78.6,77.6,59.4,52.8,9.0,3.5,3.0,Yes,Yes,Not At Risk
ST07945,20,Female,IT,71.8,90.3,69.4,65.3,4.0,2.22,4.0,Yes,Yes,Not At Risk
ST11770,21,Male,IT,90.1,75.5,76.3,61.4,9.1,4.0,2.0,Yes,No,Not At Risk
ST07304,25,Female,Computer Science,82.1,68.3,28.2,69.0,3.6,3.04,3.0,Yes,Yes,Not At Risk
ST03293,19,Male,Computer Science,86.2,65.3,66.1,100.0,2.8,3.0,3.0,Yes,Yes,At Risk
ST04373,22,Male,Data Science,73.6,69.0,51.0,43.0,1.1,3.79,3.0,Yes,No,Not At Risk
ST02352,25,Male,Data Science,75.9,54.6,59.8,67.3,8.2,3.24,1.0,Yes,Yes,Not At Risk
ST10571,18,Male,Data Science,85.8,62.6,68.1,57.7,5.0,2.77,3.0,Yes,No,Not At Risk
ST09130,25,Male,IT,97.3,57.6,64.8,62.4,7.5,3.67,5.0,Yes,Yes,Not At Risk
ST10107,18,Male,Software Engineering,94.1,65.0,59.3,86.9,4.9,4.0,5.0,Yes,No,Not At Risk
ST04574,20,Male,Software Engineering,67.4,100.0,43.4,89.4,13.2,3.51,3.0,Yes,No,Not At Risk
ST07773,23,Male,IT,89.2,66.6,50.5,78.7,3.0,3.43,1.0,Yes,Yes,Not At Risk
ST00284,23,Male,IT,85.9,91.7,62.7,47.9,14.2,3.77,5.0,Yes,No,Not At Risk
ST08040,22,Female,Data Science,99.7,54.0,58.3,53.6,1.1,2.09,2.0,,No,Not At Risk
ST08521,18,Female,Data Science,100.0,62.8,96.0,100.0,11.5,2.85,6.0,Yes,Yes,Not At Risk
ST10845,21,Female,Computer Science,86.3,52.4,66.8,87.0,5.7,1.88,5.0,Yes,Yes,Not At Risk
ST11371,25,Female,IT,89.3,66.5,77.3,55.7,5.4,2.67,5.0,Yes,No,Not At Risk
ST02454,22,Female,Software Engineering,76.0,66.1,61.9,,8.0,2.82,2.0,Yes,No,Not At Risk
ST06720,20,Male,IT,82.2,59.1,61.8,56.0,9.3,3.06,2.0,Yes,No,Not At Risk
ST08930,21,Female,Computer Science,53.2,74.8,67.1,77.8,5.7,2.72,4.0,Yes,No,At Risk
ST03518,23,Female,Computer Science,100.0,40.5,73.0,51.4,12.8,2.85,4.0,Yes,No,Not At Risk
ST09063,25,Male,Computer Science,88.0,86.2,58.4,95.8,2.2,1.91,3.0,Yes,No,Not At Risk
ST05625,21,Male,IT,92.0,66.7,64.0,36.3,8.7,2.77,6.0,Yes,Yes,Not At Risk
ST07288,25,Male,Computer Science,94.4,51.0,58.3,74.9,7.1,2.49,2.0,Yes,No,Not At Risk
ST07543,19,Male,IT,87.3,71.1,69.2,52.2,5.0,2.51,1.0,Yes,Yes,At Risk
ST10946,22,Male,Data Science,77.4,70.9,82.6,72.4,7.8,3.36,8.0,Yes,Yes,Not At Risk
ST10940,18,Male,Data Science,74.9,50.7,75.7,72.0,1.7,2.24,5.0,Yes,No,Not At Risk
ST09529,24,Female,Software Engineering,85.9,96.3,84.4,90.7,10.1,3.41,4.0,Yes,Yes,Not At Risk
ST06585,24,Female,Computer Science,82.3,78.0,71.0,59.1,9.7,1.6,4.0,Yes,No,Not At Risk
ST07680,24,Female,Software Engineering,84.5,61.3,65.8,83.2,3.1,2.78,8.0,Yes,Yes,At Risk
ST10068,19,Male,Computer Science,87.0,66.4,61.8,76.1,0.9,2.1,4.0,Yes,Yes,Not At Risk
ST06164,21,Male,Software Engineering,100.0,59.6,88.8,74.9,10.9,2.72,6.0,Yes,Yes,Not At Risk
ST02786,19,Male,IT,81.9,72.6,72.1,56.4,7.5,3.19,3.0,Yes,Yes,Not At Risk
ST01453,20,Female,Computer Science,96.2,67.4,69.8,100.0,7.3,3.18,9.0,Yes,No,Not At Risk
ST03407,19,Female,IT,74.6,87.1,43.2,56.4,2.3,3.79,5.0,Yes,Yes,Not At Risk
ST03852,24,Female,Software Engineering,78.3,83.0,67.4,62.4,3.5,3.47,1.0,Yes,No,Not At Risk
ST08859,18,Male,Computer Science,59.2,99.1,86.3,70.6,2.0,3.64,6.0,Yes,No,Not At Risk
ST05112,23,Female,Computer Science,79.3,47.7,35.3,66.3,7.4,2.25,3.0,Yes,No,Not At Risk
ST09354,19,Female,IT,80.5,79.0,62.1,58.8,6.0,3.44,5.0,Yes,No,Not At Risk
ST02426,24,Female,Data Science,92.0,73.2,79.6,100.0,6.8,2.24,3.0,Yes,No,Not At Risk
ST10175,18,Male,Data Science,71.2,92.5,66.5,66.5,3.0,3.12,4.0,Yes,Yes,Not At Risk
ST06031,21,Male,Data Science,74.2,48.1,54.4,46.8,13.3,3.51,3.0,Yes,No,Not At Risk
ST08463,21,Male,Software Engineering,69.1,54.8,76.6,50.1,5.4,1.07,2.0,Yes,No,At Risk
ST02078,23,Male,IT,82.1,66.5,67.6,57.7,13.0,4.0,3.0,Yes,Yes,Not At Risk
ST05170,20,Female,IT,67.9,59.6,98.3,35.2,4.0,1.76,7.0,Yes,Yes,At Risk
ST02565,23,Female,IT,83.7,81.7,63.5,51.1,3.7,2.53,4.0,Yes,No,Not At Risk
ST06668,21,Female,Computer Science,100.0,75.4,79.5,35.9,3.2,3.48,1.0,Yes,No,Not At Risk
ST09913,24,Male,Data Science,87.4,73.1,84.7,70.1,3.4,3.44,0.0,Yes,No,Not At Risk
ST00849,19,Female,IT,86.0,85.2,59.7,65.0,6.8,2.95,,Yes,Yes,Not At Risk
ST11106,25,Female,Software Engineering,75.4,76.6,51.8,50.5,2.6,2.36,3.0,Yes,No,Not At Risk
ST02766,18,Female,Computer Science,94.6,57.3,28.8,38.6,8.2,2.31,6.0,Yes,No,Not At Risk
ST08142,23,Female,Software Engineering,83.1,86.7,32.9,36.6,11.8,2.65,3.0,Yes,No,Not At Risk
ST11046,20,Male,Computer Science,92.6,83.3,84.4,61.2,3.2,2.52,7.0,Yes,Yes,Not At Risk
ST11131,20,Male,Computer Science,65.7,57.0,40.1,26.4,10.5,2.06,6.0,Yes,No,At Risk
ST05292,22,Male,Computer Science,83.5,57.9,55.2,41.4,13.7,2.97,8.0,Yes,Yes,At Risk
ST08706,24,Female,Data Science,76.4,69.9,69.2,54.7,4.5,3.31,6.0,Yes,Yes,Not At Risk
ST04207,23,Male,Computer Science,74.6,83.0,50.5,42.1,3.2,3.81,3.0,Yes,Yes,Not At Risk
ST09244,21,Female,Software Engineering,98.0,43.5,51.8,63.5,1.0,2.93,3.0,Yes,Yes,Not At Risk
ST02009,20,Male,Software Engineering,76.2,47.8,70.3,63.7,4.6,2.77,3.0,Yes,No,Not At Risk
ST07130,22,Male,Software Engineering,97.6,64.4,45.5,30.9,3.5,4.0,3.0,Yes,No,Not At Risk
ST03076,24,Male,IT,69.7,49.8,58.6,51.2,11.1,3.27,3.0,Yes,No,Not At Risk
ST09443,22,Male,Computer Science,78.7,75.1,72.4,49.2,8.1,3.01,3.0,Yes,Yes,At Risk
ST07444,19,Male,Data Science,83.9,59.5,100.0,72.1,1.9,3.56,2.0,Yes,No,Not At Risk
ST00531,24,Male,Software Engineering,94.9,64.1,46.5,47.3,5.7,3.57,3.0,Yes,Yes,Not At Risk
ST00695,20,Female,Data Science,65.0,66.2,83.6,72.2,1.6,2.02,2.0,Yes,Yes,At Risk
ST07306,23,Female,Computer Science,77.4,90.9,65.5,81.4,12.2,1.67,5.0,Yes,No,At Risk
ST04623,21,Female,Computer Science,89.9,62.0,77.2,47.0,6.6,3.61,4.0,Yes,Yes,Not At Risk
ST11745,21,Male,Computer Science,75.9,99.7,63.3,58.5,3.4,2.84,5.0,Yes,No,Not At Risk
ST11463,25,Female,Computer Science,98.6,66.7,98.3,8.7,7.0,3.59,4.0,Yes,No,Not At Risk
ST00007,24,Female,Software Engineering,83.4,74.3,55.3,32.8,10.1,4.0,3.0,Yes,Yes,Not At Risk
ST04873,22,Female,Software Engineering,87.7,83.7,54.6,76.3,7.4,2.16,4.0,Yes,No,Not At Risk
ST11790,22,Male,Data Science,90.5,46.2,80.3,100.0,4.3,3.18,1.0,Yes,Yes,Not At Risk
ST01299,23,Male,IT,56.9,77.6,69.6,42.9,3.7,3.7,2.0,Yes,Yes,Not At Risk
ST04950,19,Male,Software Engineering,84.3,36.1,80.3,77.1,9.1,2.7,4.0,Yes,No,At Risk
ST06249,20,Female,Software Engineering,100.0,65.6,76.4,68.0,2.1,2.7,5.0,Yes,Yes,Not At Risk
ST05572,20,Female,Software Engineering,79.9,67.7,30.9,74.2,6.0,2.43,5.0,Yes,No,At Risk
ST11918,24,Female,Computer Science,80.6,74.5,86.4,61.0,3.2,2.7,2.0,Yes,No,Not At Risk
ST07233,19,Male,Computer Science,86.0,94.1,90.0,67.2,7.2,2.22,4.0,Yes,No,Not At Risk
ST01438,21,Female,Software Engineering,78.7,69.6,57.5,48.3,3.2,2.74,4.0,Yes,Yes,Not At Risk
ST03596,18,Male,Software Engineering,71.3,85.6,77.4,57.1,5.6,2.37,3.0,Yes,No,Not At Risk
ST07799,25,Female,Computer Science,90.5,55.8,67.6,59.0,4.3,1.95,3.0,Yes,No,Not At Risk
ST01728,23,Male,Computer Science,86.0,76.2,77.1,54.8,8.0,2.7,5.0,Yes,No,Not At Risk
ST08710,25,Male,IT,100.0,73.0,90.9,87.3,4.9,4.0,4.0,Yes,Yes,Not At Risk
ST03962,24,M,Computer Science,84.2,91.2,54.5,35.7,11.0,2.68,4.0,Yes,Yes,Not At Risk
ST07043,18,female,Data Science,82.0,68.3,43.0,65.4,5.9,3.2,6.0,Yes,Yes,Not At Risk
ST11620,21,Female,Data Science,72.8,74.4,85.9,77.5,6.6,2.17,8.0,Yes,Yes,Not At Risk
ST11049,21,Male,IT,90.7,78.5,70.8,53.3,8.3,3.55,3.0,Yes,No,Not At Risk
ST00233,22,Female,IT,81.7,76.5,43.5,71.0,1.9,2.59,7.0,Yes,No,Not At Risk
ST00541,20,Male,Software Engineering,81.2,62.3,64.7,57.8,8.0,3.15,5.0,Yes,No,Not At Risk
ST05070,20,Female,Software Engineering,72.4,56.2,61.6,78.3,9.5,2.52,1.0,Yes,No,Not At Risk
ST06364,18,Female,Data Science,86.1,74.4,59.6,89.4,6.0,2.86,6.0,Yes,No,Not At Risk
ST11871,19,Female,Computer Science,67.6,63.5,53.8,88.9,9.9,2.62,2.0,Yes,No,Not At Risk
ST00684,23,Male,Computer Science,85.7,56.0,78.2,54.0,11.1,3.43,,Yes,No,Not At Risk
ST03780,18,Male,Data Science,98.9,82.4,42.5,52.5,5.3,3.48,2.0,Yes,No,Not At Risk
ST10009,22,Female,IT,65.2,74.7,60.5,66.3,7.3,2.25,3.0,Yes,No,Not At Risk
ST11287,25,Female,Software Engineering,66.2,66.1,83.3,63.7,10.2,2.78,1.0,Yes,Yes,Not At Risk
ST07538,22,Male,Software Engineering,93.2,69.0,63.5,57.9,8.6,2.52,5.0,Yes,No,Not At Risk
ST01830,24,Male,Computer Science,100.0,100.0,67.7,90.5,6.1,3.65,6.0,Yes,No,Not At Risk
ST10815,19,Male,IT,91.5,48.0,54.6,72.4,2.5,2.71,3.0,No,Yes,Not At Risk
ST01663,18,Female,IT,83.6,74.7,46.5,92.4,12.0,3.01,2.0,Yes,No,Not At Risk
ST03552,21,Female,IT,94.6,91.0,100.0,32.6,6.6,1.89,5.0,Yes,Yes,Not At Risk
ST02866,21,Male,IT,89.0,67.0,68.4,63.3,3.6,2.72,5.0,No,No,Not At Risk
ST00618,24,Male,Computer Science,80.1,51.5,65.8,84.0,7.5,3.83,4.0,Yes,No,Not At Risk
ST00705,24,Female,Computer Science,82.4,85.4,68.2,62.0,6.6,2.27,4.0,Yes,No,Not At Risk
ST03182,25,Male,IT,91.3,71.6,75.0,59.7,0.9,3.3,1.0,Yes,Yes,Not At Risk
ST00830,19,Female,Data Science,85.0,59.7,91.3,74.0,2.2,3.78,3.0,Yes,No,Not At Risk
ST01805,18,Male,Software Engineering,80.7,60.2,71.4,76.1,24.4,2.94,3.0,Yes,No,Not At Risk
ST00550,24,Female,Computer Science,75.0,75.6,78.8,67.4,4.0,4.0,5.0,Yes,No,Not At Risk
ST01948,25,Female,Data Science,74.3,40.7,78.3,87.5,7.3,2.53,,Yes,Yes,Not At Risk
ST10786,22,Male,IT,90.9,80.8,77.4,90.1,4.3,2.71,4.0,Yes,Yes,Not At Risk
ST00483,21,Female,Software Engineering,85.8,80.6,72.5,52.6,2.2,3.62,3.0,No,No,Not At Risk
ST06287,24,Male,Software Engineering,89.6,79.7,70.7,92.6,4.2,3.44,5.0,Yes,No,Not At Risk
ST04991,20,Female,Software Engineering,65.4,73.5,66.3,73.1,5.6,4.0,3.0,Yes,Yes,Not At Risk
ST01676,24,Male,Computer Science,91.9,70.4,86.5,45.9,6.3,3.56,6.0,Yes,No,Not At Risk
ST04261,23,Male,Computer Science,84.1,72.3,65.3,47.8,2.8,1.34,5.0,Yes,No,At Risk
ST07708,22,Male,IT,91.7,88.8,78.0,57.2,4.6,2.94,1.0,Yes,Yes,Not At Risk
ST03049,23,Female,Computer Science,82.0,65.2,75.9,95.4,6.0,2.44,5.0,Yes,No,Not At Risk
ST07792,24,Female,Computer Science,73.9,87.9,57.4,35.1,13.4,3.02,1.0,Yes,No,Not At Risk
ST05473,22,Male,Computer Science,76.3,86.4,74.2,49.7,17.0,2.95,3.0,Yes,Yes,Not At Risk
ST05730,22,Male,Computer Science,83.0,60.3,33.6,66.3,9.0,2.45,2.0,Yes,Yes,Not At Risk
ST10178,24,Female,Data Science,100.0,74.6,55.6,54.1,4.0,2.57,0.0,Yes,No,Not At Risk
ST04814,22,Male,Computer Science,71.5,60.8,60.9,44.3,3.5,3.13,5.0,Yes,No,At Risk
ST00906,19,Male,Computer Science,67.4,57.1,74.8,69.7,8.2,2.39,1.0,Yes,Yes,Not At Risk
ST00905,19,Female,Computer Science,77.4,58.0,73.2,49.3,2.2,3.24,2.0,Yes,Yes,Not At Risk
ST10112,18,Male,IT,69.0,70.7,52.2,41.0,7.8,2.56,2.0,Yes,No,Not At Risk
ST07733,24,Male,Software Engineering,75.2,93.8,57.0,83.4,4.1,4.0,5.0,Yes,No,Not At Risk
ST02761,19,Male,Computer Science,62.7,64.2,58.1,45.2,1.7,3.01,4.0,Yes,No,At Risk
ST09967,20,Female,Software Engineering,84.9,76.6,55.2,89.8,3.1,3.01,2.0,Yes,Yes,Not At Risk
ST04228,22,Male,Computer Science,79.7,75.8,81.0,61.7,1.8,3.47,2.0,Yes,Yes,Not At Risk
ST03057,21,Male,Computer Science,93.8,56.7,85.1,87.1,3.0,2.55,8.0,Yes,Yes,Not At Risk
ST08098,18,Female,Software Engineering,79.3,47.9,53.2,41.4,3.9,3.23,7.0,Yes,Yes,At Risk
ST01134,25,Female,Software Engineering,85.2,73.7,68.6,80.5,2.4,2.13,4.0,Yes,Yes,Not At Risk
ST11173,18,Male,IT,76.0,47.6,43.4,74.0,4.9,2.95,2.0,Yes,Yes,Not At Risk
ST05346,25,Female,Data Science,79.8,76.8,71.8,77.0,3.5,4.0,7.0,Yes,No,Not At Risk
ST07011,18,Female,Computer Science,78.9,61.3,73.5,99.7,6.2,2.39,5.0,Yes,Yes,Not At Risk
ST08233,18,Male,Computer Science,77.4,72.2,79.1,79.4,2.5,3.16,2.0,Yes,No,Not At Risk
ST09842,25,Female,Computer Science,70.5,68.9,74.3,69.6,6.6,2.75,2.0,Yes,Yes,Not At Risk
ST07569,19,Female,Computer Science,91.2,74.1,54.9,45.6,5.8,3.52,3.0,Yes,Yes,Not At Risk
ST09020,23,Male,IT,88.0,84.7,53.0,64.1,4.3,3.14,3.0,Yes,Yes,Not At Risk
ST11019,19,Male,Software Engineering,74.2,61.7,68.0,70.1,1.2,1.73,2.0,Yes,No,At Risk
ST09494,18,Male,Data Science,78.3,75.2,37.2,60.9,4.5,2.61,3.0,Yes,No,Not At Risk
ST05596,22,Male,Computer Science,85.5,67.4,64.6,70.0,4.0,3.05,5.0,Yes,No,Not At Risk
ST11499,22,Male,Data Science,93.2,74.8,87.8,58.8,11.6,2.25,5.0,Yes,Yes,Not At Risk
ST03836,25,Female,Data Science,67.1,87.8,54.1,63.1,8.2,3.31,1.0,Yes,No,Not At Risk
ST03229,22,Male,Data Science,72.2,72.2,66.5,71.3,9.3,1.28,6.0,,Yes,At Risk
ST00041,20,Female,Software Engineering,81.8,59.3,73.1,41.8,4.3,2.71,5.0,Yes,No,Not At Risk
ST11996,20,Female,IT,100.0,36.6,81.8,72.2,1.1,2.74,8.0,No,Yes,Not At Risk
ST08515,25,Male,Data Science,78.6,76.0,73.0,61.2,3.2,2.41,4.0,Yes,Yes,Not At Risk
ST09428,25,Male,Software Engineering,64.8,75.3,61.6,44.2,3.2,4.0,3.0,Yes,No,Not At Risk
ST09742,19,Female,Data Science,89.9,57.4,80.8,33.7,5.4,2.39,5.0,No,Yes,At Risk
ST10049,21,Male,Data Science,99.9,57.7,44.5,68.2,5.4,1.99,6.0,Yes,No,Not At Risk
ST04025,25,Female,Data Science,79.9,65.6,54.0,90.6,5.2,2.68,5.0,Yes,Yes,Not At Risk
ST05611,24,Female,Software Engineering,93.4,46.9,53.9,62.4,3.0,2.74,5.0,Yes,Yes,Not At Risk
ST00327,19,Female,IT,86.1,57.0,57.4,52.9,4.4,3.04,5.0,Yes,No,Not At Risk
ST03051,23,Female,Computer Science,81.5,38.8,63.5,50.0,9.2,2.74,2.0,Yes,Yes,Not At Risk
ST03548,25,Female,Software Engineering,74.2,81.9,98.1,86.3,2.5,3.11,7.0,Yes,No,Not At Risk
ST11303,23,Female,Software Engineering,100.0,66.3,51.6,57.7,1.6,3.12,3.0,Yes,No,Not At Risk
ST02558,23,Female,IT,83.6,56.6,48.3,69.2,2.8,2.22,4.0,Yes,No,Not At Risk
ST06642,18,Male,Computer Science,66.7,82.8,79.2,91.9,7.9,3.98,2.0,Yes,Yes,Not At Risk
ST05959,22,Male,Computer Science,83.7,82.4,99.1,57.3,3.6,4.0,4.0,Yes,No,Not At Risk
ST10852,21,Male,Data Science,69.7,72.1,48.6,85.4,1.3,3.08,2.0,Yes,No,Not At Risk
ST09175,23,Male,Software Engineering,100.0,65.8,80.7,75.2,16.8,3.0,4.0,Yes,Yes,Not At Risk
ST01609,19,Female,Software Engineering,85.5,43.6,29.7,96.0,5.1,2.05,9.0,Yes,Yes,Not At Risk
ST01131,19,Male,Software Engineering,64.4,75.4,69.6,94.8,4.0,3.26,5.0,Yes,Yes,Not At Risk
ST02661,20,Male,Computer Science,58.3,47.5,62.3,76.0,20.8,3.09,5.0,Yes,Yes,Not At Risk
ST04011,25,Male,Software Engineering,100.0,53.3,76.2,66.8,8.9,3.58,3.0,Yes,No,Not At Risk
ST11861,22,Female,Computer Science,67.2,70.3,61.8,67.0,7.8,2.97,2.0,Yes,No,Not At Risk
ST11005,23,Male,Computer Science,90.3,63.1,90.7,46.9,11.3,2.83,3.0,Yes,No,Not At Risk
ST11355,18,Male,Computer Science,91.5,100.0,56.7,68.3,4.5,3.6,5.0,Yes,Yes,Not At Risk
ST02902,18,Female,Computer Science,52.4,56.8,67.8,69.3,14.5,2.77,9.0,Yes,No,Not At Risk
ST00961,25,Male,Software Engineering,78.2,46.4,52.8,75.5,2.4,3.54,7.0,Yes,No,Not At Risk
ST04389,19,Female,Computer Science,90.9,43.3,72.8,82.6,6.2,3.35,4.0,Yes,No,Not At Risk
ST04361,19,Male,Computer Science,87.7,65.0,10.8,82.4,15.6,2.28,3.0,Yes,Yes,Not At Risk
ST10912,18,Female,Software Engineering,78.7,87.4,54.9,73.4,4.2,4.0,6.0,Yes,No,Not At Risk
ST11731,22,Female,Software Engineering,82.2,60.2,62.0,84.0,12.3,2.98,4.0,Yes,No,Not At Risk
ST09699,18,Male,IT,82.1,65.1,96.2,49.9,7.0,2.25,4.0,Yes,No,Not At Risk
ST09378,21,Male,Computer Science,79.7,64.9,68.0,73.9,6.0,3.48,4.0,Yes,No,Not At Risk
ST07630,22,Female,Computer Science,64.1,69.1,49.9,57.2,6.2,2.6,6.0,Yes,No,Not At Risk
ST08230,24,Female,Computer Science,55.0,70.4,46.7,68.9,4.6,2.04,7.0,Yes,No,Not At Risk
ST09563,23,Male,Computer Science,100.0,73.9,54.2,18.9,6.3,2.52,3.0,Yes,No,Not At Risk
ST01606,18,Male,Software Engineering,83.9,57.9,63.0,72.0,6.8,3.05,6.0,Yes,No,Not At Risk
ST01632,18,Male,Computer Science,91.4,87.9,48.9,66.7,8.4,2.56,3.0,Yes,No,Not At Risk
ST08321,22,Male,Data Science,77.6,42.1,78.0,49.1,0.5,2.76,5.0,Yes,Yes,Not At Risk
ST03715,22,Male,IT,78.6,73.8,29.2,63.1,9.6,3.83,5.0,Yes,No,Not At Risk
ST08520,19,Male,Software Engineering,75.3,72.3,67.2,36.9,7.6,2.87,3.0,Yes,No,Not At Risk
ST05249,20,Female,Software Engineering,73.0,66.7,68.4,63.7,7.2,2.66,2.0,Yes,No,Not At Risk
ST09099,20,Female,Software Engineering,62.9,92.1,56.3,54.5,8.6,3.18,3.0,No,No,Not At Risk
ST02143,18,Female,Computer Science,95.0,53.9,62.8,,7.7,1.66,7.0,Yes,No,At Risk
ST06813,18,Female,Software Engineering,85.2,71.6,55.2,62.6,1.0,3.26,2.0,Yes,Yes,Not At Risk
ST04987,22,Male,,83.1,70.0,49.5,62.5,10.8,3.03,4.0,Yes,No,Not At Risk
ST09213,20,Male,Software Engineering,100.0,77.4,80.5,69.8,1.6,2.86,3.0,Yes,Yes,Not At Risk
ST02576,23,Female,Data Science,91.5,71.1,62.3,70.9,5.6,2.89,5.0,Yes,No,Not At Risk
ST05806,24,Female,Computer Science,79.8,87.0,83.9,81.4,8.0,2.98,3.0,Yes,No,Not At Risk
ST03374,18,Male,IT,90.7,86.7,76.9,63.5,8.0,2.32,8.0,Yes,No,Not At Risk
ST02666,19,Female,Software Engineering,84.4,53.2,41.4,58.4,6.9,3.94,6.0,Yes,Yes,Not At Risk
ST08051,23,Female,Data Science,77.6,59.0,57.4,54.3,4.7,3.07,4.0,Yes,No,At Risk
ST09599,20,Male,Software Engineering,72.6,88.2,80.5,63.2,4.4,2.22,4.0,Yes,No,Not At Risk
ST05674,19,Male,Software Engineering,87.5,53.8,63.3,68.4,8.0,3.24,4.0,Yes,No,Not At Risk
ST06459,25,Female,Software Engineering,100.0,80.2,87.3,64.1,6.2,2.47,7.0,,No,Not At Risk
ST11772,24,Female,Computer Science,100.0,44.3,81.8,47.1,12.0,3.12,6.0,No,Yes,At Risk
ST07062,25,Male,IT,84.2,75.3,54.5,50.7,11.9,3.33,6.0,Yes,No,Not At Risk
ST04203,24,Female,Data Science,89.4,25.7,52.1,47.8,13.2,3.77,4.0,Yes,Yes,At Risk
ST06391,19,Male,IT,92.0,66.0,50.0,54.6,2.9,2.2,4.0,Yes,No,Not At Risk
ST03404,23,Male,Computer Science,77.5,69.1,71.9,46.1,9.7,2.38,2.0,Yes,No,Not At Risk
ST10714,22,Female,Computer Science,69.3,85.2,48.6,62.8,3.6,3.74,1.0,Yes,Yes,Not At Risk
ST06774,20,Male,Software Engineering,84.8,85.4,51.7,68.9,4.7,2.9,3.0,Yes,No,Not At Risk
ST05122,21,Female,Data Science,97.3,56.5,75.2,65.8,2.3,3.62,2.0,Yes,Yes,Not At Risk
ST02532,25,Male,Software Engineering,68.0,45.8,52.9,47.0,7.4,2.72,3.0,Yes,Yes,Not At Risk
ST03295,23,Female,IT,74.1,64.2,61.0,73.5,4.1,3.0,8.0,Yes,Yes,Not At Risk
ST03462,18,Male,Software Engineering,98.2,68.8,75.6,57.1,10.5,2.27,4.0,Yes,Yes,Not At Risk
ST07496,25,Male,Computer Science,82.4,59.9,70.7,80.5,1.8,2.85,6.0,Yes,No,Not At Risk
ST02299,23,Female,IT,83.3,39.0,67.8,51.8,5.1,2.83,3.0,Yes,Yes,At Risk
ST01019,22,Male,Software Engineering,97.6,68.1,59.4,68.7,4.4,2.85,3.0,Yes,Yes,Not At Risk
ST06874,21,Male,Software Engineering,78.6,60.0,76.3,61.5,1.4,2.79,4.0,Yes,Yes,At Risk
ST04120,18,Male,Software Engineering,76.2,55.9,65.9,77.3,4.7,3.35,4.0,Yes,Yes,Not At Risk
ST07341,18,Male,IT,94.2,52.9,68.8,82.6,2.3,1.63,4.0,Yes,No,Not At Risk
ST04772,19,Female,Computer Science,73.2,92.6,79.3,82.4,2.5,3.33,2.0,Yes,Yes,Not At Risk
ST09687,21,Male,,79.2,75.5,76.5,64.1,10.4,3.42,6.0,Yes,No,Not At Risk
ST05092,18,Male,IT,97.9,63.7,70.9,63.0,6.5,2.66,7.0,No,No,Not At Risk
ST09736,25,Male,Software Engineering,100.0,74.2,33.0,67.4,14.8,2.8,1.0,Yes,Yes,Not At Risk
ST06571,22,Female,Data Science,100.0,62.7,87.0,72.4,7.2,2.52,3.0,Yes,No,Not At Risk
ST10367,20,Male,Computer Science,69.7,90.0,43.5,45.4,4.0,2.74,5.0,Yes,Yes,Not At Risk
ST00697,18,Female,IT,74.7,45.7,74.8,66.2,0.7,3.93,3.0,Yes,Yes,Not At Risk
ST04418,24,Male,Data Science,76.8,62.6,69.9,43.7,5.8,3.43,5.0,Yes,No,At Risk
ST03257,23,Female,Data Science,98.5,70.9,48.8,57.0,6.2,3.46,6.0,Yes,Yes,Not At Risk
ST02540,19,Female,IT,90.8,73.0,57.6,68.4,4.2,3.8,5.0,Yes,No,Not At Risk
ST07979,19,Male,Software Engineering,90.2,28.6,58.1,71.5,2.3,2.71,2.0,No,No,At Risk
ST11839,20,Female,Computer Science,52.4,68.4,88.9,36.5,2.5,3.48,4.0,Yes,Yes,Not At Risk
ST10266,21,Female,Software Engineering,91.2,77.7,56.7,77.2,5.7,2.93,3.0,No,No,Not At Risk
ST03533,25,Female,IT,90.0,38.7,61.1,72.8,2.6,2.14,5.0,Yes,Yes,Not At Risk
ST08649,20,Male,IT,99.7,90.8,67.4,66.5,5.4,3.63,4.0,Yes,No,Not At Risk
ST07007,18,Male,Computer Science,90.4,73.1,77.2,38.7,3.8,3.29,6.0,Yes,No,Not At Risk
ST05949,21,Male,IT,63.3,87.7,49.5,90.6,6.2,3.0,3.0,Yes,No,Not At Risk
ST01132,20,Male,Computer Science,85.2,58.5,73.9,77.9,4.9,2.71,4.0,Yes,Yes,Not At Risk
ST11466,21,Male,Computer Science,71.9,86.5,55.5,75.5,4.6,1.29,,Yes,Yes,Not At Risk
ST08598,20,Male,IT,77.7,66.1,59.2,56.3,4.4,3.09,1.0,No,Yes,Not At Risk
ST08331,21,Male,Computer Science,89.6,37.8,76.8,50.4,10.8,3.15,5.0,Yes,Yes,Not At Risk
ST06767,25,Female,Data Science,73.7,50.2,62.8,51.0,1.9,2.96,3.0,Yes,Yes,Not At Risk
ST02399,24,Male,Software Engineering,64.6,65.6,68.2,72.4,8.5,2.97,5.0,Yes,No,Not At Risk
ST11314,24,Male,IT,82.7,70.1,57.6,60.9,5.9,2.37,5.0,,Yes,Not At Risk
ST02594,24,Male,Computer Science,89.7,63.4,89.0,65.5,12.4,3.18,2.0,Yes,Yes,Not At Risk
ST02697,23,Male,Software Engineering,84.5,37.2,65.4,61.3,3.5,2.71,9.0,Yes,No,At Risk
ST06924,19,Female,Computer Science,81.1,48.0,57.0,79.4,6.0,2.57,7.0,Yes,No,Not At Risk
ST09624,25,Male,IT,85.5,70.8,66.3,81.0,8.5,1.74,3.0,Yes,No,Not At Risk
ST03483,20,Male,Computer Science,100.0,77.0,39.4,56.8,8.3,3.85,2.0,Yes,Yes,Not At Risk
ST03776,19,Male,IT,60.4,28.0,77.6,60.0,3.9,4.0,2.0,Yes,Yes,At Risk
ST02372,19,Female,Software Engineering,86.1,88.4,89.0,82.4,4.2,3.45,7.0,Yes,No,Not At Risk
ST02612,19,Female,Data Science,91.4,51.4,57.5,79.0,2.0,2.94,1.0,Yes,No,Not At Risk
ST01908,24,Female,Data Science,61.1,52.8,46.9,72.9,4.1,2.55,2.0,Yes,No,At Risk
ST11741,19,Female,Data Science,83.0,55.2,52.5,57.3,5.4,3.23,3.0,Yes,No,Not At Risk
ST00915,23,Female,Data Science,100.0,78.3,83.4,61.4,9.1,3.03,6.0,Yes,No,Not At Risk
ST09284,25,Male,Computer Science,83.1,86.0,82.9,93.4,4.4,3.03,4.0,Yes,Yes,Not At Risk
ST01925,24,Female,Software Engineering,73.2,71.4,52.3,58.5,4.9,3.66,1.0,Yes,No,Not At Risk
ST02725,22,Female,Software Engineering,90.6,57.6,71.9,65.1,10.1,3.15,9.0,Yes,Yes,At Risk
ST08563,25,Male,IT,84.6,71.5,53.6,62.3,5.0,2.64,1.0,Yes,No,Not At Risk
ST06722,21,Male,IT,76.7,53.5,76.5,53.6,8.7,1.48,4.0,Yes,No,Not At Risk
ST09007,23,Female,IT,63.9,73.9,46.4,44.3,3.8,2.7,3.0,Yes,No,Not At Risk
ST04412,25,Male,Software Engineering,69.6,74.6,53.5,71.5,3.7,3.15,2.0,No,Yes,Not At Risk
ST05059,22,Female,Software Engineering,81.7,73.4,62.1,39.5,5.0,3.1,3.0,Yes,No,Not At Risk
ST02881,24,Male,Computer Science,66.3,51.1,80.5,78.0,6.3,2.07,3.0,Yes,Yes,Not At Risk
ST07693,21,Male,Computer Science,84.4,69.4,36.6,71.4,8.6,2.76,4.0,Yes,Yes,Not At Risk
ST08584,18,Female,Computer Science,75.8,73.1,44.2,74.4,7.9,3.08,3.0,Yes,No,Not At Risk
ST07816,20,Female,Software Engineering,85.7,66.0,53.9,100.0,7.5,2.85,2.0,Yes,No,Not At Risk
ST07212,23,Female,Data Science,75.7,72.6,64.9,80.0,13.2,3.07,3.0,Yes,No,Not At Risk
ST08076,24,Female,IT,99.0,66.9,57.0,54.5,5.9,2.69,3.0,Yes,No,Not At Risk
ST02191,18,Male,Software Engineering,86.2,71.7,72.1,63.5,6.9,3.62,1.0,Yes,Yes,Not At Risk
ST10164,20,Female,Computer Science,77.0,63.0,87.8,67.4,3.5,3.06,7.0,Yes,No,Not At Risk
ST01957,18,Female,Data Science,93.9,52.8,48.0,59.7,3.3,2.78,7.0,Yes,No,Not At Risk
ST01034,24,Male,Computer Science,75.5,71.2,93.6,70.2,6.1,3.9,,Yes,Yes,Not At Risk
ST11704,23,Female,IT,73.8,43.3,85.4,67.9,1.6,1.22,2.0,Yes,No,At Risk
ST07336,20,Male,IT,75.6,69.2,84.6,55.0,11.8,3.69,2.0,Yes,Yes,Not At Risk
ST10834,20,Female,Computer Science,79.3,75.4,70.9,35.7,6.5,2.89,5.0,Yes,No,Not At Risk
ST02654,20,Female,Software Engineering,54.8,40.2,66.1,57.4,14.3,2.49,2.0,No,Yes,Not At Risk
ST01786,21,Male,IT,62.1,72.5,89.0,81.7,6.3,2.52,2.0,Yes,No,Not At Risk
ST06868,21,Female,Computer Science,95.2,67.9,72.3,71.9,5.3,2.98,2.0,Yes,Yes,Not At Risk
ST09838,19,Male,Computer Science,67.5,55.4,60.9,55.6,5.0,3.55,4.0,Yes,No,At Risk
ST05485,24,Male,Data Science,73.0,61.4,74.1,65.2,3.7,3.11,8.0,Yes,Yes,Not At Risk
ST04379,22,Female,Computer Science,58.6,77.2,83.2,68.8,19.2,2.96,3.0,,Yes,Not At Risk
ST05779,21,Female,Computer Science,80.3,84.4,62.4,89.9,10.1,3.04,4.0,Yes,Yes,Not At Risk
ST03191,25,Female,IT,62.2,49.2,59.8,67.9,2.1,3.06,0.0,Yes,No,Not At Risk
ST04346,25,Male,Data Science,74.3,61.4,39.5,64.8,20.1,1.49,5.0,Yes,Yes,Not At Risk
ST04859,23,Female,Data Science,81.1,68.6,77.6,83.1,15.7,3.32,1.0,Yes,No,Not At Risk
ST06789,23,Male,Computer Science,80.6,80.3,69.3,63.9,2.7,2.92,2.0,Yes,No,Not At Risk
ST01006,20,Female,IT,79.6,55.7,82.9,41.2,3.4,2.82,5.0,No,No,Not At Risk
ST06192,18,Female,Data Science,94.5,72.8,45.7,85.3,13.2,2.69,3.0,Yes,No,Not At Risk
ST09419,21,Female,Software Engineering,66.5,72.3,60.3,58.4,1.1,4.0,4.0,Yes,No,Not At Risk
ST08929,24,Male,IT,86.9,64.7,71.3,63.8,1.7,2.59,5.0,Yes,Yes,Not At Risk
ST07767,23,Female,Data Science,84.4,59.3,38.8,68.7,5.8,2.61,2.0,Yes,Yes,At Risk
ST05420,25,Female,IT,87.8,52.9,62.9,30.2,6.4,2.64,1.0,Yes,Yes,At Risk
ST01010,21,Male,Software Engineering,76.3,63.0,77.2,31.8,6.4,3.23,9.0,Yes,No,Not At Risk
ST04421,20,Female,Data Science,77.9,74.2,67.8,65.6,2.9,4.0,4.0,Yes,No,Not At Risk
ST05682,20,Male,,77.5,64.4,54.1,75.2,3.2,2.71,4.0,Yes,Yes,Not At Risk
ST04680,24,Female,Software Engineering,74.2,62.4,71.2,66.3,12.9,3.33,2.0,Yes,Yes,Not At Risk
ST05892,20,Female,IT,75.9,48.8,74.8,54.9,3.9,4.0,1.0,Yes,Yes,Not At Risk
ST07575,18,Female,Software Engineering,81.1,66.4,51.4,85.4,2.0,1.82,7.0,Yes,No,Not At Risk
ST06280,25,Male,IT,77.8,50.0,55.2,91.3,11.9,2.64,3.0,Yes,No,Not At Risk
ST10926,24,Female,Software Engineering,86.2,82.1,55.8,59.2,3.3,1.78,1.0,Yes,No,Not At Risk
ST02973,23,Male,IT,70.5,76.7,88.3,58.7,6.9,2.42,4.0,Yes,No,Not At Risk
ST03819,20,Female,Computer Science,75.4,44.1,66.7,44.4,4.3,2.8,6.0,Yes,No,At Risk
ST08619,25,Male,Computer Science,80.5,45.6,74.0,77.8,14.3,2.61,1.0,Yes,No,Not At Risk
ST00773,20,Male,Computer Science,96.0,83.2,100.0,42.4,6.0,3.02,5.0,Yes,No,Not At Risk
ST07612,20,Female,Computer Science,63.3,93.3,71.4,47.4,9.2,2.0,7.0,Yes,No,Not At Risk
ST02929,18,Female,IT,87.5,58.3,73.3,48.2,9.8,2.74,2.0,Yes,No,At Risk
ST06969,20,Male,Software Engineering,84.1,96.0,60.1,83.9,6.9,3.0,5.0,Yes,No,Not At Risk
ST03573,23,Female,Computer Science,83.5,77.8,63.5,55.5,8.0,3.67,1.0,Yes,Yes,Not At Risk
ST02252,24,Female,Data Science,83.2,92.2,48.2,57.5,4.9,3.42,3.0,Yes,Yes,Not At Risk
ST10148,24,Male,Software Engineering,84.9,47.8,82.3,,6.6,3.06,4.0,Yes,Yes,At Risk
ST10385,24,Female,Software Engineering,85.2,63.5,69.1,24.5,5.5,3.73,6.0,Yes,Yes,At Risk
ST04445,22,Male,Software Engineering,80.1,57.7,71.8,75.2,5.2,3.56,3.0,Yes,Yes,Not At Risk
ST09515,19,Male,Software Engineering,72.0,69.6,50.6,42.5,6.6,3.33,5.0,Yes,Yes,At Risk
ST05024,23,Male,Computer Science,72.7,86.9,78.9,69.9,7.7,4.0,3.0,Yes,Yes,Not At Risk
ST10267,20,Male,IT,65.4,59.1,68.6,81.3,8.4,2.27,5.0,No,Yes,Not At Risk
ST03412,25,Male,Computer Science,96.7,70.9,61.1,72.7,7.8,2.86,2.0,Yes,No,Not At Risk
ST01167,19,Male,Data Science,73.5,35.6,67.1,53.8,8.4,3.68,3.0,Yes,Yes,Not At Risk
ST11769,20,Male,Software Engineering,95.6,92.4,77.3,62.7,3.3,2.29,3.0,Yes,No,Not At Risk
ST04725,22,Male,Software Engineering,75.3,59.4,60.8,48.9,6.4,2.32,10.0,Yes,No,At Risk
ST09219,22,Female,Computer Science,92.9,49.9,74.9,41.1,14.3,3.0,2.0,Yes,No,Not At Risk
ST11105,19,Male,Data Science,75.5,57.3,39.4,85.0,5.9,2.92,1.0,Yes,Yes,At Risk
ST00242,18,Female,Software Engineering,70.5,35.4,52.9,28.6,2.9,3.38,2.0,Yes,Yes,Not At Risk
ST11642,20,Male,Software Engineering,100.0,70.1,83.4,84.0,5.9,3.06,4.0,Yes,Yes,Not At Risk
ST07159,22,Female,Software Engineering,70.0,59.7,70.1,72.2,4.1,3.54,7.0,Yes,Yes,Not At Risk
ST02807,21,Male,Computer Science,86.3,66.6,60.6,4.5,6.1,3.55,3.0,Yes,Yes,At Risk
ST05113,24,Male,Computer Science,78.2,66.5,47.6,78.1,4.5,2.58,1.0,Yes,Yes,Not At Risk
ST10372,20,Male,Data Science,80.8,81.8,66.5,46.2,9.1,3.42,2.0,Yes,Yes,Not At Risk
ST04484,20,Female,Software Engineering,80.2,77.4,91.9,55.3,3.1,2.97,3.0,Yes,Yes,Not At Risk
ST08791,21,Male,IT,72.8,74.4,45.3,55.3,4.8,3.43,13.0,Yes,No,Not At Risk
ST03137,21,Male,Data Science,87.6,85.7,50.8,58.1,5.2,3.59,3.0,Yes,Yes,Not At Risk
ST03862,22,Female,IT,95.2,31.9,91.0,60.7,6.8,2.45,1.0,Yes,No,Not At Risk
ST03172,23,Female,Computer Science,62.8,70.5,57.1,51.4,4.7,2.43,7.0,Yes,No,Not At Risk
ST09720,21,Male,Computer Science,56.6,45.9,53.0,57.7,7.4,2.93,,Yes,No,Not At Risk
ST09519,24,Female,Data Science,57.3,97.4,51.4,76.1,2.3,2.32,3.0,Yes,No,Not At Risk
ST09650,21,Female,IT,69.6,73.2,53.3,55.6,5.3,2.83,4.0,Yes,Yes,Not At Risk
ST02472,20,Male,Computer Science,100.0,44.0,54.7,44.3,11.3,4.0,4.0,Yes,Yes,Not At Risk
ST03861,19,Female,Software Engineering,78.4,52.1,44.4,65.0,8.9,3.21,6.0,Yes,No,Not At Risk
ST11653,24,Male,Software Engineering,82.6,59.2,95.6,62.7,4.0,2.56,7.0,Yes,No,Not At Risk
ST01062,24,Female,Computer Science,73.4,79.0,56.6,64.1,5.1,2.06,1.0,Yes,No,Not At Risk
ST09239,19,Male,Computer Science,71.8,87.5,50.1,39.1,10.4,1.82,3.0,Yes,No,Not At Risk
ST04466,18,Male,Software Engineering,59.5,62.4,51.3,69.5,2.5,2.86,2.0,Yes,No,Not At Risk
ST03310,21,Male,Computer Science,56.6,32.6,40.7,78.4,3.5,3.39,5.0,Yes,Yes,Not At Risk
ST01795,18,Male,IT,76.3,71.9,53.4,86.5,4.7,2.74,4.0,Yes,Yes,Not At Risk
ST09899,21,Female,Data Science,86.1,55.5,65.4,53.4,3.8,2.3,4.0,Yes,Yes,Not At Risk
ST00932,19,Female,Software Engineering,69.2,50.7,99.9,66.4,3.2,2.85,3.0,Yes,No,Not At Risk
ST06276,25,Male,Software Engineering,90.7,98.6,66.0,92.1,9.5,3.73,1.0,Yes,Yes,Not At Risk
ST04080,24,Male,Computer Science,89.8,51.5,83.0,57.2,9.0,2.42,5.0,Yes,No,Not At Risk
ST02272,20,Male,Computer Science,70.9,70.7,54.4,65.8,5.7,2.14,1.0,Yes,Yes,Not At Risk
ST05859,25,Female,IT,92.7,42.7,66.7,100.0,3.5,3.35,2.0,Yes,No,Not At Risk
ST01976,22,Female,IT,80.1,61.3,65.0,60.3,2.0,3.93,5.0,Yes,No,Not At Risk
ST10172,25,Female,Computer Science,81.4,52.1,41.7,55.5,4.5,3.68,8.0,No,Yes,At Risk
ST03028,22,Male,Computer Science,70.5,76.3,61.8,21.1,6.0,1.92,,Yes,No,Not At Risk
ST03199,20,Female,Data Science,85.1,54.6,59.4,81.7,4.0,2.96,5.0,Yes,No,Not At Risk
ST00989,23,Female,Data Science,73.2,79.8,38.1,69.5,7.0,3.32,2.0,Yes,Yes,Not At Risk
ST10812,19,Male,Software Engineering,79.4,65.0,47.3,97.8,5.9,3.29,2.0,Yes,Yes,Not At Risk
ST01268,21,M,IT,100.0,71.9,57.2,66.1,9.0,3.79,3.0,Yes,No,Not At Risk
ST10601,25,Female,Data Science,62.2,61.7,74.0,42.8,13.7,2.13,5.0,Yes,No,Not At Risk
ST03474,22,Male,Computer Science,85.0,78.0,72.0,77.4,3.7,3.39,1.0,Yes,No,Not At Risk
ST07584,22,Female,Computer Science,87.8,64.0,62.4,53.8,7.8,2.4,5.0,Yes,Yes,Not At Risk
ST04806,21,Male,Computer Science,85.6,61.6,66.0,51.8,10.9,3.13,5.0,Yes,No,Not At Risk
ST09242,18,Female,Computer Science,84.0,57.0,72.3,78.9,17.3,3.22,6.0,Yes,Yes,Not At Risk
ST01615,20,Female,Computer Science,66.0,61.7,26.2,68.2,7.0,2.21,2.0,Yes,Yes,Not At Risk
ST03874,22,Male,IT,84.7,47.3,45.3,59.1,0.6,3.13,2.0,Yes,Yes,Not At Risk
ST09469,25,Female,IT,72.9,66.6,63.9,67.8,11.4,3.34,4.0,Yes,No,Not At Risk
ST01600,20,Male,IT,96.8,42.9,79.6,59.9,15.7,2.77,3.0,Yes,No,At Risk
ST09545,25,Female,Computer Science,100.0,62.6,69.7,68.6,5.8,4.0,6.0,Yes,Yes,Not At Risk
ST07577,24,Female,,98.5,64.5,100.0,76.5,8.5,3.96,4.0,Yes,No,Not At Risk
ST07168,20,Male,Computer Science,78.8,67.2,85.8,51.3,2.9,3.31,2.0,Yes,No,Not At Risk
ST11384,18,Female,IT,87.2,75.6,59.3,81.1,1.9,2.6,2.0,Yes,No,Not At Risk
ST07448,18,Female,IT,77.7,53.6,60.3,75.6,6.2,3.06,3.0,Yes,No,At Risk
ST02880,24,Male,Data Science,78.8,71.1,71.6,69.7,5.5,2.31,4.0,Yes,No,Not At Risk
ST03675,23,Male,IT,100.0,75.3,86.2,72.4,8.5,3.43,7.0,Yes,No,Not At Risk
ST09029,22,Male,Computer Science,94.2,74.5,100.0,59.7,3.9,2.75,4.0,Yes,No,Not At Risk
ST09892,20,Male,Data Science,93.6,76.8,88.9,48.0,4.1,2.55,2.0,Yes,No,Not At Risk
ST03290,23,Male,Software Engineering,91.8,88.2,61.8,59.8,8.3,2.51,7.0,Yes,No,Not At Risk
ST11837,22,Male,IT,65.8,87.5,63.3,65.3,11.7,2.47,3.0,Yes,Yes,Not At Risk
ST04252,20,Female,Software Engineering,72.9,62.5,66.0,40.0,5.8,2.57,1.0,Yes,Yes,At Risk
ST04947,25,Male,IT,84.0,50.3,64.9,42.6,1.5,2.51,4.0,Yes,Yes,Not At Risk
ST08959,20,Female,Software Engineering,80.3,43.2,47.6,80.9,11.2,3.63,1.0,Yes,No,At Risk
ST07320,22,Female,Software Engineering,98.2,84.8,67.5,72.0,3.5,3.55,6.0,Yes,Yes,Not At Risk
ST08500,24,Male,IT,79.1,67.1,68.5,60.2,4.2,2.42,6.0,Yes,Yes,Not At Risk
ST08691,23,Male,IT,100.0,82.0,88.6,49.9,2.7,3.56,5.0,Yes,No,Not At Risk
ST10670,18,Female,Computer Science,67.2,61.5,52.9,77.0,7.8,2.82,4.0,Yes,No,Not At Risk
ST06469,22,Female,IT,70.1,48.7,56.9,49.0,5.4,3.12,4.0,Yes,No,At Risk
ST04368,18,Male,Software Engineering,89.1,96.7,63.7,94.4,9.3,2.75,6.0,Yes,No,Not At Risk
ST09094,18,Male,IT,74.8,68.9,55.5,80.9,13.3,2.73,4.0,Yes,No,Not At Risk
ST10813,19,Female,Computer Science,90.5,74.1,36.7,69.8,2.3,2.67,7.0,Yes,No,Not At Risk
ST07001,21,Female,IT,77.7,68.7,71.9,58.4,6.3,3.21,1.0,Yes,No,Not At Risk
ST02005,25,Female,Computer Science,75.3,55.8,50.9,55.0,12.3,2.06,5.0,Yes,Yes,Not At Risk
ST11971,19,Female,Computer Science,65.9,79.7,55.6,59.1,5.5,3.04,3.0,Yes,Yes,At Risk
ST00808,25,Female,IT,78.4,64.6,91.3,81.7,9.1,2.91,4.0,Yes,Yes,Not At Risk
ST07109,18,Female,Software Engineering,70.7,44.5,51.7,64.5,4.4,3.38,1.0,No,No,Not At Risk
ST10865,19,Male,Software Engineering,79.8,82.8,74.8,59.7,9.4,2.5,3.0,Yes,No,Not At Risk
ST07244,24,Female,Computer Science,96.6,62.4,100.0,76.4,6.1,3.05,5.0,Yes,Yes,Not At Risk
ST09741,20,Male,Computer Science,86.1,59.6,49.1,65.4,7.0,3.28,4.0,Yes,No,Not At Risk
ST01354,19,Male,Data Science,100.0,83.1,73.3,61.3,2.7,2.8,6.0,Yes,No,Not At Risk
ST10204,25,Female,Data Science,80.5,41.5,67.0,59.5,9.2,3.35,5.0,Yes,Yes,Not At Risk
ST02198,25,Female,IT,79.7,89.5,91.3,85.8,3.8,2.58,3.0,Yes,Yes,Not At Risk
ST08192,23,Female,Computer Science,99.9,82.3,61.7,69.3,10.1,2.41,3.0,Yes,No,Not At Risk
ST00164,19,Male,Software Engineering,71.7,87.4,53.1,80.9,6.4,2.56,7.0,Yes,Yes,Not At Risk
ST05947,22,Male,Computer Science,82.0,74.0,71.1,75.6,8.7,3.7,4.0,Yes,No,At Risk
ST08410,19,Female,Software Engineering,81.4,72.2,69.8,55.3,1.3,2.28,5.0,Yes,No,Not At Risk
ST00519,20,Female,Software Engineering,75.1,65.9,61.6,31.1,15.2,2.32,3.0,Yes,No,Not At Risk
ST01219,23,Male,Software Engineering,84.1,65.5,78.4,68.9,4.1,2.13,2.0,No,No,Not At Risk
ST09903,20,Female,Computer Science,67.6,68.1,38.4,73.6,7.9,2.54,8.0,Yes,Yes,Not At Risk
ST05504,20,Male,Data Science,72.4,70.1,71.4,62.0,7.4,2.85,4.0,Yes,Yes,Not At Risk
ST06652,18,Male,IT,100.0,70.3,59.1,49.0,3.1,3.63,7.0,Yes,Yes,Not At Risk
ST06124,23,Female,IT,95.3,96.0,57.4,32.9,4.2,1.96,0.0,Yes,No,Not At Risk
ST03392,23,Male,Computer Science,90.6,76.5,55.0,56.6,6.8,3.11,6.0,Yes,No,Not At Risk
ST03388,18,Male,Computer Science,77.1,93.3,45.0,100.0,6.9,2.76,5.0,Yes,No,Not At Risk
ST03428,23,Female,IT,56.3,36.7,48.9,72.4,4.7,2.01,1.0,Yes,No,Not At Risk
ST08708,24,Female,IT,84.5,78.0,65.1,32.0,7.1,2.3,2.0,Yes,No,Not At Risk
ST04918,24,Female,Computer Science,78.8,29.7,54.6,59.4,8.7,3.21,2.0,Yes,Yes,Not At Risk
ST01706,20,Female,Software Engineering,89.3,75.0,65.9,74.5,4.4,3.12,0.0,Yes,Yes,Not At Risk
ST09441,19,Female,Software Engineering,77.3,80.1,58.0,32.6,5.7,1.36,1.0,Yes,No,At Risk
ST02128,18,Male,IT,87.4,33.2,37.2,86.3,7.8,1.98,1.0,Yes,No,Not At Risk
ST10969,18,Male,Software Engineering,90.7,73.4,72.0,71.2,16.2,2.22,5.0,Yes,Yes,Not At Risk
ST00495,18,Male,Computer Science,82.8,60.7,48.9,69.2,1.8,3.51,1.0,Yes,Yes,Not At Risk
ST01454,18,Male,Data Science,63.1,60.5,60.1,70.2,2.7,3.33,1.0,Yes,No,Not At Risk
ST01687,24,Female,IT,49.1,100.0,92.1,25.1,4.0,1.91,4.0,Yes,Yes,At Risk
ST09407,20,Female,Software Engineering,63.0,76.3,75.7,47.1,9.4,4.0,1.0,Yes,No,Not At Risk
ST06808,24,Female,Data Science,81.2,80.7,78.1,57.3,6.5,2.56,4.0,Yes,No,Not At Risk
ST05491,23,Female,Computer Science,69.7,74.0,78.1,50.0,11.0,3.82,3.0,Yes,No,Not At Risk
ST03649,22,Male,Computer Science,76.2,55.4,59.7,87.1,5.0,3.32,7.0,Yes,No,At Risk
ST06484,18,Male,Computer Science,72.0,32.2,63.9,100.0,5.5,3.11,,Yes,No,At Risk
ST05952,21,Female,Computer Science,82.7,75.5,45.5,70.7,5.5,1.9,3.0,Yes,Yes,Not At Risk
ST04139,24,Female,Software Engineering,85.5,53.8,73.1,65.6,8.7,2.54,7.0,Yes,No,Not At Risk
ST02768,21,Female,Computer Science,85.5,45.4,67.7,56.3,4.7,3.33,7.0,Yes,No,At Risk
ST10941,20,Female,Computer Science,68.8,91.2,48.8,58.3,4.5,2.68,7.0,Yes,Yes,Not At Risk
ST07815,24,Female,Computer Science,100.0,58.2,89.3,17.8,6.2,3.42,2.0,Yes,No,Not At Risk
ST10216,23,Male,Computer Science,89.9,32.5,79.6,32.0,12.8,2.44,3.0,Yes,No,At Risk
ST01813,21,Male,Computer Science,72.2,76.3,73.2,99.1,11.8,2.85,2.0,Yes,No,Not At Risk
ST03577,18,Male,Computer Science,100.0,65.3,63.5,81.6,1.9,3.02,2.0,Yes,No,Not At Risk
ST06746,23,Female,IT,95.1,72.1,83.1,46.4,6.0,2.88,3.0,Yes,No,Not At Risk
ST11892,23,Male,Software Engineering,95.5,82.9,62.7,77.9,4.5,3.16,5.0,Yes,No,Not At Risk
ST00854,25,Male,Computer Science,85.0,59.9,54.7,57.7,9.1,3.04,1.0,Yes,Yes,Not At Risk
ST03569,22,Male,Computer Science,73.9,55.4,64.9,83.1,7.4,2.89,6.0,Yes,Yes,Not At Risk
ST08279,21,Male,Computer Science,92.3,71.6,52.0,57.4,11.6,3.34,6.0,Yes,No,Not At Risk
ST05223,24,Male,IT,83.4,78.3,42.3,82.9,3.0,1.15,1.0,Yes,Yes,Not At Risk
ST11801,20,Female,Computer Science,93.8,69.2,87.2,50.5,6.2,2.46,1.0,Yes,No,Not At Risk
ST00426,24,Male,Software Engineering,84.3,65.1,83.8,68.9,16.5,1.18,6.0,,Yes,Not At Risk
ST05326,19,Female,Software Engineering,98.1,86.2,75.3,65.3,1.7,2.84,2.0,Yes,No,Not At Risk
ST10153,22,Male,Computer Science,91.7,77.3,80.6,34.7,8.0,3.89,2.0,Yes,Yes,Not At Risk
ST04265,20,Female,IT,69.1,92.4,68.8,80.5,5.1,2.82,3.0,Yes,No,Not At Risk
ST08976,19,Female,Software Engineering,84.8,83.3,49.2,77.9,4.6,3.85,5.0,Yes,No,Not At Risk
ST11482,21,Female,Computer Science,89.2,77.6,60.2,67.1,7.9,2.45,5.0,Yes,No,Not At Risk
ST06945,25,Male,Software Engineering,89.8,83.4,84.6,74.3,9.3,2.84,,Yes,Yes,Not At Risk
ST10428,18,Male,Software Engineering,88.1,42.6,80.6,89.0,4.6,2.3,3.0,Yes,No,Not At Risk
ST01514,19,Male,Computer Science,80.7,87.5,70.9,61.4,6.3,2.31,4.0,Yes,Yes,Not At Risk
ST03145,20,Female,Software Engineering,75.2,72.0,46.8,74.2,2.0,1.47,1.0,Yes,No,Not At Risk
ST03261,25,Female,Software Engineering,87.9,62.0,70.4,58.9,7.3,2.91,2.0,Yes,No,Not At Risk
ST02190,18,Female,Computer Science,71.8,62.0,45.1,51.6,5.2,2.76,4.0,Yes,No,At Risk
ST04113,20,Male,Software Engineering,88.8,76.1,61.4,55.3,7.3,3.29,3.0,Yes,No,Not At Risk
ST01070,25,Male,IT,94.1,82.0,86.9,59.6,2.1,2.77,3.0,Yes,Yes,Not At Risk
ST03187,23,Male,Computer Science,83.2,33.6,57.0,90.1,6.0,3.14,4.0,Yes,Yes,Not At Risk
ST08498,24,Male,Computer Science,61.2,61.3,31.6,72.1,3.9,2.58,4.0,Yes,No,Not At Risk
ST04985,18,Female,Data Science,68.9,89.5,64.2,56.3,4.8,2.81,3.0,Yes,No,Not At Risk
ST06701,21,Female,Software Engineering,50.6,55.5,55.1,59.6,10.0,2.72,3.0,Yes,Yes,At Risk
ST05213,18,Female,Computer Science,69.7,88.8,67.8,41.2,6.6,3.72,3.0,Yes,No,Not At Risk
ST00925,21,Male,Computer Science,100.0,100.0,69.6,31.4,8.2,3.59,3.0,Yes,No,Not At Risk
ST08255,19,Female,Data Science,88.8,85.9,54.1,54.3,5.0,2.99,5.0,Yes,No,Not At Risk
ST07532,19,Male,Software Engineering,84.9,65.2,57.2,81.9,6.2,2.52,4.0,Yes,No,At Risk
ST09049,20,Male,Data Science,79.7,85.1,58.9,49.1,7.0,3.32,1.0,Yes,No,At Risk
ST11963,22,Female,Computer Science,87.5,87.7,55.7,72.2,3.2,2.33,6.0,Yes,Yes,Not At Risk
ST06075,19,Male,IT,67.7,92.5,58.8,76.1,8.9,2.81,2.0,Yes,Yes,Not At Risk
ST06238,21,Male,Software Engineering,100.0,78.2,78.3,71.3,9.8,2.42,4.0,Yes,No,Not At Risk
ST01075,19,Female,Computer Science,70.5,69.5,89.5,78.2,6.3,2.67,3.0,Yes,Yes,Not At Risk
ST04668,24,Male,Computer Science,73.6,71.5,63.8,98.7,3.7,2.81,3.0,Yes,Yes,Not At Risk
ST08012,18,Female,IT,99.2,36.0,23.0,100.0,2.4,2.09,9.0,Yes,No,Not At Risk
ST04331,19,Female,IT,86.8,62.7,73.0,49.4,6.8,1.97,8.0,Yes,Yes,Not At Risk
ST06378,25,Male,Data Science,73.8,46.7,76.4,73.7,6.4,3.19,6.0,Yes,Yes,Not At Risk
ST06640,25,Male,Computer Science,93.9,80.6,69.1,65.8,7.1,3.24,5.0,Yes,No,Not At Risk
ST02658,23,Male,Computer Science,100.0,84.9,53.5,82.2,5.6,2.54,2.0,Yes,Yes,Not At Risk
ST11086,25,Female,Computer Science,58.7,76.8,46.5,44.7,6.4,2.97,4.0,Yes,Yes,Not At Risk
ST01265,20,Female,IT,87.2,83.8,48.9,98.8,10.1,2.99,7.0,Yes,Yes,Not At Risk
ST02411,23,Male,Computer Science,60.3,69.0,37.8,78.6,6.5,3.09,1.0,Yes,No,Not At Risk
ST10627,20,Female,Computer Science,78.6,83.9,83.4,44.6,8.4,3.65,2.0,Yes,Yes,Not At Risk
ST10833,20,Male,Software Engineering,91.1,82.2,73.4,43.0,4.2,3.29,5.0,Yes,No,Not At Risk
ST10296,22,Male,Computer Science,74.6,65.8,61.4,85.0,6.5,2.68,2.0,No,No,Not At Risk
ST04448,23,Male,Computer Science,72.1,75.3,94.5,32.4,8.5,3.67,2.0,Yes,No,Not At Risk
ST03447,21,Female,IT,72.8,65.4,77.1,65.6,3.7,3.52,4.0,Yes,No,Not At Risk
ST02192,22,Male,Computer Science,75.1,85.4,45.4,80.0,5.0,2.76,3.0,Yes,Yes,Not At Risk
ST09607,20,Male,Software Engineering,87.8,59.2,59.1,30.5,9.4,2.13,4.0,Yes,Yes,Not At Risk
ST09904,22,Female,Data Science,71.3,59.4,68.6,66.2,5.0,3.23,1.0,Yes,No,At Risk
ST05082,23,Male,Software Engineering,70.5,43.7,68.4,73.8,3.7,2.51,2.0,Yes,No,At Risk
ST09488,24,Female,Data Science,78.9,66.2,50.9,65.9,4.5,3.53,3.0,Yes,No,Not At Risk
ST08677,20,Female,Software Engineering,97.8,82.1,46.8,42.9,2.2,3.6,,Yes,Yes,Not At Risk
ST05825,18,Male,Data Science,94.5,62.0,71.7,74.9,2.1,2.72,4.0,Yes,Yes,Not At Risk
ST10288,24,Male,Software Engineering,99.0,66.6,55.4,62.0,6.4,2.27,1.0,Yes,No,At Risk
ST03798,19,Female,Computer Science,85.4,34.5,51.9,43.3,7.8,2.88,4.0,Yes,Yes,Not At Risk
ST07256,19,Male,Computer Science,86.2,69.0,61.1,58.1,4.3,2.79,3.0,Yes,Yes,Not At Risk
ST03512,25,Female,Software Engineering,55.5,60.2,71.4,68.7,6.9,2.81,5.0,Yes,Yes,At Risk
ST09921,19,Male,Software Engineering,73.4,100.0,63.9,72.7,10.3,1.83,4.0,Yes,No,Not At Risk
ST06542,18,Male,Data Science,78.0,56.5,60.5,57.6,16.1,3.28,2.0,Yes,Yes,At Risk
ST03204,24,Male,Computer Science,60.8,65.3,35.1,,2.9,2.54,5.0,Yes,Yes,At Risk
ST00158,18,Male,Software Engineering,62.5,45.6,70.0,78.4,9.8,3.15,2.0,Yes,No,Not At Risk
ST05802,24,Male,Software Engineering,54.6,73.0,69.3,55.5,2.8,3.51,1.0,Yes,Yes,Not At Risk
ST03073,24,Male,IT,81.0,73.2,64.1,59.3,6.8,3.01,4.0,Yes,Yes,Not At Risk
ST07368,18,Female,Computer Science,94.6,40.8,54.9,63.3,6.7,1.65,2.0,Yes,No,At Risk
ST00145,22,Female,Computer Science,58.6,43.0,91.8,80.2,1.3,3.67,6.0,Yes,No,Not At Risk
ST09760,22,Female,IT,99.8,19.7,42.9,84.3,3.5,2.32,7.0,Yes,No,Not At Risk
ST11595,20,Male,Software Engineering,81.9,76.7,47.7,69.1,10.0,2.19,3.0,Yes,No,Not At Risk
ST05481,22,Male,Computer Science,84.5,83.0,75.5,82.2,6.7,1.96,4.0,Yes,No,Not At Risk
ST02051,20,Male,IT,83.6,47.0,69.0,74.6,4.5,2.7,4.0,Yes,No,Not At Risk
ST02986,20,Male,IT,86.9,61.1,92.4,98.3,3.7,1.54,3.0,Yes,No,Not At Risk
ST01023,20,Male,Data Science,75.2,55.4,76.7,55.3,8.2,2.27,5.0,Yes,No,Not At Risk
ST03939,22,Female,Computer Science,84.6,58.6,88.4,73.2,12.7,3.75,5.0,Yes,No,Not At Risk
ST09974,21,Male,Software Engineering,92.3,47.9,59.9,57.6,4.6,2.54,7.0,Yes,No,Not At Risk
ST10276,18,Female,Computer Science,82.3,58.9,46.0,66.6,2.3,2.54,5.0,Yes,No,Not At Risk
ST05503,18,Female,IT,65.5,93.7,79.0,69.1,9.4,2.88,1.0,Yes,No,Not At Risk
ST09144,21,Female,Computer Science,91.2,95.9,57.9,42.8,10.3,3.63,3.0,Yes,No,Not At Risk
ST08407,18,Male,Computer Science,100.0,85.6,60.3,45.9,2.1,1.45,8.0,Yes,No,Not At Risk
ST00980,18,Male,IT,79.0,87.9,64.8,86.1,4.5,3.33,7.0,Yes,No,Not At Risk
ST06261,25,Male,Software Engineering,100.0,66.0,49.6,74.7,2.5,3.87,3.0,Yes,No,Not At Risk
ST08358,20,Male,Computer Science,72.9,57.8,75.9,45.9,7.8,3.44,4.0,Yes,No,Not At Risk
ST00713,19,Female,Data Science,95.8,91.4,55.5,70.1,3.1,3.98,1.0,Yes,Yes,Not At Risk
ST07707,21,Male,Computer Science,75.0,53.7,66.5,76.6,2.4,3.09,3.0,Yes,No,Not At Risk
ST08936,21,Female,Software Engineering,82.5,58.5,49.5,59.8,6.4,2.75,5.0,Yes,Yes,Not At Risk
ST05736,18,Female,Software Engineering,89.9,80.0,47.6,68.2,5.4,2.71,3.0,Yes,No,Not At Risk
ST07203,20,Male,Computer Science,81.2,41.3,61.0,38.3,1.0,3.26,3.0,Yes,No,Not At Risk
ST03940,18,Male,Data Science,94.1,47.6,65.3,74.1,10.3,3.01,8.0,Yes,Yes,Not At Risk
ST00315,25,Male,Computer Science,93.6,68.6,45.4,52.9,2.9,2.31,4.0,Yes,No,Not At Risk
ST07414,22,Male,IT,83.7,71.4,66.5,51.5,6.4,2.76,1.0,Yes,No,Not At Risk
ST11237,19,Male,Software Engineering,81.7,84.4,65.1,100.0,7.2,3.3,4.0,Yes,No,Not At Risk
ST10381,24,Male,Computer Science,83.3,52.6,40.8,51.0,3.1,2.56,4.0,Yes,No,At Risk
ST05899,20,Male,IT,83.7,80.8,49.8,56.4,1.3,2.3,5.0,Yes,Yes,Not At Risk
ST06779,25,Female,IT,100.0,74.5,50.5,68.0,2.7,2.27,8.0,Yes,Yes,Not At Risk
ST00443,25,Female,Computer Science,57.4,52.4,45.7,83.5,2.0,3.17,5.0,Yes,No,Not At Risk
ST09900,23,Male,Software Engineering,73.9,66.7,66.5,89.1,2.3,1.33,2.0,Yes,No,Not At Risk
ST04083,22,Male,Data Science,77.9,70.9,65.5,46.7,7.4,2.04,2.0,Yes,Yes,Not At Risk
ST03712,20,Female,IT,91.0,46.1,61.9,63.2,2.5,2.33,3.0,Yes,No,Not At Risk
ST05602,22,Male,IT,82.0,69.5,51.3,74.3,8.4,2.48,5.0,Yes,No,Not At Risk
ST08593,22,Male,IT,65.7,57.5,71.5,84.2,3.9,2.24,4.0,Yes,Yes,Not At Risk
ST04975,19,Male,Computer Science,99.4,87.5,58.9,50.3,5.5,3.79,3.0,Yes,Yes,At Risk
ST03054,24,Female,Data Science,82.9,81.0,89.3,74.6,6.3,2.85,3.0,Yes,No,Not At Risk
ST09377,18,Female,Computer Science,74.8,53.9,77.8,64.6,4.7,3.81,6.0,Yes,No,Not At Risk
ST08679,22,Female,Software Engineering,58.9,52.8,69.0,86.4,5.3,2.99,3.0,Yes,No,Not At Risk
ST05640,24,Male,Computer Science,78.5,87.9,77.7,55.9,4.0,2.26,6.0,Yes,Yes,Not At Risk
ST06074,21,Female,IT,88.9,88.6,68.0,78.4,1.9,2.59,5.0,Yes,Yes,Not At Risk
ST01104,25,Male,IT,87.3,55.1,89.8,83.9,11.8,3.56,6.0,Yes,No,Not At Risk
ST03218,21,Male,Data Science,75.8,100.0,64.2,60.7,3.9,2.49,5.0,Yes,Yes,Not At Risk
ST05116,19,Male,Computer Science,69.8,52.9,86.7,67.9,7.9,3.17,12.0,Yes,No,Not At Risk
ST05164,18,Female,Software Engineering,82.6,75.5,60.8,75.8,6.2,3.64,1.0,Yes,No,Not At Risk
ST09422,23,Male,Computer Science,100.0,100.0,55.5,54.4,5.2,2.82,6.0,,No,Not At Risk
ST09568,24,Male,Computer Science,98.8,63.4,64.9,65.8,4.0,3.08,2.0,Yes,Yes,Not At Risk
ST03943,25,Female,Software Engineering,76.7,67.4,76.5,74.6,7.9,3.5,5.0,Yes,No,Not At Risk
ST09148,20,Female,Software Engineering,99.7,81.0,79.5,69.0,10.8,2.93,5.0,No,No,At Risk
ST05854,18,Male,Computer Science,85.1,72.2,66.0,78.1,5.9,2.76,2.0,Yes,Yes,At Risk
ST04145,22,Female,Computer Science,73.8,78.2,50.3,57.1,11.6,3.48,3.0,Yes,Yes,Not At Risk
ST04634,21,Male,IT,78.4,62.1,84.2,34.1,2.7,1.97,3.0,No,Yes,Not At Risk
ST07354,25,Male,IT,76.9,77.4,57.8,21.8,2.1,2.57,3.0,Yes,Yes,Not At Risk
ST08534,24,Female,Data Science,75.8,63.0,55.5,66.1,8.3,3.53,2.0,Yes,Yes,Not At Risk
ST08135,25,Male,Computer Science,68.5,57.1,32.8,33.8,2.6,1.83,5.0,No,No,Not At Risk
ST08745,25,Male,Data Science,100.0,54.6,65.9,59.3,2.8,2.38,5.0,Yes,No,Not At Risk
ST00038,25,Female,IT,73.7,77.6,45.0,60.5,15.1,3.61,5.0,Yes,No,Not At Risk
ST00895,19,Female,Data Science,82.0,53.9,66.2,80.7,4.7,2.15,4.0,Yes,No,Not At Risk
ST03680,24,Male,Data Science,86.3,74.2,74.7,86.1,6.7,3.53,4.0,Yes,Yes,Not At Risk
ST00412,21,Female,IT,89.6,57.4,73.7,59.2,6.4,2.54,4.0,Yes,No,Not At Risk
ST07235,24,Female,Computer Science,100.0,63.7,60.6,49.5,7.7,2.86,6.0,Yes,No,Not At Risk
ST04735,20,Female,IT,66.6,92.0,71.7,76.8,2.7,3.94,4.0,Yes,No,At Risk
ST09589,18,Female,Computer Science,88.0,71.2,67.4,40.0,3.1,3.28,5.0,Yes,Yes,Not At Risk
ST00609,21,Male,Computer Science,68.6,46.1,74.3,20.7,1.2,3.36,2.0,Yes,Yes,Not At Risk
ST06984,25,Male,Data Science,77.4,62.1,78.9,80.0,1.1,3.3,4.0,Yes,Yes,Not At Risk
ST05361,25,Female,Computer Science,89.8,62.3,73.1,95.8,3.7,1.81,5.0,Yes,Yes,Not At Risk
ST10860,21,Male,Computer Science,83.0,74.0,44.1,77.0,10.3,2.61,5.0,Yes,Yes,At Risk
ST00342,18,Male,Data Science,86.9,51.5,51.1,98.1,6.8,2.34,5.0,Yes,No,Not At Risk
ST05656,19,Male,Data Science,82.0,67.8,100.0,64.1,2.7,3.69,3.0,Yes,No,Not At Risk
ST11388,20,Female,,89.9,77.7,61.4,57.8,1.7,2.73,3.0,Yes,No,Not At Risk
ST07450,20,Female,IT,91.4,89.6,59.3,75.2,12.0,2.3,7.0,Yes,No,Not At Risk
ST04539,20,Female,IT,80.7,77.5,69.7,54.7,5.9,1.96,2.0,Yes,No,Not At Risk
ST11802,22,Female,Data Science,56.6,60.7,39.6,59.9,4.7,3.32,5.0,No,Yes,Not At Risk
ST04081,19,Female,Computer Science,62.1,52.0,48.1,71.4,9.9,3.27,1.0,Yes,No,Not At Risk
ST01570,19,Female,Computer Science,67.8,59.2,71.9,67.9,3.3,2.27,5.0,,No,Not At Risk
ST09722,20,Male,Software Engineering,56.1,77.5,75.6,54.8,4.8,2.89,3.0,Yes,Yes,Not At Risk
ST06430,19,Female,Data Science,79.0,86.7,76.6,90.0,7.3,3.14,3.0,Yes,No,Not At Risk
ST10370,20,Male,Computer Science,82.0,69.7,46.8,79.5,17.7,2.93,4.0,No,Yes,Not At Risk
ST00727,25,Female,Software Engineering,59.4,60.0,48.8,45.1,2.5,2.71,2.0,Yes,Yes,At Risk
ST03956,25,Male,IT,64.4,47.8,100.0,47.9,1.7,2.35,6.0,Yes,No,Not At Risk
ST00637,18,Female,,72.5,94.0,50.7,60.1,2.0,2.93,9.0,Yes,No,Not At Risk
ST10158,21,Male,Software Engineering,93.8,87.0,56.0,73.2,14.3,3.43,5.0,Yes,No,Not At Risk
ST03245,21,Male,Software Engineering,76.0,56.5,50.6,61.3,5.2,2.61,5.0,Yes,Yes,At Risk
ST03851,21,Male,Data Science,86.8,62.3,59.7,64.1,3.6,1.57,2.0,Yes,Yes,Not At Risk
ST08016,21,Female,Data Science,88.0,46.6,77.6,55.7,4.4,2.85,9.0,No,Yes,Not At Risk
ST05882,19,Male,,100.0,64.0,72.2,46.7,2.3,2.96,1.0,Yes,No,Not At Risk
ST01751,18,female,Computer Science,80.2,94.1,84.0,29.8,2.7,2.84,6.0,Yes,No,Not At Risk
ST05097,24,Female,IT,100.0,75.0,75.1,52.9,2.4,3.1,5.0,Yes,No,Not At Risk
ST02047,18,Male,Software Engineering,83.5,79.8,42.0,92.7,9.4,3.19,2.0,Yes,No,Not At Risk
ST01314,21,Female,IT,74.4,91.5,58.4,53.3,3.1,3.51,6.0,Yes,No,Not At Risk
ST10594,22,Male,IT,98.5,55.5,55.7,42.4,7.6,3.47,6.0,Yes,No,Not At Risk
ST08925,19,Female,Computer Science,64.5,52.4,92.8,64.6,2.9,3.73,,Yes,No,Not At Risk
ST03905,24,Female,Computer Science,100.0,47.7,57.5,42.9,3.7,2.8,5.0,No,No,Not At Risk
ST10088,22,Male,Data Science,100.0,38.2,41.5,36.6,1.5,2.92,5.0,Yes,No,Not At Risk
ST02577,25,Male,IT,78.4,50.8,80.8,65.4,5.9,3.99,6.0,Yes,Yes,Not At Risk
ST05566,25,Female,IT,77.8,80.3,57.8,70.3,6.1,3.05,,Yes,No,Not At Risk
ST04270,19,Female,Software Engineering,73.1,31.9,55.0,69.2,7.6,2.89,5.0,Yes,Yes,Not At Risk
ST06463,21,Male,IT,76.6,71.3,87.8,67.3,3.6,2.67,4.0,Yes,No,Not At Risk
ST08239,19,Female,Computer Science,83.7,67.5,72.4,68.0,7.4,3.15,4.0,Yes,No,Not At Risk
ST06574,19,Male,Computer Science,60.2,84.6,63.8,80.4,3.0,2.99,1.0,Yes,No,Not At Risk
ST08974,24,Male,Software Engineering,83.7,57.8,53.4,45.9,4.7,2.14,8.0,Yes,No,Not At Risk
ST09912,18,Female,Data Science,68.5,66.1,74.7,47.8,3.4,2.97,6.0,Yes,No,Not At Risk
ST08322,25,Male,Computer Science,67.1,67.9,55.5,41.1,4.1,3.43,2.0,Yes,No,Not At Risk
ST07836,18,Male,Software Engineering,78.9,67.1,56.1,49.9,4.9,2.38,6.0,Yes,No,Not At Risk
ST08635,23,Female,IT,85.3,66.5,87.9,82.8,9.4,3.03,4.0,Yes,Yes,Not At Risk
ST00313,23,Male,Computer Science,82.6,98.1,61.8,58.2,5.8,2.9,4.0,Yes,No,Not At Risk
ST07370,19,Male,Data Science,89.3,87.9,71.9,90.0,4.7,2.14,4.0,Yes,No,Not At Risk
ST04733,20,Female,Data Science,78.2,44.3,94.5,83.3,4.1,3.62,2.0,No,No,Not At Risk
ST00452,19,Male,Software Engineering,74.5,68.6,50.7,26.8,6.2,1.95,6.0,Yes,No,Not At Risk
ST06773,20,Female,Software Engineering,89.2,52.9,73.0,33.4,0.9,2.68,4.0,Yes,No,Not At Risk
ST02605,18,Male,IT,67.7,51.9,64.8,54.2,9.1,3.11,4.0,Yes,Yes,Not At Risk
ST04360,20,Male,Software Engineering,73.0,55.5,73.4,68.4,3.2,2.37,1.0,Yes,Yes,At Risk
ST08308,25,Female,Data Science,82.1,71.4,67.5,43.9,4.5,3.16,4.0,No,No,Not At Risk
ST04916,25,Female,Software Engineering,89.5,60.9,85.2,55.4,9.4,2.14,2.0,Yes,No,Not At Risk
ST01988,21,Male,Computer Science,78.9,66.6,50.4,56.2,3.2,2.3,2.0,Yes,No,Not At Risk
ST09265,23,Male,IT,94.2,55.7,46.3,41.9,3.0,3.03,2.0,Yes,No,Not At Risk
ST04944,20,Male,Computer Science,80.0,58.1,59.5,74.4,3.2,3.4,6.0,Yes,Yes,At Risk
ST06306,24,Male,Software Engineering,79.4,53.8,70.5,63.9,7.3,2.26,3.0,Yes,No,Not At Risk
ST11403,19,Female,Software Engineering,78.5,49.3,57.5,54.6,7.4,3.14,5.0,Yes,Yes,Not At Risk
ST00574,20,Female,IT,77.0,79.9,55.0,73.8,8.0,3.19,5.0,Yes,No,Not At Risk
ST00016,21,Female,Software Engineering,85.8,71.5,76.1,57.2,6.0,2.47,5.0,Yes,No,Not At Risk
ST09288,18,Female,Computer Science,88.7,75.4,45.6,40.9,0.6,3.5,5.0,Yes,Yes,Not At Risk
ST02978,25,Male,Data Science,61.1,53.9,66.4,62.0,11.1,2.28,4.0,Yes,Yes,Not At Risk
ST09868,18,Male,IT,75.8,66.0,52.3,54.9,8.3,2.91,4.0,Yes,No,Not At Risk
ST10031,20,Female,Data Science,64.2,90.7,63.6,,7.5,2.85,3.0,Yes,Yes,Not At Risk
ST09756,21,Male,Software Engineering,75.6,58.2,88.9,78.3,3.9,3.24,4.0,Yes,Yes,Not At Risk
ST00745,24,Female,Software Engineering,76.3,82.3,59.7,50.6,8.8,3.0,6.0,No,Yes,Not At Risk
ST01831,19,Female,Software Engineering,84.6,88.8,61.3,70.2,2.3,1.82,5.0,Yes,No,Not At Risk
ST11536,25,Female,Software Engineering,85.7,75.1,81.1,57.0,3.0,2.51,3.0,Yes,No,Not At Risk
ST01686,18,Female,IT,100.0,96.1,66.0,80.3,7.7,3.13,4.0,Yes,No,Not At Risk
ST10925,24,Female,IT,76.2,69.9,35.0,75.0,4.0,2.64,4.0,Yes,Yes,Not At Risk
ST00983,21,Male,Software Engineering,80.4,58.4,52.7,45.7,11.0,1.78,4.0,Yes,No,Not At Risk
ST09495,19,Female,Computer Science,82.3,67.9,76.3,76.9,4.3,3.16,2.0,Yes,No,Not At Risk
ST03193,23,Male,Software Engineering,92.2,95.7,77.0,82.8,10.3,3.33,4.0,Yes,Yes,Not At Risk
ST04727,21,Female,Data Science,82.0,88.6,56.5,50.5,10.5,2.47,,Yes,No,Not At Risk
ST10690,21,Female,Computer Science,100.0,72.7,77.0,61.9,1.6,2.93,5.0,Yes,Yes,Not At Risk
ST09986,18,female,Computer Science,81.2,40.7,92.4,88.3,3.9,2.98,4.0,Yes,No,At Risk
ST01987,18,Female,Computer Science,100.0,69.7,87.6,36.9,12.3,4.0,3.0,Yes,No,Not At Risk
ST01279,24,Female,Software Engineering,93.0,68.5,43.4,64.2,11.9,2.13,3.0,Yes,Yes,Not At Risk
ST00941,25,Male,Computer Science,68.2,56.9,69.6,69.7,8.9,3.75,2.0,Yes,No,Not At Risk
ST10400,19,female,IT,82.9,79.3,100.0,47.1,0.9,2.11,7.0,No,Yes,Not At Risk
ST03423,20,Male,Data Science,64.3,45.1,50.2,50.4,6.6,2.64,4.0,Yes,Yes,At Risk
ST11484,21,Female,IT,100.0,70.0,63.8,55.7,6.7,2.53,2.0,Yes,Yes,Not At Risk
ST10342,21,Female,Computer Science,86.1,62.5,85.3,52.9,9.1,3.96,2.0,Yes,No,Not At Risk
ST04154,18,Male,Computer Science,85.3,55.9,64.1,65.5,2.3,3.57,5.0,Yes,No,At Risk
ST05498,21,Female,Software Engineering,75.6,47.9,71.8,66.3,4.2,2.98,5.0,Yes,No,Not At Risk
ST09929,19,Male,Data Science,98.3,42.4,52.2,79.5,6.6,2.35,2.0,Yes,No,Not At Risk
ST06018,21,Male,Software Engineering,69.5,65.0,53.5,53.9,7.3,2.44,5.0,Yes,No,At Risk
ST06197,19,Female,Data Science,100.0,54.2,67.0,35.3,0.9,1.96,8.0,Yes,No,Not At Risk
ST03396,25,Female,Software Engineering,73.5,66.8,86.9,66.8,4.1,2.65,4.0,Yes,No,Not At Risk
ST04580,21,Female,IT,64.1,73.5,44.9,65.4,8.6,3.15,3.0,No,No,Not At Risk
ST03937,23,Female,Data Science,81.8,75.2,59.2,60.3,6.6,3.27,11.0,Yes,Yes,At Risk
ST00336,25,Male,IT,65.2,41.8,91.0,72.3,7.1,2.75,4.0,Yes,Yes,Not At Risk
ST02677,22,Female,Software Engineering,91.5,100.0,78.9,93.1,9.4,3.03,4.0,Yes,No,Not At Risk
ST09905,21,Female,Software Engineering,61.9,47.8,63.3,81.5,9.2,2.45,2.0,Yes,No,Not At Risk
ST02914,25,Female,Computer Science,63.4,68.6,72.0,91.5,1.3,2.48,7.0,Yes,No,Not At Risk
ST02567,24,Male,Software Engineering,82.9,64.9,28.9,75.7,4.8,3.24,1.0,Yes,No,Not At Risk
ST04969,24,Female,Computer Science,74.0,42.1,95.5,47.0,10.6,2.92,6.0,Yes,No,At Risk
ST09331,22,Female,Computer Science,94.1,52.7,63.4,62.5,3.5,3.07,4.0,Yes,No,Not At Risk
ST11928,21,Male,IT,65.6,77.7,68.6,81.9,3.5,2.84,5.0,Yes,No,Not At Risk
ST04522,24,Male,IT,80.8,53.2,54.6,50.0,3.6,2.88,4.0,No,No,Not At Risk
ST07181,21,Female,Software Engineering,70.0,81.0,32.2,,4.9,2.48,4.0,Yes,No,Not At Risk
ST03408,21,Male,IT,78.8,34.6,53.0,54.7,5.8,3.0,1.0,Yes,No,Not At Risk
ST01708,25,Male,Software Engineering,63.3,74.4,62.7,56.5,2.4,3.43,2.0,Yes,No,Not At Risk
ST03996,22,Female,Software Engineering,86.4,48.0,75.5,62.5,11.4,3.22,4.0,Yes,No,Not At Risk
ST01651,19,Male,Data Science,78.5,63.9,55.2,36.5,6.3,3.34,4.0,No,No,Not At Risk
ST07614,21,Male,Data Science,85.5,100.0,65.6,71.5,6.5,2.35,2.0,Yes,No,Not At Risk
ST02721,20,Female,IT,98.3,85.6,65.0,63.9,1.8,2.62,3.0,Yes,No,Not At Risk
ST10249,19,Female,IT,85.8,84.1,46.2,45.8,4.3,3.1,7.0,Yes,Yes,Not At Risk
ST00313,23,Male,Computer Science,82.6,98.1,61.8,58.2,5.8,2.9,4.0,Yes,No,Not At Risk
ST10310,19,Female,Software Engineering,94.0,49.2,52.8,76.6,4.8,3.22,2.0,Yes,No,Not At Risk
ST10695,23,Female,Computer Science,79.9,66.1,58.7,55.9,5.1,2.75,6.0,Yes,No,Not At Risk
ST02597,18,Female,Computer Science,70.8,84.6,90.4,60.5,8.4,2.52,3.0,No,Yes,Not At Risk
ST05472,20,Female,IT,98.5,67.1,78.8,72.3,5.2,2.82,6.0,Yes,No,Not At Risk
ST01051,22,Female,Data Science,70.6,69.2,67.6,63.1,7.3,4.0,6.0,Yes,No,Not At Risk
ST07866,24,Male,Data Science,91.3,56.1,66.5,76.4,3.2,3.21,6.0,Yes,Yes,Not At Risk
ST00490,23,Female,Computer Science,63.0,76.1,84.0,69.0,2.4,3.8,3.0,Yes,Yes,Not At Risk
ST00386,18,Male,Computer Science,100.0,56.9,64.2,79.8,2.2,3.32,3.0,Yes,No,Not At Risk
ST01159,24,Male,Data Science,74.4,82.9,62.0,56.4,5.0,2.82,8.0,Yes,Yes,At Risk
ST08371,23,Female,Data Science,77.0,52.3,50.3,42.1,6.3,3.44,2.0,Yes,No,Not At Risk
ST06331,19,Female,Software Engineering,77.0,74.4,61.6,92.2,3.1,1.34,5.0,Yes,No,Not At Risk
ST11256,19,Female,Computer Science,92.9,71.1,56.4,74.8,4.3,3.17,4.0,No,Yes,Not At Risk
ST10713,23,Female,IT,85.5,46.2,55.8,66.7,11.9,2.88,8.0,Yes,Yes,Not At Risk
ST01998,22,Male,Software Engineering,100.0,76.5,63.4,85.0,2.7,4.0,6.0,Yes,Yes,Not At Risk
ST00977,23,Female,Software Engineering,78.7,100.0,79.1,58.3,4.9,3.53,7.0,Yes,Yes,Not At Risk
ST02910,24,Male,IT,80.3,100.0,53.5,62.9,3.6,2.9,6.0,Yes,Yes,Not At Risk
ST11296,24,Female,Computer Science,85.5,66.9,87.3,,9.8,2.06,2.0,Yes,No,Not At Risk
ST04993,23,Male,IT,76.4,91.4,84.8,58.2,7.5,2.99,3.0,Yes,Yes,Not At Risk
ST02282,20,Female,Data Science,100.0,68.7,46.3,78.0,1.9,2.59,1.0,Yes,No,Not At Risk
ST00840,19,Female,Computer Science,91.4,66.2,73.3,49.1,2.4,3.02,1.0,Yes,No,Not At Risk
ST06689,23,Female,IT,91.3,66.0,59.0,38.9,6.0,3.48,2.0,Yes,Yes,Not At Risk
ST00966,23,Male,Software Engineering,80.4,62.7,62.0,66.1,7.9,3.27,2.0,No,No,Not At Risk
ST09341,19,Male,Computer Science,70.8,73.0,68.7,52.8,3.6,2.18,4.0,Yes,Yes,Not At Risk
ST09669,19,Male,Computer Science,92.7,100.0,32.1,42.3,2.4,1.67,2.0,Yes,No,Not At Risk
ST10264,22,Female,IT,69.2,56.5,81.6,51.5,6.0,3.0,4.0,Yes,Yes,Not At Risk
ST02381,18,Female,IT,100.0,100.0,67.0,96.7,8.3,3.21,4.0,Yes,No,Not At Risk
ST09140,25,Female,Computer Science,92.3,100.0,65.2,84.2,7.0,3.64,4.0,Yes,No,Not At Risk
ST03060,24,Male,Data Science,95.1,60.7,49.7,79.5,4.3,2.59,3.0,Yes,No,Not At Risk
ST07335,25,Male,IT,95.0,48.1,75.4,48.9,8.1,3.36,3.0,Yes,No,Not At Risk
ST10352,21,Female,Software Engineering,83.7,56.1,23.7,56.0,3.8,2.96,6.0,Yes,No,Not At Risk
ST07493,24,Female,Data Science,100.0,52.7,58.9,54.6,5.0,2.28,4.0,Yes,No,Not At Risk
ST09871,20,Male,Computer Science,75.1,52.1,55.1,78.5,4.1,1.73,1.0,Yes,No,Not At Risk
ST00446,19,Male,IT,74.3,66.1,81.6,87.3,0.6,2.36,3.0,Yes,Yes,Not At Risk
ST06800,19,Male,Data Science,80.9,69.8,50.4,63.2,5.0,2.15,2.0,Yes,No,At Risk
ST00625,25,Female,Data Science,75.5,72.5,64.6,65.3,0.6,2.84,3.0,Yes,Yes,Not At Risk
ST08962,24,Female,Software Engineering,48.7,83.2,71.1,75.1,7.3,3.44,5.0,Yes,Yes,Not At Risk
ST08172,20,Female,Data Science,84.3,49.4,76.5,70.6,1.5,2.85,5.0,Yes,Yes,Not At Risk
ST05126,19,Female,Computer Science,77.9,72.9,71.8,,17.4,2.96,4.0,Yes,No,Not At Risk
ST03164,22,Male,IT,73.2,68.6,50.6,79.9,4.8,3.3,2.0,Yes,No,Not At Risk
ST07089,22,Male,Computer Science,61.1,85.7,89.8,51.9,6.0,3.9,4.0,Yes,No,At Risk
ST06236,18,Male,Data Science,57.5,58.1,48.0,73.9,1.4,1.58,1.0,Yes,No,Not At Risk
ST10487,20,Male,Computer Science,73.5,68.4,60.7,64.6,3.8,2.64,3.0,Yes,No,Not At Risk
ST01803,22,Male,Software Engineering,76.2,55.3,30.7,74.7,6.4,3.75,6.0,Yes,Yes,Not At Risk
ST02297,23,Female,Software Engineering,77.2,73.3,79.1,40.3,2.1,3.59,5.0,Yes,Yes,Not At Risk
ST09594,25,Female,Data Science,55.2,62.9,58.1,68.0,7.0,3.26,4.0,Yes,No,Not At Risk
ST03398,19,Female,Computer Science,79.1,46.5,74.0,63.2,6.2,3.76,2.0,Yes,Yes,Not At Risk
ST07912,23,Female,Computer Science,74.1,67.9,89.1,71.7,4.7,2.3,5.0,Yes,No,Not At Risk
ST08457,21,Male,IT,92.6,63.5,49.6,60.7,6.7,1.41,4.0,Yes,No,Not At Risk
ST09765,23,Male,Software Engineering,84.1,82.6,51.4,62.5,18.0,3.55,3.0,Yes,Yes,Not At Risk
ST06068,24,Female,IT,70.2,69.0,86.4,90.9,6.9,2.75,6.0,Yes,Yes,Not At Risk
ST08475,21,Male,IT,79.8,50.0,58.3,64.5,7.1,2.58,4.0,Yes,Yes,Not At Risk
ST06420,24,Female,IT,86.6,78.5,80.4,54.6,4.5,2.73,7.0,Yes,Yes,Not At Risk
ST00022,19,Male,Computer Science,54.8,61.2,94.8,57.3,2.2,2.47,5.0,Yes,No,At Risk
ST01820,24,Male,IT,78.9,83.5,74.7,96.9,8.7,3.21,8.0,Yes,No,Not At Risk
ST03284,23,Female,Computer Science,83.4,50.4,94.1,54.7,5.4,2.67,2.0,Yes,Yes,At Risk
ST08317,24,Female,Computer Science,88.5,91.0,63.4,51.7,7.1,3.43,3.0,Yes,No,Not At Risk
ST05898,18,Male,Software Engineering,80.6,76.0,43.2,77.3,2.7,2.32,5.0,Yes,No,Not At Risk
ST03448,19,Male,Data Science,65.6,50.0,83.5,96.6,9.1,3.43,3.0,No,Yes,Not At Risk
ST03353,25,Female,Computer Science,72.4,52.7,67.4,89.4,4.9,2.45,3.0,Yes,No,Not At Risk
ST11541,22,Female,Computer Science,100.0,70.6,49.9,55.9,4.1,3.92,6.0,Yes,Yes,Not At Risk
ST11202,25,Female,Software Engineering,76.6,86.2,53.0,64.5,7.2,2.77,4.0,Yes,No,Not At Risk
ST10874,21,Male,Software Engineering,73.6,60.2,79.6,65.5,6.0,3.05,2.0,No,No,Not At Risk
ST09509,19,Female,Computer Science,73.5,72.1,76.4,66.1,2.7,3.45,3.0,Yes,Yes,Not At Risk
ST03402,19,Female,Computer Science,92.5,47.9,63.7,38.4,2.9,2.28,2.0,Yes,No,Not At Risk
ST03241,24,Female,IT,87.4,54.0,63.6,69.7,3.9,2.49,6.0,Yes,Yes,Not At Risk
ST01635,19,Female,Software Engineering,60.0,61.5,66.8,61.3,2.6,3.9,7.0,Yes,No,Not At Risk
ST09427,20,Male,Computer Science,93.0,98.8,62.2,75.8,6.5,2.17,2.0,Yes,Yes,Not At Risk
ST05683,20,Female,Software Engineering,92.7,86.3,37.2,44.0,5.5,2.39,5.0,Yes,No,Not At Risk
ST07748,22,Female,Computer Science,78.3,90.8,70.8,37.4,5.8,2.84,2.0,Yes,Yes,Not At Risk
ST01554,19,Female,Software Engineering,55.9,62.6,60.0,60.8,7.1,1.84,2.0,Yes,Yes,Not At Risk
ST09326,21,Female,Data Science,73.8,63.0,42.1,43.6,6.9,2.15,4.0,Yes,No,Not At Risk
ST03142,23,Male,Data Science,92.8,71.7,57.2,42.3,5.1,2.72,2.0,Yes,No,At Risk
ST11618,21,Male,Software Engineering,91.9,55.8,64.2,76.1,9.3,2.0,7.0,Yes,Yes,Not At Risk
ST02917,18,Female,Computer Science,98.1,65.1,49.9,50.6,10.7,1.77,5.0,Yes,No,Not At Risk
ST08848,21,Male,IT,59.5,60.5,94.4,30.9,3.9,2.26,2.0,Yes,No,At Risk
ST02395,20,Female,IT,57.8,67.8,73.6,100.0,3.7,2.68,5.0,Yes,No,Not At Risk
ST04214,18,Female,Computer Science,81.8,61.4,41.3,45.0,7.7,2.1,5.0,Yes,No,At Risk
ST03209,20,Male,Computer Science,96.9,60.2,50.5,61.3,3.9,3.05,5.0,Yes,No,Not At Risk
ST01739,23,Male,IT,78.8,80.5,81.8,86.4,9.2,3.89,9.0,Yes,No,Not At Risk
ST09499,18,Female,Computer Science,88.5,100.0,75.8,60.5,4.1,1.9,4.0,Yes,No,Not At Risk
ST02685,21,Male,Data Science,75.0,97.4,64.8,56.2,12.2,2.67,,Yes,No,Not At Risk
ST01086,21,Female,Software Engineering,71.7,55.4,59.3,56.1,2.5,2.99,4.0,Yes,No,At Risk
ST00796,24,Female,Computer Science,92.8,60.6,72.1,64.2,5.4,3.22,11.0,Yes,No,Not At Risk
ST05060,22,Female,Software Engineering,69.7,66.8,57.3,68.1,7.2,1.44,3.0,Yes,No,At Risk
ST06971,24,Male,Computer Science,100.0,72.0,62.2,76.6,4.0,1.37,3.0,Yes,Yes,Not At Risk
ST00246,19,Female,IT,72.5,97.4,82.3,70.9,8.5,2.92,4.0,Yes,No,Not At Risk
ST04883,22,Female,Software Engineering,74.8,71.6,79.6,69.3,9.4,3.63,5.0,Yes,Yes,Not At Risk
ST09843,19,Male,IT,71.7,100.0,60.8,41.1,10.9,3.68,4.0,Yes,No,At Risk
ST08184,20,Female,IT,70.7,58.3,64.4,59.5,6.0,2.67,4.0,Yes,Yes,Not At Risk
ST10550,21,Male,Data Science,77.2,62.3,60.1,73.3,5.1,1.62,8.0,Yes,No,At Risk
ST10864,21,Male,IT,100.0,62.5,71.9,49.3,10.2,1.84,6.0,Yes,Yes,Not At Risk
ST10686,22,Male,IT,67.4,83.4,79.5,62.9,8.1,2.54,3.0,No,No,Not At Risk
ST05501,23,Female,Computer Science,82.0,72.1,82.0,45.5,5.6,2.93,5.0,Yes,Yes,Not At Risk
ST03179,21,Female,Data Science,76.4,48.6,79.8,91.2,9.3,2.47,2.0,Yes,No,Not At Risk
ST07454,21,Male,Computer Science,79.7,64.4,100.0,81.6,6.1,2.57,6.0,Yes,No,Not At Risk
ST00871,20,Female,Computer Science,77.3,75.7,74.9,45.7,6.5,2.43,3.0,Yes,No,Not At Risk
ST08766,24,Female,Software Engineering,85.2,55.4,94.0,75.9,4.2,2.07,6.0,Yes,No,Not At Risk
ST10838,22,Male,Software Engineering,81.9,64.3,77.8,65.0,1.8,2.56,4.0,Yes,Yes,Not At Risk
ST05956,23,Male,IT,57.1,71.7,46.7,64.6,4.7,2.57,3.0,Yes,Yes,Not At Risk
ST10455,21,Female,,92.4,63.3,70.1,63.3,3.8,2.76,7.0,Yes,Yes,Not At Risk
ST05239,20,Male,IT,100.0,62.3,47.1,85.5,8.8,2.64,5.0,No,Yes,Not At Risk
ST10041,21,Male,Data Science,83.8,64.3,49.5,70.7,2.4,1.99,1.0,Yes,No,Not At Risk
ST02112,20,Female,IT,100.0,59.5,54.9,60.1,8.3,2.52,7.0,Yes,Yes,Not At Risk
ST07938,25,Female,Computer Science,100.0,53.4,58.2,60.1,11.2,0.87,3.0,Yes,No,Not At Risk
ST00664,21,Male,Data Science,97.1,61.2,71.9,73.4,2.7,4.0,5.0,Yes,Yes,Not At Risk
ST00355,18,Male,Computer Science,75.0,77.8,89.1,52.5,9.4,2.57,6.0,Yes,Yes,Not At Risk
ST01605,21,Female,Computer Science,98.6,59.6,47.8,64.9,9.3,2.79,1.0,Yes,No,Not At Risk
ST04535,20,Male,Computer Science,85.8,90.7,71.8,60.3,7.2,3.15,1.0,Yes,Yes,At Risk
ST02296,19,Female,Computer Science,83.2,34.6,60.1,35.0,3.1,2.34,0.0,Yes,Yes,At Risk
ST06712,25,Female,Data Science,71.6,62.8,48.9,83.2,8.2,2.19,3.0,Yes,Yes,Not At Risk
ST10376,23,Male,Software Engineering,93.4,70.9,100.0,74.8,1.2,3.51,3.0,Yes,Yes,Not At Risk
ST00361,18,Female,Computer Science,91.9,100.0,72.9,98.9,8.0,2.78,3.0,Yes,No,Not At Risk
ST06476,23,Male,Data Science,71.4,56.7,66.9,49.8,6.4,2.13,2.0,Yes,Yes,Not At Risk
ST10624,24,Female,Data Science,88.3,63.8,67.3,70.0,9.0,1.43,2.0,Yes,No,Not At Risk
ST08439,20,Male,Software Engineering,78.4,78.1,34.8,92.7,3.0,2.61,8.0,Yes,Yes,Not At Risk
ST08978,20,Male,Computer Science,67.9,56.4,88.0,71.0,3.6,2.25,5.0,Yes,No,Not At Risk
ST05774,22,Male,Data Science,91.5,66.5,59.4,85.9,7.6,3.54,4.0,Yes,Yes,Not At Risk
ST09465,21,Female,Software Engineering,77.1,44.1,63.4,66.7,3.5,2.66,9.0,Yes,Yes,At Risk
ST10206,22,Female,Computer Science,100.0,98.0,58.2,49.6,13.4,1.78,2.0,Yes,No,Not At Risk
ST04034,24,Female,IT,88.0,71.0,33.5,63.2,3.4,2.67,7.0,No,No,Not At Risk
ST08499,19,Male,Data Science,83.8,88.7,71.0,31.2,9.3,2.23,6.0,Yes,Yes,Not At Risk
ST11869,19,Female,Data Science,85.3,62.2,61.8,30.7,2.9,3.45,3.0,Yes,Yes,Not At Risk
ST09877,21,Male,Software Engineering,69.7,72.4,44.4,90.5,5.1,2.82,4.0,Yes,Yes,Not At Risk
ST09485,20,Female,Computer Science,91.1,58.2,54.7,57.8,4.2,1.94,8.0,,Yes,Not At Risk
ST08843,19,Male,Software Engineering,100.0,60.1,72.4,45.1,3.8,3.88,4.0,Yes,No,Not At Risk
ST01703,18,Female,Software Engineering,99.0,53.7,58.3,72.9,4.9,1.82,4.0,Yes,Yes,Not At Risk
ST03238,21,Female,Software Engineering,95.9,90.3,83.5,83.1,4.8,1.71,3.0,Yes,No,Not At Risk
ST04609,25,Male,Software Engineering,74.4,67.4,55.3,66.1,7.4,1.92,7.0,Yes,Yes,Not At Risk
ST02073,22,Male,Data Science,73.0,82.8,88.1,86.4,0.8,2.14,4.0,Yes,Yes,At Risk
ST02955,21,Female,Computer Science,60.2,69.8,26.6,56.8,5.2,2.82,6.0,Yes,Yes,At Risk
ST09334,22,Female,Computer Science,88.0,69.5,81.0,60.3,7.7,3.12,5.0,Yes,Yes,At Risk
ST03885,19,Male,IT,74.0,61.0,56.8,62.3,12.5,3.58,7.0,Yes,Yes,Not At Risk
ST01177,25,Male,Software Engineering,87.6,80.1,43.5,58.1,4.3,3.11,4.0,Yes,No,Not At Risk
ST09785,22,Female,IT,86.6,98.8,54.1,64.7,5.6,2.31,1.0,Yes,Yes,Not At Risk
ST00008,23,Male,Data Science,89.3,72.4,60.1,62.6,1.6,2.91,7.0,Yes,No,Not At Risk
ST04524,25,Female,Computer Science,90.0,50.9,100.0,83.1,6.5,2.89,2.0,Yes,No,Not At Risk
ST11742,22,Male,Software Engineering,93.1,70.3,47.4,78.6,5.3,1.93,3.0,Yes,Yes,Not At Risk
ST04490,20,Male,Computer Science,88.6,87.7,54.3,71.1,3.6,3.07,3.0,Yes,No,Not At Risk
ST06531,22,Male,Software Engineering,82.2,63.0,37.1,71.6,10.5,3.08,7.0,Yes,No,At Risk
ST07975,21,Male,IT,68.8,87.2,62.5,74.2,12.3,2.63,4.0,Yes,No,Not At Risk
ST10572,20,Male,Software Engineering,69.7,82.5,92.0,90.2,11.0,3.36,10.0,Yes,Yes,Not At Risk
ST11693,21,Female,IT,64.7,57.9,55.4,100.0,13.3,2.92,1.0,Yes,No,Not At Risk
ST06512,23,Female,Software Engineering,84.0,69.5,70.3,59.3,2.2,2.98,2.0,Yes,Yes,Not At Risk
ST02187,24,Male,Software Engineering,84.2,80.4,47.6,64.7,2.4,2.88,2.0,Yes,Yes,Not At Risk
ST07685,21,Male,Software Engineering,87.3,68.9,86.6,50.6,10.0,2.23,1.0,Yes,Yes,Not At Risk
ST02212,20,Male,Computer Science,58.1,69.4,68.4,48.8,7.7,2.09,6.0,Yes,No,Not At Risk
ST04286,23,Female,Data Science,100.0,70.7,76.3,83.1,7.6,3.2,6.0,Yes,No,Not At Risk
ST02861,25,Male,IT,67.4,59.7,51.6,49.9,1.6,3.41,4.0,Yes,No,At Risk
ST02303,24,Male,IT,79.5,76.4,62.4,41.2,13.0,2.5,5.0,Yes,Yes,Not At Risk
ST04274,21,Male,Computer Science,74.1,79.8,57.4,64.2,4.9,3.05,4.0,Yes,No,Not At Risk
ST02805,18,Male,Computer Science,62.4,51.0,100.0,83.1,8.4,3.88,2.0,Yes,Yes,Not At Risk
ST01867,19,Female,Computer Science,79.8,80.9,93.0,61.4,8.5,2.73,3.0,Yes,No,At Risk
ST02833,18,Female,IT,78.3,42.6,73.9,98.9,6.8,2.71,4.0,Yes,Yes,Not At Risk
ST05794,24,Male,Software Engineering,93.4,82.4,41.0,61.3,6.5,2.44,2.0,Yes,No,Not At Risk
ST09635,23,Female,IT,79.1,71.4,46.1,90.3,9.1,2.67,3.0,Yes,Yes,Not At Risk
ST10527,23,Male,Software Engineering,84.1,64.0,50.4,71.6,7.0,2.5,2.0,Yes,No,Not At Risk
ST07272,18,Male,Software Engineering,89.1,56.4,90.1,51.7,5.6,2.49,4.0,Yes,Yes,Not At Risk
ST00573,24,Female,Data Science,76.0,59.1,97.8,51.3,2.0,3.23,0.0,Yes,No,Not At Risk
ST01508,22,Female,Computer Science,89.0,56.7,68.0,68.6,4.0,3.53,8.0,Yes,No,Not At Risk
ST04091,20,Male,IT,75.1,100.0,57.9,94.3,4.0,3.96,4.0,Yes,No,Not At Risk
ST01895,19,Female,Data Science,79.2,71.4,65.5,79.7,10.2,4.0,,Yes,No,Not At Risk
ST05423,18,Female,Software Engineering,86.4,57.8,74.5,51.0,10.4,2.48,3.0,Yes,No,Not At Risk
ST05091,21,Female,IT,98.1,66.3,55.6,60.1,3.3,1.87,5.0,Yes,No,Not At Risk
ST05647,18,Male,Software Engineering,78.5,63.5,42.7,50.0,5.4,3.76,1.0,Yes,Yes,At Risk
ST09821,22,Male,Data Science,69.8,51.1,69.4,44.1,3.9,3.39,5.0,Yes,No,Not At Risk
ST04886,25,Male,Data Science,67.1,83.8,52.2,69.1,5.3,3.49,5.0,Yes,No,Not At Risk
ST06108,23,Male,Software Engineering,95.8,31.2,82.5,52.5,4.2,2.37,7.0,No,No,Not At Risk
ST05671,25,Male,Software Engineering,99.0,59.5,66.0,65.6,4.9,2.8,3.0,Yes,Yes,Not At Risk
ST10392,23,Female,IT,78.0,74.0,42.9,59.2,5.9,2.28,7.0,Yes,Yes,Not At Risk
ST05759,22,Male,Software Engineering,100.0,87.3,58.2,77.8,6.9,4.0,5.0,Yes,No,Not At Risk
ST00511,21,Male,IT,100.0,48.9,45.1,55.8,1.0,4.0,6.0,Yes,Yes,Not At Risk
ST05999,21,Male,Data Science,87.9,48.5,67.7,44.2,3.3,3.89,1.0,Yes,No,At Risk
ST03335,25,Female,Data Science,82.0,83.4,86.1,75.5,4.8,3.18,1.0,Yes,No,Not At Risk
ST05439,24,Male,Software Engineering,88.3,39.7,65.6,51.6,2.4,1.89,3.0,Yes,No,Not At Risk
ST04434,24,Female,Computer Science,78.5,67.6,65.7,57.6,2.9,2.08,1.0,Yes,No,Not At Risk
ST07453,20,Male,Computer Science,86.7,58.3,69.9,68.4,3.8,4.0,1.0,Yes,No,Not At Risk
ST00119,24,Female,Software Engineering,94.0,59.2,58.3,39.0,2.1,2.73,3.0,Yes,No,Not At Risk
ST05960,21,Female,Computer Science,71.1,100.0,88.5,71.5,4.3,3.5,10.0,Yes,No,Not At Risk
ST04761,25,Female,Software Engineering,64.7,72.6,53.8,23.1,3.4,3.06,8.0,Yes,Yes,Not At Risk
ST01097,25,Female,Data Science,83.0,50.9,56.4,75.6,6.6,3.21,4.0,Yes,No,Not At Risk
ST11858,22,Male,IT,83.4,66.7,74.8,60.1,3.5,3.49,4.0,Yes,Yes,Not At Risk
ST10534,21,Female,IT,88.4,57.2,92.1,74.3,8.9,3.68,,Yes,Yes,At Risk
ST05752,23,Male,Computer Science,70.2,83.3,78.5,55.1,14.7,2.5,5.0,Yes,Yes,Not At Risk
ST05743,22,Female,Computer Science,87.4,61.0,45.9,83.8,2.0,2.56,6.0,No,No,Not At Risk
ST05143,23,Female,Computer Science,74.6,58.7,75.5,99.6,6.0,2.88,4.0,Yes,No,Not At Risk
ST05526,19,Male,Computer Science,90.6,86.9,75.4,50.7,7.4,2.55,3.0,Yes,No,Not At Risk
ST04624,22,Female,Software Engineering,90.6,49.5,72.4,77.3,15.9,3.35,4.0,Yes,No,Not At Risk
ST05607,19,Male,Computer Science,75.4,55.2,91.3,72.6,4.0,2.53,4.0,No,No,Not At Risk
ST02057,23,Female,Software Engineering,62.3,96.1,40.4,88.8,1.4,3.11,6.0,Yes,No,Not At Risk
ST09375,24,Female,Software Engineering,96.1,55.4,51.3,45.2,1.8,2.06,4.0,Yes,No,Not At Risk
ST06188,23,Female,IT,97.4,69.6,72.4,53.7,2.4,2.86,4.0,Yes,Yes,Not At Risk
ST10908,21,Male,Computer Science,57.3,60.1,65.7,100.0,11.7,3.25,5.0,No,Yes,Not At Risk
ST08539,20,Female,Software Engineering,87.7,41.4,72.5,73.1,5.8,2.49,2.0,Yes,No,Not At Risk
ST01951,21,Male,Data Science,80.5,63.0,66.5,51.9,3.8,2.81,9.0,Yes,Yes,Not At Risk
ST03053,24,Male,Data Science,72.9,77.8,57.9,93.2,3.5,3.6,5.0,Yes,Yes,Not At Risk
ST07545,20,Male,Software Engineering,79.7,70.0,47.1,84.3,1.4,2.86,1.0,Yes,No,Not At Risk
ST09689,25,Male,Computer Science,72.8,89.2,15.3,65.1,9.1,3.18,2.0,Yes,Yes,Not At Risk
ST06601,23,Female,IT,92.1,51.8,72.0,59.6,4.4,3.88,0.0,Yes,Yes,Not At Risk
ST09260,22,Male,IT,75.6,76.9,64.6,85.4,12.6,3.11,1.0,Yes,No,Not At Risk
ST02135,23,Male,Computer Science,65.5,60.2,53.9,65.1,7.0,3.29,7.0,Yes,No,Not At Risk
ST09953,19,Male,Software Engineering,84.7,63.5,69.3,60.6,7.6,2.85,8.0,Yes,Yes,Not At Risk
ST08042,25,Male,Software Engineering,100.0,60.5,59.7,61.6,4.3,3.66,3.0,Yes,No,Not At Risk
ST03572,20,Male,IT,80.3,71.2,96.4,77.2,10.0,3.74,7.0,Yes,Yes,Not At Risk
ST03603,23,Male,Data Science,85.8,68.2,38.3,60.5,8.3,2.62,4.0,Yes,No,Not At Risk
ST05929,20,Female,IT,77.1,87.5,85.0,63.4,3.6,2.67,4.0,Yes,Yes,Not At Risk
ST09461,19,Male,Computer Science,66.4,83.5,36.1,53.2,12.1,2.05,6.0,Yes,No,At Risk
ST02341,18,Female,Software Engineering,76.9,62.1,76.8,77.9,3.1,2.41,2.0,Yes,No,Not At Risk
ST02450,20,Female,Computer Science,81.2,64.6,45.7,57.2,1.9,2.26,2.0,Yes,No,Not At Risk
ST10557,20,Female,Computer Science,65.9,50.8,60.1,93.1,12.6,2.74,8.0,Yes,No,Not At Risk
ST10361,21,Female,Data Science,70.3,68.2,85.0,69.1,11.4,4.0,6.0,Yes,Yes,Not At Risk
ST04116,20,Male,IT,100.0,49.0,58.3,72.5,10.4,2.28,4.0,Yes,No,Not At Risk
ST03206,25,Female,Software Engineering,81.3,33.9,79.1,64.7,2.9,3.01,7.0,Yes,No,Not At Risk
ST06044,23,Male,Software Engineering,93.1,70.1,76.6,74.9,13.1,3.55,5.0,Yes,No,Not At Risk
ST00853,22,Female,IT,85.5,47.5,75.7,31.2,4.9,3.14,4.0,Yes,No,Not At Risk
ST11081,22,Male,IT,75.2,60.0,32.5,69.2,5.0,3.14,2.0,No,No,Not At Risk
ST03100,21,Female,IT,72.8,59.6,44.3,57.2,3.4,2.78,5.0,Yes,No,Not At Risk
ST11670,21,Male,Data Science,75.1,67.1,86.0,45.0,5.3,3.45,3.0,Yes,No,Not At Risk
ST10125,20,Female,Data Science,72.0,60.3,51.3,80.3,0.6,1.45,10.0,Yes,Yes,Not At Risk
ST09115,20,Male,Software Engineering,62.9,46.3,55.2,90.4,4.2,3.35,2.0,Yes,Yes,At Risk
ST06354,23,Male,IT,82.2,63.6,57.4,68.6,9.5,2.09,9.0,Yes,Yes,Not At Risk
ST04831,21,Female,Data Science,94.6,70.4,56.7,78.4,5.2,3.36,4.0,Yes,Yes,At Risk
ST06493,23,Male,IT,72.0,92.1,58.9,68.8,3.9,2.46,2.0,Yes,Yes,Not At Risk
ST05195,22,Male,Computer Science,78.3,86.7,88.9,93.1,9.8,3.52,6.0,Yes,Yes,Not At Risk
ST09058,25,Female,Software Engineering,74.9,53.6,51.2,70.2,9.3,4.0,0.0,No,Yes,Not At Risk
ST06582,21,Male,Software Engineering,58.4,57.1,59.5,69.3,3.7,3.04,6.0,Yes,No,At Risk
ST09386,19,Female,,73.7,33.5,55.8,40.6,6.5,3.18,1.0,Yes,No,At Risk
ST02068,24,Male,Computer Science,74.3,70.5,100.0,68.0,6.5,3.67,3.0,Yes,No,Not At Risk
ST09955,20,Female,Computer Science,76.2,34.9,93.2,74.0,1.2,3.52,4.0,Yes,Yes,Not At Risk
ST05337,19,Female,IT,80.1,59.8,71.6,62.5,1.4,3.26,3.0,Yes,Yes,Not At Risk
ST07842,19,Male,Data Science,77.0,63.2,80.2,,7.2,2.52,4.0,Yes,No,Not At Risk
ST07473,25,Female,Data Science,75.5,42.3,92.0,50.6,6.5,3.66,4.0,Yes,Yes,At Risk
ST09989,18,Male,Software Engineering,89.3,44.1,47.5,63.7,3.0,3.29,3.0,Yes,No,Not At Risk
ST02238,20,Female,IT,68.3,71.5,77.6,50.0,6.4,2.95,4.0,,No,Not At Risk
ST06371,25,Male,Software Engineering,81.8,59.6,50.5,43.0,5.2,2.46,5.0,Yes,Yes,At Risk
ST07303,22,Female,Software Engineering,100.0,92.5,70.1,53.2,6.3,1.2,4.0,Yes,Yes,Not At Risk
ST06160,20,Female,Data Science,84.9,68.2,62.9,83.5,7.9,1.81,6.0,Yes,Yes,Not At Risk
ST02209,23,Male,Data Science,71.6,62.5,86.4,58.1,7.9,2.51,2.0,Yes,No,Not At Risk
ST00615,22,Female,IT,77.6,58.0,27.8,69.1,10.6,2.82,3.0,Yes,Yes,Not At Risk
ST08682,18,Female,Computer Science,62.2,65.6,89.3,81.2,3.5,3.04,11.0,Yes,No,At Risk
ST05540,18,Female,Software Engineering,100.0,77.1,35.1,87.7,5.1,2.05,3.0,Yes,Yes,Not At Risk
ST05995,19,Male,Computer Science,95.3,69.3,80.6,49.1,4.5,3.18,4.0,Yes,Yes,Not At Risk
ST09533,18,Female,Computer Science,97.7,91.6,66.6,77.8,5.0,2.76,5.0,Yes,Yes,Not At Risk
ST09357,23,Male,Computer Science,100.0,92.7,72.4,56.6,4.1,3.24,8.0,Yes,No,Not At Risk
ST06749,24,Female,Software Engineering,69.6,50.2,82.0,85.8,3.3,3.11,2.0,Yes,No,Not At Risk
ST11598,24,Male,Data Science,87.8,76.7,42.3,75.2,4.8,1.88,4.0,Yes,Yes,Not At Risk
ST04792,18,Male,Computer Science,81.0,77.6,78.9,50.5,5.4,3.93,1.0,Yes,No,Not At Risk
ST06501,19,Female,IT,77.5,75.1,64.6,41.2,8.4,1.17,7.0,Yes,No,At Risk
ST08400,19,Female,Computer Science,81.3,62.9,73.0,72.9,13.1,2.75,4.0,,No,Not At Risk
ST04076,22,Male,Computer Science,63.5,58.4,66.5,41.9,12.7,2.38,10.0,Yes,Yes,Not At Risk
ST06750,22,Male,Software Engineering,84.1,77.6,54.1,39.4,7.9,3.06,6.0,Yes,No,Not At Risk
ST02425,19,Male,Computer Science,78.0,64.8,56.4,57.5,5.7,2.86,6.0,Yes,No,Not At Risk
ST02179,20,Female,IT,81.1,70.1,92.8,71.8,7.1,3.31,7.0,Yes,Yes,Not At Risk
ST03719,25,Male,IT,75.9,61.1,38.3,39.9,3.8,2.36,2.0,No,Yes,Not At Risk
ST07722,24,Female,Software Engineering,94.6,69.2,78.6,84.1,3.5,3.49,5.0,Yes,No,At Risk
ST00855,20,Female,Computer Science,89.7,62.0,80.7,57.6,9.8,2.86,6.0,Yes,Yes,Not At Risk
ST09634,24,Male,Data Science,67.6,78.3,48.5,78.4,7.8,2.28,5.0,Yes,Yes,Not At Risk
ST10181,22,Male,IT,76.4,55.3,55.9,44.1,3.2,2.7,3.0,Yes,No,At Risk
ST07704,18,Male,,76.0,71.0,47.0,89.8,6.7,3.38,3.0,Yes,No,Not At Risk
ST11493,21,Male,Data Science,96.0,80.9,63.4,58.3,1.7,3.05,5.0,Yes,Yes,Not At Risk
ST09730,24,Female,IT,90.7,53.6,58.4,57.3,2.8,2.81,6.0,Yes,Yes,Not At Risk
ST00273,20,Male,IT,91.3,82.3,53.8,53.2,4.6,2.68,6.0,Yes,No,Not At Risk
ST06909,18,Male,Computer Science,70.4,59.6,70.7,86.0,2.3,1.83,4.0,Yes,Yes,At Risk
ST02332,24,Female,Data Science,87.3,95.4,83.6,30.0,3.0,2.78,7.0,Yes,No,Not At Risk
ST02127,19,Female,Data Science,74.9,37.8,79.2,91.1,7.3,3.31,5.0,Yes,No,At Risk
ST05199,19,Female,Data Science,79.7,53.8,75.1,100.0,4.7,2.27,4.0,Yes,Yes,Not At Risk
ST01801,20,Female,Data Science,78.5,67.9,32.9,58.6,6.4,3.13,5.0,Yes,Yes,Not At Risk
ST10567,21,Male,IT,76.7,92.9,68.9,,8.6,2.64,2.0,Yes,Yes,Not At Risk
ST10137,24,Male,IT,79.6,58.1,51.8,57.3,5.0,1.89,3.0,Yes,No,Not At Risk
ST01048,23,Male,Computer Science,69.2,88.6,58.8,64.8,0.9,2.07,4.0,Yes,No,Not At Risk
ST01478,24,Female,Computer Science,90.6,77.0,84.8,45.1,7.7,3.55,4.0,Yes,Yes,Not At Risk
ST06232,20,Male,Computer Science,100.0,70.2,78.6,68.4,6.8,3.18,3.0,Yes,No,Not At Risk
ST02383,19,Female,Software Engineering,66.2,55.0,81.9,58.6,8.7,3.41,7.0,Yes,No,At Risk
ST07559,24,Male,Computer Science,81.7,69.7,86.5,58.7,8.9,3.06,3.0,Yes,No,Not At Risk
ST02871,18,Female,Software Engineering,84.6,82.4,84.2,34.9,5.0,3.5,3.0,Yes,Yes,At Risk
ST01871,18,Male,IT,95.2,80.9,54.0,66.5,3.7,2.91,3.0,Yes,No,Not At Risk
ST10948,24,Male,Computer Science,75.4,83.3,55.8,77.7,3.4,3.42,4.0,Yes,Yes,Not At Risk
ST08000,20,Female,IT,100.0,53.4,42.7,86.3,12.7,2.45,3.0,Yes,Yes,Not At Risk
ST01991,20,Female,Computer Science,86.3,64.1,83.1,72.8,1.9,2.73,,Yes,No,Not At Risk
ST05136,18,Male,Software Engineering,96.6,67.1,57.2,58.5,10.0,2.0,1.0,No,No,Not At Risk
ST03663,24,Male,Data Science,57.5,72.3,39.5,26.6,9.3,3.81,10.0,Yes,No,Not At Risk
ST09442,21,Female,Software Engineering,72.3,76.2,92.5,59.4,7.9,4.0,3.0,No,No,Not At Risk
ST03325,19,Male,Software Engineering,78.9,24.8,62.7,51.4,6.9,3.54,4.0,Yes,No,At Risk
ST05218,25,Male,Data Science,74.6,64.5,64.9,68.4,4.8,1.2,4.0,Yes,No,Not At Risk
ST00700,18,Female,Computer Science,100.0,86.4,100.0,63.4,1.9,2.15,2.0,Yes,No,Not At Risk
ST06041,19,Male,Computer Science,88.2,63.2,49.6,76.3,3.3,2.29,0.0,Yes,No,Not At Risk
ST06682,23,Female,Data Science,86.3,85.3,54.4,47.0,5.0,3.73,1.0,Yes,Yes,Not At Risk
ST01120,18,Female,IT,86.4,84.7,43.6,52.2,7.3,3.42,2.0,Yes,No,Not At Risk
ST01027,20,Female,IT,81.9,59.3,85.1,92.4,8.1,2.94,7.0,Yes,Yes,Not At Risk
ST02498,25,Female,IT,77.5,61.0,83.9,62.9,5.2,3.78,2.0,Yes,Yes,Not At Risk
ST01292,20,Female,Software Engineering,54.8,52.2,76.5,38.8,2.2,2.46,6.0,Yes,No,At Risk
ST03405,20,Female,Computer Science,93.5,73.9,68.4,55.3,3.6,2.84,6.0,Yes,Yes,Not At Risk
ST05068,19,Female,IT,93.7,83.4,82.7,32.9,5.5,2.7,3.0,Yes,Yes,At Risk
ST10496,25,Male,Data Science,89.6,85.0,90.1,76.2,5.9,1.36,4.0,Yes,No,Not At Risk
ST07482,21,Male,Software Engineering,82.2,92.2,61.5,55.4,2.4,3.1,6.0,Yes,Yes,Not At Risk
ST06067,22,Male,Data Science,84.9,55.0,92.5,78.4,6.9,2.37,4.0,Yes,Yes,Not At Risk
ST03746,18,Female,Computer Science,100.0,61.5,67.6,51.2,7.4,2.77,2.0,Yes,No,Not At Risk
ST04328,18,Female,Computer Science,88.3,46.5,68.6,47.0,9.2,3.53,5.0,,Yes,Not At Risk
ST03669,24,Male,Computer Science,100.0,80.7,70.5,55.5,4.4,3.65,5.0,Yes,Yes,Not At Risk
ST02601,23,Female,Data Science,72.3,71.1,75.4,62.6,3.5,2.97,5.0,No,Yes,Not At Risk
ST02828,21,Female,Data Science,73.3,70.9,53.0,83.6,3.6,2.92,2.0,Yes,No,Not At Risk
ST01652,23,Male,Computer Science,55.0,55.0,82.5,57.9,1.8,2.37,2.0,Yes,No,At Risk
ST00133,25,Female,IT,86.8,64.5,59.3,42.7,9.2,3.6,6.0,Yes,No,At Risk
ST05986,18,Female,Data Science,72.4,73.1,68.7,86.6,9.2,3.21,4.0,Yes,No,At Risk
ST11883,24,Female,Computer Science,71.5,91.7,85.3,65.3,2.2,3.54,9.0,Yes,No,Not At Risk
ST09717,21,Female,Data Science,85.4,58.4,59.8,70.2,7.7,2.31,3.0,Yes,Yes,Not At Risk
ST09345,25,Male,Data Science,81.2,63.7,61.8,76.5,1.4,3.51,4.0,Yes,Yes,At Risk
ST06264,21,Female,Computer Science,69.9,68.0,63.6,83.5,4.9,3.29,3.0,Yes,No,Not At Risk
ST08611,19,Male,IT,61.2,75.6,78.8,61.0,13.0,2.72,6.0,Yes,Yes,Not At Risk
ST06049,18,Male,Computer Science,70.5,87.5,49.0,68.4,1.5,2.63,5.0,Yes,Yes,Not At Risk
ST02351,18,Female,Software Engineering,85.8,69.4,94.1,53.5,3.5,2.94,2.0,Yes,No,Not At Risk
ST08687,25,Female,IT,76.6,42.8,68.3,74.8,2.1,1.82,3.0,Yes,Yes,At Risk
ST04966,19,Female,Software Engineering,54.5,80.3,85.6,99.6,7.1,2.21,9.0,Yes,No,Not At Risk
ST10853,23,Male,Data Science,73.1,69.9,56.7,52.0,3.9,2.7,3.0,Yes,Yes,Not At Risk
ST02080,18,Female,Software Engineering,80.0,61.9,80.6,68.4,1.0,3.01,4.0,Yes,Yes,Not At Risk
ST03795,21,Male,IT,85.9,47.2,51.7,71.8,5.9,3.11,5.0,Yes,Yes,Not At Risk
ST06586,24,Female,IT,94.9,61.7,62.6,66.9,1.5,2.51,4.0,Yes,Yes,Not At Risk
ST03695,25,Female,Software Engineering,89.5,62.0,76.9,78.7,5.5,3.18,3.0,Yes,Yes,At Risk
ST03585,20,Female,Data Science,91.1,75.5,100.0,70.7,7.4,3.2,5.0,Yes,Yes,Not At Risk
ST08190,25,Male,Computer Science,83.7,97.1,60.3,38.6,8.8,3.32,3.0,Yes,Yes,Not At Risk
ST00079,25,Female,Data Science,78.6,71.9,73.7,64.1,1.6,2.25,5.0,Yes,Yes,Not At Risk
ST02678,22,Female,Software Engineering,91.8,54.6,55.2,80.5,7.5,3.86,7.0,Yes,No,Not At Risk
ST10911,18,Male,Software Engineering,73.9,51.7,60.6,88.6,3.2,2.16,4.0,Yes,No,Not At Risk
ST05590,20,Female,Data Science,65.5,52.5,69.5,62.3,2.8,3.46,2.0,Yes,Yes,Not At Risk
ST08804,24,Female,Software Engineering,86.5,92.9,75.8,82.0,5.2,2.6,3.0,Yes,Yes,Not At Risk
ST02557,18,Female,,83.2,58.4,79.3,70.4,4.1,2.48,1.0,Yes,No,Not At Risk
ST05072,25,Female,Computer Science,75.8,80.5,68.1,90.3,2.3,3.27,3.0,Yes,No,Not At Risk
ST11744,18,Female,Software Engineering,100.0,71.7,67.5,58.0,3.0,3.04,5.0,Yes,No,Not At Risk
ST06588,18,Female,Data Science,91.4,71.6,68.5,55.4,6.3,2.84,3.0,Yes,No,Not At Risk
ST01610,21,Female,IT,56.8,33.6,54.7,46.1,5.2,3.54,5.0,Yes,No,Not At Risk
ST06129,19,Male,Data Science,99.8,59.0,72.7,53.3,12.5,3.77,2.0,No,No,Not At Risk
ST11857,25,Female,Computer Science,77.5,58.2,84.2,67.0,5.9,2.83,2.0,Yes,No,At Risk
ST07790,19,Female,Computer Science,94.2,79.4,40.5,82.8,3.5,3.14,6.0,Yes,No,Not At Risk
ST00769,25,Female,IT,100.0,69.5,65.2,60.0,8.3,3.23,2.0,Yes,No,Not At Risk
ST06013,21,Male,Data Science,92.3,29.0,88.0,30.3,1.5,3.41,5.0,Yes,Yes,At Risk
ST11096,23,Male,Computer Science,100.0,35.8,80.7,69.4,2.5,3.13,4.0,Yes,No,Not At Risk
ST07763,25,Male,Computer Science,94.1,49.4,73.0,64.9,1.5,2.36,7.0,Yes,No,Not At Risk
ST00427,23,Male,Software Engineering,92.4,70.5,65.9,65.0,2.2,2.3,8.0,Yes,Yes,Not At Risk
ST09674,20,Male,Software Engineering,88.0,54.2,51.9,45.4,4.8,3.35,2.0,Yes,No,Not At Risk
ST04686,22,Female,IT,100.0,61.4,84.8,71.9,3.1,2.54,3.0,Yes,Yes,Not At Risk
ST08924,22,Female,Data Science,88.1,88.0,81.7,47.8,10.0,3.04,2.0,Yes,Yes,Not At Risk
ST08850,22,Female,Computer Science,73.8,91.0,66.1,64.5,4.8,2.82,4.0,Yes,No,Not At Risk
ST08501,19,Male,IT,67.2,51.8,92.8,47.5,2.8,3.35,,Yes,Yes,Not At Risk
ST06841,20,Male,IT,83.7,59.8,44.2,74.9,5.3,3.63,7.0,Yes,Yes,Not At Risk
ST06395,20,Female,Software Engineering,85.5,90.5,75.5,74.1,4.1,2.63,4.0,Yes,No,Not At Risk
ST10145,18,Female,Computer Science,70.6,44.7,56.6,61.5,4.9,1.84,4.0,Yes,Yes,Not At Risk
ST02672,24,Male,Software Engineering,86.0,38.2,42.8,28.5,4.4,3.77,4.0,No,No,At Risk
ST06529,18,Female,Software Engineering,91.5,56.1,78.4,63.7,9.0,3.14,2.0,Yes,No,At Risk
ST10958,24,Male,Computer Science,75.7,61.2,87.2,72.8,3.8,4.0,5.0,Yes,Yes,Not At Risk
ST05087,21,Male,Computer Science,82.7,59.4,60.3,52.8,5.3,4.0,2.0,Yes,No,Not At Risk
ST10585,20,Female,Data Science,87.7,67.8,67.4,70.7,3.7,3.13,1.0,No,Yes,Not At Risk
ST08655,21,Female,IT,82.0,86.1,75.9,94.6,8.0,2.16,2.0,Yes,Yes,Not At Risk
ST01561,25,Male,Software Engineering,89.9,77.3,60.1,70.9,6.5,3.78,2.0,Yes,No,Not At Risk
ST03499,21,Female,IT,74.5,89.3,49.9,66.1,6.0,2.75,1.0,Yes,Yes,Not At Risk
ST08964,20,Male,Computer Science,68.1,61.6,73.8,64.0,6.4,3.52,3.0,Yes,Yes,Not At Risk
ST04383,25,Female,Software Engineering,77.8,72.1,80.5,66.5,14.5,3.16,7.0,Yes,No,Not At Risk
ST05191,24,Male,IT,94.7,67.4,99.3,37.1,13.5,2.49,7.0,Yes,No,Not At Risk
ST07124,18,Male,IT,71.7,85.1,57.6,54.1,1.3,3.04,6.0,No,Yes,At Risk
ST04570,18,Male,Software Engineering,85.1,62.5,66.2,84.6,2.7,2.21,3.0,Yes,No,Not At Risk
ST01660,19,Male,Software Engineering,66.5,41.8,88.5,65.8,5.4,1.15,5.0,Yes,No,At Risk
ST01712,18,Male,IT,84.9,84.0,66.6,24.3,4.3,3.65,1.0,Yes,No,At Risk
ST05925,25,Female,IT,93.5,55.8,69.3,73.6,0.9,3.0,0.0,Yes,No,Not At Risk
ST11533,22,Female,Software Engineering,88.7,52.7,89.3,80.0,7.8,2.78,6.0,Yes,Yes,Not At Risk
ST01804,24,Female,Data Science,59.4,56.3,79.3,43.2,2.6,3.13,6.0,Yes,Yes,At Risk
ST08241,23,Female,IT,84.0,64.8,72.9,84.1,1.5,3.92,1.0,Yes,No,Not At Risk
ST06050,24,Female,IT,74.2,60.4,70.6,72.4,2.0,2.89,4.0,Yes,Yes,At Risk
ST08408,18,Female,Software Engineering,91.1,75.7,71.4,67.7,8.3,3.08,3.0,Yes,No,Not At Risk
ST00758,20,Male,Computer Science,81.7,82.2,67.5,39.6,4.8,2.6,6.0,Yes,Yes,Not At Risk
ST02338,23,Male,Software Engineering,96.4,68.1,64.6,75.9,6.8,2.75,3.0,Yes,No,Not At Risk
ST03565,24,Female,,92.4,85.4,63.3,47.1,2.1,2.43,5.0,Yes,No,Not At Risk
ST08676,21,Male,Software Engineering,87.3,84.1,77.2,55.8,11.7,2.23,5.0,Yes,No,Not At Risk
ST11626,23,Male,Data Science,77.4,77.4,80.4,54.1,2.4,4.0,4.0,Yes,Yes,Not At Risk
ST06498,19,Male,Software Engineering,82.6,56.8,50.1,65.6,3.7,2.77,3.0,Yes,Yes,At Risk
ST09950,22,Male,Data Science,81.8,60.7,43.4,86.6,4.3,3.13,5.0,Yes,No,Not At Risk
ST10104,19,Female,IT,96.1,68.2,92.0,60.1,8.2,2.69,5.0,Yes,Yes,Not At Risk
ST09289,18,Female,Data Science,82.2,75.5,52.1,31.5,6.0,2.44,6.0,Yes,No,At Risk
ST00876,25,Male,Computer Science,64.4,58.0,43.6,36.3,8.9,2.57,1.0,Yes,Yes,Not At Risk
ST01729,19,Female,Computer Science,74.2,66.4,39.6,42.2,3.5,2.55,3.0,Yes,No,At Risk
ST04849,21,Female,IT,76.9,59.9,57.4,61.4,14.9,3.88,4.0,Yes,Yes,Not At Risk
ST05858,23,Female,Data Science,83.0,61.1,72.9,63.1,8.0,1.86,4.0,Yes,No,Not At Risk
ST05180,22,Female,IT,68.9,44.1,83.9,,2.4,4.0,3.0,Yes,No,Not At Risk
ST00115,18,Female,Computer Science,85.0,81.4,70.8,77.9,4.9,3.61,5.0,Yes,No,Not At Risk
ST10335,20,Male,IT,69.8,91.2,55.3,66.5,1.7,3.29,5.0,Yes,No,Not At Risk
ST05101,22,Female,IT,76.0,79.9,83.6,79.7,5.4,2.97,6.0,No,No,Not At Risk
ST08989,20,Female,IT,81.1,73.9,69.6,74.5,5.5,3.83,6.0,Yes,Yes,Not At Risk
ST06569,21,Female,Computer Science,81.7,50.5,62.4,74.0,10.8,2.15,6.0,Yes,Yes,At Risk
ST08780,20,Male,IT,67.6,63.9,75.2,67.4,2.9,2.65,2.0,Yes,No,Not At Risk
ST00945,23,Male,Computer Science,66.1,87.2,91.1,64.4,5.7,3.0,9.0,Yes,No,Not At Risk
ST01549,20,Male,IT,92.3,62.8,72.2,54.9,4.7,3.04,5.0,Yes,Yes,Not At Risk
ST03903,19,Male,Software Engineering,79.7,74.7,75.2,48.3,9.0,2.36,2.0,Yes,Yes,Not At Risk
ST02785,20,Female,Computer Science,100.0,79.4,81.4,71.6,2.2,2.4,6.0,Yes,No,Not At Risk
ST06057,24,Female,Computer Science,80.8,56.8,66.1,64.5,12.2,1.87,2.0,Yes,Yes,Not At Risk
ST10744,24,Female,Computer Science,81.7,51.6,62.4,56.5,4.6,3.59,6.0,Yes,No,Not At Risk
ST07974,21,Female,Software Engineering,67.0,75.5,85.8,52.3,5.6,2.23,2.0,Yes,No,Not At Risk
ST09893,22,Male,Computer Science,72.0,91.1,41.9,55.2,9.3,3.52,6.0,Yes,No,At Risk
ST09807,23,Female,IT,80.1,47.9,77.0,52.2,14.9,2.54,3.0,Yes,Yes,Not At Risk
ST09303,18,Female,Software Engineering,69.5,65.4,47.4,51.3,4.3,1.76,7.0,Yes,No,Not At Risk
ST09300,22,Male,Computer Science,72.0,100.0,100.0,45.0,14.7,3.32,9.0,Yes,Yes,Not At Risk
ST00235,21,Male,Computer Science,62.8,85.3,79.3,42.0,13.0,3.49,4.0,Yes,No,Not At Risk
ST00180,22,Female,Software Engineering,68.2,63.1,50.7,35.2,2.1,2.47,5.0,,No,At Risk
ST08617,23,Male,IT,80.5,68.5,68.8,43.8,3.0,2.82,4.0,Yes,No,Not At Risk
ST05051,22,Female,Computer Science,87.7,57.6,47.4,55.8,8.7,2.81,1.0,Yes,No,Not At Risk
ST10257,19,Male,Software Engineering,58.1,26.8,52.5,87.0,2.8,3.71,5.0,Yes,Yes,At Risk
ST11825,22,Male,Computer Science,85.9,71.8,100.0,79.7,3.7,3.55,2.0,Yes,Yes,Not At Risk
ST01648,19,Female,Software Engineering,90.9,69.5,68.7,59.5,3.2,2.74,6.0,Yes,Yes,Not At Risk
ST06507,21,Male,Computer Science,95.3,76.9,62.3,74.7,4.1,2.41,9.0,Yes,No,Not At Risk
ST01630,25,Male,Data Science,81.8,73.3,50.5,56.3,4.8,2.86,3.0,No,No,At Risk
ST02459,21,Male,Data Science,82.3,43.0,57.3,56.9,6.1,2.59,6.0,Yes,Yes,At Risk
ST03627,22,M,Software Engineering,71.1,65.0,65.7,47.7,8.2,2.01,1.0,Yes,No,Not At Risk
ST05601,19,Male,IT,95.0,75.1,44.2,75.1,6.3,2.9,3.0,Yes,No,Not At Risk
ST02256,19,Male,Computer Science,100.0,78.4,73.6,40.9,3.9,1.97,2.0,Yes,Yes,Not At Risk
ST02084,18,Female,Software Engineering,80.9,33.3,68.3,48.3,5.8,3.42,3.0,Yes,Yes,Not At Risk
ST07662,23,Female,Data Science,70.8,86.8,62.9,32.1,8.5,2.99,9.0,Yes,No,Not At Risk
ST08288,24,Female,Computer Science,100.0,97.2,91.3,60.5,4.4,3.27,6.0,Yes,Yes,Not At Risk
ST09015,24,Male,IT,89.1,62.5,69.0,30.8,1.5,3.34,3.0,Yes,No,Not At Risk
ST05996,19,Male,Data Science,82.5,49.0,72.4,61.5,5.0,3.49,10.0,Yes,No,Not At Risk
ST03202,22,M,IT,90.0,78.7,69.1,36.7,2.0,3.51,1.0,Yes,No,Not At Risk
ST00402,25,Female,Computer Science,82.8,74.1,79.7,59.6,1.6,2.02,3.0,Yes,No,Not At Risk
ST04861,22,Female,Computer Science,84.1,86.9,51.0,54.5,11.4,2.32,2.0,Yes,Yes,Not At Risk
ST01378,21,Male,Computer Science,89.4,85.4,62.5,65.2,7.1,2.49,6.0,Yes,No,Not At Risk
ST04829,20,Female,Computer Science,90.7,78.8,52.9,73.4,3.3,3.86,5.0,Yes,No,At Risk
ST04546,18,Female,Data Science,75.9,53.0,70.4,100.0,8.4,3.12,5.0,Yes,No,Not At Risk
ST03126,25,Male,Software Engineering,100.0,60.1,68.2,76.3,3.0,2.46,3.0,Yes,No,Not At Risk
ST08234,18,Male,Computer Science,73.9,61.4,76.9,61.4,7.2,2.82,2.0,Yes,No,Not At Risk
ST02449,19,Male,Data Science,53.2,34.2,45.7,44.9,9.7,2.88,6.0,Yes,Yes,At Risk
ST02816,22,Female,Data Science,93.9,65.8,55.6,78.4,2.1,2.61,3.0,Yes,Yes,Not At Risk
ST09126,21,Female,Computer Science,88.2,95.3,34.4,75.6,7.9,2.11,3.0,Yes,Yes,Not At Risk
ST10339,18,Male,Data Science,100.0,81.0,58.9,39.8,3.9,3.02,2.0,Yes,No,Not At Risk
ST06694,23,Female,IT,68.6,70.4,63.3,90.6,1.8,3.41,3.0,Yes,Yes,Not At Risk
ST10952,20,Female,Software Engineering,76.3,93.7,67.3,,3.0,3.38,3.0,Yes,No,Not At Risk
ST06528,24,Female,Software Engineering,66.8,62.0,31.7,68.8,10.8,3.44,0.0,Yes,No,Not At Risk
ST11171,21,Female,Computer Science,100.0,34.3,77.6,56.7,6.3,2.32,4.0,Yes,No,Not At Risk
ST06792,18,Female,Computer Science,96.7,84.9,70.7,53.4,10.5,2.72,5.0,Yes,Yes,Not At Risk
ST06934,19,Male,Computer Science,83.3,68.7,61.4,46.8,4.4,3.52,4.0,Yes,Yes,Not At Risk
ST07105,24,Male,Computer Science,100.0,60.1,89.5,65.3,9.1,2.02,6.0,No,Yes,At Risk
ST10986,21,Male,Software Engineering,98.2,66.6,100.0,72.9,1.3,2.78,7.0,Yes,No,Not At Risk
ST07618,23,Male,Computer Science,86.7,81.3,76.5,41.6,7.1,2.16,6.0,Yes,Yes,Not At Risk
ST09823,25,Female,Data Science,72.7,78.7,41.4,80.4,5.4,3.48,6.0,Yes,No,At Risk
ST04084,23,Female,Computer Science,83.2,81.1,54.8,45.8,7.8,2.0,2.0,Yes,No,Not At Risk
ST07074,24,Female,IT,63.4,68.3,82.8,45.0,12.0,3.01,5.0,Yes,No,At Risk
ST03140,18,Female,Software Engineering,66.4,79.9,47.7,58.8,5.6,2.05,4.0,Yes,No,Not At Risk
ST08580,18,Male,Software Engineering,62.6,37.6,70.2,48.5,1.3,3.95,1.0,Yes,Yes,Not At Risk
ST11181,18,Female,Software Engineering,100.0,43.8,36.4,84.7,11.8,2.99,6.0,Yes,No,Not At Risk
ST06547,20,Male,Computer Science,79.2,69.3,39.3,46.9,7.4,3.99,5.0,Yes,No,Not At Risk
ST09360,25,Female,IT,79.6,77.8,57.5,47.0,8.7,3.31,4.0,Yes,No,Not At Risk
ST02223,19,Female,Computer Science,88.4,89.7,87.9,45.8,4.7,3.53,4.0,Yes,No,At Risk
ST05856,21,Female,Software Engineering,84.6,61.6,71.4,48.5,3.3,2.61,2.0,Yes,Yes,Not At Risk
ST02736,21,Female,Computer Science,82.5,94.2,57.0,81.3,11.5,2.83,4.0,Yes,Yes,Not At Risk
ST01059,20,Female,IT,80.1,77.0,68.0,81.9,2.1,2.62,6.0,Yes,Yes,Not At Risk
ST06332,20,Male,,71.4,50.1,73.1,71.7,2.3,1.66,6.0,Yes,Yes,Not At Risk
ST11013,18,Female,Software Engineering,99.8,82.0,56.2,,7.7,2.62,2.0,Yes,Yes,Not At Risk
ST00583,21,Male,Computer Science,82.1,72.9,60.7,61.5,3.3,2.7,2.0,Yes,Yes,Not At Risk
ST05460,21,Male,Computer Science,92.3,64.1,50.0,74.3,3.2,2.5,5.0,Yes,Yes,Not At Risk
ST04703,23,Male,Software Engineering,83.0,57.9,38.2,70.5,5.3,3.89,5.0,Yes,Yes,At Risk
ST02798,20,Male,Software Engineering,73.7,81.5,46.7,65.1,3.2,1.81,5.0,Yes,Yes,Not At Risk
ST05376,23,Female,Software Engineering,87.9,84.5,63.4,89.1,4.5,3.34,4.0,No,No,Not At Risk
ST00479,21,Female,Software Engineering,85.2,46.6,32.2,48.1,4.6,2.62,4.0,Yes,No,Not At Risk
ST00484,25,Female,Computer Science,80.9,74.3,60.0,84.9,6.3,2.46,1.0,Yes,No,Not At Risk
ST05666,22,Male,IT,93.3,85.2,74.6,35.2,13.6,2.21,6.0,,Yes,Not At Risk
ST09236,22,Male,Software Engineering,76.6,75.3,74.6,49.8,3.7,2.31,5.0,Yes,Yes,Not At Risk
ST11924,25,Male,Software Engineering,92.2,74.6,91.1,62.7,9.6,3.08,5.0,Yes,Yes,Not At Risk
ST00316,23,Female,IT,62.6,90.8,65.5,84.5,2.3,2.77,3.0,Yes,No,Not At Risk
ST11473,24,Male,IT,97.8,65.2,94.0,57.5,6.5,2.19,2.0,Yes,No,Not At Risk
ST09172,22,Male,IT,87.7,62.0,68.6,60.1,6.6,2.49,5.0,Yes,Yes,At Risk
ST01144,22,Female,Computer Science,97.6,52.7,31.7,53.5,1.7,2.73,3.0,Yes,No,Not At Risk
ST09259,21,Female,Software Engineering,99.4,83.2,73.0,79.7,9.3,2.7,5.0,Yes,Yes,Not At Risk
ST07616,19,Female,Computer Science,87.9,61.9,67.6,55.6,4.2,2.83,1.0,Yes,No,Not At Risk
ST00847,20,Male,Software Engineering,81.0,78.6,62.9,44.1,5.7,1.43,6.0,Yes,Yes,Not At Risk
ST06214,25,Male,Software Engineering,62.5,76.7,56.1,66.3,2.8,2.58,4.0,Yes,Yes,Not At Risk
ST05941,21,Male,Data Science,96.2,67.2,100.0,67.8,8.1,3.53,7.0,,No,Not At Risk
ST09253,19,Male,Computer Science,82.8,72.1,69.2,48.9,3.9,2.54,5.0,Yes,No,Not At Risk
ST01884,19,Male,Computer Science,81.6,68.1,61.3,66.5,15.7,2.37,5.0,Yes,No,Not At Risk
ST03700,18,Male,Computer Science,83.0,82.8,53.7,90.8,10.2,3.04,9.0,No,No,Not At Risk
ST04036,19,Male,Data Science,86.3,84.5,97.5,67.5,5.9,3.1,3.0,Yes,Yes,Not At Risk
ST03971,23,Male,Software Engineering,98.0,94.4,59.6,73.3,7.9,3.13,,Yes,Yes,Not At Risk
ST09633,20,Female,Computer Science,69.5,69.7,71.5,24.9,13.4,3.94,3.0,Yes,No,Not At Risk
ST08883,25,Female,Data Science,69.9,63.5,99.5,43.8,6.1,3.32,3.0,Yes,No,Not At Risk
ST07601,23,Female,Computer Science,68.0,68.0,84.0,16.1,10.9,2.9,3.0,Yes,Yes,Not At Risk
ST10924,25,Female,Computer Science,66.4,83.3,49.4,49.8,6.6,2.64,5.0,Yes,Yes,Not At Risk
ST06461,20,Male,Data Science,75.7,61.0,74.5,38.0,0.5,2.91,3.0,Yes,No,Not At Risk
ST07483,25,Female,Data Science,71.1,62.6,76.3,34.0,2.4,1.96,5.0,Yes,No,At Risk
ST06705,20,Male,Software Engineering,88.6,78.3,54.7,59.8,5.5,3.51,2.0,Yes,No,Not At Risk
ST04148,19,Male,IT,64.6,68.9,59.2,55.5,0.7,3.46,1.0,Yes,No,Not At Risk
ST09945,19,Male,IT,79.0,72.1,79.1,84.6,3.3,2.79,6.0,Yes,Yes,Not At Risk
ST10052,22,Male,Software Engineering,96.8,65.3,72.5,56.1,8.1,3.31,6.0,Yes,Yes,Not At Risk
ST06424,22,Male,Software Engineering,87.4,62.6,86.5,73.7,3.0,3.05,2.0,Yes,No,Not At Risk
ST09640,22,Male,Software Engineering,53.1,70.5,68.8,81.5,6.4,3.82,2.0,Yes,No,At Risk
ST06625,23,Female,Software Engineering,71.8,68.8,54.6,63.3,1.7,2.1,3.0,,No,Not At Risk
ST02110,24,Male,IT,91.8,39.6,59.1,54.9,3.4,3.1,2.0,Yes,Yes,At Risk
ST11949,22,Female,Computer Science,71.5,20.8,67.7,100.0,9.4,3.18,3.0,Yes,Yes,Not At Risk
ST04126,25,Female,Software Engineering,60.1,73.6,55.3,55.2,9.6,3.45,0.0,Yes,Yes,Not At Risk
ST02254,22,Male,IT,81.0,60.1,80.0,59.9,5.6,2.53,8.0,Yes,Yes,Not At Risk
ST03541,25,Male,Software Engineering,56.9,70.4,70.0,47.0,7.3,2.61,3.0,Yes,Yes,At Risk
ST00179,25,Female,Software Engineering,68.9,83.6,52.1,65.5,1.9,3.34,4.0,Yes,Yes,Not At Risk
ST09836,19,Female,Computer Science,51.1,76.0,68.5,36.4,9.6,2.76,5.0,Yes,No,Not At Risk
ST08006,18,Female,Computer Science,88.9,63.5,75.8,60.5,3.1,2.81,5.0,No,Yes,Not At Risk
ST05508,21,M,Data Science,84.2,44.3,49.0,64.5,8.1,3.3,1.0,Yes,Yes,Not At Risk
ST11078,24,Male,Software Engineering,100.0,52.7,49.0,76.3,5.1,2.53,2.0,Yes,No,At Risk
ST08734,25,Male,Data Science,85.0,62.0,17.5,82.4,5.8,4.0,4.0,Yes,No,Not At Risk
ST00375,24,Female,Software Engineering,66.9,54.7,86.2,68.9,2.4,3.14,2.0,Yes,Yes,Not At Risk
ST11335,18,Female,Data Science,89.2,59.1,54.6,70.3,7.1,2.44,6.0,Yes,No,Not At Risk
ST03205,22,Female,Computer Science,86.1,66.2,80.8,38.2,5.0,2.71,3.0,Yes,No,Not At Risk
ST10248,21,Female,Software Engineering,86.0,67.2,52.7,61.8,6.2,2.54,1.0,Yes,No,At Risk
ST11221,24,Male,IT,76.9,60.1,39.4,85.0,3.7,2.5,2.0,Yes,Yes,Not At Risk
ST10862,23,Male,Computer Science,73.0,62.6,81.3,71.5,2.7,2.32,5.0,Yes,No,Not At Risk
ST02071,20,Female,Computer Science,95.6,69.1,58.9,56.4,1.8,2.67,3.0,Yes,No,Not At Risk
ST10779,21,Female,Computer Science,76.8,89.2,86.8,63.5,4.2,2.24,0.0,Yes,Yes,Not At Risk
ST04426,25,Female,Computer Science,85.5,78.7,56.4,64.1,6.3,2.59,6.0,Yes,Yes,Not At Risk
ST05874,20,Female,Software Engineering,81.0,47.6,31.4,75.0,4.2,3.14,5.0,Yes,Yes,Not At Risk
ST08008,21,Female,Software Engineering,96.9,45.4,76.0,98.6,7.8,2.89,3.0,Yes,Yes,Not At Risk
ST04453,23,Male,IT,83.9,45.4,81.4,36.1,0.3,2.19,3.0,No,No,At Risk
ST11873,20,Female,Computer Science,90.1,28.9,81.0,66.5,3.6,1.99,3.0,Yes,No,At Risk
ST06853,18,Male,Software Engineering,100.0,64.7,68.6,44.7,7.6,1.77,8.0,Yes,Yes,Not At Risk
ST02809,23,Female,Computer Science,76.2,62.4,91.1,100.0,5.1,2.4,3.0,Yes,Yes,Not At Risk
ST00414,25,Male,Software Engineering,94.2,59.8,73.5,49.0,6.6,3.16,7.0,Yes,No,Not At Risk
ST03906,18,Female,Data Science,86.0,63.7,86.2,65.4,0.6,2.34,8.0,Yes,No,Not At Risk
ST00463,21,Male,IT,83.9,59.0,70.2,91.4,4.4,2.19,7.0,Yes,No,Not At Risk
ST04069,20,Male,Computer Science,81.8,85.7,53.0,64.5,3.4,2.79,5.0,Yes,No,Not At Risk
ST02456,23,Female,Computer Science,64.1,78.3,44.4,96.4,6.0,3.4,1.0,Yes,No,At Risk
ST01505,25,Male,Computer Science,84.5,62.3,51.0,50.2,1.5,3.18,5.0,Yes,Yes,Not At Risk
ST07227,24,Female,IT,89.3,61.8,60.1,50.4,6.8,2.83,5.0,Yes,Yes,Not At Risk
ST09220,18,Female,Data Science,95.9,76.1,84.1,76.4,6.5,3.12,8.0,Yes,No,Not At Risk
ST06675,19,Female,Software Engineering,85.7,74.6,65.0,58.8,11.3,2.81,,Yes,Yes,Not At Risk
ST11496,22,Female,Computer Science,78.4,78.3,86.1,54.5,3.1,3.14,4.0,Yes,No,At Risk
ST06883,25,Female,Computer Science,94.2,49.4,76.9,80.8,6.0,1.66,7.0,Yes,Yes,Not At Risk
ST04655,24,Male,Computer Science,89.0,53.3,51.0,78.2,3.8,4.0,6.0,Yes,No,Not At Risk
ST08254,24,Female,Computer Science,80.9,83.1,63.2,62.4,6.1,3.1,3.0,Yes,Yes,Not At Risk
ST01047,23,Male,IT,64.0,66.9,75.7,77.3,4.5,3.44,3.0,Yes,Yes,Not At Risk
ST00948,18,Male,Software Engineering,100.0,68.5,83.9,67.3,11.8,3.41,7.0,Yes,Yes,Not At Risk
ST09455,20,Female,Software Engineering,94.8,68.7,76.0,77.2,2.9,2.28,3.0,Yes,No,Not At Risk
ST11271,24,Male,Data Science,60.3,64.3,63.2,73.2,8.7,1.86,8.0,No,Yes,Not At Risk
ST10468,20,Male,Software Engineering,100.0,58.0,68.1,60.6,4.2,3.2,9.0,Yes,No,Not At Risk
ST05084,24,Male,Data Science,76.3,72.7,74.0,47.6,2.8,3.17,2.0,No,No,Not At Risk
ST03037,20,Female,IT,89.9,91.5,96.9,87.7,7.8,3.09,3.0,Yes,No,Not At Risk
ST04183,22,Male,Computer Science,69.8,90.3,54.1,92.6,4.7,2.38,5.0,Yes,Yes,Not At Risk
ST01724,22,Male,Data Science,86.1,96.7,93.0,59.3,3.4,1.48,4.0,Yes,Yes,Not At Risk
ST05048,20,Female,Software Engineering,79.2,87.7,47.1,48.0,9.3,2.54,4.0,Yes,No,Not At Risk
ST02216,19,Female,Data Science,100.0,79.0,58.9,65.7,3.3,2.18,5.0,Yes,Yes,Not At Risk
ST10835,24,Male,Computer Science,62.5,69.6,66.5,73.9,6.7,2.93,2.0,Yes,Yes,Not At Risk
ST08315,22,Male,IT,68.7,87.0,69.7,40.6,7.7,3.41,3.0,No,No,Not At Risk
ST10972,19,M,IT,77.3,60.4,79.6,60.2,4.6,2.67,7.0,Yes,Yes,Not At Risk
ST03062,21,Female,Software Engineering,69.0,15.9,50.0,67.4,4.6,4.0,4.0,Yes,No,Not At Risk
ST08181,20,Male,Data Science,81.8,89.7,38.6,52.4,8.5,3.41,5.0,Yes,Yes,Not At Risk
ST03920,20,Female,Computer Science,96.2,62.7,40.4,58.0,1.9,2.38,6.0,Yes,Yes,Not At Risk
ST00828,20,Female,Software Engineering,86.8,95.8,68.2,60.7,8.9,2.85,5.0,Yes,No,Not At Risk
ST00682,22,Female,Data Science,89.9,77.2,53.6,,1.5,3.34,5.0,Yes,Yes,Not At Risk
ST05796,24,Female,Computer Science,72.1,72.7,84.0,63.6,2.8,2.32,3.0,No,No,At Risk
ST05172,18,Male,,100.0,55.5,47.9,56.6,5.0,3.45,4.0,Yes,Yes,Not At Risk
ST00964,21,Male,Computer Science,91.7,58.2,73.3,60.2,10.6,2.46,5.0,Yes,No,Not At Risk
ST07942,22,Male,Software Engineering,69.5,84.5,43.7,42.1,6.0,2.01,3.0,Yes,No,Not At Risk
ST04701,23,Male,Computer Science,86.3,55.6,81.6,63.9,6.9,3.36,3.0,Yes,Yes,Not At Risk
ST03782,20,Male,Software Engineering,72.8,76.5,57.9,53.6,6.3,2.24,2.0,Yes,Yes,Not At Risk
ST04903,25,Female,Software Engineering,83.1,52.8,79.0,71.5,8.5,3.44,6.0,Yes,Yes,Not At Risk
ST11393,21,Female,Computer Science,96.0,81.5,73.6,54.7,7.5,2.13,1.0,Yes,No,Not At Risk
ST01053,19,Male,Computer Science,100.0,66.1,95.1,57.9,3.0,2.31,5.0,Yes,No,Not At Risk
ST01368,23,Female,IT,65.6,78.4,55.5,44.6,6.9,2.61,5.0,Yes,Yes,Not At Risk
ST10581,22,Female,Computer Science,93.7,75.0,62.3,64.7,1.6,3.03,4.0,Yes,Yes,Not At Risk
ST08761,21,Male,Software Engineering,91.3,53.3,73.1,54.8,1.7,3.18,3.0,Yes,Yes,Not At Risk
ST02954,21,Male,Computer Science,88.7,82.1,81.4,92.2,7.0,2.31,3.0,Yes,No,Not At Risk
ST05898,18,Male,Software Engineering,80.6,76.0,43.2,77.3,2.7,2.32,5.0,Yes,No,Not At Risk
ST08464,18,Male,Computer Science,79.2,87.2,48.3,26.6,8.9,4.0,5.0,Yes,Yes,Not At Risk
ST10782,19,Female,IT,88.9,89.3,84.9,86.7,5.3,3.68,8.0,Yes,No,Not At Risk
ST03301,20,Male,Software Engineering,76.1,61.8,45.8,57.0,2.6,4.0,5.0,Yes,No,At Risk
ST10442,18,Female,Software Engineering,71.2,78.0,60.6,84.6,2.3,2.15,6.0,Yes,No,Not At Risk
ST11846,18,Male,Computer Science,53.5,75.0,75.7,68.8,3.3,2.91,1.0,Yes,No,At Risk
ST05762,23,Male,Computer Science,82.0,92.1,41.0,68.4,3.1,2.77,5.0,Yes,No,Not At Risk
ST08824,25,M,Software Engineering,91.8,72.5,89.6,35.1,6.5,2.12,4.0,Yes,No,Not At Risk
ST09820,20,Female,IT,86.0,78.2,81.8,43.6,2.9,2.62,3.0,Yes,No,Not At Risk
ST04316,22,Male,Data Science,93.0,78.4,76.9,69.1,1.5,3.1,3.0,Yes,No,Not At Risk
ST08662,18,Male,Software Engineering,81.2,75.0,68.3,68.7,3.6,3.76,5.0,Yes,Yes,Not At Risk
ST03524,24,Male,Computer Science,75.3,73.4,66.2,27.9,8.7,1.83,10.0,Yes,Yes,At Risk
ST10415,24,Female,Computer Science,85.1,80.1,100.0,78.5,4.7,4.0,7.0,Yes,Yes,Not At Risk
ST04042,23,Male,Data Science,100.0,52.6,52.9,70.9,3.1,2.6,4.0,Yes,No,Not At Risk
ST04161,25,Female,Computer Science,80.8,60.8,80.6,73.3,2.8,1.89,3.0,Yes,No,Not At Risk
ST01468,24,Male,Data Science,66.8,66.0,63.3,77.0,5.4,2.67,6.0,Yes,Yes,At Risk
ST00312,21,Male,Software Engineering,81.0,31.4,71.8,69.9,5.1,4.0,6.0,No,No,Not At Risk
ST03781,24,Male,Computer Science,65.3,69.3,50.3,86.0,8.7,3.08,4.0,Yes,No,Not At Risk
ST08281,18,Male,Software Engineering,63.9,78.8,71.4,74.4,9.6,2.74,2.0,Yes,No,At Risk
ST09403,24,Male,Computer Science,82.4,84.0,46.2,80.8,1.9,3.63,7.0,Yes,No,Not At Risk
ST09686,25,Female,Software Engineering,85.7,73.6,81.1,70.4,8.6,1.9,6.0,Yes,No,Not At Risk
ST11120,18,Male,IT,85.3,77.9,44.5,36.6,2.5,3.66,7.0,Yes,No,At Risk
ST03145,20,Female,Software Engineering,75.2,72.0,46.8,74.2,2.0,1.47,1.0,Yes,No,Not At Risk
ST10077,22,Male,IT,97.5,47.8,63.3,54.8,8.9,2.83,1.0,Yes,No,Not At Risk
ST04749,18,Male,Computer Science,86.0,93.3,56.4,58.1,2.2,3.05,5.0,Yes,No,Not At Risk
ST00339,21,Female,IT,88.2,69.3,88.9,70.6,12.2,3.68,8.0,Yes,No,Not At Risk
ST11341,18,Female,Software Engineering,80.4,51.1,91.5,94.6,7.6,3.55,5.0,Yes,No,Not At Risk
ST06273,22,Female,IT,62.4,70.7,64.1,66.8,6.1,2.49,7.0,Yes,No,Not At Risk
ST10454,25,Male,Data Science,70.8,63.0,62.4,53.1,3.8,3.34,1.0,Yes,Yes,At Risk
ST01338,18,Male,Software Engineering,78.7,77.6,82.6,59.6,2.8,2.61,3.0,,No,Not At Risk
ST08353,19,Female,Software Engineering,100.0,62.1,62.9,67.4,4.4,2.95,2.0,Yes,Yes,Not At Risk
ST01204,22,Male,Data Science,91.7,80.6,64.4,63.5,7.1,3.31,3.0,Yes,Yes,Not At Risk
ST00873,21,Male,IT,62.4,63.6,98.5,62.7,19.7,2.77,3.0,Yes,Yes,Not At Risk
ST02639,18,Female,Computer Science,84.2,66.8,85.7,55.7,3.1,2.18,4.0,Yes,Yes,Not At Risk
ST02407,20,Male,Software Engineering,83.5,75.9,83.4,67.4,3.8,3.31,8.0,,Yes,At Risk
ST05897,24,Female,Computer Science,80.0,87.2,77.9,69.4,7.5,2.79,4.0,Yes,No,Not At Risk
ST11840,22,Male,Data Science,84.8,78.4,32.8,51.3,3.5,2.86,4.0,Yes,No,Not At Risk
ST10566,21,Female,Computer Science,76.3,59.6,66.0,41.9,7.2,1.83,3.0,Yes,No,Not At Risk
ST07833,18,Female,Software Engineering,67.6,51.0,60.3,95.3,2.1,2.96,1.0,Yes,Yes,Not At Risk
ST02171,25,Male,Data Science,71.9,65.1,82.2,69.2,4.1,2.99,4.0,Yes,No,Not At Risk
ST09508,23,Male,Software Engineering,100.0,54.2,77.0,47.6,11.8,3.24,3.0,Yes,No,Not At Risk
ST00836,23,Male,Computer Science,80.8,98.6,86.1,70.6,2.5,3.38,7.0,Yes,Yes,Not At Risk
ST11749,21,Female,IT,77.7,78.2,69.1,43.6,2.5,2.78,5.0,Yes,Yes,At Risk
ST09673,25,Female,Computer Science,85.1,68.5,58.1,54.6,6.7,3.73,4.0,No,No,Not At Risk
ST11913,22,Female,Software Engineering,88.9,65.1,53.0,55.7,3.8,3.02,2.0,Yes,Yes,Not At Risk
ST00104,19,Female,Software Engineering,66.7,79.7,71.5,60.0,6.3,3.03,3.0,Yes,Yes,Not At Risk
ST09923,19,Female,Computer Science,80.5,70.3,46.9,60.4,9.1,3.13,0.0,Yes,Yes,Not At Risk
ST01403,22,Male,Computer Science,81.2,92.8,75.4,59.1,3.9,3.66,2.0,Yes,Yes,Not At Risk
ST05238,20,Female,Data Science,80.5,75.7,91.5,48.1,11.0,2.6,1.0,Yes,Yes,Not At Risk
ST10006,19,Female,Computer Science,82.4,57.6,71.6,52.7,3.7,2.85,,Yes,No,At Risk
ST05360,23,Female,IT,69.1,32.3,72.5,77.3,6.2,1.5,11.0,Yes,No,Not At Risk
ST00725,18,Male,Data Science,85.4,82.8,78.0,75.7,6.7,3.26,6.0,Yes,No,Not At Risk
ST08630,24,Female,IT,92.1,56.7,88.9,48.0,9.5,1.5,1.0,Yes,Yes,Not At Risk
ST06388,23,Male,IT,82.2,96.6,30.7,77.8,2.4,3.21,4.0,Yes,No,Not At Risk
ST08166,22,Male,Data Science,95.5,56.6,77.0,45.0,4.3,3.72,5.0,Yes,No,Not At Risk
ST03892,23,Female,Computer Science,100.0,65.0,68.6,68.3,6.8,3.61,6.0,No,No,Not At Risk
ST11552,20,Male,Data Science,76.8,78.0,70.7,81.0,3.4,4.0,5.0,Yes,No,Not At Risk
ST10855,20,Male,Data Science,91.6,61.7,54.2,85.7,13.3,2.16,5.0,Yes,No,Not At Risk
ST11145,25,Male,Software Engineering,100.0,78.6,45.2,70.0,5.6,2.82,2.0,Yes,No,Not At Risk
ST07402,24,Female,Software Engineering,77.7,69.4,55.7,60.1,2.3,2.26,6.0,Yes,Yes,Not At Risk
ST01203,21,Female,IT,100.0,63.5,42.3,51.9,4.9,3.2,9.0,Yes,Yes,Not At Risk
ST11792,25,Female,Data Science,74.8,44.2,62.2,31.9,8.3,2.55,4.0,Yes,Yes,At Risk
ST11523,18,Male,Computer Science,65.4,46.7,58.8,89.1,11.5,1.78,7.0,Yes,No,Not At Risk
ST09305,25,Female,IT,86.8,86.3,85.6,70.6,6.1,2.94,7.0,Yes,No,Not At Risk
ST07195,23,Female,Software Engineering,87.2,58.1,35.0,76.7,3.3,3.91,4.0,Yes,No,Not At Risk
ST09074,23,Female,IT,70.2,60.8,47.9,62.6,1.1,2.44,10.0,Yes,Yes,At Risk
ST07434,20,Male,IT,83.8,87.4,64.8,100.0,5.6,3.66,4.0,Yes,No,Not At Risk
ST03980,22,Female,Computer Science,69.7,87.2,56.8,61.5,1.5,2.5,3.0,Yes,No,Not At Risk
ST08963,22,Female,Data Science,90.8,52.0,64.6,58.0,4.4,2.5,1.0,Yes,Yes,Not At Risk
ST07564,25,Female,IT,94.8,53.5,54.8,77.8,3.9,3.75,6.0,Yes,No,Not At Risk
ST08108,20,Female,IT,79.4,61.8,67.4,63.1,4.1,3.23,4.0,Yes,No,Not At Risk
ST05188,20,Female,Computer Science,75.9,96.8,56.5,84.9,6.7,3.32,9.0,No,No,Not At Risk
ST04497,25,Male,IT,86.6,53.5,67.2,79.3,5.0,2.31,5.0,Yes,No,Not At Risk
ST04327,22,Female,Computer Science,78.1,64.9,59.7,82.3,4.7,3.23,1.0,Yes,Yes,Not At Risk
ST06818,23,Male,Computer Science,66.1,68.8,86.5,55.0,5.6,2.11,5.0,Yes,Yes,Not At Risk
ST00527,20,Male,Computer Science,84.3,100.0,79.0,64.5,16.8,3.63,1.0,Yes,No,Not At Risk
ST02756,19,Female,Computer Science,91.7,74.4,60.7,79.4,1.4,2.53,8.0,Yes,No,Not At Risk
ST01309,24,Female,IT,79.3,66.6,73.3,62.9,3.4,2.49,6.0,Yes,No,Not At Risk
ST03303,19,Male,Computer Science,82.6,75.0,57.2,81.7,6.2,1.98,3.0,Yes,Yes,At Risk
ST10475,18,Male,IT,90.1,75.4,74.6,42.2,4.9,2.74,4.0,No,Yes,Not At Risk
ST10128,20,Male,IT,79.9,86.7,82.1,68.4,3.8,2.4,5.0,Yes,No,Not At Risk
ST01974,22,Male,Software Engineering,68.4,77.9,90.9,38.9,4.0,3.74,5.0,Yes,Yes,Not At Risk
ST02883,19,Female,Computer Science,67.2,73.4,95.3,71.9,1.5,3.05,4.0,No,No,At Risk
ST03338,22,Female,Computer Science,71.1,79.0,57.7,54.3,14.1,4.0,5.0,Yes,No,Not At Risk
ST11934,21,Male,Software Engineering,74.2,100.0,64.1,95.7,5.1,2.85,5.0,No,Yes,Not At Risk
ST00518,18,Male,Computer Science,91.8,61.1,80.4,45.9,6.4,2.92,2.0,Yes,No,Not At Risk
ST09855,22,Female,Data Science,84.1,82.1,55.7,65.5,2.8,3.01,1.0,Yes,Yes,Not At Risk
ST00005,25,Male,Data Science,96.1,67.5,66.1,46.2,2.7,2.56,,Yes,Yes,Not At Risk
ST04413,18,Female,IT,97.0,78.5,66.1,38.0,1.1,3.5,4.0,No,No,Not At Risk
ST08689,20,Male,IT,75.3,73.7,80.6,58.0,8.6,3.16,7.0,Yes,No,Not At Risk
ST00710,22,Female,Data Science,87.3,72.3,97.2,61.2,1.7,4.0,5.0,Yes,Yes,Not At Risk
ST04312,21,Female,Software Engineering,80.3,60.3,61.3,35.0,3.6,2.48,2.0,Yes,Yes,Not At Risk
ST01939,18,Male,IT,92.0,50.6,35.8,66.0,3.2,2.36,6.0,Yes,Yes,At Risk
ST06544,25,Male,IT,68.1,89.0,62.6,64.1,7.5,2.42,5.0,Yes,No,Not At Risk
ST07809,25,Female,Software Engineering,80.8,81.3,47.9,83.2,3.4,2.1,3.0,Yes,Yes,Not At Risk
ST04345,21,Male,Computer Science,81.1,95.4,77.0,45.8,13.4,3.39,2.0,Yes,Yes,Not At Risk
ST05111,20,Female,IT,82.4,92.8,76.2,78.1,9.1,2.47,3.0,Yes,No,Not At Risk
ST11509,21,Female,Computer Science,77.8,58.5,80.3,93.6,10.5,2.53,5.0,Yes,No,Not At Risk
ST11823,21,Male,Software Engineering,81.5,56.5,27.0,57.3,7.6,3.37,3.0,Yes,Yes,Not At Risk
ST06587,22,Female,Software Engineering,85.0,70.6,68.0,80.5,1.4,3.43,4.0,Yes,No,Not At Risk
ST11610,25,Male,IT,82.5,50.1,49.0,67.5,1.6,2.62,3.0,Yes,No,Not At Risk
ST06935,19,Male,Computer Science,91.8,68.5,100.0,0.0,6.6,3.19,8.0,Yes,Yes,Not At Risk
ST10889,25,Male,IT,75.5,67.6,63.5,44.9,3.5,3.59,4.0,Yes,No,At Risk
ST04115,24,Female,Computer Science,97.3,77.5,28.9,85.7,3.5,1.66,5.0,Yes,No,Not At Risk
ST06447,20,Male,Computer Science,83.7,71.7,61.1,73.3,2.5,2.09,1.0,Yes,No,Not At Risk
ST00954,21,Female,IT,92.8,52.0,65.3,59.2,9.9,2.25,3.0,Yes,Yes,Not At Risk
ST11235,20,Male,Data Science,64.9,55.5,83.4,76.3,5.0,2.9,3.0,Yes,No,Not At Risk
ST02016,23,Female,Software Engineering,47.1,73.1,65.7,41.0,1.5,3.68,1.0,Yes,No,At Risk
ST02698,23,Male,Data Science,71.2,64.0,48.3,50.1,3.0,2.27,6.0,Yes,No,Not At Risk
ST11326,19,Female,Computer Science,74.5,58.4,75.5,66.4,7.2,2.35,6.0,Yes,No,Not At Risk
ST08631,23,Male,IT,94.5,87.0,58.1,73.3,5.7,2.61,1.0,Yes,No,Not At Risk
ST11095,25,Male,IT,59.7,70.0,85.5,78.6,9.7,2.17,2.0,Yes,No,Not At Risk
ST11878,19,Female,IT,88.6,71.8,52.3,82.3,8.8,3.33,2.0,Yes,No,Not At Risk
ST05830,19,Female,IT,84.0,56.9,89.6,67.1,5.1,2.27,3.0,Yes,Yes,At Risk
ST02020,18,Male,IT,100.0,96.5,47.1,100.0,3.2,3.08,5.0,Yes,No,Not At Risk
ST05046,22,Female,Software Engineering,79.0,70.2,88.1,78.8,1.7,2.21,3.0,Yes,Yes,At Risk
ST08740,18,Male,Computer Science,78.5,67.5,48.9,63.6,4.5,2.67,1.0,Yes,Yes,Not At Risk
ST01809,20,Male,Data Science,68.1,72.5,62.1,49.7,5.9,2.67,3.0,Yes,Yes,Not At Risk
ST11530,22,Male,Computer Science,66.1,67.3,64.6,84.3,6.0,3.25,5.0,Yes,No,Not At Risk
ST06246,21,Female,Computer Science,73.8,86.8,41.1,56.7,9.9,3.71,4.0,Yes,Yes,Not At Risk
ST05973,19,Male,IT,68.8,83.9,80.9,36.8,1.0,3.52,7.0,Yes,No,At Risk
ST08994,23,Female,Data Science,82.7,59.4,45.6,63.5,4.2,3.94,3.0,,No,Not At Risk
ST05642,19,Female,Software Engineering,74.7,46.9,55.1,75.8,3.9,2.7,7.0,Yes,Yes,Not At Risk
ST00255,21,Female,Data Science,79.7,71.2,90.7,60.9,9.2,2.84,5.0,Yes,No,Not At Risk
ST07626,25,Male,Software Engineering,86.5,66.0,63.0,33.7,4.9,3.25,1.0,Yes,Yes,Not At Risk
ST01156,22,Female,Software Engineering,90.8,67.5,56.1,94.0,5.7,2.19,4.0,Yes,Yes,At Risk
ST02108,25,Male,Data Science,80.5,62.8,69.4,29.8,4.4,1.68,5.0,Yes,No,Not At Risk
ST05620,21,Female,Data Science,77.1,81.4,78.3,55.6,7.4,2.9,5.0,Yes,Yes,Not At Risk
ST00400,20,Male,IT,90.1,61.8,75.1,56.0,2.2,2.23,9.0,Yes,Yes,Not At Risk
ST01395,25,Male,IT,100.0,58.7,50.9,67.5,5.7,4.0,5.0,Yes,No,Not At Risk
ST02684,21,Male,Computer Science,80.9,66.5,73.8,,9.9,2.59,2.0,Yes,Yes,Not At Risk
ST02728,18,Female,Computer Science,79.4,90.1,83.6,53.9,1.3,2.32,3.0,Yes,Yes,Not At Risk
ST03435,23,Female,Computer Science,81.5,84.5,80.3,57.8,3.0,3.26,5.0,,No,Not At Risk
ST06880,23,Female,Software Engineering,93.6,78.9,83.6,65.0,2.3,2.24,3.0,Yes,Yes,Not At Risk
ST00889,19,Male,Software Engineering,71.0,71.9,65.7,76.6,4.5,2.15,5.0,Yes,No,Not At Risk
ST01494,20,Female,IT,93.2,85.2,81.1,52.2,5.0,3.74,4.0,Yes,No,Not At Risk
ST05681,25,Male,Computer Science,74.4,85.8,66.1,55.4,7.9,1.41,,Yes,No,At Risk
ST11953,25,Male,Computer Science,100.0,90.0,72.9,90.2,6.7,2.12,2.0,Yes,Yes,Not At Risk
ST03332,24,Male,Data Science,81.5,83.5,68.4,50.1,4.7,2.72,4.0,Yes,Yes,Not At Risk
ST02490,22,Male,Computer Science,69.5,65.5,34.3,62.4,5.0,2.84,6.0,Yes,Yes,At Risk
ST07779,20,Male,Computer Science,68.1,80.2,69.5,76.8,8.8,2.61,4.0,Yes,No,Not At Risk
ST11394,18,Male,Computer Science,73.4,62.9,41.7,20.3,5.4,3.87,7.0,Yes,No,Not At Risk
ST03517,18,Female,Data Science,79.7,50.3,61.0,78.0,6.0,2.25,4.0,Yes,No,Not At Risk
ST03331,19,Female,IT,98.1,65.6,87.4,82.6,8.0,2.29,4.0,Yes,Yes,Not At Risk
ST01794,22,Female,IT,89.9,65.8,71.1,56.5,10.5,2.38,3.0,Yes,Yes,At Risk
ST02915,18,Male,IT,76.8,65.0,66.2,83.5,2.7,3.39,2.0,Yes,Yes,Not At Risk
ST06205,24,Male,Data Science,78.2,65.9,93.8,95.0,3.6,2.63,9.0,Yes,No,Not At Risk
ST08551,18,Male,IT,75.8,70.8,60.2,39.6,12.1,2.39,2.0,No,Yes,Not At Risk
ST06922,20,Male,Computer Science,100.0,92.1,58.1,69.3,6.5,2.17,5.0,Yes,No,Not At Risk
ST01456,20,Female,Data Science,83.9,73.2,51.1,,10.6,1.99,6.0,Yes,No,Not At Risk
ST02968,21,Male,Computer Science,80.0,51.8,77.6,47.0,7.9,2.58,4.0,Yes,No,Not At Risk
ST05870,20,Male,Computer Science,90.0,84.0,85.8,48.9,6.2,2.06,3.0,Yes,Yes,Not At Risk
ST06939,22,Male,Data Science,90.1,75.8,61.2,100.0,8.7,2.22,6.0,Yes,Yes,Not At Risk
ST03143,25,Male,Software Engineering,74.2,79.8,51.9,65.3,2.0,2.65,1.0,Yes,Yes,Not At Risk
ST02504,20,Female,Software Engineering,66.1,78.1,57.3,87.2,4.0,2.99,2.0,Yes,No,Not At Risk
ST06809,21,Male,,70.0,82.8,60.4,39.7,4.9,1.63,4.0,Yes,Yes,At Risk
ST05219,21,Female,Data Science,95.3,55.1,59.0,86.1,7.9,3.21,2.0,Yes,Yes,Not At Risk
ST09372,18,Female,Computer Science,72.3,57.8,45.7,50.8,6.2,3.27,5.0,Yes,No,Not At Risk
ST09797,21,Female,IT,69.8,94.0,71.4,55.0,4.0,3.11,1.0,Yes,No,At Risk
ST05108,19,Female,Data Science,83.6,87.9,74.5,52.9,5.7,2.41,5.0,Yes,Yes,At Risk
ST02483,24,Female,IT,63.4,44.0,53.9,82.7,3.1,3.67,3.0,Yes,Yes,Not At Risk
ST01842,24,Female,Computer Science,73.6,76.3,71.0,71.1,2.5,1.69,4.0,,No,Not At Risk
ST01573,22,Female,IT,76.5,58.5,90.7,79.1,0.6,3.0,5.0,Yes,No,Not At Risk
ST02434,24,Female,Computer Science,87.5,79.4,55.6,68.5,3.3,3.01,2.0,No,No,Not At Risk
ST10559,19,Male,Software Engineering,70.9,77.1,86.6,35.4,4.9,2.47,3.0,No,Yes,Not At Risk
ST01087,19,Female,Computer Science,63.2,77.8,84.4,71.4,5.2,2.28,5.0,Yes,No,At Risk
ST02933,18,Female,Software Engineering,63.7,68.5,66.1,50.1,5.7,3.76,7.0,Yes,No,Not At Risk
ST11898,19,Female,Computer Science,90.6,66.4,69.1,44.4,6.3,2.42,4.0,Yes,No,Not At Risk
ST03352,23,Male,IT,80.9,77.9,76.9,69.3,8.9,3.81,6.0,Yes,Yes,Not At Risk
ST11212,18,Female,Data Science,93.3,51.3,55.4,39.0,9.0,4.0,5.0,Yes,No,At Risk
ST11576,18,Male,Software Engineering,62.2,20.9,71.5,94.2,8.5,3.0,7.0,Yes,No,Not At Risk
ST07857,22,Female,IT,88.0,36.4,61.3,82.0,4.4,3.03,2.0,Yes,No,Not At Risk
ST07372,19,Male,Software Engineering,91.7,53.9,39.0,55.0,6.0,1.55,1.0,Yes,No,Not At Risk
ST05792,18,Male,Software Engineering,80.5,66.2,100.0,45.3,2.8,2.64,3.0,Yes,No,Not At Risk
ST06639,20,Female,Computer Science,66.7,83.9,86.7,100.0,4.0,2.73,1.0,Yes,Yes,Not At Risk
ST11475,21,Male,Computer Science,72.9,66.4,87.1,46.2,3.8,2.44,5.0,Yes,No,Not At Risk
ST05877,22,Female,Computer Science,88.0,64.0,47.7,48.5,3.6,3.04,3.0,Yes,Yes,Not At Risk
ST11169,18,Female,Data Science,66.6,65.1,60.8,55.4,5.5,3.29,4.0,No,No,At Risk
ST07183,21,Female,Computer Science,97.9,64.0,75.3,37.7,7.2,3.44,7.0,Yes,No,Not At Risk
ST02779,22,Male,Computer Science,100.0,67.4,100.0,57.4,7.7,3.22,2.0,Yes,No,At Risk
ST06274,25,Male,Computer Science,99.5,63.4,65.1,91.3,6.9,3.3,6.0,Yes,Yes,Not At Risk
ST03945,24,Male,Data Science,81.2,79.1,52.9,92.1,9.8,2.02,2.0,Yes,No,Not At Risk
ST08328,20,Male,IT,79.9,64.4,54.7,49.1,9.7,2.61,2.0,Yes,Yes,Not At Risk
ST08517,21,Female,Data Science,92.9,64.3,55.5,33.3,5.7,3.51,7.0,Yes,No,Not At Risk
ST11452,23,Male,IT,80.6,61.4,79.2,74.7,0.9,3.4,5.0,Yes,No,Not At Risk
ST05722,22,Female,Software Engineering,64.1,100.0,62.9,95.6,6.0,2.41,3.0,Yes,Yes,Not At Risk
ST11868,25,Male,Data Science,92.4,66.0,84.2,50.2,8.7,2.89,5.0,Yes,Yes,Not At Risk
ST01753,19,Female,Data Science,100.0,66.4,69.7,60.6,8.8,2.88,0.0,Yes,No,Not At Risk
ST09682,22,Male,Computer Science,100.0,64.0,58.4,95.0,8.9,1.71,2.0,,No,Not At Risk
ST08504,22,Male,Computer Science,85.7,82.5,68.8,80.3,0.8,2.97,4.0,Yes,No,Not At Risk
ST01642,25,Male,IT,88.8,67.2,41.7,54.6,7.5,4.0,5.0,Yes,No,Not At Risk
ST10277,23,Male,Data Science,66.2,69.0,86.7,64.8,10.0,4.0,0.0,Yes,No,Not At Risk
ST00307,20,Female,Computer Science,90.8,90.9,34.6,59.5,17.0,3.86,6.0,Yes,Yes,Not At Risk
ST04395,25,Female,IT,74.4,42.7,68.1,55.0,2.6,2.53,5.0,Yes,Yes,Not At Risk
ST04545,22,female,Software Engineering,71.1,59.8,86.0,,8.1,3.35,6.0,Yes,No,Not At Risk
ST08564,23,Female,Data Science,69.4,100.0,48.7,64.1,14.0,3.51,4.0,Yes,No,Not At Risk
ST01286,18,Male,Computer Science,78.9,56.1,55.6,91.4,4.7,3.15,4.0,Yes,Yes,Not At Risk
ST08313,24,Male,IT,86.1,51.6,64.8,83.1,4.4,3.07,3.0,Yes,No,Not At Risk
ST02290,24,Male,Computer Science,89.5,77.2,61.5,77.8,5.8,3.71,2.0,Yes,Yes,Not At Risk
ST01326,20,Male,Computer Science,64.0,84.1,79.0,93.7,7.0,4.0,3.0,Yes,No,Not At Risk
ST04659,21,Female,IT,77.1,76.5,45.9,99.1,4.5,2.83,4.0,Yes,No,Not At Risk
ST03304,19,Female,IT,76.4,55.2,55.6,86.9,6.5,2.67,6.0,Yes,Yes,Not At Risk
ST03390,25,Female,IT,83.4,57.9,64.5,50.5,1.6,2.89,3.0,No,Yes,Not At Risk
ST01300,21,Male,Software Engineering,64.6,74.6,85.7,68.1,3.8,1.46,4.0,Yes,No,Not At Risk
ST03094,23,Female,Computer Science,88.1,74.2,88.4,66.6,5.9,2.71,4.0,Yes,No,Not At Risk
ST07716,18,Male,Software Engineering,90.0,65.2,100.0,75.6,3.9,2.94,8.0,Yes,Yes,Not At Risk
ST06506,22,Male,IT,80.8,76.4,50.5,79.3,1.7,3.76,4.0,Yes,No,Not At Risk
ST00762,20,Female,Data Science,100.0,59.8,73.3,51.6,12.2,2.52,6.0,Yes,No,Not At Risk
ST01699,21,Male,Data Science,86.0,76.7,82.5,55.4,2.9,2.29,5.0,Yes,Yes,Not At Risk
ST03972,23,Male,IT,75.9,49.2,58.1,75.9,8.2,3.43,4.0,Yes,Yes,Not At Risk
ST02408,22,Female,IT,87.7,82.8,51.3,56.3,2.0,3.37,2.0,Yes,No,Not At Risk
ST01569,19,Male,Software Engineering,97.0,64.1,51.3,28.3,1.8,3.83,4.0,Yes,No,Not At Risk
ST01659,22,Male,Software Engineering,100.0,33.2,75.3,71.6,2.1,3.17,1.0,Yes,No,Not At Risk
ST01316,21,Female,Data Science,89.6,50.2,56.1,96.6,6.1,1.52,4.0,Yes,No,Not At Risk
ST02718,18,Male,Data Science,84.0,63.7,62.9,52.4,2.7,3.82,3.0,Yes,Yes,Not At Risk
ST02898,25,Female,IT,83.8,86.6,70.2,60.8,5.8,3.3,2.0,Yes,Yes,Not At Risk
ST10334,22,Male,Data Science,80.6,64.0,84.3,74.5,5.6,2.74,7.0,Yes,No,Not At Risk
ST05109,25,Male,Data Science,99.7,62.5,37.7,60.0,14.8,3.12,3.0,Yes,Yes,Not At Risk
ST10857,22,Male,Computer Science,70.6,81.3,48.8,76.6,5.2,4.0,6.0,Yes,Yes,Not At Risk
ST06539,18,Female,Software Engineering,72.2,79.4,86.7,71.3,3.7,3.71,3.0,Yes,No,At Risk
ST05534,19,female,IT,87.0,72.2,40.0,71.4,3.9,2.58,1.0,Yes,Yes,Not At Risk
ST05417,25,Female,Computer Science,100.0,54.8,44.3,71.2,3.0,3.08,4.0,Yes,No,Not At Risk
ST04475,23,Female,Software Engineering,93.1,84.3,51.1,35.9,2.0,2.93,3.0,No,No,Not At Risk
ST06384,25,Female,Software Engineering,100.0,59.2,62.4,90.7,1.5,2.13,0.0,Yes,No,Not At Risk
ST09858,19,Male,IT,95.7,75.8,63.3,82.9,3.4,3.7,3.0,Yes,Yes,Not At Risk
ST06557,19,Male,Computer Science,78.5,74.4,41.6,76.5,7.9,3.7,3.0,Yes,No,Not At Risk
ST11184,19,Female,IT,77.4,49.1,54.8,61.9,2.9,3.73,5.0,Yes,No,At Risk
ST06419,23,Male,IT,76.8,61.8,27.1,81.6,11.2,3.52,,Yes,Yes,At Risk
ST11201,20,Male,Data Science,86.9,88.9,51.6,61.3,2.9,3.22,2.0,Yes,No,Not At Risk
ST00240,20,Female,Data Science,73.1,43.3,69.9,80.1,3.6,3.15,5.0,Yes,No,Not At Risk
ST02210,22,Male,Computer Science,79.8,63.9,39.4,50.5,3.3,2.45,4.0,Yes,Yes,Not At Risk
ST04158,24,Male,Data Science,72.7,69.2,54.3,46.3,7.7,3.69,2.0,Yes,Yes,Not At Risk
ST08057,22,Male,Software Engineering,73.6,59.1,70.3,63.4,8.2,3.22,5.0,Yes,No,At Risk
ST11203,18,Male,IT,48.9,58.3,70.0,65.8,7.8,2.85,8.0,Yes,No,Not At Risk
ST04976,21,Female,Computer Science,60.3,62.6,19.8,77.1,2.4,2.8,3.0,Yes,Yes,Not At Risk
ST03814,25,Female,IT,77.7,81.5,77.2,49.8,5.6,2.48,3.0,Yes,No,Not At Risk
ST04563,25,Male,Computer Science,100.0,57.8,59.5,48.0,3.8,2.25,3.0,Yes,No,Not At Risk
ST02329,21,Female,Computer Science,93.9,48.4,45.7,34.7,7.2,1.81,2.0,,Yes,At Risk
ST05009,24,Female,Software Engineering,86.7,60.6,60.5,47.5,4.1,3.32,2.0,Yes,Yes,Not At Risk
ST04035,22,Male,IT,100.0,96.3,62.7,83.2,8.4,2.6,9.0,Yes,Yes,Not At Risk
ST03608,25,Male,Computer Science,67.7,88.3,71.1,54.9,1.0,2.98,3.0,Yes,Yes,Not At Risk
ST02887,24,Female,IT,83.0,82.8,79.8,67.8,1.8,2.59,5.0,Yes,No,Not At Risk
ST03948,18,Male,IT,66.9,77.3,73.8,62.7,2.8,3.01,4.0,Yes,No,Not At Risk
ST07520,22,Male,Software Engineering,87.4,65.5,70.5,82.2,2.9,2.53,7.0,Yes,Yes,Not At Risk
ST09644,18,Female,IT,78.0,79.0,75.7,65.1,7.0,2.59,5.0,Yes,No,Not At Risk
ST10790,18,Female,Software Engineering,96.3,55.8,61.1,45.3,5.5,3.77,2.0,Yes,Yes,Not At Risk
ST10955,20,Female,IT,100.0,59.9,67.2,61.1,3.9,3.38,2.0,Yes,Yes,Not At Risk
ST00884,22,Male,Software Engineering,39.5,75.8,100.0,,3.3,3.69,2.0,Yes,No,At Risk
ST04012,21,Male,Computer Science,74.7,49.3,64.6,73.0,5.7,3.14,,Yes,Yes,Not At Risk
ST08478,18,Male,Data Science,86.3,100.0,72.2,85.5,7.6,2.57,0.0,Yes,No,Not At Risk
ST08703,25,Male,Data Science,46.7,87.7,58.6,60.1,7.0,2.59,6.0,Yes,No,Not At Risk
ST02360,20,Female,IT,79.3,65.8,49.1,53.2,8.8,2.04,5.0,Yes,Yes,Not At Risk
ST10725,23,Female,IT,77.3,60.7,68.1,46.3,4.5,1.62,5.0,Yes,No,Not At Risk
ST10577,20,Male,Data Science,73.7,72.2,82.4,45.9,9.0,3.17,6.0,No,No,At Risk
ST01896,24,M,Computer Science,76.8,65.4,79.2,58.6,4.3,2.4,5.0,Yes,No,Not At Risk
ST06244,24,Female,Computer Science,66.8,86.5,85.9,100.0,4.8,3.08,3.0,Yes,Yes,Not At Risk
ST11380,21,Male,Software Engineering,87.3,59.9,64.8,68.2,9.4,3.39,6.0,Yes,Yes,Not At Risk
ST05662,19,Female,Data Science,65.3,72.9,60.1,49.2,4.4,3.16,1.0,Yes,No,Not At Risk
ST06088,20,Male,IT,72.7,78.3,77.3,81.5,3.9,1.96,3.0,Yes,No,Not At Risk
ST04046,23,Female,Computer Science,100.0,87.7,47.4,46.5,4.4,3.21,5.0,Yes,Yes,Not At Risk
ST09254,25,Female,Software Engineering,100.0,51.4,61.6,67.0,3.2,3.66,7.0,Yes,No,Not At Risk
ST00772,21,Male,Software Engineering,71.5,69.6,91.5,69.4,1.2,4.0,2.0,Yes,No,Not At Risk
ST11020,23,Female,Computer Science,79.9,58.9,63.3,91.9,6.0,4.0,2.0,Yes,No,Not At Risk
ST07028,19,Female,Computer Science,90.2,61.1,69.0,77.7,3.2,3.76,2.0,Yes,Yes,Not At Risk
ST01780,21,Male,Computer Science,82.9,64.7,35.9,34.2,4.1,2.36,,Yes,No,Not At Risk
ST04794,21,Male,Data Science,77.6,71.6,47.5,36.6,2.8,2.74,5.0,Yes,Yes,At Risk
ST11568,24,Female,IT,75.4,46.6,86.4,58.9,11.0,3.63,4.0,Yes,Yes,At Risk
ST11129,24,Female,Computer Science,94.8,61.1,43.1,100.0,5.3,2.74,2.0,Yes,Yes,Not At Risk
ST00510,18,female,Computer Science,78.8,87.5,74.6,35.8,6.3,2.55,3.0,Yes,No,Not At Risk
ST10473,18,Female,IT,96.4,74.5,54.3,52.3,4.2,3.24,2.0,Yes,No,Not At Risk
ST06193,25,Female,IT,96.9,64.2,95.6,61.1,4.4,2.25,5.0,Yes,Yes,Not At Risk
ST06148,25,Female,Data Science,61.3,86.0,63.8,38.5,1.7,3.22,6.0,Yes,Yes,At Risk
ST01258,21,Female,Software Engineering,72.2,60.0,79.3,63.4,7.0,1.97,4.0,Yes,No,Not At Risk
ST09203,24,Female,Computer Science,100.0,82.5,71.1,94.2,5.5,3.71,5.0,Yes,Yes,Not At Risk
ST08235,19,Female,Computer Science,80.2,62.2,33.8,50.7,9.1,2.62,3.0,Yes,Yes,Not At Risk
ST02641,18,Female,Computer Science,84.9,55.0,33.8,42.1,11.9,3.4,3.0,Yes,No,Not At Risk
ST02217,22,Female,Computer Science,79.3,100.0,54.1,80.8,3.6,2.64,3.0,Yes,No,Not At Risk
ST10804,19,Female,IT,91.8,81.7,60.1,62.6,4.8,2.67,2.0,No,Yes,At Risk
ST06473,23,Male,Computer Science,85.3,81.1,62.8,77.7,8.2,3.07,1.0,Yes,Yes,Not At Risk
ST02542,21,Female,IT,82.1,57.4,72.0,81.6,10.8,3.57,6.0,Yes,No,Not At Risk
ST00371,25,Female,Computer Science,85.0,56.1,86.8,79.4,3.5,3.11,5.0,Yes,No,Not At Risk
ST11122,18,Female,IT,85.2,68.5,69.9,84.0,9.2,2.72,7.0,Yes,Yes,Not At Risk
ST02374,20,Male,IT,72.1,93.5,47.4,77.1,2.2,2.91,3.0,Yes,Yes,Not At Risk
ST04349,20,Male,Software Engineering,86.9,54.5,37.1,86.2,3.6,2.06,7.0,Yes,No,Not At Risk
ST07481,18,Female,Data Science,72.7,75.5,79.0,54.4,5.3,2.59,7.0,Yes,Yes,At Risk
ST06432,19,Female,Computer Science,88.3,84.3,90.6,45.7,5.4,3.78,4.0,Yes,Yes,Not At Risk
ST04181,23,Female,Data Science,66.9,58.2,69.3,33.9,7.2,2.65,7.0,Yes,Yes,At Risk
ST05131,25,Female,IT,77.0,66.9,62.3,67.0,3.1,2.82,4.0,Yes,Yes,Not At Risk
ST03967,21,Female,Data Science,90.4,74.9,50.7,56.2,2.4,0.97,7.0,Yes,Yes,Not At Risk
ST00314,25,Male,Software Engineering,66.8,63.1,65.6,81.3,8.2,3.28,,Yes,Yes,Not At Risk
ST06060,22,Male,Software Engineering,89.3,66.1,61.2,72.5,4.0,3.21,9.0,Yes,Yes,Not At Risk
ST08990,23,Female,Data Science,84.2,51.3,53.5,57.4,7.8,3.44,6.0,Yes,Yes,Not At Risk
ST09197,24,Male,Data Science,71.1,70.9,64.7,55.9,4.7,2.16,4.0,Yes,No,Not At Risk
ST04131,20,Male,Software Engineering,66.3,61.6,76.8,43.9,4.7,3.37,6.0,Yes,No,At Risk
ST05413,21,Female,IT,79.4,66.2,69.7,64.1,4.7,0.34,5.0,Yes,No,At Risk
ST04652,20,Female,Software Engineering,92.1,44.8,33.3,54.2,7.7,3.17,6.0,Yes,Yes,Not At Risk
ST06303,25,Female,Data Science,95.2,72.9,75.7,79.1,8.9,3.08,2.0,Yes,No,Not At Risk
ST01386,24,Male,Computer Science,100.0,66.1,79.1,41.8,10.5,2.75,4.0,Yes,No,Not At Risk
ST01546,19,Female,IT,75.5,69.7,74.5,24.7,1.9,3.25,3.0,Yes,No,At Risk
ST06533,20,Female,Computer Science,90.1,96.3,55.0,80.3,11.7,3.23,2.0,Yes,No,Not At Risk
ST04692,25,Female,Software Engineering,93.6,61.7,100.0,66.0,3.7,4.0,2.0,Yes,No,Not At Risk
ST08956,25,Female,Data Science,49.4,78.4,59.5,39.2,7.3,2.71,6.0,Yes,Yes,At Risk
ST04255,19,Female,Computer Science,69.9,79.4,37.0,81.9,2.3,4.0,3.0,No,Yes,Not At Risk
ST03985,22,female,Data Science,81.4,70.3,79.0,70.9,7.0,2.82,2.0,Yes,Yes,Not At Risk
ST03853,18,Male,Software Engineering,90.5,62.2,50.8,29.9,6.9,2.28,4.0,Yes,No,Not At Risk
ST02651,25,Female,Software Engineering,100.0,78.4,92.4,59.1,2.0,3.88,2.0,Yes,Yes,Not At Risk
ST00783,18,Female,IT,75.7,79.5,49.7,100.0,8.1,1.47,3.0,Yes,Yes,Not At Risk
ST10553,21,Female,Software Engineering,94.4,78.3,81.1,73.7,4.1,2.08,10.0,Yes,Yes,Not At Risk
ST02982,25,Male,Computer Science,80.8,92.7,73.8,47.8,6.3,3.22,3.0,Yes,No,At Risk
ST02306,22,Female,Software Engineering,82.2,63.7,39.2,74.7,7.2,3.3,7.0,Yes,No,Not At Risk
ST06022,21,Male,IT,86.7,64.0,68.8,64.3,9.9,2.19,3.0,Yes,No,Not At Risk
ST06812,19,Male,Data Science,70.8,59.7,72.4,79.2,4.9,3.03,0.0,Yes,Yes,Not At Risk
ST04702,22,Female,IT,67.2,69.4,56.2,39.1,11.6,2.19,0.0,Yes,Yes,At Risk
ST04094,25,Male,Computer Science,77.2,68.3,70.9,80.5,13.4,2.02,2.0,Yes,No,Not At Risk
ST11052,24,Male,Computer Science,89.9,76.6,61.9,22.8,13.7,3.09,7.0,Yes,Yes,Not At Risk
ST05894,19,Female,Software Engineering,90.4,73.0,78.2,93.0,7.2,2.98,4.0,Yes,No,Not At Risk
ST07982,24,Male,Data Science,100.0,57.9,98.6,80.1,4.3,2.9,3.0,Yes,No,Not At Risk
ST08035,21,Male,Computer Science,67.9,57.3,63.0,33.5,3.5,2.78,3.0,Yes,No,Not At Risk
ST09883,25,Male,IT,74.6,89.4,37.9,77.9,2.4,3.24,3.0,Yes,No,Not At Risk
ST08901,20,Female,Software Engineering,81.7,60.1,64.7,70.5,1.9,2.53,4.0,No,No,Not At Risk
ST00161,23,Male,IT,83.5,41.4,40.1,69.7,7.8,1.95,4.0,Yes,No,Not At Risk
ST10230,23,Female,Software Engineering,100.0,52.1,80.4,62.7,5.9,3.06,1.0,Yes,Yes,Not At Risk
ST02031,19,Male,Data Science,97.6,60.9,73.4,80.1,3.6,2.17,2.0,Yes,Yes,Not At Risk
ST08106,24,Female,Computer Science,62.5,73.8,70.1,35.6,2.2,2.73,6.0,Yes,No,Not At Risk
ST05829,21,Male,Software Engineering,100.0,77.8,39.4,100.0,10.8,2.76,3.0,Yes,No,Not At Risk
ST06553,20,Female,,85.3,82.8,43.5,61.5,9.7,3.21,2.0,Yes,Yes,Not At Risk
ST08641,23,Male,IT,91.9,100.0,71.9,71.4,3.7,3.28,2.0,Yes,No,Not At Risk
ST08411,23,Female,Software Engineering,68.8,87.1,54.8,73.8,5.5,3.21,4.0,Yes,Yes,Not At Risk
ST04411,19,Female,Computer Science,91.9,80.1,47.3,56.9,19.3,3.15,5.0,Yes,Yes,Not At Risk
ST04301,20,Female,Software Engineering,75.8,52.8,64.9,60.0,4.9,3.11,8.0,Yes,Yes,Not At Risk
ST03759,25,Female,Computer Science,81.0,75.7,47.0,62.3,3.4,3.32,6.0,Yes,Yes,Not At Risk
ST04440,19,Female,IT,89.4,61.8,53.1,78.1,5.9,3.35,5.0,No,No,Not At Risk
ST03618,18,Male,Data Science,75.0,61.8,97.5,25.0,5.6,3.55,3.0,Yes,No,Not At Risk
ST04348,20,Male,Computer Science,64.7,65.8,36.3,45.7,7.2,3.03,7.0,Yes,Yes,At Risk
ST07844,25,Male,Data Science,75.5,41.1,67.2,83.8,6.9,2.23,2.0,No,No,Not At Risk
ST08572,19,Male,Computer Science,85.9,46.0,53.7,43.5,2.5,3.04,3.0,Yes,No,Not At Risk
ST05340,23,Male,Software Engineering,76.1,55.5,84.5,91.7,3.1,2.37,2.0,Yes,No,Not At Risk
ST06120,25,Male,IT,100.0,60.8,93.8,53.9,2.3,3.29,3.0,Yes,Yes,Not At Risk
ST10859,24,Female,IT,72.6,67.3,52.3,45.1,1.5,1.48,5.0,Yes,No,Not At Risk
ST09023,19,Male,Software Engineering,95.1,86.3,80.4,85.7,6.9,3.66,3.0,Yes,No,Not At Risk
ST01919,20,Female,Computer Science,83.1,55.7,79.6,76.6,9.2,3.63,6.0,Yes,Yes,Not At Risk
ST07399,24,Female,IT,87.9,51.2,84.7,55.5,8.1,2.9,0.0,Yes,Yes,Not At Risk
ST01935,19,Female,Data Science,100.0,81.0,48.8,61.9,3.5,2.48,2.0,Yes,Yes,Not At Risk
ST07901,18,Male,Data Science,92.8,91.1,79.7,69.7,5.9,2.88,5.0,Yes,No,Not At Risk
ST02974,22,Male,IT,83.2,80.8,63.6,48.2,9.7,3.81,4.0,Yes,No,At Risk
ST07673,18,Female,IT,76.6,84.2,78.4,63.1,4.3,2.15,6.0,Yes,No,Not At Risk
ST10941,20,Female,Computer Science,68.8,91.2,48.8,58.3,4.5,2.68,7.0,Yes,Yes,Not At Risk
ST09866,21,Female,Software Engineering,95.0,82.4,44.1,73.7,5.9,3.28,7.0,Yes,No,Not At Risk
ST00835,18,Male,Software Engineering,75.7,39.2,41.3,53.1,6.1,2.32,2.0,Yes,Yes,At Risk
ST10066,22,Female,Computer Science,89.6,63.7,67.7,89.2,10.0,3.78,3.0,Yes,No,Not At Risk
ST06115,21,Male,Data Science,87.3,81.3,99.2,83.6,3.2,2.89,2.0,Yes,No,Not At Risk
ST10905,25,Female,Computer Science,90.3,79.8,50.1,44.1,7.2,2.74,6.0,Yes,No,Not At Risk
ST07500,24,Male,IT,81.5,82.0,64.7,66.1,2.4,3.16,5.0,Yes,No,Not At Risk
ST04109,23,Male,IT,100.0,83.8,45.1,77.3,6.3,2.94,3.0,Yes,Yes,Not At Risk
ST07924,21,Female,Computer Science,83.7,51.6,58.8,83.8,14.5,3.5,3.0,Yes,No,Not At Risk
ST10435,21,Female,Software Engineering,82.8,48.0,73.1,24.0,8.5,2.05,9.0,Yes,Yes,At Risk
ST07287,20,Male,IT,57.7,78.0,56.0,78.4,2.6,3.46,5.0,Yes,No,Not At Risk
ST11359,25,Female,Computer Science,77.5,87.0,69.7,,5.9,2.85,9.0,Yes,Yes,Not At Risk
ST11318,20,Female,Data Science,80.3,61.9,28.4,84.4,2.9,2.67,3.0,Yes,No,Not At Risk
ST10084,24,Male,Computer Science,79.8,43.0,52.9,82.3,2.8,2.74,3.0,Yes,No,Not At Risk
ST10523,23,Female,Computer Science,78.2,46.3,69.1,68.5,1.8,3.46,5.0,Yes,No,Not At Risk
ST01473,19,Male,Computer Science,79.8,66.0,50.1,72.5,5.1,2.74,4.0,Yes,No,At Risk
ST03784,22,Male,Data Science,92.8,61.4,43.2,54.9,7.1,2.09,3.0,Yes,No,Not At Risk
ST07430,20,Male,Computer Science,100.0,64.8,100.0,76.4,5.2,2.7,5.0,Yes,No,Not At Risk
ST09129,22,Male,Computer Science,72.5,79.1,95.0,47.1,1.7,2.6,7.0,No,No,At Risk
ST05866,22,Male,Data Science,99.4,51.1,39.4,83.9,5.6,3.08,4.0,Yes,No,Not At Risk
ST00423,20,Male,Data Science,100.0,46.0,61.5,65.3,7.1,3.03,7.0,Yes,No,Not At Risk
ST11175,18,Female,Software Engineering,88.7,46.4,81.2,60.0,6.1,3.9,6.0,Yes,Yes,Not At Risk
ST11443,22,Male,IT,74.5,51.5,77.5,80.0,3.1,3.66,9.0,Yes,Yes,Not At Risk
ST09539,23,Female,Computer Science,90.3,68.9,88.0,84.0,4.8,2.89,4.0,Yes,Yes,Not At Risk
ST04219,23,Female,IT,75.1,57.8,24.3,62.9,10.0,2.77,2.0,Yes,Yes,Not At Risk
ST03457,22,Female,IT,64.3,53.2,100.0,85.6,4.4,3.21,7.0,Yes,No,Not At Risk
ST11373,19,Male,Computer Science,77.3,68.4,71.1,48.1,4.0,3.49,6.0,Yes,No,Not At Risk
ST04576,19,Female,IT,65.3,73.5,48.4,51.4,5.2,3.02,6.0,Yes,No,At Risk
ST03375,18,Male,Computer Science,80.5,71.5,93.0,79.4,5.2,3.79,6.0,Yes,Yes,Not At Risk
ST03790,23,Male,Software Engineering,100.0,70.1,76.1,24.5,4.8,3.7,4.0,Yes,No,Not At Risk
ST03115,24,Female,Computer Science,57.4,75.4,70.8,86.5,9.3,2.05,1.0,Yes,No,At Risk
ST01110,21,Female,IT,56.8,73.0,93.2,63.6,12.7,3.16,2.0,Yes,Yes,At Risk
ST01068,19,Female,Software Engineering,65.8,100.0,51.7,31.7,2.3,2.8,2.0,Yes,Yes,Not At Risk
ST10749,20,Male,IT,100.0,91.0,69.4,54.0,6.8,2.47,1.0,Yes,No,Not At Risk
ST05906,18,Male,Software Engineering,91.0,53.5,65.5,59.4,4.1,2.81,4.0,Yes,No,Not At Risk
ST06143,18,Male,Software Engineering,100.0,58.6,72.2,65.5,1.2,1.85,6.0,Yes,No,Not At Risk
ST01000,19,Male,IT,97.8,45.9,92.3,100.0,1.8,1.73,2.0,Yes,No,Not At Risk
ST10663,23,Male,IT,88.6,81.8,73.4,57.3,3.3,2.17,3.0,Yes,No,Not At Risk
ST09309,22,Male,IT,69.2,53.8,66.7,76.4,7.0,2.14,3.0,Yes,No,At Risk
ST05335,24,Male,IT,84.2,78.8,90.8,91.4,8.8,2.83,6.0,Yes,Yes,Not At Risk
ST08599,20,Male,Computer Science,90.3,30.1,50.1,62.4,4.0,4.0,2.0,Yes,No,Not At Risk
ST08103,22,Male,IT,83.5,61.3,50.8,72.3,10.2,2.23,5.0,Yes,Yes,Not At Risk
ST08965,22,Male,IT,65.1,49.4,72.9,58.3,9.8,2.14,3.0,Yes,Yes,Not At Risk
ST04371,21,Male,Computer Science,68.9,28.2,74.5,61.6,5.4,3.15,5.0,Yes,No,At Risk
ST11849,19,Male,Computer Science,85.6,78.1,72.5,90.1,19.6,2.95,6.0,Yes,Yes,Not At Risk
ST02325,25,Male,Computer Science,94.5,72.3,72.2,53.9,10.1,3.2,3.0,Yes,No,Not At Risk
ST02683,19,Male,IT,64.6,67.0,27.3,44.8,2.2,2.74,4.0,Yes,Yes,Not At Risk
ST10659,18,Female,Computer Science,90.2,34.5,66.0,50.3,2.9,3.21,4.0,Yes,No,Not At Risk
ST02462,24,Female,Computer Science,90.3,68.2,100.0,60.1,10.2,2.59,2.0,Yes,No,Not At Risk
ST09066,23,Female,Software Engineering,100.0,64.4,65.4,72.7,6.3,2.33,4.0,Yes,Yes,Not At Risk
ST07123,23,Male,Computer Science,78.1,82.6,42.1,64.8,4.6,1.97,3.0,Yes,No,Not At Risk
ST06538,22,Male,Software Engineering,65.5,87.7,54.2,87.1,9.1,2.97,3.0,No,Yes,Not At Risk
ST07031,22,Female,Computer Science,61.1,69.1,90.2,68.1,5.4,1.78,4.0,No,No,At Risk
ST02081,21,Male,Software Engineering,94.5,98.7,65.8,29.7,4.3,2.69,4.0,Yes,Yes,Not At Risk
ST02053,25,Female,Computer Science,77.7,70.1,81.5,67.1,3.2,3.47,5.0,Yes,No,Not At Risk
ST11347,23,Female,Software Engineering,90.6,72.3,64.3,58.8,0.4,2.28,7.0,No,No,Not At Risk
ST00124,24,Male,IT,63.9,69.8,71.6,68.4,2.9,2.53,3.0,No,No,Not At Risk
ST08921,19,Male,IT,58.6,80.1,72.8,95.7,2.7,3.06,2.0,Yes,No,Not At Risk
ST04519,25,Female,IT,87.4,64.8,64.6,61.8,6.7,2.08,2.0,Yes,No,Not At Risk
ST10036,22,Female,Computer Science,83.8,93.9,45.2,52.7,5.4,3.4,4.0,,No,Not At Risk
ST10728,24,Male,Data Science,54.9,60.8,80.6,51.6,1.6,2.12,3.0,Yes,No,At Risk
ST02674,24,Male,Data Science,79.2,99.9,66.9,93.7,2.4,3.61,2.0,Yes,Yes,Not At Risk
ST04121,22,Female,Data Science,92.1,51.0,92.7,62.5,1.7,2.86,3.0,Yes,Yes,Not At Risk
ST03174,23,Male,Data Science,75.5,70.1,80.0,93.1,11.2,3.4,6.0,No,No,Not At Risk
ST11306,25,Male,Software Engineering,69.5,61.8,52.7,48.1,9.7,2.52,4.0,Yes,No,At Risk
ST07749,21,Female,Data Science,83.8,76.0,67.2,64.6,4.9,2.01,2.0,Yes,No,At Risk
ST05095,25,Female,Computer Science,74.7,87.5,35.9,55.4,5.1,1.82,4.0,Yes,No,Not At Risk
ST06413,21,Female,Computer Science,77.4,68.6,71.1,49.8,2.1,2.75,7.0,Yes,Yes,At Risk
ST11157,23,Female,Computer Science,90.5,71.4,30.5,85.0,4.4,3.85,5.0,Yes,No,At Risk
ST10114,18,Male,IT,98.9,80.1,67.8,78.0,6.3,2.71,2.0,Yes,No,Not At Risk
ST09627,18,Female,Computer Science,97.8,50.3,71.3,45.4,1.1,2.74,8.0,Yes,Yes,Not At Risk
ST05053,24,Female,Software Engineering,81.0,56.9,57.2,60.8,11.2,3.72,3.0,No,No,Not At Risk
ST02695,23,Male,Data Science,80.9,54.4,73.1,69.5,13.3,3.45,3.0,Yes,Yes,Not At Risk
ST11077,21,Male,IT,72.8,88.7,65.6,36.9,10.6,3.65,3.0,Yes,Yes,Not At Risk
ST10480,20,Female,Computer Science,72.4,74.9,85.0,80.9,3.5,3.35,8.0,Yes,No,Not At Risk
ST06345,24,Male,Computer Science,74.8,62.4,62.5,45.3,1.0,2.64,3.0,Yes,Yes,Not At Risk
ST11088,18,Female,IT,72.4,66.1,75.8,77.7,5.3,3.16,3.0,Yes,No,Not At Risk
ST09750,22,Male,Computer Science,62.5,100.0,72.7,69.9,8.1,2.0,3.0,Yes,No,Not At Risk
ST07023,19,Female,Software Engineering,68.0,77.7,46.5,45.6,8.9,3.76,6.0,No,No,At Risk
ST08524,25,Male,Computer Science,90.2,71.2,65.3,94.7,3.2,1.64,4.0,Yes,No,Not At Risk
ST11629,25,Male,Software Engineering,91.4,71.7,61.0,,7.3,2.16,1.0,Yes,No,Not At Risk
ST11241,21,Female,Data Science,95.5,88.9,25.9,68.2,4.6,3.47,1.0,Yes,Yes,Not At Risk
ST03646,18,Female,Computer Science,63.4,95.1,68.3,62.1,4.1,2.46,6.0,Yes,No,Not At Risk
ST04476,22,Male,Computer Science,78.6,79.2,54.1,87.2,3.7,1.61,1.0,Yes,No,Not At Risk
ST04653,24,Female,Software Engineering,67.6,67.8,43.4,100.0,7.2,3.99,5.0,Yes,No,Not At Risk
ST08666,22,Female,IT,100.0,38.2,69.5,72.4,6.6,3.47,3.0,Yes,No,Not At Risk
ST01913,18,Male,IT,74.2,59.8,57.4,37.7,4.3,2.33,2.0,Yes,Yes,Not At Risk
ST06614,20,Male,IT,74.5,64.7,71.7,53.7,1.0,3.0,2.0,Yes,Yes,Not At Risk
ST00356,24,Male,Data Science,100.0,59.2,70.5,74.9,5.5,3.62,5.0,Yes,No,Not At Risk
ST03430,19,Female,Computer Science,66.9,70.4,54.7,73.6,3.7,3.84,5.0,Yes,No,Not At Risk
ST08852,20,Male,IT,100.0,91.5,76.5,29.9,5.4,2.81,7.0,Yes,Yes,Not At Risk
ST09865,23,Male,Software Engineering,78.2,62.9,74.8,70.0,6.3,3.26,4.0,Yes,No,Not At Risk
ST02246,20,Female,Data Science,83.1,75.2,85.5,,9.2,3.35,5.0,Yes,Yes,Not At Risk
ST11486,19,Male,Computer Science,95.2,69.5,65.5,72.9,3.3,2.62,1.0,Yes,No,Not At Risk
ST09723,25,Male,Computer Science,86.4,65.6,84.5,69.2,9.7,3.4,5.0,Yes,Yes,Not At Risk
ST05259,25,Female,IT,77.0,44.5,31.8,73.6,9.0,3.04,4.0,Yes,No,Not At Risk
ST09366,18,Male,Computer Science,88.6,85.7,87.2,59.9,4.6,4.0,3.0,Yes,Yes,Not At Risk
ST10788,25,Female,Computer Science,88.5,62.8,81.5,58.8,6.8,2.86,1.0,Yes,No,Not At Risk
ST10757,22,Female,Data Science,71.1,55.5,47.5,60.8,9.8,3.35,7.0,Yes,Yes,At Risk
ST05037,20,Female,IT,85.2,69.1,54.2,74.9,1.6,3.27,4.0,Yes,Yes,Not At Risk
ST04892,23,Female,Software Engineering,78.7,51.4,59.7,86.0,4.0,2.1,2.0,Yes,No,Not At Risk
ST03433,18,Male,Software Engineering,90.4,81.7,68.0,54.4,5.1,1.69,5.0,Yes,Yes,Not At Risk
ST03708,20,Female,Data Science,80.1,71.7,88.5,49.7,3.7,1.5,7.0,Yes,Yes,Not At Risk
ST10424,18,Female,Software Engineering,82.8,70.9,54.8,66.3,2.2,2.6,2.0,No,No,Not At Risk
ST02673,20,Male,IT,89.5,46.4,84.7,,5.3,3.92,1.0,Yes,Yes,Not At Risk
ST02623,24,Female,Computer Science,73.7,86.6,88.9,79.6,8.8,3.13,2.0,Yes,No,Not At Risk
ST01208,24,Female,IT,100.0,90.5,63.8,44.4,7.5,3.14,4.0,Yes,No,Not At Risk
ST08577,19,Female,Computer Science,87.8,69.4,60.4,60.3,12.2,2.57,4.0,Yes,Yes,Not At Risk
ST05096,22,Male,Computer Science,97.6,79.6,36.4,62.0,3.6,3.36,4.0,No,Yes,Not At Risk
ST05288,25,Female,IT,100.0,56.3,43.7,59.3,4.2,3.37,5.0,Yes,No,Not At Risk
ST08107,19,Male,IT,69.0,50.9,86.5,59.9,6.6,3.67,4.0,No,Yes,Not At Risk
ST09784,20,Female,Data Science,82.3,68.2,73.7,69.8,2.8,1.97,4.0,Yes,Yes,Not At Risk
ST03341,25,Female,IT,89.2,87.9,33.7,61.8,7.8,4.0,3.0,Yes,No,Not At Risk
ST04089,22,Female,Software Engineering,92.3,60.7,83.5,41.6,3.9,1.92,5.0,Yes,Yes,Not At Risk
ST09329,22,Female,Computer Science,91.8,59.9,58.9,67.5,2.0,3.02,2.0,Yes,Yes,Not At Risk
ST02839,25,Male,IT,77.3,74.4,72.7,86.7,5.5,4.0,2.0,Yes,Yes,Not At Risk
ST02501,20,Female,IT,80.0,46.2,67.3,76.6,5.5,3.52,5.0,Yes,Yes,Not At Risk
ST00232,18,Male,Software Engineering,76.8,78.4,73.3,29.3,4.6,3.97,1.0,Yes,Yes,Not At Risk
ST01267,24,Female,Data Science,79.0,85.8,83.5,72.8,6.4,3.52,1.0,Yes,No,Not At Risk
ST03349,20,Female,Software Engineering,100.0,73.7,60.9,82.3,13.7,3.18,5.0,Yes,Yes,Not At Risk
ST11076,23,Female,Software Engineering,97.6,86.7,70.2,89.1,8.2,2.74,4.0,Yes,Yes,Not At Risk
ST10183,21,Female,IT,52.2,80.5,39.1,66.5,2.2,2.71,3.0,Yes,No,Not At Risk
ST02240,22,Male,IT,91.5,87.2,84.5,68.8,5.1,2.66,0.0,No,Yes,Not At Risk
ST00020,19,Female,IT,54.3,61.0,79.1,63.3,3.1,3.95,3.0,Yes,No,At Risk
ST01090,21,Male,Software Engineering,70.8,73.6,40.1,76.8,5.6,2.23,7.0,Yes,No,Not At Risk
ST09668,23,Male,Computer Science,66.6,75.7,73.4,77.1,7.5,2.05,2.0,Yes,Yes,Not At Risk
ST08091,21,Female,IT,99.2,96.3,54.9,75.1,6.0,3.53,3.0,Yes,No,Not At Risk
ST06253,18,Female,Data Science,51.7,64.7,76.6,54.9,9.0,3.72,8.0,Yes,Yes,At Risk
ST02138,20,Female,Software Engineering,88.5,72.2,79.0,16.6,5.4,3.9,5.0,Yes,No,Not At Risk
ST09948,19,Male,Data Science,68.4,64.4,65.7,54.7,4.1,3.22,5.0,Yes,Yes,Not At Risk
ST01230,23,Female,Computer Science,80.1,63.3,53.0,52.7,5.1,2.6,2.0,Yes,No,Not At Risk
ST05608,20,Female,IT,100.0,69.4,66.1,61.4,6.3,3.77,5.0,Yes,No,Not At Risk
ST00746,25,Female,IT,100.0,35.5,55.8,85.7,6.3,3.71,5.0,Yes,Yes,Not At Risk
ST07786,21,Male,IT,89.3,75.6,63.7,67.7,4.7,3.11,5.0,Yes,No,Not At Risk
ST09113,19,Male,Software Engineering,77.7,67.6,66.5,95.6,3.9,4.0,3.0,Yes,No,Not At Risk
ST00070,21,Male,,79.6,68.6,44.5,20.9,6.8,3.54,3.0,Yes,Yes,Not At Risk
ST10119,23,Male,Software Engineering,87.1,84.8,68.0,45.9,6.1,2.24,1.0,Yes,Yes,Not At Risk
ST02823,22,Female,,67.3,61.3,60.5,69.5,10.3,2.24,6.0,No,Yes,Not At Risk
ST11957,24,Male,Software Engineering,75.4,56.3,66.4,48.0,8.8,3.0,2.0,Yes,No,Not At Risk
ST09873,19,Male,Computer Science,87.5,54.9,71.8,67.7,7.7,2.48,2.0,Yes,Yes,Not At Risk
ST06778,23,Male,Computer Science,88.9,56.6,90.1,66.9,5.9,3.12,5.0,,Yes,Not At Risk
ST03443,19,Female,Data Science,62.0,58.5,72.3,65.7,9.3,2.95,6.0,Yes,No,Not At Risk
ST09356,21,Male,,85.2,55.2,67.8,75.4,8.3,3.17,3.0,Yes,Yes,Not At Risk
ST05156,23,Female,IT,74.6,46.7,76.1,61.0,0.7,2.63,1.0,Yes,Yes,Not At Risk
ST10368,22,Male,IT,67.1,73.3,57.6,73.7,8.0,4.0,4.0,,Yes,Not At Risk
ST10927,20,Male,,76.8,51.0,81.2,16.3,5.3,3.31,1.0,Yes,No,At Risk
ST02151,23,Female,Computer Science,85.4,38.0,65.1,49.5,4.0,2.14,4.0,No,No,At Risk
ST07646,24,Female,Software Engineering,90.3,69.2,77.0,83.6,1.9,3.6,3.0,Yes,Yes,Not At Risk
ST01900,22,Male,IT,78.8,50.3,66.5,81.7,3.3,2.38,3.0,Yes,Yes,Not At Risk
ST01255,25,Female,Software Engineering,73.2,90.3,56.2,82.5,9.9,3.22,4.0,Yes,No,Not At Risk
ST07998,24,Male,Software Engineering,77.4,71.2,65.1,38.4,5.3,1.93,8.0,Yes,No,At Risk
ST11970,18,Female,Data Science,73.7,83.5,46.2,77.7,21.3,3.52,3.0,Yes,No,Not At Risk
ST06886,21,Male,Data Science,68.7,51.7,83.9,84.5,1.0,3.49,7.0,Yes,No,Not At Risk
ST07375,21,Male,Software Engineering,92.3,75.6,87.7,55.8,5.5,3.59,1.0,Yes,No,Not At Risk
ST10207,20,Male,Computer Science,72.1,67.8,71.0,55.1,13.5,2.1,3.0,Yes,No,Not At Risk
ST03660,20,Female,Computer Science,76.7,84.1,78.9,61.3,6.3,4.0,1.0,Yes,Yes,Not At Risk
ST01672,24,Male,Data Science,86.1,46.9,75.0,57.1,5.3,3.29,1.0,Yes,No,Not At Risk
ST10935,21,Female,,79.7,66.9,79.2,54.3,3.5,2.8,5.0,Yes,Yes,Not At Risk
ST04853,20,Male,Data Science,87.1,80.6,57.8,62.6,10.1,2.68,1.0,Yes,No,Not At Risk
ST10306,18,Female,Software Engineering,87.3,72.1,85.4,80.2,4.3,3.72,3.0,Yes,Yes,Not At Risk
ST04560,25,Female,IT,88.9,100.0,66.9,,9.4,3.12,4.0,Yes,No,Not At Risk
ST03701,22,Male,Software Engineering,85.5,86.5,50.6,81.9,7.8,1.99,5.0,Yes,Yes,Not At Risk
ST07878,22,Female,Computer Science,76.8,93.0,67.3,52.8,6.6,3.22,4.0,Yes,Yes,Not At Risk
ST10363,25,Male,Software Engineering,65.2,51.2,78.8,68.6,14.4,2.46,3.0,Yes,Yes,Not At Risk
ST10203,20,Male,Data Science,98.5,74.8,86.5,64.4,3.7,1.59,1.0,Yes,Yes,Not At Risk
ST06576,23,Male,,66.0,57.3,43.3,90.6,2.7,2.87,1.0,Yes,Yes,Not At Risk
ST05790,24,Female,IT,100.0,75.8,87.2,49.4,7.2,3.77,7.0,Yes,No,Not At Risk
ST09133,19,Female,Data Science,100.0,48.6,74.6,70.5,4.8,2.65,3.0,Yes,No,Not At Risk
ST11242,25,Male,Software Engineering,78.5,74.9,64.6,55.3,8.7,4.0,3.0,Yes,No,Not At Risk
ST11951,20,Male,Software Engineering,83.1,46.2,59.9,79.4,6.0,2.24,3.0,Yes,No,At Risk
ST11239,23,Female,Software Engineering,80.6,51.2,84.4,71.6,6.4,3.04,3.0,Yes,Yes,Not At Risk
ST11532,18,Female,IT,82.4,75.8,62.8,52.2,11.5,3.14,3.0,Yes,No,Not At Risk
ST11453,18,Female,Data Science,76.6,74.2,57.0,46.4,1.8,3.56,4.0,Yes,No,Not At Risk
ST04661,22,Female,,91.3,81.2,79.4,69.2,7.3,3.28,6.0,Yes,Yes,Not At Risk
ST08585,25,Female,Software Engineering,91.8,84.8,61.8,54.8,4.1,1.76,3.0,Yes,Yes,Not At Risk
ST06385,19,Female,Computer Science,79.3,74.1,57.2,67.0,3.5,3.11,3.0,Yes,No,Not At Risk
ST11793,18,Female,IT,97.9,76.9,55.1,90.3,3.1,1.1,3.0,Yes,No,Not At Risk
ST01942,18,Male,Software Engineering,82.7,82.6,63.7,57.9,7.3,3.35,6.0,Yes,Yes,Not At Risk
ST07262,19,Male,Data Science,66.4,79.6,64.0,57.2,3.2,2.39,1.0,Yes,No,Not At Risk
ST00761,23,Female,Data Science,97.8,68.1,73.3,66.8,3.4,3.5,4.0,Yes,Yes,Not At Risk
ST10275,24,Female,Software Engineering,75.7,43.6,75.6,58.2,4.1,3.2,2.0,Yes,No,Not At Risk
ST08301,23,Male,Software Engineering,87.6,59.3,43.7,70.0,2.1,3.06,3.0,Yes,No,Not At Risk
ST10676,23,Male,Software Engineering,90.3,82.1,62.9,93.1,7.1,3.64,6.0,Yes,Yes,Not At Risk
ST05353,22,Female,,100.0,69.0,65.8,36.4,4.0,3.71,3.0,Yes,No,Not At Risk
ST08290,19,Female,Computer Science,67.3,71.5,65.3,48.1,3.4,2.63,7.0,Yes,No,Not At Risk
ST06747,20,Male,Computer Science,56.9,56.5,66.3,59.4,11.9,2.92,3.0,Yes,No,Not At Risk
ST04778,18,Female,IT,77.8,65.5,64.5,,11.6,2.75,6.0,No,Yes,Not At Risk
ST00187,21,Female,Computer Science,84.3,65.0,58.6,59.7,3.0,1.71,3.0,Yes,Yes,Not At Risk
ST04620,25,Male,IT,81.1,53.5,50.7,56.5,9.0,2.64,3.0,Yes,Yes,Not At Risk
ST05293,20,Female,Software Engineering,77.7,55.3,46.5,73.8,4.0,3.23,5.0,Yes,No,Not At Risk
ST03498,19,Female,Software Engineering,80.5,33.3,70.4,69.2,3.7,2.1,2.0,Yes,No,Not At Risk
ST00398,19,Male,Computer Science,84.2,87.6,52.2,75.7,10.2,2.68,7.0,Yes,No,Not At Risk
ST11999,23,Male,Data Science,86.5,84.8,58.9,43.0,2.4,2.77,2.0,Yes,No,Not At Risk
ST10850,22,Female,IT,84.1,73.6,54.4,68.9,5.6,3.05,5.0,Yes,No,Not At Risk
ST09596,24,Male,Data Science,83.0,56.9,75.2,77.3,8.7,3.7,6.0,No,Yes,Not At Risk
ST10227,24,Male,IT,73.8,60.1,71.5,59.5,3.3,3.44,3.0,Yes,No,Not At Risk
ST02469,20,Female,Computer Science,81.1,74.2,64.6,45.0,2.3,2.86,2.0,Yes,Yes,Not At Risk
ST01002,21,Male,Software Engineering,92.2,48.2,83.3,52.0,1.1,2.95,2.0,Yes,No,At Risk
ST01860,24,Female,IT,74.8,57.5,86.3,54.8,5.1,3.44,2.0,Yes,No,Not At Risk
ST04298,19,Female,Data Science,81.1,59.4,69.8,59.2,0.4,2.04,1.0,Yes,No,Not At Risk
ST00231,19,Male,Computer Science,80.4,67.7,65.4,40.1,7.4,3.68,5.0,Yes,Yes,Not At Risk
ST03653,23,Male,Data Science,85.0,79.9,42.0,77.6,7.3,2.07,4.0,Yes,Yes,Not At Risk
ST04796,19,Female,Computer Science,73.5,53.1,79.1,64.9,9.7,2.12,7.0,Yes,Yes,Not At Risk
ST11517,18,Female,Software Engineering,74.3,46.6,67.5,65.2,6.8,3.0,2.0,Yes,No,Not At Risk
ST09822,22,Female,IT,55.4,56.6,56.1,56.0,1.8,3.41,2.0,,No,Not At Risk
ST03542,19,Male,,92.4,57.0,70.7,9.4,1.7,3.52,7.0,No,No,Not At Risk
ST05550,23,Male,Software Engineering,81.0,59.5,76.9,66.8,5.9,3.3,7.0,Yes,Yes,Not At Risk
ST05374,20,Male,Data Science,72.8,42.8,97.5,61.7,8.5,1.8,2.0,Yes,No,Not At Risk
ST08923,20,Female,Software Engineering,90.3,67.3,52.7,88.2,3.0,3.54,5.0,Yes,No,Not At Risk
ST00126,24,Male,Computer Science,83.9,68.0,55.8,97.0,8.3,2.56,2.0,Yes,No,Not At Risk
ST09774,18,Female,Computer Science,66.4,94.4,63.4,98.9,5.0,2.54,4.0,Yes,No,Not At Risk
ST01943,23,Male,IT,58.8,60.0,86.6,20.3,4.9,2.45,5.0,Yes,Yes,Not At Risk
ST08779,23,Female,Data Science,93.5,84.3,45.8,59.4,8.7,2.58,4.0,Yes,Yes,Not At Risk
ST01162,20,Male,IT,98.0,99.7,57.6,67.9,3.8,2.21,6.0,Yes,No,Not At Risk
ST08556,23,Male,Data Science,66.0,52.1,42.6,74.2,11.0,3.19,6.0,Yes,Yes,Not At Risk
ST03554,24,Female,Computer Science,84.2,86.8,56.7,69.1,2.5,3.83,3.0,Yes,No,Not At Risk
ST10715,21,Male,Computer Science,94.6,70.3,67.7,49.8,3.8,2.91,4.0,Yes,No,Not At Risk
ST00095,19,Male,Computer Science,82.7,67.8,68.8,39.5,18.6,3.05,3.0,Yes,Yes,Not At Risk
ST00238,24,Male,Computer Science,79.9,29.7,59.1,81.3,10.0,2.61,3.0,Yes,No,At Risk
ST06392,21,Female,Computer Science,83.5,53.4,83.5,84.3,1.8,4.0,4.0,Yes,No,Not At Risk
ST07386,20,Female,Computer Science,68.3,65.2,52.1,38.8,10.2,2.59,5.0,Yes,Yes,At Risk
ST01319,21,Male,Software Engineering,85.8,79.1,75.2,75.9,5.2,4.0,8.0,Yes,No,Not At Risk
ST04622,23,Male,Computer Science,88.1,49.6,71.1,94.3,8.9,3.54,7.0,Yes,No,Not At Risk
ST05036,22,Male,Computer Science,78.3,53.0,82.1,54.5,6.6,3.55,3.0,Yes,No,At Risk
ST02132,25,Female,IT,77.0,71.9,55.6,61.6,3.1,2.66,5.0,Yes,No,Not At Risk
ST07847,19,Male,IT,93.7,84.1,91.7,56.9,8.3,3.05,3.0,Yes,No,Not At Risk
ST05980,20,Female,Computer Science,66.6,69.7,64.5,52.4,3.1,2.93,4.0,Yes,Yes,At Risk
ST05702,22,Male,IT,95.9,63.4,67.9,76.7,5.3,2.83,4.0,Yes,No,Not At Risk
ST09517,23,Male,Computer Science,90.7,71.4,71.0,68.3,6.1,3.12,6.0,No,No,Not At Risk
ST02980,25,Female,IT,54.7,71.6,72.8,63.7,2.8,3.89,5.0,Yes,Yes,At Risk
ST05530,23,Male,Computer Science,91.8,50.5,72.4,62.2,2.4,2.79,8.0,Yes,No,Not At Risk
ST11469,18,Female,Data Science,72.5,70.7,67.8,73.7,2.4,4.0,3.0,Yes,Yes,Not At Risk
ST11721,21,Male,Data Science,73.1,78.5,67.5,58.4,5.3,3.95,7.0,Yes,Yes,Not At Risk
ST05071,18,Female,Computer Science,69.8,53.0,55.9,71.5,6.4,3.13,6.0,No,No,Not At Risk
ST06437,20,Male,IT,98.0,62.3,54.5,79.9,3.4,3.27,2.0,Yes,No,Not At Risk
ST10500,25,Male,Software Engineering,81.7,59.1,44.5,74.4,6.3,2.17,8.0,Yes,Yes,Not At Risk
ST10055,24,Male,IT,73.7,72.6,57.9,61.1,12.5,3.57,6.0,Yes,No,Not At Risk
ST03549,25,Male,Computer Science,100.0,100.0,56.6,39.1,3.6,2.73,3.0,Yes,Yes,Not At Risk
ST07383,20,Female,Software Engineering,56.6,66.5,60.3,73.2,5.3,2.67,6.0,Yes,No,Not At Risk
ST07280,24,Female,Computer Science,84.7,82.9,57.8,69.5,8.2,2.79,2.0,Yes,Yes,Not At Risk
ST04641,18,Female,Software Engineering,92.0,55.5,80.6,72.3,6.3,3.37,6.0,Yes,No,Not At Risk
ST10171,25,Male,Software Engineering,88.8,66.3,29.5,58.6,2.7,2.86,3.0,Yes,No,Not At Risk
ST03442,22,Female,Computer Science,83.3,76.9,55.6,69.2,2.3,3.33,5.0,Yes,Yes,Not At Risk
ST03040,21,Male,IT,95.0,97.7,79.2,82.6,4.6,3.67,5.0,Yes,Yes,Not At Risk
ST06034,22,Female,IT,83.2,76.1,79.9,84.7,10.4,3.57,0.0,Yes,No,Not At Risk
ST07882,23,Female,IT,74.5,69.6,58.0,91.9,3.2,2.19,3.0,Yes,No,Not At Risk
ST10197,21,Female,Software Engineering,100.0,71.6,47.9,97.1,2.2,0.83,6.0,Yes,Yes,Not At Risk
ST03804,23,Male,Computer Science,92.2,80.2,72.0,47.2,2.2,2.34,4.0,Yes,No,Not At Risk
ST08512,22,Female,Data Science,88.2,75.1,42.8,72.6,5.2,1.98,4.0,Yes,Yes,Not At Risk
ST11789,19,Female,Software Engineering,85.9,89.5,89.0,51.6,5.3,3.84,5.0,Yes,No,Not At Risk
ST03543,20,Female,Data Science,83.7,72.1,68.5,63.9,12.5,2.25,2.0,Yes,Yes,Not At Risk
ST05185,20,Female,Computer Science,69.0,81.2,62.4,56.6,1.4,2.94,4.0,Yes,Yes,Not At Risk
ST04112,20,Female,Software Engineering,75.2,74.9,25.0,72.1,11.9,3.23,6.0,Yes,Yes,At Risk
ST07476,25,M,Computer Science,85.5,59.3,39.2,74.5,2.8,1.64,4.0,Yes,Yes,Not At Risk
ST07592,25,Male,IT,71.9,74.3,83.2,68.9,3.3,3.11,3.0,Yes,No,Not At Risk
ST02214,19,Female,IT,78.4,34.3,73.6,38.7,3.7,2.85,0.0,Yes,No,Not At Risk
ST10189,19,Female,Computer Science,86.4,60.3,63.8,65.9,8.0,3.31,5.0,Yes,Yes,At Risk
ST10297,19,Female,Software Engineering,95.8,70.2,61.1,72.6,11.6,3.05,,Yes,No,Not At Risk
ST03097,18,Female,IT,77.4,44.0,70.0,47.0,7.6,3.17,3.0,Yes,Yes,Not At Risk
ST08251,20,Male,Data Science,66.1,62.2,61.7,70.9,4.3,3.34,6.0,Yes,Yes,Not At Risk
ST10244,20,Male,IT,95.6,77.3,56.2,63.5,0.4,3.12,,No,Yes,Not At Risk
ST08025,21,Male,IT,83.4,83.5,50.9,37.6,10.6,3.21,3.0,Yes,Yes,Not At Risk
ST04375,25,Female,Computer Science,100.0,84.0,97.5,62.5,2.3,2.88,3.0,No,Yes,Not At Risk
ST01007,19,Female,Computer Science,83.9,69.6,84.4,56.4,7.7,3.84,6.0,Yes,No,At Risk
ST08398,23,Female,Data Science,84.7,84.9,100.0,56.3,2.6,2.04,4.0,Yes,Yes,Not At Risk
ST08327,21,Female,Computer Science,81.3,73.5,42.5,52.4,4.6,1.68,7.0,Yes,Yes,Not At Risk
ST05989,19,Female,Software Engineering,100.0,60.8,17.3,65.9,3.3,1.77,2.0,Yes,Yes,Not At Risk
ST00137,20,Male,IT,83.3,72.2,75.2,41.6,8.7,4.0,4.0,Yes,No,Not At Risk
ST01776,24,Male,Software Engineering,84.1,89.4,72.6,,3.2,2.78,3.0,Yes,Yes,Not At Risk
ST02355,19,Male,Data Science,96.3,100.0,93.4,66.1,9.0,2.36,3.0,Yes,No,Not At Risk
ST07996,22,Male,Computer Science,98.0,77.5,100.0,65.8,6.4,3.89,1.0,,Yes,Not At Risk
ST01707,22,Male,IT,87.3,55.1,47.4,94.7,7.8,1.86,3.0,Yes,Yes,Not At Risk
ST05535,18,Female,IT,65.5,75.8,76.8,51.2,8.4,2.14,9.0,Yes,No,Not At Risk
ST00194,20,Female,Data Science,76.2,68.7,72.5,70.2,3.6,2.74,4.0,Yes,No,Not At Risk
ST11534,22,Female,Data Science,92.7,70.3,74.1,54.4,6.9,2.96,3.0,Yes,No,Not At Risk
ST01057,25,Male,IT,73.7,63.9,59.7,59.0,7.4,2.52,5.0,Yes,Yes,Not At Risk
ST06379,25,Female,Software Engineering,77.5,78.1,48.2,88.5,6.0,3.06,2.0,Yes,No,Not At Risk
ST03240,24,Male,IT,72.3,50.6,55.1,68.1,9.3,2.71,4.0,Yes,No,Not At Risk
ST11155,19,Male,Computer Science,78.8,69.0,54.7,57.7,6.7,1.73,3.0,Yes,No,Not At Risk
ST04906,21,Female,Software Engineering,88.9,91.6,60.7,58.3,7.3,2.17,6.0,Yes,No,Not At Risk
ST00152,21,Male,IT,83.6,68.4,42.8,67.8,4.4,1.48,7.0,Yes,No,Not At Risk
ST06458,20,Male,Software Engineering,100.0,67.1,64.7,80.5,4.7,2.25,3.0,Yes,Yes,Not At Risk
ST08214,25,Male,Data Science,74.3,60.2,55.6,52.0,8.8,3.2,1.0,Yes,Yes,At Risk
ST07825,19,Female,Data Science,88.4,73.5,64.0,61.7,9.5,2.39,3.0,Yes,No,Not At Risk
ST07916,18,Male,Computer Science,82.4,80.5,47.1,60.5,7.2,3.01,2.0,Yes,No,Not At Risk
ST00262,24,Female,Software Engineering,82.2,81.3,69.3,75.9,2.3,3.82,3.0,Yes,Yes,Not At Risk
ST02928,19,Male,Computer Science,77.7,62.0,67.3,73.5,4.2,2.76,5.0,Yes,No,Not At Risk
ST03513,21,Male,Software Engineering,76.5,63.9,65.9,70.2,5.6,3.13,2.0,Yes,No,Not At Risk
ST02094,19,Female,Computer Science,70.9,86.7,74.6,36.4,4.0,2.65,2.0,Yes,No,Not At Risk
ST07361,25,Female,IT,73.4,47.8,68.2,63.7,6.8,1.64,2.0,Yes,No,At Risk
ST03278,25,Female,IT,87.7,30.7,62.3,83.0,5.0,2.15,5.0,Yes,Yes,Not At Risk
ST08885,23,Male,Computer Science,63.8,100.0,78.8,55.0,3.3,3.35,4.0,Yes,No,Not At Risk
ST03313,22,Female,Computer Science,53.0,77.5,53.8,69.1,8.2,3.17,4.0,Yes,No,At Risk
ST03639,20,Female,Software Engineering,85.9,70.9,47.4,57.6,5.0,2.94,3.0,Yes,Yes,Not At Risk
ST10583,22,Male,Software Engineering,71.5,95.4,71.6,57.6,5.6,2.24,4.0,Yes,No,Not At Risk
ST02485,22,Male,Software Engineering,92.2,68.7,92.6,47.5,8.5,3.31,1.0,Yes,No,Not At Risk
ST04144,24,Female,Computer Science,86.8,85.2,58.9,41.2,4.4,2.38,3.0,Yes,No,Not At Risk
ST07775,22,Male,Computer Science,93.5,90.0,64.2,99.3,5.1,3.8,3.0,Yes,Yes,Not At Risk
ST11542,22,Male,Data Science,86.7,32.8,73.5,75.4,8.6,2.48,4.0,Yes,Yes,At Risk
ST00431,19,Female,IT,85.7,61.3,82.7,82.7,15.5,1.77,4.0,Yes,No,Not At Risk
ST10632,25,Female,Software Engineering,95.2,68.1,45.2,36.4,10.8,3.74,1.0,Yes,No,Not At Risk
ST11028,22,Male,Computer Science,95.3,71.0,62.9,63.5,9.7,3.44,4.0,Yes,No,Not At Risk
ST04174,20,Male,Computer Science,75.8,88.3,47.3,48.7,5.9,3.81,4.0,Yes,No,Not At Risk
ST08557,19,Female,IT,100.0,100.0,75.9,38.5,7.3,2.54,7.0,Yes,No,Not At Risk
ST07648,24,Male,Data Science,54.6,84.8,55.3,67.7,3.1,2.33,0.0,Yes,Yes,At Risk
ST01295,19,Male,Data Science,81.7,62.8,56.9,96.5,7.2,1.82,3.0,Yes,No,Not At Risk
ST06407,23,Male,IT,69.1,97.1,61.8,76.5,5.1,2.98,2.0,Yes,No,Not At Risk
ST09605,20,Male,IT,88.5,42.1,74.8,79.4,11.6,3.54,1.0,Yes,No,Not At Risk
ST11676,23,Female,Data Science,83.4,73.5,63.6,71.5,8.2,3.16,8.0,No,No,At Risk
ST01001,21,Female,Computer Science,80.1,79.1,67.8,51.8,10.0,3.05,4.0,Yes,Yes,Not At Risk
ST04988,18,Male,IT,71.0,72.6,66.1,40.6,6.8,3.7,5.0,Yes,Yes,Not At Risk
ST05014,25,Male,Computer Science,96.7,93.5,35.4,52.9,2.3,2.94,1.0,Yes,Yes,Not At Risk
ST06931,25,Male,Computer Science,72.2,64.2,81.1,80.0,7.1,2.64,2.0,Yes,No,Not At Risk
ST11391,25,Female,IT,88.9,83.6,76.6,77.9,3.8,2.0,3.0,Yes,No,Not At Risk
ST01737,25,Male,Software Engineering,89.7,80.9,54.8,63.5,8.9,1.5,,Yes,Yes,Not At Risk
ST08243,21,Male,Computer Science,79.7,75.4,53.3,48.1,7.3,2.83,8.0,Yes,Yes,Not At Risk
ST00522,22,Male,IT,79.9,71.5,74.0,83.1,2.6,2.52,1.0,Yes,Yes,Not At Risk
ST10512,24,Male,Data Science,100.0,84.4,35.2,75.1,9.0,2.84,1.0,Yes,No,Not At Risk
ST05637,19,Male,Software Engineering,82.9,67.7,65.1,89.9,2.7,3.6,8.0,Yes,Yes,Not At Risk
ST10279,19,Female,Computer Science,96.0,64.1,69.8,51.0,7.4,2.78,8.0,Yes,No,Not At Risk
ST01318,22,Female,Software Engineering,65.5,98.2,58.9,55.8,4.9,1.31,1.0,Yes,No,Not At Risk
ST08669,21,Female,Software Engineering,75.3,48.3,89.7,,2.6,4.0,4.0,Yes,Yes,Not At Risk
ST10515,18,Female,Computer Science,92.0,52.8,57.4,61.8,1.2,2.38,6.0,Yes,Yes,Not At Risk
ST05922,20,Male,IT,91.5,84.6,76.2,62.5,3.5,2.72,2.0,Yes,Yes,Not At Risk
ST01917,19,Female,Data Science,100.0,47.7,58.2,81.2,2.8,3.22,2.0,Yes,Yes,Not At Risk
ST04611,23,Male,Computer Science,94.2,63.6,73.3,59.3,5.7,2.78,8.0,Yes,Yes,Not At Risk
ST04636,19,Male,Data Science,77.3,73.6,85.4,41.9,2.8,3.68,7.0,Yes,No,Not At Risk
ST00714,22,Male,Data Science,62.9,66.6,65.7,63.0,3.8,2.82,3.0,Yes,No,At Risk
ST10750,21,Female,Software Engineering,87.8,74.3,64.7,50.7,10.4,1.97,2.0,Yes,No,Not At Risk
ST11761,18,Female,IT,78.8,62.9,40.6,71.0,5.0,2.67,3.0,Yes,Yes,Not At Risk
ST07661,19,Male,Computer Science,76.6,75.5,68.9,38.8,1.3,2.52,4.0,Yes,No,At Risk
ST05031,23,Male,IT,63.7,70.0,72.9,56.1,10.8,2.57,7.0,Yes,Yes,At Risk
ST06790,21,Female,Software Engineering,91.6,63.8,49.4,98.7,6.8,2.96,6.0,Yes,Yes,At Risk
ST04847,20,Male,Software Engineering,80.0,54.9,72.3,60.8,7.0,2.13,2.0,Yes,No,At Risk
ST06714,23,Female,Computer Science,64.0,77.8,63.6,50.9,7.7,2.28,3.0,Yes,No,Not At Risk
ST02233,20,Female,Computer Science,82.7,93.2,76.2,62.5,4.4,2.48,4.0,Yes,Yes,Not At Risk
ST08664,21,Female,Software Engineering,93.0,66.7,51.4,50.2,4.4,1.91,3.0,Yes,Yes,Not At Risk
ST02012,18,Male,Computer Science,65.7,70.8,40.8,77.2,9.4,3.26,8.0,Yes,No,Not At Risk
ST10936,22,Male,Computer Science,72.1,86.5,96.7,76.1,6.9,2.78,2.0,Yes,No,At Risk
ST10823,24,Male,Software Engineering,70.7,58.7,77.7,72.9,13.3,3.24,7.0,Yes,No,At Risk
ST10389,18,Female,Data Science,88.7,46.7,81.6,83.3,10.9,4.0,4.0,Yes,No,Not At Risk
ST06046,23,Male,Computer Science,91.9,83.0,58.1,53.0,4.6,2.83,3.0,Yes,No,Not At Risk
ST08231,23,Male,IT,87.9,76.9,69.0,57.3,4.0,3.08,4.0,,No,At Risk
ST03544,21,Male,IT,73.1,70.1,66.8,60.5,1.7,2.59,3.0,Yes,Yes,Not At Risk
ST04851,19,Male,IT,67.3,99.6,100.0,77.7,4.4,2.92,6.0,Yes,Yes,Not At Risk
ST01762,21,Female,Data Science,98.6,52.5,76.8,72.8,18.0,2.49,6.0,Yes,No,Not At Risk
ST04533,23,Female,IT,96.3,38.6,67.3,50.6,7.9,1.91,3.0,Yes,Yes,Not At Risk
ST03043,21,Female,Computer Science,75.9,58.1,45.0,43.9,6.7,3.1,5.0,Yes,Yes,Not At Risk
ST08681,23,Female,Software Engineering,77.6,50.6,69.1,70.5,8.6,2.91,5.0,Yes,No,Not At Risk
ST01618,24,Male,Software Engineering,89.3,77.7,44.9,62.5,6.1,2.39,6.0,Yes,Yes,Not At Risk
ST10891,18,Male,IT,85.4,69.6,75.9,,2.3,2.4,4.0,Yes,No,Not At Risk
ST07056,25,Female,IT,90.8,68.7,51.3,53.0,2.3,3.72,1.0,Yes,Yes,Not At Risk
ST01257,19,Female,Software Engineering,70.0,52.8,89.2,72.3,3.6,2.4,2.0,Yes,No,Not At Risk
ST07761,24,Male,Data Science,65.2,73.8,61.1,42.7,6.5,1.92,3.0,Yes,No,At Risk
ST08191,20,Female,Data Science,80.4,27.2,86.6,43.2,6.0,2.82,4.0,Yes,Yes,Not At Risk
ST07783,21,Female,IT,82.0,73.1,26.9,60.5,5.4,2.33,0.0,Yes,No,Not At Risk
ST06080,19,Female,Software Engineering,72.5,66.8,75.2,69.6,8.7,3.51,5.0,Yes,No,Not At Risk
ST10741,22,Female,Computer Science,88.7,82.0,53.1,19.6,7.2,2.62,5.0,Yes,No,Not At Risk
ST09071,19,Male,Data Science,66.1,81.4,42.2,76.2,4.0,2.84,4.0,Yes,No,Not At Risk
ST02984,19,Male,IT,88.0,51.3,64.0,54.7,5.6,2.8,3.0,Yes,Yes,Not At Risk
ST06242,20,Female,Computer Science,85.4,80.5,77.8,87.6,2.2,2.98,2.0,Yes,No,At Risk
ST08955,25,Male,Computer Science,94.0,94.2,60.9,72.0,7.4,3.27,4.0,Yes,No,Not At Risk
ST06114,22,Female,Data Science,77.7,51.0,80.8,32.9,6.3,2.37,2.0,No,No,At Risk
ST07357,19,Male,Computer Science,82.6,67.1,77.0,63.9,2.5,2.53,2.0,Yes,Yes,Not At Risk
ST07240,24,Female,Software Engineering,72.2,95.9,86.8,83.1,1.2,3.5,3.0,Yes,No,Not At Risk
ST00802,21,Female,Software Engineering,70.2,54.8,95.7,75.1,4.2,2.87,2.0,Yes,No,Not At Risk
ST03373,22,Male,Software Engineering,82.8,72.1,82.7,81.5,3.9,3.69,3.0,Yes,Yes,Not At Risk
ST10474,22,Female,IT,61.1,63.1,47.5,83.2,2.4,2.77,6.0,Yes,Yes,Not At Risk
ST00870,21,Male,Computer Science,82.3,62.6,75.6,53.6,7.6,0.65,5.0,Yes,Yes,Not At Risk
ST04529,18,Male,Computer Science,72.6,77.1,60.9,70.6,14.9,3.04,3.0,Yes,Yes,At Risk
ST02379,20,Male,Computer Science,71.5,70.7,80.7,61.5,9.2,2.34,2.0,Yes,No,Not At Risk
ST05273,19,Male,Software Engineering,68.3,88.2,90.0,62.1,9.6,3.9,4.0,Yes,No,Not At Risk
ST07890,21,Female,Software Engineering,78.2,60.5,55.6,62.3,17.8,2.84,2.0,Yes,Yes,Not At Risk
ST07214,19,Male,IT,76.5,73.7,83.1,56.4,5.1,2.1,1.0,Yes,No,Not At Risk
ST03439,22,Female,Computer Science,96.2,55.0,66.5,88.1,5.6,3.22,4.0,Yes,No,Not At Risk
ST04370,20,Female,Software Engineering,96.1,79.3,80.2,78.0,10.1,3.17,3.0,Yes,No,Not At Risk
ST11575,18,Male,Data Science,82.2,70.9,98.1,94.3,7.5,2.72,2.0,Yes,Yes,Not At Risk
ST00691,24,Male,Software Engineering,75.3,83.6,64.0,55.2,5.1,3.25,2.0,Yes,No,Not At Risk
ST04013,20,Female,Software Engineering,64.7,68.0,51.7,67.0,2.8,1.82,4.0,No,No,At Risk
ST00552,20,Female,Computer Science,100.0,67.7,34.0,76.4,15.7,1.17,4.0,Yes,No,Not At Risk
ST08003,25,Male,Software Engineering,82.8,73.4,51.0,40.0,5.2,2.63,3.0,Yes,No,At Risk
ST08719,25,Female,IT,82.6,55.1,49.9,79.7,2.1,2.41,0.0,Yes,Yes,Not At Risk
ST11247,19,Female,Software Engineering,72.4,100.0,71.6,74.1,13.8,3.22,5.0,Yes,No,Not At Risk
ST08082,25,Female,Software Engineering,89.3,80.6,50.8,80.2,5.2,2.49,4.0,,Yes,Not At Risk
ST03973,24,Male,,88.0,63.9,56.7,42.0,5.0,3.14,3.0,Yes,Yes,Not At Risk
ST01387,20,Male,IT,78.4,79.9,43.1,67.6,8.8,2.74,2.0,Yes,No,Not At Risk
ST11609,21,Male,Software Engineering,92.9,37.2,49.5,,6.9,2.77,1.0,Yes,No,At Risk
ST01866,21,Female,Data Science,82.4,78.1,69.1,31.0,2.3,3.42,8.0,Yes,Yes,Not At Risk
ST04020,25,Female,Data Science,85.0,58.5,53.4,62.0,2.4,2.22,2.0,Yes,No,Not At Risk
ST07323,18,Female,Data Science,64.5,50.1,60.9,50.4,8.4,3.54,2.0,,Yes,At Risk
ST11505,20,Female,Software Engineering,87.7,35.2,60.4,94.5,12.4,2.51,3.0,Yes,No,Not At Risk
ST11518,21,Male,Data Science,81.7,58.1,60.4,61.9,4.2,4.0,4.0,Yes,No,Not At Risk
ST05336,23,Female,Computer Science,75.2,62.8,52.4,67.4,9.0,2.4,6.0,Yes,No,Not At Risk
ST04231,23,Male,Computer Science,81.3,61.0,55.1,77.9,6.6,2.63,3.0,Yes,Yes,Not At Risk
ST06545,20,Female,Software Engineering,77.1,61.2,92.4,51.0,11.0,0.44,2.0,Yes,Yes,At Risk
ST00070,21,Male,,79.6,68.6,44.5,20.9,6.8,3.54,3.0,Yes,Yes,Not At Risk
ST07127,20,Male,IT,81.8,75.9,49.3,97.4,5.3,3.05,2.0,Yes,No,Not At Risk
ST09907,22,Female,Computer Science,94.8,70.4,62.1,39.4,6.0,2.43,2.0,Yes,No,Not At Risk
ST11298,24,Male,Data Science,75.8,72.8,66.9,68.6,5.9,2.09,3.0,Yes,No,Not At Risk
ST07788,19,Female,Software Engineering,98.2,76.1,50.0,62.0,2.2,3.47,3.0,Yes,No,Not At Risk
ST01319,21,Male,Software Engineering,85.8,79.1,75.2,75.9,5.2,4.0,8.0,Yes,No,Not At Risk
ST10016,23,Female,Computer Science,73.7,69.3,23.0,72.6,4.1,3.49,3.0,Yes,Yes,Not At Risk
ST07231,25,Male,Software Engineering,85.3,92.3,38.0,54.9,5.1,2.95,5.0,Yes,No,Not At Risk
ST00834,21,Male,IT,76.1,62.6,65.9,68.9,3.6,2.39,4.0,Yes,No,Not At Risk
ST03355,25,Male,Computer Science,86.4,79.9,64.6,74.0,6.3,2.98,1.0,Yes,No,Not At Risk
ST11011,23,Female,Computer Science,84.8,100.0,52.6,89.3,6.5,3.54,3.0,Yes,No,Not At Risk
ST00498,24,Female,Computer Science,81.3,54.5,65.0,74.9,14.5,3.42,6.0,Yes,Yes,Not At Risk
ST03030,22,Female,IT,82.9,59.6,64.1,80.0,3.1,2.43,2.0,Yes,Yes,Not At Risk
ST08518,21,Male,Computer Science,79.4,77.9,68.0,65.5,6.7,1.31,3.0,Yes,No,Not At Risk
ST06010,22,Male,Computer Science,72.8,86.5,63.3,97.1,8.2,1.93,3.0,Yes,Yes,Not At Risk
ST11831,20,Male,IT,65.7,56.6,63.3,30.9,5.5,3.72,1.0,Yes,Yes,At Risk
ST02657,23,Female,IT,81.8,59.0,65.3,64.2,2.2,2.39,8.0,Yes,Yes,Not At Risk
ST03041,24,Male,Computer Science,89.7,37.2,49.2,58.3,7.3,2.3,9.0,Yes,No,At Risk
ST09280,23,Female,Computer Science,80.9,46.1,80.2,53.9,7.0,3.11,,Yes,No,Not At Risk
ST04339,24,Male,Computer Science,88.9,88.2,29.1,68.0,6.3,3.17,2.0,Yes,Yes,Not At Risk
ST06210,20,Female,Software Engineering,75.7,70.0,55.0,58.2,4.1,2.37,8.0,Yes,Yes,Not At Risk
ST08484,19,Male,,90.7,41.0,55.6,75.4,5.8,3.04,5.0,Yes,No,Not At Risk
ST10973,21,Female,,75.1,74.3,69.1,57.3,1.4,2.63,2.0,No,Yes,Not At Risk
ST07379,18,Female,Computer Science,91.5,66.7,80.8,59.0,22.9,2.91,1.0,Yes,Yes,Not At Risk
ST03806,20,Male,Computer Science,88.0,65.2,59.5,67.0,3.8,2.44,2.0,Yes,Yes,Not At Risk
ST09897,23,Female,IT,69.3,84.3,68.0,47.0,3.8,3.2,8.0,Yes,Yes,Not At Risk
ST03742,18,Female,IT,66.8,77.3,46.1,52.0,10.6,2.22,7.0,Yes,Yes,Not At Risk
ST07696,23,Male,Software Engineering,75.2,43.1,80.1,62.9,3.0,2.54,2.0,Yes,No,At Risk
ST03600,20,Male,Software Engineering,90.5,65.8,50.3,61.3,7.7,1.67,3.0,Yes,No,Not At Risk
ST07491,25,Female,Computer Science,83.0,77.6,70.0,71.0,11.5,2.06,5.0,Yes,Yes,Not At Risk
ST07404,23,M,Computer Science,82.8,53.7,67.1,40.3,6.7,2.22,7.0,Yes,No,Not At Risk
ST09131,20,Male,Computer Science,99.9,56.6,54.9,64.8,2.2,1.87,3.0,Yes,No,Not At Risk
ST09901,21,Male,Computer Science,88.0,60.5,77.0,66.1,8.1,2.64,4.0,Yes,Yes,At Risk
ST06439,18,Male,Computer Science,81.1,62.4,69.2,59.1,10.9,1.58,4.0,Yes,No,Not At Risk
ST02414,21,Male,Software Engineering,97.1,45.9,64.7,56.0,4.3,3.37,3.0,Yes,No,Not At Risk
ST02041,21,Male,IT,74.5,50.4,93.7,50.5,5.1,3.56,6.0,Yes,Yes,Not At Risk
ST04398,22,Female,IT,97.2,79.2,95.9,59.6,3.1,2.83,5.0,Yes,Yes,Not At Risk
ST03704,21,Male,Data Science,70.8,81.9,42.5,44.6,2.9,4.0,3.0,Yes,No,Not At Risk
ST05545,23,Male,Computer Science,76.7,61.7,82.0,52.4,3.9,1.87,2.0,Yes,Yes,At Risk
ST05266,25,Male,Software Engineering,80.9,61.0,73.9,89.5,3.4,2.89,6.0,Yes,No,Not At Risk
ST03714,23,Female,Computer Science,87.5,76.4,74.3,54.8,4.2,2.55,3.0,Yes,Yes,At Risk
ST03668,21,Female,IT,87.0,70.7,80.1,52.1,9.2,3.06,2.0,Yes,No,Not At Risk
ST07502,23,Male,Software Engineering,100.0,79.9,34.6,66.2,2.3,3.38,3.0,Yes,No,Not At Risk
ST01658,23,Female,Computer Science,70.8,63.0,79.7,56.3,11.1,3.01,3.0,Yes,No,Not At Risk
ST07042,21,Female,Software Engineering,94.4,62.0,70.5,66.4,17.3,3.67,1.0,Yes,Yes,Not At Risk
ST07432,18,Male,Computer Science,73.9,67.7,84.9,68.2,9.3,2.52,1.0,Yes,No,Not At Risk
ST09804,18,Male,Computer Science,78.1,69.4,50.6,66.5,3.0,3.01,5.0,Yes,Yes,Not At Risk
ST01475,20,Male,IT,69.9,86.4,64.6,60.6,4.9,3.04,3.0,Yes,Yes,Not At Risk
ST03703,19,Male,Computer Science,72.0,64.7,78.8,75.8,8.8,3.2,3.0,Yes,Yes,At Risk
ST10861,23,Male,Data Science,84.5,55.2,27.6,71.9,8.3,2.1,3.0,Yes,No,Not At Risk
ST11309,25,Female,Software Engineering,85.5,54.5,66.5,61.0,11.5,3.67,4.0,Yes,No,Not At Risk
ST02959,19,Female,Software Engineering,74.5,78.4,64.1,58.0,10.8,3.34,2.0,Yes,No,Not At Risk
ST11954,25,Female,Software Engineering,66.7,55.2,56.8,54.9,1.8,2.76,6.0,Yes,No,Not At Risk
ST02147,19,Male,Software Engineering,86.4,73.1,83.3,54.3,6.0,3.67,4.0,Yes,Yes,Not At Risk
ST11114,20,Male,Software Engineering,80.0,77.9,77.1,51.4,3.1,2.94,5.0,Yes,No,Not At Risk
ST06598,19,Female,Software Engineering,72.3,84.1,79.1,51.1,13.9,2.04,5.0,Yes,No,Not At Risk
ST06982,22,Male,Computer Science,73.0,68.0,60.0,,6.0,3.92,3.0,Yes,No,Not At Risk
ST07993,22,Female,Software Engineering,78.3,91.6,55.5,69.1,4.8,3.0,4.0,Yes,No,Not At Risk
ST11492,23,Male,Software Engineering,75.4,54.1,60.1,65.5,3.2,2.98,4.0,Yes,No,Not At Risk
ST11508,25,Male,Software Engineering,83.4,72.0,68.5,100.0,2.4,3.8,5.0,Yes,No,Not At Risk
ST02653,24,Female,Data Science,87.8,70.8,71.7,86.1,5.7,3.56,5.0,Yes,Yes,Not At Risk
ST04625,18,Female,IT,94.7,76.8,68.0,70.2,10.1,1.69,2.0,Yes,No,Not At Risk
ST10377,24,Male,,78.5,84.5,71.5,89.9,12.8,2.97,3.0,Yes,No,Not At Risk
ST09464,22,Female,Computer Science,71.5,78.0,31.9,36.2,9.7,1.26,2.0,Yes,Yes,Not At Risk
ST04237,19,Male,IT,77.2,92.1,60.9,32.9,6.8,2.34,5.0,Yes,Yes,Not At Risk
ST04953,20,Male,Data Science,85.1,90.2,60.5,62.9,6.1,3.38,5.0,Yes,No,Not At Risk
ST10516,20,Male,Computer Science,94.8,61.4,77.2,52.3,4.6,3.66,4.0,Yes,No,Not At Risk
ST03707,24,Female,IT,65.4,59.1,69.4,72.1,4.0,3.24,3.0,Yes,No,Not At Risk
ST03968,23,Male,Software Engineering,86.3,76.9,66.9,74.2,7.5,1.84,9.0,Yes,No,Not At Risk
ST01517,20,Male,Data Science,93.2,45.4,37.9,77.4,4.3,2.64,2.0,Yes,Yes,At Risk
ST07745,23,Female,Data Science,78.9,61.1,49.1,78.1,2.8,3.05,2.0,Yes,No,At Risk
ST10329,22,Female,IT,87.3,82.9,78.0,69.5,6.2,1.97,5.0,Yes,Yes,Not At Risk
ST06780,20,Female,Computer Science,76.3,71.8,33.4,78.2,2.3,3.09,3.0,Yes,Yes,Not At Risk
ST10766,25,Female,IT,70.5,57.5,79.4,68.0,13.9,3.06,3.0,Yes,Yes,Not At Risk
ST03033,18,Male,IT,92.3,79.9,100.0,54.3,3.9,3.37,3.0,Yes,Yes,Not At Risk
ST05111,20,Female,IT,82.4,92.8,76.2,78.1,9.1,2.47,3.0,Yes,No,Not At Risk
ST07768,21,Male,Software Engineering,73.3,66.9,100.0,51.4,13.8,1.84,1.0,Yes,No,Not At Risk
ST01583,22,Male,Data Science,90.2,61.3,79.7,43.8,9.9,2.66,2.0,Yes,No,Not At Risk
ST03391,18,Male,Computer Science,91.9,85.4,70.1,56.4,2.7,2.46,4.0,Yes,No,Not At Risk
ST10997,21,Male,Computer Science,75.9,65.4,41.9,74.6,2.1,2.6,4.0,Yes,Yes,At Risk
ST00754,21,Male,Data Science,80.9,63.4,69.3,50.3,3.9,2.19,2.0,Yes,No,At Risk
ST10917,19,Female,Data Science,77.7,77.6,52.0,79.4,6.3,4.0,3.0,Yes,No,Not At Risk
ST02952,19,Female,Computer Science,100.0,60.1,62.7,62.4,1.1,2.23,2.0,Yes,Yes,Not At Risk
ST05581,22,Female,IT,100.0,79.3,51.4,25.2,8.6,1.94,5.0,Yes,Yes,Not At Risk
ST00324,21,Female,Data Science,72.2,84.3,72.6,56.7,2.4,3.17,,Yes,Yes,At Risk
ST03593,24,Female,Software Engineering,73.6,88.6,79.5,61.6,3.8,3.18,4.0,Yes,No,Not At Risk
ST00567,25,Male,Computer Science,79.3,77.0,77.1,75.2,7.9,2.25,5.0,Yes,Yes,Not At Risk
ST05923,21,Male,Data Science,90.2,83.9,62.2,72.9,7.8,2.96,3.0,Yes,Yes,Not At Risk
ST05944,24,Female,Software Engineering,91.6,40.5,48.7,62.2,3.6,4.0,6.0,Yes,No,Not At Risk
ST00690,23,Male,Data Science,50.4,78.0,83.0,47.9,1.2,2.83,2.0,Yes,Yes,Not At Risk
ST02759,19,Female,Software Engineering,76.6,72.9,76.7,76.3,6.3,2.31,4.0,Yes,Yes,At Risk
ST05487,21,Male,Data Science,95.7,63.7,71.2,68.3,2.1,4.0,5.0,Yes,Yes,Not At Risk
ST06522,25,Female,Computer Science,92.7,67.8,74.2,71.6,2.4,3.16,4.0,Yes,No,Not At Risk
ST00406,22,Female,Computer Science,91.4,76.1,79.4,20.9,5.5,2.81,2.0,Yes,No,Not At Risk
ST01927,18,Female,Data Science,93.4,42.1,54.6,33.3,5.8,3.51,2.0,Yes,Yes,Not At Risk
ST03805,23,Male,Data Science,89.7,51.6,46.7,52.2,4.1,2.58,5.0,Yes,No,Not At Risk
ST00440,25,Male,Computer Science,91.9,72.2,77.8,70.8,6.8,2.78,7.0,Yes,No,Not At Risk
ST07610,19,Female,IT,97.8,66.2,77.5,40.6,4.3,2.95,5.0,Yes,No,Not At Risk
ST08785,21,Female,Data Science,84.5,58.6,48.1,80.0,1.5,3.65,5.0,Yes,No,Not At Risk
ST04896,22,Male,Software Engineering,83.2,73.3,59.8,63.5,3.5,1.64,5.0,Yes,No,Not At Risk
ST03661,25,Female,Computer Science,84.5,71.2,87.5,56.0,4.1,2.26,3.0,Yes,Yes,Not At Risk
ST10034,25,Female,Computer Science,70.3,67.7,61.6,80.8,5.7,3.41,5.0,Yes,Yes,Not At Risk
ST07959,21,Female,Software Engineering,76.7,79.1,79.3,52.9,3.4,2.62,4.0,Yes,No,Not At Risk
ST11162,25,Female,Computer Science,87.7,71.3,47.3,62.4,6.4,2.78,4.0,Yes,Yes,Not At Risk
ST10950,25,Female,IT,75.4,56.1,49.2,69.8,9.2,1.89,7.0,Yes,Yes,Not At Risk
ST07813,20,Male,Software Engineering,100.0,72.2,59.9,80.1,9.3,3.6,2.0,Yes,No,Not At Risk
ST01855,20,Female,Computer Science,95.7,52.5,64.8,80.3,0.3,3.36,10.0,Yes,No,Not At Risk
ST07224,18,Male,,73.0,100.0,71.5,68.8,1.8,2.02,7.0,Yes,Yes,Not At Risk
ST10437,21,Female,Software Engineering,86.9,40.2,83.0,31.2,3.1,2.05,2.0,Yes,Yes,At Risk
ST07549,23,Female,Computer Science,78.2,85.9,75.2,72.9,5.9,3.81,8.0,Yes,No,Not At Risk
ST10028,20,Male,IT,71.1,75.8,75.5,43.2,6.0,2.68,3.0,No,Yes,At Risk
ST06564,24,Male,,100.0,76.0,88.9,79.3,5.5,2.65,3.0,Yes,Yes,Not At Risk
ST03968,23,Male,Software Engineering,86.3,76.9,66.9,74.2,7.5,1.84,9.0,Yes,No,Not At Risk
ST07205,23,Male,Software Engineering,64.6,65.5,61.1,67.4,2.7,2.4,5.0,Yes,No,At Risk
ST06254,24,Male,IT,66.8,100.0,56.5,49.9,8.5,2.69,4.0,Yes,Yes,Not At Risk
ST04664,20,Female,Software Engineering,69.8,52.5,48.2,66.8,3.2,2.05,6.0,Yes,No,Not At Risk
ST11010,22,Female,Data Science,79.0,75.5,62.9,27.4,8.5,2.58,6.0,Yes,No,Not At Risk
ST03107,24,Male,IT,85.9,55.6,67.3,35.5,5.4,3.81,4.0,Yes,Yes,Not At Risk
ST09752,21,Female,Computer Science,99.3,67.1,45.8,39.7,5.2,2.97,5.0,Yes,No,Not At Risk
ST07249,25,Male,Computer Science,52.0,60.4,63.2,67.3,3.3,2.69,7.0,Yes,No,At Risk
ST02712,19,Male,Data Science,85.1,74.7,66.8,56.4,7.5,2.24,6.0,Yes,No,Not At Risk
ST01915,20,Female,IT,90.3,47.8,43.5,43.4,9.2,3.32,1.0,Yes,No,Not At Risk
ST05891,21,Male,Software Engineering,96.9,66.7,40.1,42.5,2.9,1.16,5.0,Yes,Yes,Not At Risk
ST02440,21,Male,IT,93.7,56.3,79.5,78.5,4.3,2.64,3.0,Yes,No,Not At Risk
ST08757,19,Female,Computer Science,60.4,80.2,46.5,90.0,3.1,1.98,9.0,Yes,No,At Risk
ST09625,22,Male,Computer Science,74.8,80.8,66.7,57.4,5.6,3.38,1.0,Yes,No,Not At Risk
ST00869,20,Male,Data Science,86.4,69.5,68.7,58.8,7.3,3.27,3.0,Yes,No,Not At Risk
ST00362,20,Male,IT,93.3,43.6,54.3,57.5,4.8,3.09,3.0,,No,At Risk
ST11902,18,Female,Software Engineering,93.3,62.6,48.2,62.8,3.0,2.33,5.0,Yes,No,Not At Risk
ST04608,21,Male,Data Science,90.9,68.6,64.3,63.7,2.5,2.74,4.0,Yes,Yes,Not At Risk
ST01713,21,Male,Computer Science,82.8,96.4,66.0,61.3,6.3,2.69,5.0,Yes,No,Not At Risk
ST10265,22,Female,Computer Science,84.4,52.8,56.1,74.9,6.3,4.0,2.0,Yes,Yes,Not At Risk
ST06660,25,Male,Software Engineering,61.5,72.3,75.9,53.4,8.9,3.3,8.0,Yes,No,Not At Risk
ST03969,21,Female,Computer Science,90.3,29.0,60.5,52.5,3.6,3.9,3.0,Yes,No,At Risk
ST00865,24,Male,Data Science,100.0,54.5,50.6,40.4,4.1,3.6,3.0,Yes,No,Not At Risk
ST07002,23,Female,Data Science,71.1,59.9,100.0,54.2,5.1,2.12,2.0,Yes,No,Not At Risk
ST01467,19,Female,Software Engineering,85.5,74.3,39.9,60.2,3.4,3.63,7.0,Yes,No,Not At Risk
ST04555,25,Female,Computer Science,94.1,52.3,81.2,26.3,7.2,2.47,3.0,Yes,Yes,At Risk
ST04926,24,Male,IT,95.9,55.7,72.9,46.1,7.3,1.87,5.0,Yes,No,Not At Risk
ST00482,23,Male,Computer Science,73.4,50.9,79.8,83.1,9.4,2.71,2.0,Yes,No,Not At Risk
ST10141,22,Male,IT,92.2,54.9,49.6,63.4,2.7,2.5,5.0,Yes,Yes,Not At Risk
ST05017,21,Male,IT,100.0,73.4,54.6,62.6,7.2,3.2,2.0,Yes,Yes,Not At Risk
ST08176,23,Male,Computer Science,91.7,82.7,71.1,56.8,7.5,3.64,4.0,Yes,No,Not At Risk
ST08600,19,Male,Computer Science,89.5,51.9,61.0,61.5,5.5,2.99,,No,No,Not At Risk
ST08566,24,Female,Software Engineering,71.6,65.4,65.3,26.4,3.0,3.57,3.0,Yes,Yes,At Risk
ST00199,18,Female,Data Science,82.1,64.4,64.8,84.7,2.5,3.87,2.0,Yes,No,Not At Risk
ST09177,25,Female,IT,80.3,68.0,72.4,72.0,3.8,3.11,3.0,No,No,Not At Risk
ST07098,25,Male,Data Science,67.1,75.4,91.6,66.2,6.9,2.79,4.0,Yes,Yes,Not At Risk
ST04600,18,Male,IT,85.9,61.6,77.3,49.7,2.4,3.28,7.0,Yes,No,Not At Risk
ST06165,20,Female,Computer Science,97.0,66.2,64.7,57.7,5.5,3.12,2.0,Yes,No,Not At Risk
ST08442,25,Female,IT,94.7,65.5,77.5,65.2,2.0,1.84,5.0,Yes,No,Not At Risk
ST10709,21,Female,IT,100.0,64.7,92.6,80.5,4.7,2.85,0.0,Yes,No,Not At Risk
ST10092,25,Female,Computer Science,76.2,78.3,47.5,69.0,8.3,2.3,7.0,No,No,Not At Risk
ST10667,19,Female,Software Engineering,85.0,59.9,38.5,45.1,13.3,2.92,4.0,Yes,No,Not At Risk
ST11787,21,Male,Data Science,89.5,45.5,89.9,88.4,5.2,2.76,5.0,Yes,No,Not At Risk
ST07802,25,Male,Software Engineering,96.2,67.0,42.4,34.7,7.0,2.26,7.0,Yes,No,Not At Risk
ST08985,22,Female,Software Engineering,51.6,31.7,53.6,64.4,2.2,3.71,4.0,Yes,No,At Risk
ST11865,18,Male,Computer Science,79.0,52.5,56.6,33.0,4.4,3.22,3.0,Yes,No,At Risk
ST09424,24,Male,Data Science,60.6,76.1,83.5,54.1,11.4,2.88,4.0,Yes,No,Not At Risk
ST02796,21,Female,Software Engineering,95.3,73.1,55.4,87.7,5.0,2.9,5.0,Yes,Yes,Not At Risk
ST01264,23,Male,Computer Science,77.1,24.6,73.9,66.2,5.5,3.15,3.0,Yes,No,Not At Risk
ST06446,23,Female,Computer Science,86.0,56.2,84.5,70.3,2.5,3.11,5.0,Yes,Yes,Not At Risk
ST05271,21,Female,IT,92.9,61.1,80.3,51.8,1.4,4.0,2.0,Yes,No,Not At Risk
ST07479,19,Female,Computer Science,91.5,100.0,63.7,100.0,7.8,3.06,5.0,Yes,No,Not At Risk
ST02547,21,Male,Data Science,81.4,36.8,73.9,53.0,9.6,2.73,4.0,No,Yes,At Risk
ST02770,20,Female,IT,94.2,69.3,39.4,52.5,3.0,1.75,3.0,Yes,Yes,Not At Risk
ST08257,23,Male,IT,84.9,77.0,100.0,49.5,3.5,3.39,10.0,No,Yes,Not At Risk
ST06798,20,Female,Software Engineering,77.9,71.6,76.5,62.3,6.2,2.53,3.0,Yes,No,Not At Risk
ST08466,20,Female,IT,99.1,61.5,46.4,73.1,7.3,3.03,5.0,Yes,No,Not At Risk
ST07068,24,Male,Software Engineering,84.0,84.2,56.4,32.1,3.7,2.9,2.0,Yes,Yes,Not At Risk
ST03563,18,Male,Computer Science,85.5,75.2,79.6,64.1,9.2,3.8,3.0,,No,At Risk
ST03289,18,Female,Computer Science,78.0,79.7,70.1,43.7,4.1,2.75,3.0,Yes,No,At Risk
ST01856,21,Female,Software Engineering,81.8,88.5,75.5,62.7,4.3,2.78,2.0,Yes,Yes,Not At Risk
ST02304,19,Male,Software Engineering,98.5,62.6,75.7,74.9,1.3,3.23,4.0,Yes,No,At Risk
ST07631,22,Female,Computer Science,80.7,73.0,75.9,70.8,8.8,1.52,6.0,Yes,No,Not At Risk
ST00864,20,Male,Data Science,68.1,88.9,83.5,41.0,19.8,2.07,7.0,Yes,Yes,Not At Risk
ST03481,23,Male,Software Engineering,85.9,35.7,55.9,65.6,4.7,1.97,3.0,Yes,Yes,Not At Risk
ST04269,21,Male,Data Science,71.7,77.4,59.9,63.8,2.0,1.33,3.0,Yes,Yes,Not At Risk
ST10814,25,Male,Computer Science,86.8,65.8,49.9,67.0,5.3,2.07,5.0,Yes,Yes,At Risk
ST02707,22,Female,Computer Science,72.6,25.3,44.1,46.2,4.1,4.0,8.0,Yes,No,At Risk
ST10700,21,Male,Computer Science,94.3,68.8,56.0,57.5,10.9,2.55,7.0,Yes,Yes,Not At Risk
ST05613,20,Male,Software Engineering,76.0,65.8,52.2,64.3,4.0,2.41,5.0,Yes,No,Not At Risk
ST11445,21,Female,IT,94.8,69.1,62.0,75.0,13.3,2.96,2.0,Yes,No,Not At Risk
ST00469,18,Female,Data Science,69.6,67.1,86.4,40.9,3.3,3.43,6.0,No,No,Not At Risk
ST07174,23,Male,Software Engineering,66.5,66.2,77.1,74.1,2.9,2.68,4.0,Yes,No,Not At Risk
ST01178,23,Male,Software Engineering,62.0,70.2,62.5,57.6,7.1,2.29,4.0,Yes,Yes,At Risk
ST04078,19,Male,Computer Science,77.2,74.2,64.4,72.3,7.1,2.27,5.0,Yes,Yes,At Risk
ST00942,18,Male,Computer Science,94.5,75.1,72.6,74.7,3.9,3.7,6.0,Yes,Yes,Not At Risk
ST11451,22,Female,Computer Science,69.8,84.0,63.0,73.2,4.7,3.58,3.0,Yes,No,Not At Risk
ST07655,24,Male,IT,76.2,81.0,56.9,61.8,4.7,3.18,8.0,Yes,Yes,Not At Risk
ST02401,23,Male,Computer Science,81.2,76.2,80.1,32.8,6.6,1.92,3.0,Yes,Yes,At Risk
ST05911,22,Male,IT,95.9,31.6,54.6,,6.3,2.37,3.0,Yes,No,Not At Risk
ST01280,22,Female,Computer Science,71.5,88.9,100.0,62.2,7.0,2.34,4.0,Yes,Yes,Not At Risk
ST05557,21,Male,IT,72.0,53.1,84.7,86.7,3.4,3.59,8.0,Yes,No,Not At Risk
ST04096,19,Male,Data Science,79.5,93.5,72.5,66.6,4.0,3.41,2.0,Yes,No,Not At Risk
ST01731,24,Female,Computer Science,66.7,57.8,61.6,57.5,7.0,2.15,5.0,Yes,No,At Risk
ST07686,18,Female,Data Science,74.5,88.5,79.7,60.6,6.2,3.39,3.0,Yes,No,Not At Risk
ST08028,24,Female,IT,79.7,56.0,79.9,58.6,8.4,2.69,7.0,Yes,No,Not At Risk
ST02100,19,Male,Data Science,88.7,82.6,91.8,65.5,6.8,2.43,9.0,Yes,No,Not At Risk
ST07099,25,Male,Software Engineering,100.0,65.0,61.7,60.3,5.4,1.48,9.0,Yes,Yes,Not At Risk
ST01398,25,Female,Software Engineering,76.9,62.5,68.9,79.8,4.6,2.85,5.0,Yes,No,Not At Risk
ST07828,23,Female,Computer Science,76.6,57.9,85.1,80.6,12.4,3.13,4.0,Yes,Yes,Not At Risk
ST08428,21,Female,Computer Science,83.7,98.8,52.4,81.3,10.3,2.85,4.0,Yes,Yes,Not At Risk
ST07925,23,Female,Software Engineering,83.6,56.5,44.7,63.2,6.6,2.16,3.0,Yes,Yes,Not At Risk
ST10378,21,Female,IT,67.0,60.3,68.1,61.7,6.1,4.0,,Yes,No,Not At Risk
ST03360,25,Female,IT,96.9,55.2,63.9,74.3,2.5,3.8,6.0,Yes,Yes,Not At Risk
ST02716,18,Female,Software Engineering,90.7,66.1,69.0,62.3,2.7,2.6,5.0,Yes,No,Not At Risk
ST04525,22,Female,Data Science,75.8,53.1,78.8,94.7,3.4,2.9,1.0,Yes,No,Not At Risk
ST08917,19,Female,Software Engineering,66.2,59.0,61.2,64.3,4.3,2.11,10.0,Yes,No,At Risk
ST01787,25,Female,Software Engineering,76.1,48.8,82.2,98.4,9.1,2.66,6.0,Yes,Yes,Not At Risk
ST04847,20,Male,Software Engineering,80.0,54.9,72.3,60.8,7.0,2.13,2.0,Yes,No,At Risk
ST00967,18,Female,Software Engineering,72.2,65.5,84.1,68.2,5.2,3.12,4.0,Yes,No,At Risk
ST04718,24,Male,Computer Science,87.9,43.2,64.8,71.3,3.9,3.92,4.0,Yes,No,Not At Risk
ST04273,25,Male,Data Science,71.3,47.2,62.6,98.5,1.1,2.47,5.0,No,No,Not At Risk
ST07340,23,Male,IT,94.0,80.0,74.2,76.2,4.1,3.79,2.0,Yes,No,Not At Risk
ST08782,25,Female,IT,67.3,72.6,85.8,84.0,4.9,1.19,1.0,Yes,Yes,Not At Risk
ST05948,19,Male,IT,64.9,62.0,46.2,39.0,1.4,2.75,2.0,Yes,Yes,Not At Risk
ST00792,25,Female,Software Engineering,79.1,79.5,75.9,94.6,4.9,1.11,4.0,Yes,Yes,Not At Risk
ST07356,18,female,Data Science,79.8,77.5,92.8,100.0,5.8,2.9,5.0,Yes,Yes,Not At Risk
ST09001,19,Male,Computer Science,93.8,66.9,52.4,59.5,5.7,2.62,0.0,Yes,No,Not At Risk
ST00760,24,Male,Computer Science,75.6,100.0,42.7,60.3,6.5,1.98,4.0,Yes,No,Not At Risk
ST06711,22,Male,Computer Science,100.0,73.8,72.7,68.9,5.4,2.69,5.0,Yes,No,Not At Risk
ST07952,24,Male,Computer Science,78.6,43.2,59.8,100.0,6.6,3.53,5.0,Yes,No,Not At Risk
ST06479,23,Female,IT,100.0,54.9,59.1,45.4,4.5,2.74,7.0,Yes,No,At Risk
ST04734,25,Male,Computer Science,81.3,57.3,60.7,32.0,9.3,3.49,2.0,Yes,Yes,At Risk
ST08595,25,Female,Data Science,68.5,78.5,76.0,74.2,2.0,3.93,2.0,Yes,No,Not At Risk
ST09943,21,Male,Software Engineering,94.0,61.6,76.2,70.6,3.7,3.91,2.0,Yes,No,Not At Risk
ST10540,25,Female,Computer Science,80.0,88.2,91.2,71.7,10.2,3.57,4.0,Yes,Yes,Not At Risk
ST04968,25,Male,IT,66.2,81.7,48.7,94.0,4.3,2.66,3.0,Yes,Yes,Not At Risk
ST05849,18,Female,Software Engineering,84.5,78.3,60.5,46.7,9.0,2.22,4.0,Yes,No,At Risk
ST00694,25,Male,Software Engineering,87.2,68.2,48.5,57.2,3.5,1.51,7.0,Yes,No,Not At Risk
ST02244,22,Male,IT,71.8,44.5,89.4,64.1,8.5,1.77,6.0,Yes,No,Not At Risk
ST09586,21,Male,Computer Science,93.0,79.9,83.2,64.2,6.9,2.62,3.0,Yes,No,Not At Risk
ST04396,22,Female,Computer Science,79.5,68.7,44.9,75.9,6.0,2.73,3.0,Yes,Yes,At Risk
ST08831,23,Female,Computer Science,94.9,74.1,37.0,,5.7,2.32,5.0,Yes,Yes,Not At Risk
ST04769,23,Female,Software Engineering,84.3,66.8,51.8,,2.7,2.73,5.0,Yes,No,Not At Risk
ST02804,25,Female,Software Engineering,79.9,69.8,64.2,58.5,8.4,2.9,1.0,Yes,Yes,Not At Risk
ST05415,20,Female,Computer Science,100.0,52.9,74.4,90.1,5.0,3.49,4.0,Yes,Yes,Not At Risk
ST03254,19,Male,Computer Science,100.0,88.9,55.2,68.5,9.4,2.97,3.0,Yes,No,Not At Risk
ST03095,19,Male,IT,87.9,64.2,56.9,44.3,6.9,3.37,7.0,Yes,Yes,Not At Risk
ST09763,25,Female,IT,65.2,70.9,72.7,80.9,3.7,2.72,6.0,Yes,Yes,Not At Risk
ST05094,19,Male,Data Science,65.0,80.7,79.5,39.2,13.6,4.0,4.0,Yes,No,Not At Risk
ST01576,25,Male,Software Engineering,80.9,73.5,82.5,90.9,2.5,1.88,5.0,Yes,No,Not At Risk
ST02354,22,Male,Data Science,92.9,84.6,71.8,47.5,1.8,3.24,8.0,Yes,No,Not At Risk
ST07257,19,Female,IT,94.9,63.1,48.7,87.3,5.8,2.42,3.0,Yes,Yes,Not At Risk
ST04931,25,Female,Computer Science,67.6,67.4,67.5,78.8,5.4,1.71,4.0,Yes,No,Not At Risk
ST03830,23,Female,Computer Science,71.5,70.8,56.9,60.1,5.9,3.42,5.0,Yes,Yes,Not At Risk
ST05562,19,Male,Data Science,65.5,83.8,74.6,44.4,3.5,3.08,5.0,Yes,No,At Risk
ST11421,18,Female,Computer Science,84.3,76.7,61.0,59.9,4.2,3.9,5.0,Yes,Yes,Not At Risk
ST02506,24,Male,Computer Science,100.0,58.9,53.0,66.7,3.2,3.39,5.0,Yes,No,Not At Risk
ST02800,18,Female,IT,85.3,74.7,64.3,37.5,9.4,2.18,4.0,Yes,Yes,Not At Risk
ST02862,18,Male,Data Science,78.7,100.0,87.2,85.2,7.4,2.52,4.0,Yes,No,Not At Risk
ST00530,18,Female,Data Science,76.8,53.4,46.1,66.3,5.2,2.65,4.0,Yes,No,Not At Risk
ST11560,22,Male,IT,69.8,74.6,68.4,74.4,7.6,2.91,8.0,Yes,Yes,Not At Risk
ST04380,22,Male,Computer Science,83.0,72.4,82.1,71.0,11.5,1.65,8.0,Yes,Yes,Not At Risk
ST07273,21,Male,IT,67.9,84.0,67.1,54.4,3.9,2.54,5.0,No,Yes,Not At Risk
ST04216,25,Female,Data Science,76.3,36.8,35.1,53.6,1.3,3.08,2.0,Yes,Yes,Not At Risk
ST03897,18,Male,Data Science,100.0,51.7,59.4,51.5,5.2,2.35,4.0,Yes,No,Not At Risk
ST01964,19,Male,IT,66.0,66.1,45.0,79.0,13.7,2.85,6.0,Yes,Yes,At Risk
ST01289,25,Male,IT,76.5,62.8,56.3,79.7,13.3,2.45,4.0,Yes,Yes,Not At Risk
ST04747,25,Female,Software Engineering,90.0,69.3,69.6,47.7,8.0,3.13,1.0,Yes,Yes,Not At Risk
ST03079,20,Male,IT,96.4,52.5,81.6,51.2,9.5,3.12,2.0,Yes,No,At Risk
ST00982,20,Female,Data Science,70.7,88.3,48.9,59.1,7.0,2.72,4.0,No,No,Not At Risk
ST02295,21,Male,IT,77.7,64.4,47.3,73.9,5.6,3.41,1.0,Yes,Yes,Not At Risk
ST09158,21,Male,IT,66.3,62.4,57.1,55.2,7.3,2.72,4.0,No,No,Not At Risk
ST04679,22,Male,,76.7,86.6,21.8,32.7,1.8,2.52,2.0,Yes,Yes,Not At Risk
ST04462,21,Female,Software Engineering,65.0,88.3,73.2,7.3,1.9,3.41,2.0,Yes,No,At Risk
ST05026,19,Male,Software Engineering,80.1,57.4,65.4,93.9,4.3,1.97,3.0,Yes,Yes,Not At Risk
ST00935,25,Female,Computer Science,69.1,48.0,85.5,64.4,11.9,2.93,7.0,Yes,No,Not At Risk
ST10337,23,Female,Computer Science,67.2,76.7,41.7,69.2,3.5,3.15,4.0,Yes,Yes,Not At Risk
ST05606,23,Female,Computer Science,62.5,72.3,76.4,72.3,12.4,1.44,8.0,Yes,Yes,Not At Risk
ST00955,22,Female,Data Science,99.4,51.9,65.4,55.5,3.9,2.07,3.0,No,No,Not At Risk
ST05818,23,Female,Software Engineering,75.6,76.1,31.7,68.1,6.4,3.48,1.0,Yes,No,At Risk
ST05755,25,Male,Computer Science,85.2,53.0,77.7,51.5,3.0,4.0,5.0,Yes,No,Not At Risk
ST06647,22,Male,Computer Science,81.6,65.9,81.9,69.5,12.3,2.23,2.0,Yes,Yes,Not At Risk
ST04766,23,Male,IT,86.9,50.2,75.7,51.0,2.4,3.04,8.0,Yes,Yes,Not At Risk
ST09033,20,Female,Software Engineering,86.3,96.4,44.3,75.8,2.1,1.59,7.0,,No,Not At Risk
ST06098,19,Male,Computer Science,65.1,30.3,70.3,66.9,4.7,3.79,6.0,Yes,Yes,Not At Risk
ST00633,22,Female,IT,88.3,65.4,76.1,47.1,5.6,2.81,8.0,Yes,Yes,Not At Risk
ST11548,20,Female,Computer Science,91.8,78.0,60.3,40.1,5.3,3.06,5.0,Yes,Yes,Not At Risk
ST07921,23,Male,IT,75.4,68.2,51.9,52.1,3.4,2.54,4.0,Yes,Yes,Not At Risk
ST05001,20,Female,Data Science,81.0,54.4,59.6,86.7,10.3,1.5,4.0,Yes,No,Not At Risk
ST07326,23,Male,Data Science,74.6,61.1,61.3,83.9,8.7,2.23,3.0,Yes,No,Not At Risk
ST04895,18,female,IT,81.7,54.5,97.2,70.9,14.1,2.85,4.0,Yes,Yes,Not At Risk
ST05093,24,Male,Software Engineering,89.6,72.8,27.5,82.4,2.6,2.62,7.0,Yes,Yes,Not At Risk
ST05359,18,Male,IT,89.7,81.1,80.2,85.5,4.1,2.14,5.0,Yes,No,Not At Risk
ST11909,20,Female,IT,97.3,53.5,63.3,46.5,11.3,3.23,4.0,Yes,Yes,Not At Risk
ST00570,19,Female,IT,97.9,88.2,90.6,35.3,1.9,4.0,2.0,Yes,Yes,Not At Risk
ST08550,20,Female,IT,97.4,69.9,75.0,59.9,5.3,2.84,4.0,Yes,No,Not At Risk
ST09227,19,Female,,78.8,49.7,54.5,82.4,3.5,3.47,,Yes,No,Not At Risk
ST06023,22,Female,IT,50.7,57.9,54.8,52.2,6.8,3.47,1.0,Yes,Yes,At Risk
ST01430,21,Male,Computer Science,88.6,64.1,51.4,50.1,8.0,2.76,4.0,Yes,No,At Risk
ST04503,25,Male,IT,72.0,76.0,53.9,69.6,12.2,2.2,3.0,Yes,Yes,Not At Risk
ST06288,18,Female,IT,76.9,41.5,63.5,60.7,4.7,3.01,5.0,Yes,No,At Risk
ST01515,22,Male,Data Science,55.8,59.3,47.3,54.0,4.7,2.25,8.0,Yes,Yes,Not At Risk
ST09646,25,Male,Computer Science,67.4,70.0,64.7,86.5,6.5,1.97,3.0,Yes,Yes,Not At Risk
ST03021,19,Male,Data Science,76.7,67.9,49.4,61.5,6.3,3.1,1.0,Yes,Yes,Not At Risk
ST09702,21,Male,Computer Science,87.0,92.0,58.7,62.1,4.4,3.44,3.0,Yes,Yes,Not At Risk
ST02049,20,Male,Computer Science,63.1,38.8,70.7,42.6,3.4,2.18,8.0,Yes,No,At Risk
ST00214,23,Male,Computer Science,93.5,92.0,92.4,51.9,6.1,2.76,5.0,Yes,Yes,Not At Risk
ST01201,18,Female,Computer Science,88.3,79.8,65.7,81.2,5.6,2.73,9.0,Yes,Yes,Not At Risk
ST08143,24,Male,Data Science,94.9,61.4,37.4,38.5,1.0,2.49,2.0,Yes,Yes,Not At Risk
ST10323,24,Male,Computer Science,72.0,92.0,72.3,79.3,7.3,2.55,4.0,No,Yes,Not At Risk
ST07819,21,Female,Computer Science,87.5,81.3,62.3,60.4,1.6,3.06,5.0,Yes,Yes,Not At Risk
ST11685,22,Female,Software Engineering,100.0,75.8,49.9,26.1,3.1,1.73,7.0,No,Yes,Not At Risk
ST05885,18,Female,Software Engineering,75.0,68.0,66.6,54.8,3.3,4.0,2.0,Yes,Yes,Not At Risk
ST02479,25,Male,IT,91.6,59.2,67.7,60.3,5.2,3.2,3.0,Yes,No,Not At Risk
ST03950,21,Female,IT,78.4,64.4,46.9,65.8,1.5,2.49,4.0,Yes,Yes,Not At Risk
ST05913,23,Male,IT,64.7,51.3,42.7,60.6,4.0,2.75,6.0,Yes,Yes,Not At Risk
ST11402,25,Male,Software Engineering,87.8,52.5,47.7,66.1,1.0,2.79,2.0,No,No,Not At Risk
ST08731,19,Male,IT,100.0,70.9,75.9,86.5,4.4,2.93,7.0,Yes,No,Not At Risk
ST05475,25,Female,Computer Science,83.2,56.8,73.9,62.9,3.8,3.43,6.0,Yes,Yes,At Risk
ST08347,23,Male,Software Engineering,64.6,100.0,72.4,47.5,4.7,3.27,4.0,No,No,At Risk
ST06757,24,Male,Computer Science,86.6,70.8,61.6,43.8,4.9,2.74,3.0,Yes,Yes,Not At Risk
ST04164,18,Female,Data Science,66.3,80.2,74.1,51.3,5.1,3.85,4.0,Yes,No,Not At Risk
ST06967,22,Female,IT,88.3,65.2,33.6,70.4,7.5,2.74,4.0,Yes,No,Not At Risk
ST00172,20,Female,Computer Science,73.1,55.8,78.2,41.6,4.4,3.3,4.0,Yes,Yes,Not At Risk
ST08744,21,Female,Software Engineering,96.0,42.0,64.0,59.5,5.4,4.0,2.0,Yes,Yes,Not At Risk
ST06833,25,Male,Computer Science,69.3,79.6,54.1,64.4,2.1,2.83,3.0,Yes,No,Not At Risk
ST04812,22,Male,Data Science,72.1,68.9,77.5,74.9,9.4,3.46,3.0,Yes,Yes,Not At Risk
ST06282,19,Male,Software Engineering,75.3,85.1,49.8,97.8,5.2,1.67,4.0,Yes,Yes,Not At Risk
ST01400,21,Female,Computer Science,91.6,75.5,43.6,71.9,4.0,2.45,8.0,Yes,Yes,Not At Risk
ST05769,24,Female,Software Engineering,82.2,89.0,73.9,60.2,7.9,3.26,5.0,Yes,No,Not At Risk
ST04706,20,Female,Software Engineering,70.2,70.4,62.1,64.9,8.8,2.17,4.0,Yes,Yes,Not At Risk
ST07044,20,Male,Data Science,85.6,57.2,59.7,78.4,5.0,3.21,3.0,Yes,No,Not At Risk
ST01114,23,Female,IT,79.8,53.9,46.4,73.0,9.3,4.0,4.0,No,Yes,Not At Risk
ST07200,21,Female,IT,82.5,54.7,71.9,36.6,4.4,3.42,7.0,Yes,No,Not At Risk
ST06389,21,Female,Computer Science,100.0,79.6,56.8,66.2,10.7,3.38,5.0,Yes,Yes,Not At Risk
ST06131,23,Male,Data Science,98.7,77.4,71.8,73.3,3.6,2.72,3.0,Yes,No,Not At Risk
ST04272,22,Male,IT,75.7,61.6,52.7,19.2,9.4,3.75,3.0,Yes,Yes,Not At Risk
ST09567,18,Female,Software Engineering,86.5,84.5,62.4,42.7,1.0,2.47,2.0,Yes,No,Not At Risk
ST09075,25,Female,Software Engineering,82.8,78.0,70.0,82.6,5.9,2.87,6.0,No,Yes,Not At Risk
ST04495,18,Female,Computer Science,89.7,54.2,91.5,60.9,13.5,4.0,9.0,Yes,Yes,Not At Risk
ST10059,19,Male,IT,79.7,71.8,60.9,87.9,13.1,2.81,1.0,Yes,Yes,Not At Risk
ST03101,19,Male,Software Engineering,85.9,52.8,35.4,63.2,9.5,4.0,7.0,Yes,No,Not At Risk
ST11716,18,Female,Computer Science,93.1,90.4,33.7,65.1,3.8,2.94,2.0,Yes,Yes,Not At Risk
ST08130,24,Female,IT,77.1,72.6,70.3,31.7,12.7,2.99,5.0,Yes,Yes,Not At Risk
ST01946,19,Female,Computer Science,79.1,78.9,80.7,64.9,2.0,3.68,5.0,Yes,Yes,Not At Risk
ST06006,24,Female,Software Engineering,80.1,66.8,78.0,72.3,4.2,2.9,2.0,Yes,No,Not At Risk
ST09019,22,Female,Software Engineering,81.6,39.8,46.0,46.5,11.4,3.23,7.0,Yes,No,Not At Risk
ST04867,22,Female,IT,85.8,83.7,28.2,66.6,1.5,3.06,,Yes,No,Not At Risk
ST02913,25,Female,Data Science,90.5,50.4,70.8,68.4,11.1,3.4,4.0,Yes,No,Not At Risk
ST02441,21,Female,Computer Science,74.5,68.7,50.6,75.2,3.3,3.2,3.0,Yes,Yes,Not At Risk
ST06149,19,Male,IT,71.7,56.2,30.1,91.9,6.1,2.54,6.0,Yes,No,Not At Risk
ST01173,19,Male,Software Engineering,80.2,59.3,58.4,56.3,7.6,2.39,5.0,Yes,Yes,Not At Risk
ST11150,20,Male,Computer Science,69.7,59.1,56.0,60.4,4.8,3.04,4.0,Yes,No,Not At Risk
ST01029,18,Male,IT,98.2,85.4,83.4,83.1,7.3,3.11,2.0,Yes,Yes,Not At Risk
ST03694,23,Male,Computer Science,68.2,52.9,94.6,79.3,6.6,2.76,5.0,Yes,Yes,Not At Risk
ST02875,23,Female,Computer Science,76.4,44.3,44.0,75.9,2.4,2.91,2.0,Yes,Yes,Not At Risk
ST10679,19,Male,IT,97.3,53.0,64.7,77.6,5.2,2.38,1.0,Yes,Yes,Not At Risk
ST05146,20,Female,Data Science,85.0,55.9,45.8,44.5,9.4,3.28,5.0,Yes,Yes,Not At Risk
ST00790,21,Female,Computer Science,83.7,80.7,46.0,89.2,8.3,3.36,4.0,Yes,Yes,Not At Risk
ST05067,22,female,Software Engineering,59.8,59.5,71.1,100.0,10.8,2.74,5.0,Yes,No,Not At Risk
ST11962,24,Male,IT,72.8,69.5,68.5,45.5,5.6,2.75,5.0,Yes,No,Not At Risk
ST06713,24,Female,Data Science,80.1,59.8,59.1,76.0,2.6,2.2,3.0,Yes,No,At Risk
ST05617,24,Female,Data Science,59.1,69.6,65.9,45.1,3.2,2.04,2.0,Yes,No,At Risk
ST00962,22,Male,Computer Science,63.3,98.5,21.3,69.4,11.8,3.54,3.0,Yes,Yes,Not At Risk
ST03237,20,Female,IT,87.2,79.7,59.1,80.1,11.8,2.81,5.0,Yes,Yes,Not At Risk
ST06600,22,Female,Data Science,84.3,62.5,53.6,88.6,7.8,2.63,4.0,Yes,No,Not At Risk
ST05050,21,Female,Data Science,85.3,51.3,65.3,65.1,1.6,2.88,3.0,Yes,No,Not At Risk
ST08340,19,Male,Computer Science,89.7,58.3,66.2,78.1,4.6,2.65,5.0,Yes,No,Not At Risk
ST01854,22,Male,IT,86.0,88.1,52.5,64.8,4.7,3.33,5.0,Yes,No,Not At Risk
ST07529,20,Male,Data Science,82.9,92.6,64.2,87.5,9.3,2.85,2.0,Yes,Yes,Not At Risk
ST08888,18,Female,Software Engineering,84.4,49.1,61.6,63.3,2.8,2.27,4.0,Yes,No,Not At Risk
ST01622,19,Female,Computer Science,94.7,77.7,47.3,26.6,6.8,2.9,4.0,Yes,No,Not At Risk
ST08877,18,Female,Data Science,77.2,60.5,73.1,56.4,4.6,2.65,5.0,Yes,No,Not At Risk
ST10313,24,Female,Data Science,64.7,92.3,74.9,69.7,4.7,1.75,7.0,Yes,Yes,Not At Risk
ST08815,22,Male,Data Science,77.7,87.2,61.7,33.7,6.8,2.73,1.0,Yes,No,Not At Risk
ST05912,23,Female,Computer Science,46.0,74.1,72.1,99.4,5.9,2.13,1.0,Yes,Yes,Not At Risk
ST10019,25,Male,Computer Science,85.6,69.5,56.2,87.6,9.4,3.42,1.0,Yes,No,Not At Risk
ST05351,24,Male,Software Engineering,69.4,77.2,65.7,64.3,6.7,3.78,2.0,Yes,No,Not At Risk
ST06163,24,Male,Computer Science,82.6,52.8,76.0,84.5,7.8,1.41,3.0,Yes,Yes,At Risk
ST08712,20,Male,IT,78.2,59.7,56.5,52.8,2.4,2.98,3.0,Yes,No,Not At Risk
ST09727,23,Male,Computer Science,87.8,90.8,68.5,61.1,6.9,2.94,1.0,Yes,No,Not At Risk
ST00499,20,Female,Computer Science,96.6,71.3,35.6,67.5,4.7,2.48,5.0,Yes,No,Not At Risk
ST10751,24,Female,Data Science,79.5,81.8,54.3,55.5,5.3,2.22,5.0,Yes,No,Not At Risk
ST02145,25,Male,Computer Science,100.0,68.6,50.4,54.3,5.8,2.14,3.0,Yes,No,Not At Risk
ST04860,19,Female,Computer Science,70.9,45.3,91.3,74.5,1.3,3.87,4.0,Yes,No,Not At Risk
ST02895,19,Female,Software Engineering,83.9,81.0,61.2,50.0,4.7,3.03,3.0,Yes,No,Not At Risk
ST02089,22,Male,Data Science,80.8,58.3,62.2,67.1,9.9,3.22,4.0,Yes,No,At Risk
ST03732,18,Female,Software Engineering,79.8,58.5,60.3,75.5,2.3,4.0,3.0,Yes,Yes,Not At Risk
ST03816,21,Female,Computer Science,73.6,41.8,93.6,,5.6,3.04,4.0,Yes,Yes,Not At Risk
ST05080,20,Male,Data Science,96.7,79.3,75.6,47.4,2.3,1.43,7.0,Yes,Yes,Not At Risk
ST00094,18,Female,IT,75.2,57.2,64.1,65.1,3.0,3.96,,Yes,No,At Risk
ST06176,20,M,Computer Science,78.7,67.4,81.9,100.0,8.8,2.9,2.0,Yes,No,Not At Risk
ST03911,22,Male,Computer Science,76.4,81.7,66.4,41.8,2.9,2.71,3.0,Yes,No,Not At Risk
ST03167,22,Female,Computer Science,87.0,67.9,77.2,59.0,5.3,2.13,1.0,No,No,Not At Risk
ST02069,19,Female,Computer Science,85.2,19.4,78.8,48.1,16.3,3.21,5.0,Yes,Yes,Not At Risk
ST07756,18,Male,IT,60.5,49.9,64.9,87.8,6.4,3.02,6.0,Yes,No,Not At Risk
ST06136,21,Female,Computer Science,73.7,73.0,62.7,58.8,2.0,3.6,2.0,Yes,No,Not At Risk
ST10405,19,Female,Computer Science,75.4,52.0,66.4,76.9,6.8,3.69,3.0,Yes,Yes,At Risk
ST01683,18,Female,Computer Science,100.0,96.7,68.1,65.5,4.0,3.03,4.0,Yes,No,Not At Risk
ST09297,23,Male,IT,75.4,58.5,61.2,73.8,7.1,3.71,4.0,Yes,No,Not At Risk
ST04930,25,Female,Computer Science,100.0,65.5,83.8,61.7,3.5,1.95,7.0,Yes,No,Not At Risk
ST04879,23,Male,Computer Science,98.8,70.3,58.4,60.6,3.8,3.31,5.0,,No,At Risk
ST08187,20,Male,Computer Science,72.5,55.7,97.7,64.8,3.0,2.61,9.0,Yes,No,At Risk
ST04254,23,Male,IT,96.5,92.0,43.3,66.7,6.0,3.58,0.0,Yes,No,Not At Risk
ST10894,18,Male,Data Science,86.3,66.3,73.5,65.5,2.4,2.69,4.0,Yes,Yes,Not At Risk
ST11501,20,Male,IT,86.1,71.9,48.8,54.2,3.7,2.61,4.0,Yes,No,Not At Risk
ST10065,22,Male,Data Science,61.8,82.0,93.4,44.8,8.0,3.12,1.0,Yes,No,Not At Risk
ST09181,20,Male,Software Engineering,91.2,52.6,81.3,65.5,5.1,3.22,3.0,Yes,No,Not At Risk
ST05658,21,Female,Data Science,75.6,70.2,55.6,52.5,4.6,4.0,5.0,Yes,No,At Risk
ST07418,18,Male,Software Engineering,94.0,65.7,66.9,34.1,6.0,3.3,4.0,Yes,No,Not At Risk
ST09574,18,Male,Computer Science,81.0,63.1,79.4,77.0,4.2,2.13,3.0,Yes,No,Not At Risk
ST07385,25,Male,Software Engineering,89.0,64.7,48.8,81.2,3.0,3.04,3.0,Yes,No,Not At Risk
ST04382,19,Male,Computer Science,96.2,58.3,66.9,49.6,5.2,3.2,5.0,No,Yes,Not At Risk
ST10309,24,Female,Software Engineering,76.0,71.0,72.8,36.0,5.8,2.19,4.0,Yes,No,At Risk
ST10620,25,Male,Computer Science,89.3,65.1,75.0,73.2,7.5,2.72,6.0,Yes,Yes,Not At Risk
ST10963,19,Female,Data Science,65.8,93.8,91.3,37.2,1.8,2.79,5.0,Yes,No,Not At Risk
ST05700,19,Male,Computer Science,85.4,66.6,49.8,61.3,5.4,3.13,6.0,Yes,Yes,Not At Risk
ST00225,20,Male,IT,77.5,65.9,69.7,50.2,10.8,3.09,6.0,Yes,No,Not At Risk
ST09235,22,Male,IT,85.2,62.3,47.2,47.7,6.8,4.0,2.0,Yes,Yes,Not At Risk
ST09591,18,Female,Computer Science,99.9,67.7,53.7,76.5,3.1,3.32,4.0,Yes,Yes,Not At Risk
ST10260,20,Male,Computer Science,82.0,72.7,39.2,84.6,1.3,2.33,1.0,Yes,No,At Risk
ST01164,20,Female,Computer Science,82.5,80.4,62.8,57.8,9.4,2.9,2.0,Yes,Yes,Not At Risk
ST00749,24,Male,Computer Science,90.1,59.5,100.0,40.2,2.3,3.29,3.0,Yes,Yes,Not At Risk
ST09647,18,Male,IT,67.6,73.9,70.1,56.2,5.0,1.87,6.0,Yes,No,Not At Risk
ST04571,20,Female,Computer Science,90.6,72.3,79.4,68.3,1.9,2.52,3.0,Yes,No,Not At Risk
ST10971,20,Male,Computer Science,79.5,86.0,85.8,79.3,5.8,2.62,3.0,Yes,No,Not At Risk
ST05088,20,Male,Computer Science,100.0,69.1,87.9,59.2,11.5,2.94,8.0,Yes,Yes,Not At Risk
ST01158,18,Male,Software Engineering,100.0,61.9,82.5,77.1,7.7,2.08,4.0,Yes,Yes,Not At Risk
ST03532,23,Male,Data Science,85.3,91.4,77.6,46.5,8.5,3.89,1.0,Yes,No,Not At Risk
ST05711,22,Male,Computer Science,87.8,47.7,69.4,76.2,4.5,3.29,4.0,Yes,No,Not At Risk
ST02373,22,Female,Computer Science,78.0,79.4,64.0,63.6,2.6,3.23,5.0,Yes,Yes,Not At Risk
ST02694,23,Male,Computer Science,99.8,65.1,100.0,24.5,4.1,2.73,3.0,Yes,No,Not At Risk
ST00951,25,Female,IT,75.8,62.6,100.0,67.9,1.1,3.52,4.0,Yes,No,Not At Risk
ST09096,23,Male,IT,89.7,74.4,67.1,91.0,11.0,2.54,3.0,Yes,No,Not At Risk
ST07084,24,Female,Computer Science,86.9,60.6,68.5,98.8,2.5,2.43,2.0,Yes,Yes,Not At Risk
ST08129,19,Male,Data Science,86.0,67.7,67.2,34.9,8.8,2.44,6.0,Yes,No,Not At Risk
ST06626,24,Female,IT,67.5,59.4,69.1,64.1,6.6,3.64,4.0,Yes,No,At Risk
ST05431,25,Male,Software Engineering,69.4,82.7,73.2,82.1,4.5,2.72,2.0,Yes,No,Not At Risk
ST04559,21,Male,Computer Science,100.0,81.6,68.1,84.7,6.5,2.96,3.0,Yes,Yes,Not At Risk
ST03267,23,Female,Data Science,76.8,37.3,70.4,78.4,4.4,2.73,4.0,Yes,Yes,Not At Risk
ST08096,23,Male,Software Engineering,91.8,77.9,48.2,54.0,11.4,3.11,2.0,No,Yes,Not At Risk
ST01567,19,Male,Software Engineering,78.6,79.0,45.3,69.4,1.5,4.0,5.0,Yes,No,Not At Risk
ST02120,25,Female,Data Science,86.9,51.7,62.0,70.7,8.9,2.32,3.0,Yes,No,Not At Risk
ST08364,25,Female,IT,60.9,69.6,77.2,56.5,10.8,3.89,4.0,No,No,Not At Risk
ST03682,22,Male,Computer Science,92.2,88.6,79.1,82.0,11.3,2.97,4.0,Yes,No,Not At Risk
ST04881,25,Female,Computer Science,75.2,55.1,58.1,76.4,3.5,2.51,3.0,Yes,No,At Risk
ST03620,19,Female,Computer Science,94.7,80.9,76.3,42.4,9.2,2.4,2.0,Yes,No,Not At Risk
ST10587,24,Female,Computer Science,81.8,62.3,81.8,57.0,11.2,1.67,4.0,Yes,No,Not At Risk
ST08334,21,Female,Software Engineering,63.4,68.1,62.2,73.3,3.8,2.18,2.0,Yes,No,At Risk
ST04410,20,Female,Data Science,74.8,83.3,77.6,50.0,9.2,1.66,5.0,No,No,Not At Risk
ST00454,25,Female,Computer Science,69.5,65.3,66.2,81.4,8.9,2.98,4.0,Yes,No,Not At Risk
ST11705,19,Female,IT,87.2,66.3,73.3,57.6,3.2,3.77,7.0,Yes,No,Not At Risk
ST10945,19,Male,Computer Science,69.5,92.8,57.2,73.0,6.1,3.1,3.0,Yes,Yes,Not At Risk
ST05554,19,Female,,97.5,72.3,71.2,93.9,2.5,3.21,8.0,Yes,No,Not At Risk
ST04902,21,Male,IT,80.3,66.8,40.4,29.6,7.1,2.32,6.0,Yes,Yes,Not At Risk
ST09415,20,Female,Computer Science,69.2,63.3,74.3,80.2,10.1,3.06,5.0,Yes,No,Not At Risk
ST00829,20,Female,Computer Science,84.3,69.0,75.6,62.5,9.1,3.33,4.0,Yes,Yes,Not At Risk
ST06795,19,Female,IT,74.3,48.4,57.6,72.6,3.0,3.47,3.0,Yes,No,Not At Risk
ST11030,21,Male,Data Science,80.0,64.7,43.9,60.7,7.2,2.34,5.0,Yes,Yes,Not At Risk
ST02326,18,Male,,80.4,67.4,66.1,79.8,8.7,3.52,3.0,Yes,No,Not At Risk
ST03614,23,Male,Computer Science,86.2,68.0,77.7,51.6,4.5,3.47,3.0,Yes,Yes,Not At Risk
ST00322,18,Male,Computer Science,94.6,79.7,79.1,72.8,4.5,1.98,6.0,Yes,No,Not At Risk
ST07811,20,Male,Computer Science,80.6,60.7,53.4,66.6,6.1,2.23,4.0,Yes,Yes,Not At Risk
ST03697,20,Male,Software Engineering,81.9,66.8,69.2,63.2,5.7,4.0,2.0,Yes,No,Not At Risk
ST05018,24,Male,Data Science,90.4,60.8,71.1,51.5,10.2,2.07,10.0,Yes,No,Not At Risk
ST01373,18,Male,IT,68.8,63.9,59.9,60.0,5.2,2.64,3.0,Yes,No,Not At Risk
ST01199,24,Male,Data Science,71.8,50.8,63.4,88.7,8.1,3.63,7.0,Yes,Yes,Not At Risk
ST10718,18,Female,Software Engineering,90.5,73.7,47.5,71.9,6.0,2.71,1.0,Yes,Yes,Not At Risk
ST11510,22,Male,Software Engineering,86.8,50.1,85.4,73.5,3.3,2.7,2.0,,Yes,Not At Risk
ST06237,21,Female,IT,80.7,79.4,60.9,82.5,3.7,3.26,2.0,Yes,No,Not At Risk
ST02409,23,Female,IT,75.1,62.5,61.7,95.6,3.9,2.18,3.0,Yes,No,Not At Risk
ST02267,21,Female,Data Science,85.6,58.8,87.3,,6.5,2.61,6.0,Yes,Yes,Not At Risk
ST08799,23,Male,Computer Science,79.4,54.9,100.0,69.9,9.4,2.62,6.0,Yes,No,Not At Risk
ST09487,21,Female,Software Engineering,92.3,74.5,86.3,63.5,5.5,4.0,3.0,Yes,Yes,Not At Risk
ST06316,25,Male,Software Engineering,87.4,54.1,89.3,76.2,3.9,2.8,2.0,Yes,Yes,Not At Risk
ST06975,24,Male,Computer Science,61.1,65.9,67.2,71.2,2.3,3.7,4.0,Yes,No,Not At Risk
ST09497,24,Male,Software Engineering,79.5,79.0,36.8,81.6,2.4,1.37,4.0,Yes,No,Not At Risk
ST05568,21,Male,Data Science,84.9,68.6,66.5,76.0,4.7,3.49,3.0,Yes,No,Not At Risk
ST10282,23,Male,Software Engineering,85.2,78.2,82.5,77.8,1.8,4.0,2.0,Yes,No,Not At Risk
ST11640,19,Male,Computer Science,88.8,85.9,69.2,62.6,3.6,1.9,6.0,Yes,No,Not At Risk
ST04352,24,Male,IT,74.1,94.7,6.6,42.0,3.8,1.77,6.0,Yes,No,At Risk
ST02075,22,Female,Software Engineering,71.8,50.8,43.6,80.7,7.5,2.54,4.0,Yes,No,Not At Risk
ST08544,18,Female,Computer Science,63.1,70.6,55.7,90.8,9.0,2.04,6.0,Yes,No,Not At Risk
ST00708,20,Female,Software Engineering,89.5,65.1,59.6,68.3,2.6,3.41,2.0,Yes,No,At Risk
ST10520,21,Female,Computer Science,89.4,87.9,86.3,58.0,1.2,3.69,2.0,Yes,Yes,Not At Risk
ST09637,20,Female,Computer Science,95.3,63.7,78.6,70.6,8.5,3.13,6.0,Yes,No,Not At Risk
ST01443,21,Female,,100.0,75.4,81.3,54.4,2.7,2.69,4.0,Yes,No,Not At Risk
ST08836,22,Male,Computer Science,76.4,73.7,64.2,55.2,8.4,2.73,4.0,Yes,Yes,Not At Risk
ST10650,25,Female,Data Science,67.1,67.1,59.3,38.0,9.0,4.0,6.0,Yes,Yes,Not At Risk
ST05416,21,Male,Software Engineering,88.5,57.6,69.6,62.8,2.2,1.97,1.0,Yes,Yes,Not At Risk
ST02088,21,Male,Computer Science,68.8,50.2,40.1,42.3,10.7,3.53,5.0,Yes,No,Not At Risk
ST07541,22,Male,Computer Science,83.4,73.2,77.7,66.3,5.2,2.96,3.0,Yes,Yes,Not At Risk
ST08050,22,Female,Software Engineering,77.2,73.8,77.9,57.4,7.1,3.03,2.0,Yes,No,Not At Risk
ST09665,19,Female,Software Engineering,67.9,71.1,67.0,65.9,3.6,3.05,4.0,Yes,No,Not At Risk
ST11233,19,Male,IT,86.6,72.4,68.4,80.9,7.4,3.58,3.0,Yes,No,Not At Risk
ST05200,20,Female,Software Engineering,94.2,65.6,61.6,57.0,7.1,2.69,5.0,Yes,No,At Risk
ST01491,18,Female,IT,85.6,50.2,52.3,45.5,5.9,2.2,3.0,Yes,Yes,Not At Risk
ST07351,22,Male,Data Science,54.9,67.8,100.0,35.3,12.3,3.06,1.0,Yes,No,At Risk
ST04982,20,Male,Computer Science,52.6,85.6,64.9,71.4,8.3,3.29,3.0,Yes,Yes,Not At Risk
ST03637,24,Female,Software Engineering,87.3,95.2,52.5,75.0,8.0,3.91,2.0,Yes,No,Not At Risk
ST02650,19,Female,Computer Science,83.3,55.8,53.6,34.6,2.7,3.1,5.0,Yes,Yes,Not At Risk
ST10772,19,Male,Computer Science,74.6,76.2,41.2,54.9,4.3,2.65,4.0,Yes,Yes,At Risk
ST07884,20,Female,Software Engineering,79.4,100.0,85.0,48.9,4.6,2.77,6.0,Yes,Yes,Not At Risk
ST00676,22,Male,IT,82.8,80.6,75.2,71.4,4.1,1.95,2.0,Yes,No,Not At Risk
ST05345,18,Female,Computer Science,89.6,22.6,100.0,81.8,6.5,2.71,4.0,Yes,Yes,At Risk
ST08431,18,Female,IT,69.0,73.5,73.4,44.7,4.8,1.79,5.0,Yes,No,Not At Risk
ST07480,20,Male,Computer Science,75.5,87.0,43.9,76.7,1.5,3.17,7.0,No,Yes,Not At Risk
ST10493,21,Male,IT,95.4,66.1,60.0,57.8,3.1,3.39,8.0,Yes,No,Not At Risk
ST09924,19,Male,IT,96.9,85.8,48.2,61.8,6.1,3.31,6.0,Yes,No,Not At Risk
ST07780,25,Female,IT,88.9,56.9,33.8,70.9,4.5,2.78,6.0,Yes,Yes,Not At Risk
ST07243,18,Female,Computer Science,82.2,76.2,70.1,37.0,3.3,1.73,,Yes,No,Not At Risk
ST01890,22,Male,Computer Science,74.4,88.3,96.1,49.4,5.7,2.13,5.0,Yes,No,At Risk
ST01962,19,Male,Data Science,57.4,72.0,68.2,74.6,10.2,2.53,5.0,Yes,No,Not At Risk
ST02815,19,Male,Computer Science,74.0,58.6,74.3,75.1,3.2,3.16,3.0,Yes,No,Not At Risk
ST06139,18,Female,Data Science,96.2,59.7,51.4,55.0,6.0,3.19,3.0,Yes,No,Not At Risk
ST10514,22,Male,Software Engineering,88.4,46.4,51.9,40.7,7.1,2.55,3.0,Yes,No,Not At Risk
ST06619,21,Male,Software Engineering,86.9,68.1,50.3,44.2,11.0,3.94,3.0,Yes,No,Not At Risk
ST06834,19,Male,Computer Science,67.6,73.2,68.3,94.0,14.5,1.71,2.0,Yes,No,Not At Risk
ST09565,24,Male,Data Science,80.7,92.0,29.0,67.8,1.6,3.32,7.0,Yes,No,Not At Risk
ST03110,18,Male,Computer Science,93.7,70.2,74.2,61.8,7.3,2.24,2.0,Yes,No,Not At Risk
ST05519,24,Male,Computer Science,96.5,63.9,66.6,57.7,5.1,2.99,4.0,Yes,No,Not At Risk
ST09622,24,Female,Data Science,85.2,41.0,79.1,38.2,9.8,4.0,5.0,Yes,No,Not At Risk
ST03783,19,Male,IT,84.6,59.4,63.7,71.9,4.8,3.17,5.0,Yes,Yes,Not At Risk
ST07851,21,Male,IT,83.4,55.3,87.8,89.8,5.6,4.0,0.0,Yes,Yes,Not At Risk
ST00558,24,Female,Data Science,91.1,95.3,46.8,78.3,6.8,3.11,6.0,Yes,No,Not At Risk
ST03005,18,Female,IT,80.5,81.5,59.6,50.9,3.4,3.18,4.0,Yes,Yes,At Risk
ST06669,19,Male,Software Engineering,78.6,80.9,56.9,83.2,7.3,2.79,7.0,Yes,No,Not At Risk
ST04090,20,Male,Computer Science,78.1,71.5,49.3,81.9,4.7,2.91,1.0,Yes,No,Not At Risk
ST01833,21,Female,IT,81.1,68.1,90.0,65.3,7.3,2.18,4.0,Yes,Yes,Not At Risk
ST08450,22,Female,Software Engineering,74.1,95.7,73.1,79.0,7.0,2.91,4.0,Yes,Yes,Not At Risk
ST10127,24,Female,IT,76.1,65.0,100.0,52.8,8.9,2.77,3.0,Yes,No,Not At Risk
ST02258,23,Male,IT,66.8,69.5,85.9,45.4,11.2,4.0,2.0,Yes,No,Not At Risk
ST05943,23,Male,IT,99.7,81.6,58.8,91.7,6.8,3.66,4.0,Yes,Yes,Not At Risk
ST10481,24,Male,Software Engineering,71.0,81.2,71.9,67.1,1.3,3.07,10.0,Yes,Yes,Not At Risk
ST00611,19,Male,Computer Science,88.8,81.5,61.6,55.5,3.5,3.16,2.0,Yes,No,Not At Risk
ST04031,23,Male,IT,82.2,59.0,90.7,39.4,2.5,2.61,5.0,Yes,Yes,At Risk
ST03958,19,Female,Software Engineering,69.1,80.1,67.8,52.3,11.4,4.0,4.0,Yes,No,Not At Risk
ST05069,19,Male,Computer Science,66.3,80.2,78.5,70.4,5.6,2.35,8.0,Yes,Yes,Not At Risk
ST05645,20,Female,Software Engineering,83.9,66.4,64.5,56.1,10.6,2.96,5.0,Yes,No,Not At Risk
ST03129,19,Female,Software Engineering,85.0,76.3,39.3,58.7,5.3,3.17,4.0,Yes,No,Not At Risk
ST04160,25,Male,Software Engineering,73.0,62.4,57.1,74.4,4.2,2.7,7.0,Yes,Yes,Not At Risk
ST04167,19,Female,Software Engineering,74.4,60.3,35.7,41.1,2.2,3.23,4.0,Yes,No,Not At Risk
ST07947,23,Female,Data Science,96.0,48.5,36.1,96.3,5.9,3.06,7.0,Yes,No,Not At Risk
ST00766,18,Male,Computer Science,96.0,63.3,49.4,52.0,4.5,3.52,3.0,Yes,Yes,Not At Risk
ST02221,18,Female,IT,79.3,87.9,57.2,61.5,5.1,3.34,1.0,Yes,Yes,Not At Risk
ST03157,22,Female,Software Engineering,76.4,49.6,71.8,80.5,5.2,3.59,2.0,Yes,No,At Risk
ST00740,18,Female,Data Science,70.3,63.6,88.7,62.7,2.6,3.16,7.0,Yes,No,Not At Risk
ST05375,24,Female,Data Science,98.6,96.8,27.0,97.2,3.7,2.01,2.0,Yes,Yes,Not At Risk
ST03024,24,Female,Computer Science,100.0,71.7,82.3,59.9,6.5,1.68,5.0,Yes,No,Not At Risk
ST09881,22,Female,Computer Science,73.9,82.2,67.6,63.2,3.2,2.74,2.0,Yes,No,Not At Risk
ST09150,25,Female,Computer Science,74.6,78.0,77.3,56.5,11.0,3.17,4.0,Yes,No,Not At Risk
ST06194,25,Female,Computer Science,66.3,73.1,47.4,86.2,3.0,2.9,3.0,Yes,No,Not At Risk
ST10999,20,Female,IT,93.5,62.7,44.4,76.0,10.5,3.35,1.0,Yes,No,Not At Risk
ST11993,22,Male,IT,100.0,64.9,57.2,68.3,3.2,2.02,0.0,Yes,Yes,Not At Risk
ST08053,19,Female,IT,61.3,50.1,71.5,46.2,7.2,2.8,3.0,Yes,No,Not At Risk
ST03952,20,Female,Computer Science,67.9,100.0,84.9,21.2,2.8,2.79,2.0,Yes,Yes,At Risk
ST00330,23,Male,IT,84.3,66.1,93.8,41.9,7.2,2.3,4.0,Yes,No,Not At Risk
ST10681,23,Female,IT,85.6,77.5,57.9,50.8,5.3,3.66,,Yes,Yes,Not At Risk
ST04356,20,Male,Software Engineering,100.0,38.1,51.3,51.5,1.6,1.98,4.0,No,Yes,Not At Risk
ST01835,20,Female,IT,76.5,48.2,54.4,87.4,4.0,3.47,10.0,Yes,No,Not At Risk
ST03089,23,Male,Software Engineering,81.3,64.5,42.6,60.6,5.6,3.12,5.0,Yes,No,Not At Risk
ST02648,18,Female,Software Engineering,68.0,74.4,79.7,85.0,4.0,2.57,3.0,Yes,No,Not At Risk
ST03884,24,Male,Data Science,91.1,58.3,66.1,57.9,4.2,2.55,2.0,Yes,No,At Risk
ST09660,22,Female,IT,77.5,69.8,44.3,91.7,5.4,2.67,6.0,Yes,No,Not At Risk
ST00793,22,Female,Software Engineering,60.9,56.8,43.1,62.5,2.2,2.92,3.0,Yes,Yes,Not At Risk
ST01655,25,Female,IT,100.0,34.3,52.6,41.3,1.8,3.33,3.0,Yes,No,Not At Risk
ST08589,18,Male,Software Engineering,81.5,49.4,58.5,80.0,7.9,3.96,4.0,,No,At Risk
ST04039,20,Male,IT,84.5,66.2,60.2,57.5,2.0,3.14,4.0,Yes,Yes,Not At Risk
ST08509,19,Male,Data Science,91.8,88.3,50.1,38.2,3.2,2.45,5.0,Yes,No,Not At Risk
ST02970,20,Male,Computer Science,62.0,53.2,87.0,100.0,3.8,3.04,7.0,Yes,No,Not At Risk
ST07251,21,Male,IT,72.3,52.6,44.5,,2.5,1.7,3.0,Yes,Yes,At Risk
ST01415,20,Male,IT,69.9,50.8,59.9,61.0,9.3,2.3,1.0,Yes,No,Not At Risk
ST00662,21,Male,Computer Science,74.8,60.9,29.5,79.2,8.9,2.87,4.0,Yes,Yes,At Risk
ST09004,18,Female,Software Engineering,72.0,71.7,39.1,40.9,7.2,1.47,4.0,Yes,No,Not At Risk
ST10745,25,Male,Computer Science,81.2,90.6,55.9,50.6,8.2,3.29,5.0,Yes,No,Not At Risk
ST04317,21,Female,Computer Science,83.0,95.4,73.4,80.9,5.0,3.34,8.0,Yes,No,Not At Risk
ST06166,25,Female,IT,98.0,49.1,40.1,45.5,3.4,3.33,5.0,No,Yes,Not At Risk
ST01746,24,Female,Software Engineering,91.2,75.0,38.9,100.0,12.4,3.94,6.0,Yes,No,Not At Risk
ST09349,25,Male,Software Engineering,72.6,74.3,72.0,90.2,7.0,1.68,3.0,Yes,No,Not At Risk
ST08178,21,Male,Software Engineering,100.0,60.1,81.9,60.5,5.2,2.27,7.0,Yes,No,At Risk
ST11135,18,Male,Software Engineering,79.5,42.8,43.5,33.4,9.6,3.58,4.0,Yes,No,Not At Risk
ST06933,19,Male,Computer Science,75.6,82.5,59.5,55.6,2.5,2.51,4.0,Yes,No,Not At Risk
ST05904,25,Male,IT,93.0,82.7,78.0,63.4,6.7,3.14,4.0,Yes,Yes,Not At Risk
ST10331,24,Male,Computer Science,69.9,59.9,78.6,47.9,2.5,2.61,2.0,Yes,No,Not At Risk
ST02884,18,Female,IT,100.0,76.2,47.1,49.0,2.7,3.41,1.0,Yes,No,Not At Risk
ST02380,25,Female,Computer Science,81.7,45.1,84.9,51.8,6.3,3.21,6.0,Yes,No,Not At Risk
ST00183,18,Female,IT,80.9,78.4,69.1,82.7,12.9,3.06,5.0,Yes,No,Not At Risk
ST08750,24,Male,IT,67.8,87.7,59.9,100.0,7.0,3.62,1.0,Yes,Yes,Not At Risk
ST08695,18,Male,Computer Science,60.5,62.1,54.8,44.1,3.1,3.23,6.0,Yes,No,At Risk
ST07265,19,Male,Software Engineering,94.6,72.4,50.8,69.6,5.3,3.96,5.0,No,No,Not At Risk
ST03246,25,Male,Software Engineering,75.9,61.6,27.6,32.4,4.0,2.65,5.0,Yes,No,At Risk
ST00686,25,Male,,86.7,58.4,76.7,69.5,4.2,2.88,2.0,Yes,Yes,Not At Risk
ST05766,22,Female,Computer Science,59.4,53.5,77.3,43.6,10.3,3.41,1.0,Yes,No,At Risk
ST05955,20,Female,Computer Science,54.1,80.7,63.5,74.8,5.6,3.75,3.0,Yes,No,Not At Risk
ST03356,24,Male,Data Science,71.9,83.9,83.8,35.5,5.1,2.26,3.0,Yes,No,At Risk
ST02220,18,Male,Data Science,96.1,59.2,67.2,95.8,8.6,2.38,2.0,Yes,Yes,Not At Risk
ST10003,21,Male,Software Engineering,56.5,58.7,55.7,13.5,7.1,3.42,2.0,Yes,No,At Risk
ST01620,22,Male,IT,87.6,67.2,90.3,79.8,2.7,3.14,8.0,Yes,No,Not At Risk
ST10666,24,Female,Computer Science,93.6,54.8,92.6,95.0,3.1,3.13,3.0,Yes,Yes,Not At Risk
ST09996,20,Male,IT,65.6,76.1,58.4,58.6,5.2,3.64,4.0,Yes,No,Not At Risk
ST01886,20,Female,IT,90.4,67.7,68.7,46.3,8.0,3.59,3.0,Yes,No,Not At Risk
ST07928,23,Male,Computer Science,86.2,90.0,59.2,85.6,5.8,2.4,4.0,Yes,No,Not At Risk
ST05242,21,Male,IT,77.2,65.5,42.2,98.6,4.8,3.68,6.0,Yes,No,Not At Risk
ST04470,18,Male,Computer Science,82.1,62.8,34.8,63.4,4.9,3.24,1.0,Yes,No,At Risk
ST11550,22,Male,IT,80.1,33.0,66.4,67.4,2.9,4.0,3.0,Yes,No,Not At Risk
ST07579,25,Male,Computer Science,76.3,62.2,39.6,87.4,9.3,2.9,9.0,Yes,Yes,Not At Risk
ST11811,25,Female,Software Engineering,65.1,54.6,58.4,50.6,19.7,3.15,6.0,Yes,No,Not At Risk
ST00851,19,Male,Computer Science,82.9,54.1,75.2,62.9,12.8,2.12,3.0,Yes,Yes,Not At Risk
ST00091,21,Female,IT,81.3,72.9,76.5,44.7,3.5,3.41,3.0,Yes,Yes,Not At Risk
ST06177,24,Male,IT,100.0,71.7,55.1,89.6,4.0,2.37,2.0,Yes,Yes,Not At Risk
ST09926,23,Male,Computer Science,98.6,73.2,62.7,22.9,5.7,2.28,4.0,Yes,Yes,Not At Risk
ST04210,25,Male,Computer Science,95.8,100.0,64.1,57.4,1.1,2.39,7.0,Yes,Yes,Not At Risk
ST00580,19,Female,Computer Science,81.7,76.6,90.5,64.4,1.7,2.88,8.0,Yes,Yes,Not At Risk
ST04674,22,Male,Computer Science,73.1,72.8,86.6,74.8,3.8,2.7,1.0,Yes,No,Not At Risk
ST04973,19,Male,Computer Science,67.4,96.6,39.8,59.4,3.7,2.69,2.0,Yes,Yes,Not At Risk
ST00824,20,Female,Computer Science,75.9,93.7,53.1,57.5,3.3,3.31,9.0,Yes,No,Not At Risk
ST09839,18,Female,IT,75.1,48.0,64.7,98.2,3.8,3.07,4.0,,Yes,Not At Risk
ST05144,21,Female,IT,100.0,85.6,79.6,,6.4,2.57,6.0,Yes,Yes,Not At Risk
ST09490,24,Male,Software Engineering,84.5,57.7,61.3,56.2,4.4,2.43,4.0,Yes,Yes,Not At Risk
ST03099,19,Female,Software Engineering,86.0,58.8,71.7,54.4,0.9,2.78,3.0,Yes,Yes,Not At Risk
ST10881,22,Male,Data Science,76.5,83.0,79.0,51.9,2.6,3.93,6.0,Yes,No,Not At Risk
ST05227,18,Male,Computer Science,100.0,89.0,27.0,72.6,7.9,2.11,5.0,Yes,No,Not At Risk
ST03612,18,Male,Data Science,74.0,42.9,59.4,42.8,15.0,2.3,3.0,Yes,Yes,Not At Risk
ST06465,23,Male,Computer Science,79.9,68.8,51.2,74.1,8.3,2.82,3.0,Yes,Yes,Not At Risk
ST05123,18,Female,IT,80.3,66.6,66.9,58.7,20.2,1.98,6.0,Yes,Yes,Not At Risk
ST06927,23,Female,Data Science,83.4,60.9,85.1,73.3,2.5,2.76,5.0,Yes,Yes,At Risk
ST08790,19,Male,,88.2,85.1,53.5,48.1,3.0,2.24,3.0,Yes,Yes,Not At Risk
ST08170,23,Female,IT,94.5,59.9,90.7,42.3,10.5,2.31,4.0,Yes,Yes,Not At Risk
ST00497,24,Male,Software Engineering,75.3,59.3,77.4,88.0,2.7,2.82,4.0,Yes,No,At Risk
ST10597,23,Female,Data Science,70.5,86.0,56.8,91.6,8.9,2.16,3.0,Yes,No,Not At Risk
ST11490,24,Male,Software Engineering,96.5,90.4,55.6,100.0,8.3,2.8,4.0,Yes,Yes,At Risk
ST10993,19,Male,Software Engineering,74.7,84.9,56.5,90.5,2.2,2.55,4.0,Yes,No,Not At Risk
ST11733,22,Female,Software Engineering,77.8,82.1,71.8,,9.1,3.03,6.0,Yes,No,Not At Risk
ST11219,20,Male,Data Science,81.5,43.2,100.0,58.2,25.0,2.03,5.0,Yes,Yes,Not At Risk
ST10549,20,Female,IT,84.7,65.0,92.8,80.1,6.4,2.73,5.0,Yes,No,Not At Risk
ST01100,18,Female,Data Science,62.4,35.6,42.6,98.6,4.7,2.78,4.0,Yes,Yes,At Risk
ST00101,19,Male,Computer Science,100.0,83.2,73.1,77.0,7.1,1.8,1.0,Yes,No,Not At Risk
ST05341,20,Female,Software Engineering,65.0,52.7,44.0,71.8,5.5,3.33,4.0,Yes,Yes,At Risk
ST02087,22,Male,Data Science,94.0,61.1,53.9,67.3,6.4,2.62,6.0,Yes,No,Not At Risk
ST00893,22,Male,Data Science,77.8,76.3,83.8,66.4,2.0,3.26,1.0,Yes,No,At Risk
ST06464,19,Male,Computer Science,60.8,88.1,67.5,75.5,6.8,2.01,4.0,Yes,No,Not At Risk
ST07734,23,Female,,100.0,58.5,53.1,67.7,4.5,2.72,5.0,Yes,No,Not At Risk
ST09196,20,Female,Software Engineering,68.6,58.3,87.6,87.2,5.8,2.26,3.0,Yes,Yes,Not At Risk
ST07328,21,Male,Computer Science,80.5,88.7,68.0,88.7,1.4,3.49,3.0,Yes,Yes,Not At Risk
ST07678,24,Female,Computer Science,97.5,63.1,62.3,40.2,5.5,2.85,5.0,Yes,No,Not At Risk
ST02231,20,Male,Software Engineering,82.5,66.8,60.9,64.7,6.6,2.79,3.0,,No,Not At Risk
ST00560,21,Female,,74.1,67.1,79.2,28.6,7.7,2.76,5.0,Yes,No,At Risk
ST02923,20,Female,Software Engineering,76.2,93.7,82.2,92.1,3.9,3.77,4.0,Yes,No,Not At Risk
ST02945,19,Female,Computer Science,83.0,45.7,47.6,74.5,1.8,3.72,4.0,Yes,Yes,Not At Risk
ST02141,25,Male,IT,83.5,64.7,75.8,52.7,2.2,3.37,5.0,Yes,Yes,Not At Risk
ST06885,18,Female,Data Science,93.0,28.1,75.1,77.9,8.3,2.21,5.0,Yes,No,Not At Risk
ST09526,18,Female,IT,100.0,59.5,72.7,76.4,7.6,1.88,4.0,Yes,No,Not At Risk
ST03529,23,Female,Software Engineering,76.3,58.7,96.9,81.1,3.2,2.9,4.0,Yes,No,Not At Risk
ST10362,23,Male,IT,73.5,74.0,56.1,65.9,5.3,2.68,6.0,Yes,No,At Risk
ST02121,23,Female,Data Science,83.0,65.8,43.7,69.0,3.2,3.03,0.0,No,Yes,Not At Risk
ST07218,22,Female,Data Science,73.9,71.5,81.7,76.8,8.2,2.83,7.0,No,No,Not At Risk
ST09382,24,Male,Data Science,78.6,67.5,56.0,70.8,5.7,2.5,2.0,Yes,No,Not At Risk
ST03753,21,Male,Software Engineering,77.6,64.2,60.3,62.0,3.3,2.17,2.0,Yes,No,Not At Risk
ST02163,18,Male,Software Engineering,64.7,45.6,71.6,73.0,6.8,3.45,2.0,No,No,Not At Risk
ST06584,19,Male,Software Engineering,79.0,57.4,89.9,85.5,6.3,2.45,4.0,Yes,No,Not At Risk
ST09405,24,Female,Computer Science,89.6,35.5,66.4,55.2,2.1,2.97,6.0,Yes,No,Not At Risk
ST08240,18,Female,IT,85.3,91.8,75.5,38.6,6.1,2.94,5.0,Yes,No,Not At Risk
ST11022,20,Male,Software Engineering,100.0,53.0,35.2,80.6,12.3,3.73,5.0,Yes,Yes,Not At Risk
ST08386,18,Male,IT,86.5,71.7,53.1,34.0,8.6,2.78,4.0,Yes,No,Not At Risk
ST07505,18,Male,Software Engineering,92.4,68.6,43.3,66.5,2.7,3.55,2.0,Yes,Yes,Not At Risk
ST07536,20,Male,Computer Science,70.5,79.2,40.8,79.9,9.0,2.66,6.0,Yes,No,Not At Risk
ST07275,23,Female,IT,87.2,84.3,45.8,44.9,9.8,3.74,5.0,Yes,No,Not At Risk
ST03190,25,Female,Software Engineering,58.9,72.8,49.5,95.7,6.4,2.41,3.0,Yes,No,Not At Risk
ST05304,23,Female,Computer Science,94.4,62.3,63.5,78.7,1.9,3.76,3.0,,No,Not At Risk
ST03118,23,Female,Software Engineering,66.8,63.8,90.9,40.2,5.0,2.11,7.0,Yes,Yes,Not At Risk
ST00080,18,Male,Data Science,79.3,79.3,69.9,39.9,12.7,3.04,4.0,Yes,Yes,Not At Risk
ST05632,24,Female,IT,74.0,92.8,75.6,54.4,4.2,2.94,3.0,Yes,Yes,At Risk
ST02404,24,Female,Data Science,59.5,79.8,50.3,83.6,10.5,2.88,7.0,Yes,No,Not At Risk
ST05054,18,Male,Software Engineering,72.3,85.6,71.6,84.2,0.5,3.1,8.0,No,No,Not At Risk
ST02818,19,Male,Computer Science,100.0,76.0,72.0,43.4,3.4,2.37,4.0,Yes,Yes,Not At Risk
ST06676,23,Male,Computer Science,84.0,45.0,59.5,89.3,6.3,3.37,6.0,Yes,Yes,Not At Risk
ST04423,22,Female,Computer Science,84.6,58.1,85.2,68.9,5.0,2.77,4.0,Yes,No,Not At Risk
ST10079,23,Male,Software Engineering,67.2,36.1,69.5,18.7,12.7,2.74,5.0,Yes,No,Not At Risk
ST05285,21,female,Software Engineering,95.9,80.7,68.4,25.5,2.4,3.19,3.0,Yes,No,At Risk
ST00335,22,Female,Software Engineering,70.2,76.7,56.7,65.1,2.5,3.52,8.0,Yes,No,Not At Risk
ST08080,24,Male,Software Engineering,100.0,79.5,56.3,,5.0,3.09,6.0,Yes,Yes,Not At Risk
ST10907,22,Male,,97.7,59.7,67.3,21.8,5.6,1.85,1.0,Yes,Yes,Not At Risk
ST04281,25,Male,Data Science,79.8,66.3,48.2,56.0,3.0,2.65,6.0,Yes,Yes,Not At Risk
ST07457,20,Female,IT,81.4,63.6,94.3,81.1,4.3,2.91,5.0,Yes,No,Not At Risk
ST00924,24,Female,Computer Science,76.4,87.2,76.6,75.3,8.4,2.15,5.0,Yes,No,Not At Risk
ST05352,18,Male,Computer Science,74.0,54.3,59.6,82.2,3.9,3.58,5.0,Yes,No,Not At Risk
ST07478,25,Female,Computer Science,81.9,73.3,96.9,82.1,1.4,3.13,3.0,Yes,Yes,Not At Risk
ST03220,25,Female,IT,100.0,84.5,94.0,80.9,8.8,2.93,4.0,Yes,Yes,Not At Risk
ST11174,20,Male,Software Engineering,82.8,52.9,81.7,44.5,7.9,4.0,2.0,Yes,No,Not At Risk
ST03343,19,Female,Computer Science,69.3,59.7,88.5,74.3,7.8,2.95,3.0,Yes,No,Not At Risk
ST01170,18,Female,Computer Science,64.0,69.0,64.4,66.2,2.9,3.98,1.0,Yes,No,Not At Risk
ST07935,24,Male,Data Science,78.1,55.6,91.2,23.2,4.3,3.24,3.0,Yes,No,At Risk
ST00053,24,Female,Computer Science,91.7,62.2,79.9,72.5,5.0,2.11,3.0,Yes,No,Not At Risk
ST06304,21,Female,IT,80.0,60.0,72.9,89.2,12.1,2.99,1.0,Yes,No,Not At Risk
ST06376,20,Female,Data Science,75.8,84.1,94.8,68.5,7.7,2.09,1.0,Yes,No,Not At Risk
ST03994,25,Male,Software Engineering,87.3,45.9,91.8,34.2,1.2,2.05,2.0,No,No,At Risk
ST02570,19,Male,IT,57.4,87.2,61.7,92.8,9.9,3.27,3.0,Yes,Yes,Not At Risk
ST02835,18,Female,IT,76.6,63.7,34.0,74.5,5.6,3.62,7.0,Yes,No,At Risk
ST02435,20,Male,IT,60.0,77.6,47.5,86.1,3.9,3.16,4.0,Yes,No,Not At Risk
ST06869,18,Female,Software Engineering,73.3,70.1,68.8,87.1,5.1,3.04,4.0,Yes,No,Not At Risk
ST09285,19,Female,IT,100.0,81.0,87.9,26.1,5.3,1.94,2.0,Yes,No,Not At Risk
ST07695,19,Male,IT,93.0,82.2,52.8,57.7,2.6,2.75,,Yes,No,Not At Risk
ST06849,23,Male,Computer Science,88.9,58.9,35.2,22.9,11.2,1.7,3.0,Yes,Yes,Not At Risk
ST06755,25,Male,Data Science,89.8,62.5,83.7,86.4,2.0,3.52,4.0,Yes,No,Not At Risk
ST07180,20,Male,Software Engineering,95.9,86.8,54.1,62.7,4.6,3.68,6.0,Yes,Yes,Not At Risk
ST11234,24,female,IT,80.0,88.3,83.3,65.3,7.1,3.81,4.0,No,No,Not At Risk
ST06921,23,Female,IT,96.0,45.4,66.7,59.1,6.1,2.64,3.0,Yes,No,Not At Risk
ST05434,18,Female,Software Engineering,90.9,69.2,100.0,78.1,4.0,2.64,7.0,Yes,Yes,Not At Risk
ST05509,21,Male,IT,46.3,59.7,56.0,53.6,3.7,3.0,5.0,Yes,Yes,At Risk
ST08906,23,Male,IT,61.2,59.6,69.2,82.8,4.0,3.36,0.0,Yes,Yes,Not At Risk
ST05522,23,Male,IT,77.0,67.7,64.3,48.7,5.8,2.59,2.0,No,Yes,Not At Risk
ST03678,18,Female,Software Engineering,78.8,85.1,74.9,57.8,3.8,2.66,4.0,Yes,No,Not At Risk
ST11641,19,Female,IT,79.9,59.5,80.1,60.0,6.9,2.81,4.0,Yes,Yes,At Risk
ST03604,23,Male,Software Engineering,62.9,81.5,66.9,79.9,4.1,3.58,4.0,,No,Not At Risk
ST05732,22,Female,Computer Science,65.4,71.8,76.3,58.5,3.0,2.74,3.0,No,Yes,Not At Risk
ST05879,23,Female,,70.3,69.7,89.3,70.6,1.1,3.3,4.0,Yes,Yes,Not At Risk
ST02215,20,Female,Computer Science,91.5,95.4,70.4,85.2,7.3,3.19,6.0,Yes,No,Not At Risk
ST00215,18,Male,Computer Science,76.5,85.5,67.0,62.1,4.1,3.99,3.0,Yes,Yes,Not At Risk
ST00721,24,Male,Software Engineering,84.7,91.8,77.6,55.9,3.9,3.31,2.0,Yes,No,Not At Risk
ST04505,18,Male,IT,99.3,50.0,75.2,55.1,7.5,1.68,5.0,Yes,No,Not At Risk
ST07377,23,Male,IT,80.8,74.7,67.6,68.3,8.5,3.33,6.0,Yes,No,Not At Risk
ST09079,19,Female,IT,75.4,92.2,72.0,60.7,5.1,2.55,6.0,Yes,No,Not At Risk
ST03954,18,Female,Software Engineering,90.8,57.2,55.6,58.5,1.3,2.43,6.0,Yes,No,Not At Risk
ST11554,25,Female,Computer Science,82.3,37.9,54.8,50.3,13.6,2.94,6.0,Yes,No,At Risk
ST11127,18,Male,Software Engineering,74.6,69.5,68.3,51.6,4.8,3.12,2.0,Yes,Yes,Not At Risk
ST10536,18,Female,IT,80.2,74.2,53.5,72.0,7.8,2.83,1.0,Yes,No,Not At Risk
ST01277,25,Male,IT,78.5,51.6,77.0,76.0,5.5,2.45,5.0,Yes,No,Not At Risk
ST04704,25,Male,Software Engineering,81.1,78.8,49.4,100.0,6.1,2.34,4.0,Yes,Yes,Not At Risk
ST03957,24,Male,Data Science,94.4,61.5,54.9,75.3,12.1,2.62,4.0,Yes,Yes,Not At Risk
ST01409,22,Male,Data Science,82.2,78.6,74.9,53.3,2.2,1.4,5.0,Yes,Yes,Not At Risk
ST11938,23,Female,Software Engineering,73.7,70.7,81.3,55.8,8.5,2.22,2.0,Yes,No,Not At Risk
ST11262,24,Female,IT,89.6,61.8,73.9,64.5,11.0,2.81,6.0,Yes,Yes,Not At Risk
ST07918,21,Female,Computer Science,75.6,36.4,65.7,62.7,9.0,3.44,3.0,Yes,No,Not At Risk
ST07946,19,Female,Computer Science,81.4,72.3,47.3,67.0,3.5,3.79,3.0,No,No,Not At Risk
ST04491,23,Female,Data Science,83.6,88.6,77.1,87.1,11.3,2.96,3.0,Yes,No,Not At Risk
ST07953,19,Male,Computer Science,94.6,61.5,57.5,65.1,15.3,3.42,5.0,Yes,Yes,Not At Risk
ST01153,25,Male,Software Engineering,94.6,56.1,64.0,26.4,5.7,4.0,3.0,Yes,No,Not At Risk
ST11487,23,Female,Data Science,100.0,75.0,51.6,39.2,3.2,2.74,4.0,Yes,Yes,Not At Risk
ST00437,18,Female,Computer Science,75.6,61.8,61.1,46.5,6.2,3.29,4.0,Yes,No,Not At Risk
ST09748,21,Female,Computer Science,82.4,49.9,73.3,92.6,6.8,3.68,5.0,Yes,Yes,Not At Risk
ST08204,25,Male,Software Engineering,78.4,65.6,72.1,34.2,6.1,2.3,1.0,Yes,Yes,Not At Risk
ST00839,25,Male,Software Engineering,69.0,64.8,43.1,41.8,3.8,2.5,3.0,Yes,Yes,Not At Risk
ST06170,22,Male,Computer Science,75.4,74.3,91.7,43.8,4.1,2.73,4.0,Yes,Yes,Not At Risk
ST02827,24,Female,Computer Science,89.9,84.6,94.9,68.8,11.2,2.69,4.0,Yes,No,Not At Risk
ST11625,19,Male,Software Engineering,68.1,55.3,72.2,62.8,7.7,2.38,6.0,Yes,Yes,At Risk
ST05453,19,Female,IT,82.1,55.8,38.3,51.3,5.0,1.88,4.0,No,No,Not At Risk
ST04065,18,Female,IT,83.3,94.4,50.2,43.7,4.0,2.68,2.0,Yes,No,Not At Risk
ST11950,19,Female,Computer Science,81.6,45.9,80.3,58.0,8.3,2.55,3.0,Yes,Yes,Not At Risk
ST06410,23,Female,Computer Science,75.2,73.0,90.3,70.8,7.9,2.72,4.0,Yes,No,Not At Risk
ST11587,18,Female,Data Science,92.1,74.0,69.0,44.5,5.6,3.67,4.0,Yes,Yes,Not At Risk
ST08295,21,Female,Data Science,81.2,68.0,63.4,68.4,8.6,3.93,4.0,Yes,No,Not At Risk
ST05286,18,Male,Computer Science,92.5,71.2,90.5,42.2,4.2,2.51,2.0,Yes,Yes,Not At Risk
ST08261,18,Male,Computer Science,84.2,89.1,87.7,86.9,4.8,3.68,9.0,Yes,No,Not At Risk
ST05810,20,Male,IT,84.7,57.4,72.3,89.5,7.5,2.39,4.0,Yes,No,Not At Risk
ST02717,25,Male,Computer Science,67.1,75.8,69.6,70.7,7.9,2.57,2.0,Yes,Yes,Not At Risk
ST04854,22,Male,Computer Science,95.0,59.8,51.5,47.1,2.3,4.0,3.0,Yes,No,Not At Risk
ST10770,24,Female,Computer Science,56.1,91.6,81.6,55.2,3.0,2.04,7.0,Yes,Yes,At Risk
ST06664,24,Male,Computer Science,99.3,76.1,67.3,44.2,1.8,3.04,4.0,Yes,No,Not At Risk
ST11800,23,Female,Computer Science,81.2,70.1,52.7,80.7,4.5,3.54,1.0,Yes,Yes,Not At Risk
ST06530,19,Male,Computer Science,76.1,64.7,66.5,50.8,5.6,2.91,6.0,Yes,Yes,Not At Risk
ST06056,20,Female,Software Engineering,73.9,68.6,47.1,93.8,11.6,3.37,3.0,Yes,Yes,Not At Risk
ST11983,18,Male,Software Engineering,84.0,61.0,65.7,52.4,3.6,2.09,4.0,Yes,Yes,At Risk
ST06356,23,Male,Data Science,72.3,65.7,73.6,47.7,6.4,2.6,5.0,Yes,No,Not At Risk
ST03257,23,Female,Data Science,98.5,70.9,48.8,57.0,6.2,3.46,6.0,Yes,Yes,Not At Risk
ST02584,25,Male,,94.3,67.6,83.2,,18.1,1.91,4.0,Yes,No,Not At Risk
ST08865,21,Female,Computer Science,89.0,80.1,56.5,51.3,2.8,3.31,3.0,Yes,Yes,Not At Risk
ST09191,23,Female,Data Science,78.5,77.1,47.1,73.7,15.2,3.56,2.0,,No,Not At Risk
ST09146,18,Male,Software Engineering,100.0,54.0,67.5,47.3,4.6,2.9,2.0,Yes,No,Not At Risk
ST00860,23,Female,IT,100.0,68.0,99.4,79.4,1.8,3.79,4.0,Yes,Yes,Not At Risk
ST08975,22,M,Computer Science,88.9,73.2,61.1,25.3,2.3,2.83,6.0,Yes,Yes,Not At Risk
ST05005,18,Female,Software Engineering,96.2,79.9,80.4,20.4,9.0,1.37,7.0,No,Yes,Not At Risk
ST07392,18,Female,Software Engineering,70.7,70.7,54.6,55.7,6.2,2.98,1.0,Yes,Yes,At Risk
ST06968,18,Female,IT,74.4,36.9,68.1,65.1,2.5,4.0,1.0,Yes,No,At Risk
ST08026,21,Female,IT,95.1,63.4,56.0,79.5,10.1,2.49,2.0,Yes,No,Not At Risk
ST10126,23,Female,Software Engineering,75.3,76.0,67.1,23.7,2.9,3.55,3.0,Yes,No,At Risk
ST08902,22,Male,Computer Science,63.3,83.1,32.6,59.3,3.7,2.26,4.0,Yes,Yes,Not At Risk
ST09618,20,Male,Software Engineering,78.0,63.5,83.0,81.0,1.9,2.57,3.0,Yes,Yes,Not At Risk
ST09716,24,Male,Software Engineering,100.0,62.7,73.5,44.7,4.6,2.71,2.0,Yes,Yes,Not At Risk
ST03624,21,Male,Software Engineering,54.1,52.9,63.6,51.4,2.9,4.0,4.0,Yes,Yes,Not At Risk
ST02842,18,Female,Software Engineering,86.7,86.1,42.4,67.9,16.5,3.69,3.0,Yes,Yes,Not At Risk
ST00251,21,Male,IT,78.7,67.1,69.9,53.9,4.0,1.56,2.0,Yes,No,Not At Risk
ST11347,23,Female,Software Engineering,90.6,72.3,64.3,58.8,0.4,2.28,7.0,No,No,Not At Risk
ST03946,20,Female,IT,99.6,58.1,77.2,46.8,8.5,3.06,2.0,Yes,Yes,Not At Risk
ST10616,21,Female,IT,64.1,67.9,66.2,68.3,4.1,2.46,1.0,Yes,No,Not At Risk
ST11701,25,Female,Software Engineering,87.3,78.1,39.4,76.2,4.5,2.79,6.0,Yes,Yes,At Risk
ST10220,21,Male,Software Engineering,83.4,47.0,83.0,64.4,4.9,3.26,3.0,Yes,Yes,Not At Risk
ST02851,24,Female,Data Science,96.6,80.9,52.4,25.9,4.8,3.59,3.0,Yes,No,Not At Risk
ST00673,24,Female,Data Science,66.5,57.2,70.4,90.8,11.5,2.41,5.0,Yes,No,Not At Risk
ST04512,24,Female,Computer Science,62.9,78.7,38.7,21.0,15.5,3.05,4.0,Yes,No,Not At Risk
ST03103,21,Male,Data Science,85.0,96.1,98.4,44.4,4.2,2.84,3.0,Yes,Yes,Not At Risk
ST05896,20,Female,Software Engineering,84.1,87.2,89.2,53.5,9.7,4.0,3.0,Yes,No,Not At Risk
ST10328,22,Male,Data Science,65.9,92.0,50.8,97.2,2.9,2.97,4.0,Yes,No,Not At Risk
ST09381,24,Male,Computer Science,65.8,40.6,66.4,70.1,4.0,3.8,4.0,Yes,Yes,Not At Risk
ST08384,22,Male,Software Engineering,71.0,46.7,44.8,68.1,7.2,2.62,4.0,Yes,Yes,Not At Risk
ST03916,19,Male,IT,76.4,81.1,59.6,59.3,3.0,3.49,3.0,Yes,Yes,Not At Risk
ST02452,24,Male,Data Science,87.6,50.8,69.5,92.2,4.6,2.89,5.0,No,Yes,Not At Risk
ST04222,24,Male,Computer Science,70.4,61.8,64.2,76.6,6.7,2.48,2.0,Yes,No,Not At Risk
ST10818,22,Female,Data Science,67.8,88.6,83.1,57.9,8.0,2.65,5.0,,No,Not At Risk
ST09229,18,Female,Software Engineering,79.7,58.9,78.8,78.9,7.7,3.89,3.0,No,Yes,Not At Risk
ST00759,20,Female,Computer Science,71.4,41.0,73.7,86.5,11.8,3.58,5.0,No,No,Not At Risk
ST00953,23,Female,Computer Science,87.2,79.5,74.1,52.8,5.1,2.75,3.0,Yes,No,Not At Risk
ST08554,22,Female,IT,79.3,79.9,70.4,86.2,8.1,2.77,2.0,No,No,Not At Risk
ST03077,24,Female,Data Science,64.2,55.4,76.0,39.6,4.7,4.0,6.0,Yes,No,Not At Risk
ST11224,21,Female,IT,73.9,39.7,54.5,55.3,5.5,4.0,5.0,Yes,Yes,Not At Risk
ST07474,25,Male,Software Engineering,80.0,68.3,73.9,63.7,4.0,3.19,4.0,Yes,No,Not At Risk
ST10452,20,Male,Data Science,79.7,61.6,47.8,83.2,3.3,2.38,7.0,,No,Not At Risk
ST09712,21,Male,Data Science,75.0,80.9,50.7,47.3,2.5,2.75,1.0,No,No,At Risk
ST09837,18,Male,Computer Science,95.0,81.2,27.8,59.7,7.6,3.51,4.0,Yes,Yes,Not At Risk
ST07681,20,Male,Computer Science,60.0,63.0,60.5,64.1,4.0,3.29,3.0,Yes,No,At Risk
ST10551,18,Female,IT,66.2,69.7,56.7,56.1,1.4,2.56,6.0,Yes,Yes,Not At Risk
ST03812,20,Male,Computer Science,78.4,88.5,34.0,77.2,1.6,4.0,4.0,Yes,No,Not At Risk
ST07439,18,Female,Software Engineering,68.1,47.3,92.3,73.9,3.8,1.31,2.0,No,Yes,Not At Risk
ST06118,21,Female,Computer Science,100.0,75.3,57.3,98.7,4.6,3.04,5.0,Yes,No,Not At Risk
ST01599,18,Male,Computer Science,88.6,70.8,68.0,61.2,14.7,1.81,3.0,Yes,No,Not At Risk
ST03084,19,female,IT,98.8,71.9,78.0,68.8,4.9,2.65,7.0,Yes,Yes,Not At Risk
ST03070,23,Male,Computer Science,100.0,62.7,62.0,93.9,7.3,2.42,7.0,Yes,No,Not At Risk
ST10226,22,Female,IT,95.2,66.8,55.6,85.3,14.1,3.18,1.0,Yes,Yes,Not At Risk
ST04240,24,Female,Software Engineering,98.7,62.9,67.1,50.9,7.0,2.61,3.0,Yes,No,Not At Risk
ST00146,19,Female,Data Science,100.0,67.5,65.7,94.8,8.7,3.51,3.0,Yes,No,Not At Risk
ST08253,19,Male,Data Science,83.4,92.4,47.9,76.7,6.3,3.53,4.0,Yes,No,Not At Risk
ST04577,20,Female,Computer Science,74.6,87.4,82.9,62.8,6.8,3.48,5.0,Yes,No,Not At Risk
ST06742,24,Male,Data Science,86.0,84.4,64.1,83.8,5.7,2.79,3.0,No,No,Not At Risk
ST10315,24,Male,Software Engineering,81.4,88.2,64.9,65.4,5.4,2.66,4.0,Yes,Yes,Not At Risk
ST10308,18,Male,Data Science,73.6,57.2,31.5,40.0,17.7,3.01,3.0,Yes,No,Not At Risk
ST07962,22,Female,Software Engineering,100.0,53.6,63.0,83.6,7.7,3.48,8.0,Yes,No,Not At Risk
ST05033,20,Female,Software Engineering,92.9,74.2,90.9,35.0,12.0,2.97,7.0,Yes,Yes,At Risk
ST04928,19,Male,Computer Science,77.4,68.8,67.5,63.9,1.8,3.63,2.0,Yes,No,Not At Risk
ST06025,21,Female,Computer Science,73.7,85.9,52.2,57.1,5.0,3.17,2.0,Yes,No,Not At Risk
ST06787,22,Male,Computer Science,72.1,64.5,48.2,67.2,6.7,3.82,2.0,Yes,No,Not At Risk
ST00843,25,Female,Computer Science,83.4,40.5,100.0,80.1,2.9,2.59,3.0,Yes,No,Not At Risk
ST02478,23,Female,Computer Science,82.4,55.7,65.0,48.7,2.7,2.79,3.0,Yes,No,Not At Risk
ST06387,19,Male,Computer Science,75.7,57.4,87.5,50.4,5.6,2.7,5.0,Yes,No,Not At Risk
ST04093,25,Female,Data Science,59.2,59.6,40.5,70.5,4.6,2.36,5.0,Yes,No,Not At Risk
ST11555,20,Male,Software Engineering,90.3,50.1,62.6,65.7,9.4,3.89,2.0,Yes,Yes,Not At Risk
ST02137,24,Male,Software Engineering,71.3,77.8,30.5,70.7,8.6,3.87,3.0,Yes,Yes,Not At Risk
ST00919,22,Female,Software Engineering,66.6,50.6,82.0,48.7,4.6,2.92,7.0,Yes,No,At Risk
ST00491,24,Female,Computer Science,87.4,64.5,64.9,53.9,12.3,2.94,6.0,Yes,No,Not At Risk
ST07832,20,Female,Data Science,94.1,80.3,80.0,72.5,2.5,2.58,6.0,Yes,No,Not At Risk
ST04159,21,Female,Computer Science,91.4,79.3,45.3,81.6,3.5,3.06,5.0,Yes,Yes,Not At Risk
ST06352,20,Female,Software Engineering,65.5,73.0,77.2,49.4,6.6,2.73,2.0,Yes,Yes,Not At Risk
ST02624,21,Female,Data Science,80.7,89.8,67.0,76.3,7.0,3.04,1.0,Yes,Yes,Not At Risk
ST08152,20,Female,Data Science,68.9,51.7,76.1,77.5,3.2,2.91,4.0,Yes,No,At Risk
ST02837,20,Female,IT,70.8,76.1,55.5,73.1,8.6,3.23,3.0,Yes,No,Not At Risk
ST06317,22,Male,Computer Science,72.9,99.7,65.3,73.8,6.5,3.21,8.0,Yes,No,At Risk
ST02580,21,Male,Data Science,96.7,42.5,53.0,83.5,3.6,2.41,5.0,Yes,No,At Risk
ST11342,20,Male,Data Science,84.0,56.0,69.8,52.0,5.7,3.58,9.0,Yes,Yes,Not At Risk
ST06649,24,Male,Computer Science,89.0,44.3,57.9,72.3,6.4,3.26,4.0,Yes,Yes,Not At Risk
ST08365,19,Female,Computer Science,92.2,70.3,88.3,100.0,2.2,2.38,6.0,Yes,No,Not At Risk
ST00017,22,Male,Software Engineering,82.3,83.1,47.1,45.2,13.6,2.97,5.0,Yes,No,Not At Risk
ST06409,25,Female,Software Engineering,99.4,62.1,73.4,72.9,5.5,1.87,4.0,Yes,No,Not At Risk
ST11977,19,Female,Data Science,98.2,70.9,81.2,71.2,10.7,2.92,2.0,Yes,Yes,Not At Risk
ST11895,21,Female,Computer Science,85.1,73.0,40.1,46.0,4.4,3.41,1.0,Yes,Yes,Not At Risk
ST05410,21,Male,Software Engineering,62.2,79.2,65.5,68.8,6.2,1.89,1.0,Yes,Yes,At Risk
ST11619,25,Female,Software Engineering,83.3,100.0,69.8,80.8,4.8,2.69,1.0,Yes,No,Not At Risk
ST08471,24,Female,Computer Science,89.4,51.4,67.1,63.4,6.9,3.03,9.0,Yes,No,Not At Risk
ST09615,23,Male,Computer Science,91.8,82.2,72.7,34.8,9.2,3.36,4.0,Yes,Yes,Not At Risk
ST06024,19,Female,Data Science,79.9,64.7,65.4,88.3,2.9,2.53,5.0,Yes,Yes,Not At Risk
ST01239,22,Female,Software Engineering,86.6,43.0,100.0,97.2,7.3,3.13,0.0,Yes,No,Not At Risk
ST01285,21,Female,IT,89.4,72.7,52.1,61.4,10.5,3.96,,Yes,Yes,Not At Risk
ST02090,25,Female,,66.1,52.1,66.1,59.9,4.9,2.64,3.0,Yes,Yes,Not At Risk
ST09183,24,Male,Data Science,79.7,59.1,84.0,53.3,3.0,3.01,4.0,Yes,Yes,Not At Risk
ST10109,23,Female,,87.4,75.1,55.3,79.8,12.7,2.82,5.0,Yes,Yes,Not At Risk
ST10058,21,Female,Computer Science,83.2,71.7,71.3,81.3,8.7,4.0,5.0,Yes,No,Not At Risk
ST05243,19,Male,IT,91.2,77.9,81.4,33.9,4.5,4.0,5.0,Yes,Yes,Not At Risk
ST00045,23,Female,Computer Science,78.7,77.8,66.0,57.8,11.7,2.68,5.0,Yes,No,Not At Risk
ST03106,21,Female,Software Engineering,71.7,59.5,46.8,36.2,5.4,2.53,6.0,Yes,Yes,Not At Risk
ST08802,18,Female,Data Science,83.5,68.1,54.8,46.0,11.7,3.05,2.0,Yes,Yes,At Risk
ST04837,20,Male,IT,78.0,84.2,64.0,64.8,3.5,2.46,6.0,Yes,No,Not At Risk
ST03063,19,Female,Computer Science,66.5,69.5,68.6,67.4,13.0,2.93,4.0,Yes,No,Not At Risk
ST04710,25,Male,Computer Science,92.0,57.9,74.8,60.3,5.6,3.6,4.0,Yes,Yes,Not At Risk
ST07963,23,Male,IT,64.4,50.3,64.8,,4.2,2.86,4.0,No,Yes,Not At Risk
ST02035,21,Female,Computer Science,79.2,45.9,73.6,65.6,2.0,2.49,4.0,Yes,No,Not At Risk
ST11285,25,Male,Computer Science,86.6,68.6,53.4,74.2,6.0,3.57,4.0,Yes,No,Not At Risk
ST06761,22,Female,Data Science,94.4,91.6,68.7,68.2,4.7,3.07,4.0,Yes,No,At Risk
ST10504,24,Female,Software Engineering,86.0,71.5,73.0,81.4,4.9,2.83,6.0,Yes,Yes,Not At Risk
ST08444,18,female,Computer Science,94.3,65.1,60.6,98.4,1.7,1.95,6.0,No,Yes,Not At Risk
ST07571,20,Male,Computer Science,92.2,73.4,71.4,34.9,3.2,2.89,6.0,Yes,No,Not At Risk
ST03382,20,Male,Computer Science,78.7,62.3,63.1,70.1,5.0,3.84,2.0,Yes,No,Not At Risk
ST03946,20,Female,IT,99.6,58.1,77.2,46.8,8.5,3.06,2.0,Yes,Yes,Not At Risk
ST11773,24,Male,IT,94.9,99.4,51.7,56.8,3.8,3.0,5.0,Yes,No,Not At Risk
ST11712,25,Female,Software Engineering,86.6,48.8,57.4,92.4,9.9,3.31,4.0,No,No,Not At Risk
ST06474,22,Male,Software Engineering,79.2,79.2,100.0,66.3,4.7,2.61,5.0,Yes,No,At Risk
ST04053,18,Female,Computer Science,75.3,99.0,46.5,65.8,7.0,2.15,3.0,Yes,No,Not At Risk
ST08352,22,Male,Software Engineering,83.9,80.8,61.6,73.9,5.4,3.24,,Yes,No,Not At Risk
ST04293,24,Male,Data Science,83.5,65.9,89.6,73.4,2.9,3.02,3.0,Yes,No,Not At Risk
ST04521,23,Female,Computer Science,79.7,52.2,68.5,62.8,1.1,3.09,5.0,Yes,Yes,Not At Risk
ST08222,18,Male,Computer Science,89.4,58.0,63.6,65.3,7.6,2.76,0.0,No,Yes,Not At Risk
ST10076,19,Male,Computer Science,84.3,57.0,68.4,62.3,6.2,3.9,2.0,Yes,Yes,Not At Risk
ST10682,19,Male,Data Science,82.9,77.0,53.9,69.4,8.4,2.04,,Yes,No,Not At Risk
ST02027,25,Female,Software Engineering,91.1,30.9,58.1,58.6,3.9,2.98,2.0,Yes,Yes,Not At Risk
ST06508,22,M,IT,77.7,57.7,39.9,50.6,10.1,2.61,5.0,Yes,Yes,Not At Risk
ST03008,21,Male,IT,63.6,85.2,75.5,80.5,10.2,2.85,5.0,Yes,Yes,Not At Risk
ST00010,21,Female,Software Engineering,78.0,71.1,100.0,49.6,15.6,3.56,4.0,Yes,No,Not At Risk
ST09120,20,Male,Software Engineering,87.3,55.0,67.4,64.4,5.0,3.14,4.0,Yes,Yes,At Risk
ST05124,23,Male,Data Science,76.0,62.0,74.5,51.0,1.7,3.35,2.0,Yes,Yes,At Risk
ST08399,23,Female,IT,79.2,89.3,87.6,34.3,8.2,3.3,6.0,Yes,No,Not At Risk
ST10797,18,Male,Software Engineering,76.3,58.8,59.6,49.6,1.6,2.6,4.0,Yes,No,At Risk
ST00525,22,Female,Software Engineering,70.1,76.8,77.8,73.8,3.1,2.9,6.0,Yes,Yes,Not At Risk
ST06070,19,Female,Computer Science,95.8,64.4,75.6,64.4,8.6,2.54,4.0,Yes,No,Not At Risk
ST07852,21,Male,Software Engineering,76.1,57.3,75.9,77.5,7.7,2.43,7.0,Yes,No,Not At Risk
ST04420,24,Male,Software Engineering,76.7,65.4,48.3,68.6,3.9,3.55,3.0,Yes,Yes,Not At Risk
ST01249,25,Female,Software Engineering,85.7,56.5,67.7,62.4,7.9,2.01,4.0,Yes,No,Not At Risk
ST05847,24,Female,Software Engineering,86.2,75.3,75.1,76.3,4.2,3.31,5.0,Yes,Yes,Not At Risk
ST10991,20,Female,Computer Science,100.0,60.3,52.5,54.9,1.7,3.14,1.0,Yes,Yes,Not At Risk
ST09159,20,Female,Software Engineering,61.1,59.2,78.1,55.5,5.5,2.39,5.0,Yes,Yes,At Risk
ST03255,22,Male,Data Science,74.0,59.7,62.6,69.9,4.6,1.76,2.0,Yes,Yes,Not At Risk
ST02482,21,Female,Computer Science,78.5,76.9,66.8,95.2,5.0,3.08,5.0,Yes,Yes,Not At Risk
ST09052,25,Male,Computer Science,74.7,69.8,19.5,57.5,3.8,3.58,1.0,Yes,Yes,Not At Risk
ST10992,18,Female,Computer Science,59.1,69.7,64.7,78.0,3.7,2.45,1.0,Yes,Yes,Not At Risk
ST09931,18,Female,Software Engineering,85.1,50.9,66.6,76.5,2.2,3.02,4.0,Yes,No,Not At Risk
ST08032,24,Female,Computer Science,79.4,82.4,82.8,69.8,10.2,3.56,9.0,Yes,Yes,Not At Risk
ST02767,23,Male,Computer Science,91.2,57.0,68.7,83.0,2.5,3.06,5.0,No,No,Not At Risk
ST02227,24,Male,IT,67.7,53.9,53.6,76.0,2.5,4.0,4.0,Yes,No,Not At Risk
ST08208,19,Male,IT,82.9,50.5,79.2,58.4,23.4,3.16,2.0,Yes,No,At Risk
ST00392,25,Female,IT,70.2,38.1,66.6,61.2,4.0,3.11,5.0,Yes,Yes,Not At Risk
ST04204,24,Female,Data Science,87.7,58.0,60.3,56.5,8.2,1.95,2.0,Yes,No,Not At Risk
ST03149,19,Male,IT,61.5,64.6,63.1,82.3,2.7,3.42,7.0,Yes,Yes,Not At Risk
ST07125,19,Female,Computer Science,69.4,69.3,63.3,61.6,6.2,3.1,3.0,Yes,Yes,At Risk
ST04192,23,Female,Software Engineering,74.3,33.7,45.5,65.0,7.1,1.85,3.0,Yes,Yes,Not At Risk
ST02675,24,Female,Software Engineering,82.5,70.2,73.4,65.4,6.2,1.5,4.0,Yes,No,Not At Risk
ST08344,23,Female,Data Science,52.9,64.8,59.1,56.3,5.5,1.61,7.0,Yes,No,At Risk
ST06516,23,Male,Software Engineering,100.0,82.6,43.3,36.2,6.0,2.53,3.0,Yes,No,Not At Risk
ST05470,22,Male,Software Engineering,60.6,59.1,71.2,69.7,4.6,2.41,2.0,Yes,Yes,Not At Risk
ST07576,22,Male,IT,69.2,82.8,67.5,53.4,7.9,4.0,6.0,Yes,No,At Risk
ST04978,22,Male,Computer Science,88.4,49.3,74.5,,11.3,4.0,8.0,Yes,No,Not At Risk
ST10093,20,Female,IT,63.2,89.8,75.1,77.4,9.4,2.27,4.0,Yes,No,Not At Risk
ST11423,18,Female,Computer Science,76.8,64.3,56.9,80.1,5.6,2.96,2.0,Yes,Yes,At Risk
ST11415,19,Male,Computer Science,83.1,51.4,67.6,42.7,7.4,4.0,3.0,Yes,No,Not At Risk
ST01315,25,Female,IT,89.7,88.3,70.3,76.8,8.2,3.2,,Yes,No,Not At Risk
ST07396,25,Female,IT,66.3,70.8,56.9,74.6,4.3,2.45,4.0,Yes,No,At Risk
ST10160,20,Female,Computer Science,78.3,83.6,44.5,70.7,5.9,2.27,5.0,No,No,Not At Risk
ST06011,22,Female,Data Science,71.0,60.7,86.2,,1.2,3.06,8.0,Yes,Yes,At Risk
ST07644,23,Male,IT,100.0,72.8,72.8,31.7,0.6,3.01,4.0,Yes,Yes,Not At Risk
ST01678,19,Female,Software Engineering,66.8,81.7,50.6,96.6,8.6,2.38,5.0,Yes,No,Not At Risk
ST05967,18,Male,Computer Science,76.2,66.7,83.0,46.9,3.1,3.2,2.0,Yes,No,At Risk
ST02365,24,Male,Computer Science,96.8,69.4,60.6,50.8,7.0,3.01,1.0,Yes,No,Not At Risk
ST00257,24,Female,Computer Science,81.3,79.2,90.4,63.8,4.1,3.89,5.0,No,No,Not At Risk
ST07360,21,Female,Computer Science,85.8,62.6,66.4,51.4,14.0,2.95,5.0,Yes,No,Not At Risk
ST07253,22,Male,Software Engineering,78.5,63.9,36.6,60.3,1.1,3.02,5.0,Yes,Yes,Not At Risk
ST02010,22,Male,Computer Science,58.1,74.8,76.8,82.1,12.9,2.56,5.0,Yes,Yes,At Risk
ST01523,20,Male,,96.3,73.4,67.5,67.4,4.5,2.39,5.0,Yes,Yes,Not At Risk
ST10351,20,Male,Software Engineering,92.6,70.2,84.5,85.4,3.9,2.85,7.0,Yes,No,Not At Risk
ST10289,24,Female,Computer Science,74.2,40.3,27.9,,3.6,3.11,3.0,Yes,No,Not At Risk
ST07859,23,Female,Software Engineering,75.1,66.2,62.5,68.1,3.8,2.69,4.0,Yes,No,Not At Risk
ST03221,19,Male,IT,78.4,73.1,70.2,61.2,3.7,3.27,0.0,Yes,Yes,Not At Risk
ST07004,23,Male,IT,78.7,54.0,79.8,58.9,3.5,3.12,4.0,,Yes,At Risk
ST09500,20,Male,Data Science,72.5,58.4,71.1,44.7,4.4,2.03,7.0,Yes,Yes,At Risk
ST11435,20,Female,IT,88.9,61.1,72.1,75.7,4.9,3.98,3.0,Yes,No,Not At Risk
ST02045,21,Female,Computer Science,71.6,50.5,84.4,94.6,1.6,2.32,3.0,,No,Not At Risk
ST09671,25,Female,Computer Science,73.4,93.1,88.7,57.1,12.5,2.21,5.0,Yes,Yes,Not At Risk
ST07522,21,Female,Computer Science,100.0,83.7,76.2,58.1,9.5,4.0,,Yes,No,Not At Risk
ST11544,20,Female,Data Science,62.3,93.2,47.5,54.2,9.2,2.46,2.0,Yes,No,Not At Risk
ST02123,19,Male,IT,90.0,54.2,54.6,28.0,7.8,3.14,4.0,Yes,No,At Risk
ST10513,24,Male,Data Science,81.4,63.4,84.8,58.8,3.6,2.56,1.0,Yes,No,Not At Risk
ST06227,22,Male,Computer Science,85.8,62.7,64.6,93.7,3.3,2.89,3.0,Yes,No,At Risk
ST08002,22,Female,Computer Science,87.1,67.5,73.6,44.6,4.8,2.75,3.0,Yes,No,At Risk
ST09678,18,Male,Data Science,89.0,79.8,78.3,51.4,3.7,3.77,1.0,Yes,No,Not At Risk
ST05693,18,female,Software Engineering,92.0,84.2,64.2,75.0,8.0,2.57,4.0,Yes,No,Not At Risk
ST00486,23,Male,,73.2,81.4,40.3,79.4,1.6,2.89,4.0,Yes,No,Not At Risk
ST05920,23,Female,IT,100.0,48.9,60.6,31.0,11.6,4.0,1.0,Yes,Yes,Not At Risk
ST02507,23,Male,Data Science,77.1,75.0,66.9,80.2,6.2,4.0,4.0,No,No,Not At Risk
ST11614,23,Female,IT,93.2,70.0,62.3,84.6,4.2,2.6,5.0,Yes,No,Not At Risk
ST07547,19,Female,Computer Science,73.5,52.4,85.5,,3.7,2.71,2.0,Yes,Yes,Not At Risk
ST11768,18,Female,IT,69.8,65.8,68.0,86.0,5.2,3.14,1.0,Yes,No,Not At Risk
ST04929,21,Male,Software Engineering,70.3,78.2,79.0,56.8,8.2,3.33,5.0,Yes,No,At Risk
ST10556,24,Female,Computer Science,90.9,48.9,77.5,59.0,7.2,4.0,0.0,Yes,No,Not At Risk
ST07498,25,Female,Data Science,79.9,86.7,96.8,74.6,5.1,4.0,7.0,Yes,No,Not At Risk
ST00428,20,M,IT,96.6,87.5,65.9,61.3,4.5,2.56,8.0,Yes,Yes,Not At Risk
ST01662,24,Male,Computer Science,69.3,77.6,76.7,58.1,19.9,2.73,7.0,Yes,No,At Risk
ST01054,21,Female,Computer Science,79.5,70.2,76.2,85.0,3.8,3.45,3.0,Yes,Yes,Not At Risk
ST10942,25,Male,Computer Science,90.0,83.6,55.2,75.5,6.3,1.62,3.0,Yes,Yes,Not At Risk
ST07676,18,Male,Computer Science,66.1,97.5,79.3,85.8,2.2,2.79,4.0,Yes,Yes,Not At Risk
ST09922,24,Male,IT,87.9,75.8,56.5,54.4,5.0,2.71,3.0,Yes,Yes,Not At Risk
ST07076,18,Female,Computer Science,68.6,58.8,62.6,52.7,3.5,2.35,3.0,Yes,No,At Risk
ST03232,24,Male,Computer Science,60.7,85.3,60.0,76.8,5.7,3.21,6.0,Yes,No,Not At Risk
ST02855,23,Male,Computer Science,86.1,83.8,77.4,59.9,7.0,3.28,2.0,Yes,Yes,Not At Risk
ST04538,19,Male,IT,91.2,65.6,74.1,75.3,4.1,2.34,4.0,Yes,No,Not At Risk
ST10446,20,Male,Software Engineering,95.4,51.0,68.2,94.7,13.8,2.01,2.0,Yes,No,Not At Risk
ST04901,25,Female,Computer Science,75.0,70.5,78.3,89.9,5.0,3.57,7.0,Yes,No,At Risk
ST07738,20,Female,Computer Science,75.6,71.5,83.4,55.1,16.8,2.41,7.0,Yes,Yes,At Risk
ST03300,25,Female,Software Engineering,81.2,85.5,42.5,52.7,8.4,1.44,3.0,Yes,Yes,Not At Risk
ST04026,23,Male,IT,83.1,74.9,71.3,65.2,3.8,4.0,6.0,,No,Not At Risk
ST03521,23,Male,Computer Science,95.8,67.6,73.4,46.9,3.6,3.85,5.0,Yes,No,Not At Risk
ST01293,22,Male,,83.9,64.0,63.7,69.5,5.4,2.88,5.0,Yes,No,Not At Risk
ST11590,22,Female,Computer Science,100.0,58.7,73.9,91.7,3.3,2.33,10.0,Yes,No,Not At Risk
ST09577,21,Male,IT,82.5,81.0,67.8,39.3,11.4,3.12,3.0,Yes,No,Not At Risk
ST00630,25,Female,Computer Science,94.6,73.9,72.3,83.0,3.4,2.86,2.0,,No,Not At Risk
ST11980,18,Female,Data Science,100.0,76.2,69.9,39.2,4.0,2.93,2.0,Yes,Yes,Not At Risk
ST10280,18,Male,Computer Science,80.9,59.9,74.9,71.2,2.3,3.35,4.0,Yes,Yes,Not At Risk
ST10595,20,Female,IT,84.1,79.5,51.7,54.3,2.7,3.29,4.0,Yes,No,Not At Risk
ST11894,23,Male,Software Engineering,83.3,64.4,70.4,50.7,2.0,2.86,7.0,Yes,No,Not At Risk
ST05832,21,Male,Computer Science,100.0,80.8,70.1,76.1,6.2,3.28,2.0,Yes,Yes,Not At Risk
ST04030,22,Female,Computer Science,66.4,65.6,67.4,44.5,7.5,3.64,3.0,Yes,Yes,At Risk
ST11766,24,Male,Data Science,89.0,65.8,47.9,86.9,1.6,2.61,3.0,Yes,No,Not At Risk
ST01200,24,Male,Computer Science,82.2,50.5,70.9,61.8,7.2,2.1,5.0,Yes,Yes,Not At Risk
ST08045,24,Female,Computer Science,65.8,74.5,59.5,59.2,4.8,4.0,4.0,Yes,No,Not At Risk
ST10692,25,Male,IT,100.0,61.9,51.2,80.9,10.5,3.07,3.0,Yes,Yes,Not At Risk
ST06028,21,Male,IT,60.8,62.9,76.2,51.6,6.6,1.84,4.0,Yes,No,At Risk
ST10406,23,Male,Computer Science,93.1,54.2,77.4,57.3,6.5,3.12,2.0,Yes,No,Not At Risk
ST10062,24,Female,Computer Science,94.3,66.2,79.3,86.3,9.8,2.77,6.0,Yes,Yes,Not At Risk
ST02656,19,Male,Computer Science,71.7,68.2,100.0,58.9,3.6,3.03,2.0,Yes,Yes,Not At Risk
ST00561,20,Female,IT,64.1,90.4,53.8,85.5,2.5,3.33,4.0,Yes,No,Not At Risk
ST02487,21,Male,Data Science,85.7,73.2,67.6,49.1,4.8,3.52,6.0,Yes,Yes,Not At Risk
ST05117,21,Male,Data Science,68.9,57.5,45.0,71.6,7.0,1.7,5.0,Yes,No,At Risk
ST03066,25,Female,Software Engineering,77.4,59.9,47.9,53.3,2.0,2.69,5.0,Yes,No,Not At Risk
ST04102,21,Female,Data Science,100.0,76.8,81.7,66.2,10.8,2.83,2.0,Yes,No,Not At Risk
ST07060,20,Female,IT,48.7,60.3,82.6,63.2,2.1,3.3,6.0,Yes,Yes,Not At Risk
ST01229,18,Male,IT,76.0,50.3,64.1,100.0,14.3,1.64,5.0,Yes,Yes,Not At Risk
ST03838,21,Male,Computer Science,87.9,57.4,56.2,89.0,6.0,3.54,4.0,Yes,Yes,Not At Risk
ST04738,23,Female,IT,83.4,92.2,39.6,59.0,3.6,1.78,8.0,Yes,No,Not At Risk
ST06509,18,Female,Computer Science,92.6,74.3,78.7,95.2,8.2,1.72,4.0,Yes,No,Not At Risk
ST08443,22,Male,Computer Science,85.4,83.6,77.5,61.7,7.7,3.29,5.0,Yes,No,Not At Risk
ST02907,23,Female,IT,79.4,68.0,52.8,74.9,6.5,2.28,4.0,Yes,No,Not At Risk
ST01891,20,Male,IT,94.4,50.2,72.8,60.9,16.3,3.39,2.0,Yes,No,Not At Risk
ST09153,19,Female,Data Science,93.0,66.8,85.8,53.1,7.3,3.56,7.0,Yes,Yes,Not At Risk
ST02924,25,Male,Software Engineering,71.8,86.2,72.5,81.8,4.4,3.28,4.0,Yes,No,Not At Risk
ST08105,21,Male,Software Engineering,79.7,62.5,77.8,,19.1,3.7,3.0,Yes,Yes,Not At Risk
ST00837,22,Female,IT,81.9,64.7,68.2,65.7,3.2,2.9,5.0,,Yes,Not At Risk
ST07266,18,Male,Software Engineering,93.7,66.1,89.5,44.3,0.6,3.5,4.0,Yes,No,Not At Risk
ST10684,23,Male,Data Science,83.4,74.9,64.9,46.0,5.1,2.71,3.0,Yes,No,Not At Risk
ST03351,22,Male,Data Science,77.1,57.1,37.3,,7.5,3.71,3.0,Yes,Yes,Not At Risk
ST03370,22,Female,Computer Science,89.0,71.2,59.0,86.5,4.6,3.44,6.0,Yes,Yes,Not At Risk
ST11340,21,Male,IT,87.3,53.7,84.1,83.4,15.3,2.14,3.0,Yes,Yes,Not At Risk
ST10116,25,Male,IT,90.2,71.1,100.0,81.0,7.4,2.83,8.0,No,Yes,Not At Risk
ST09621,19,Female,IT,71.1,84.1,33.5,33.6,2.7,3.69,7.0,Yes,Yes,Not At Risk
ST10374,20,Female,Data Science,76.6,53.0,37.1,47.9,8.7,3.05,7.0,Yes,Yes,Not At Risk
ST04543,24,Male,Computer Science,74.3,54.5,84.3,77.1,2.5,3.18,6.0,Yes,Yes,Not At Risk
ST02892,19,Male,Computer Science,78.7,60.7,71.7,58.3,3.5,2.82,6.0,Yes,No,Not At Risk
ST05747,23,Female,Computer Science,97.5,49.1,56.1,69.8,18.2,3.03,8.0,Yes,No,Not At Risk
ST01684,19,Male,Data Science,66.7,46.6,57.1,27.4,8.5,2.27,6.0,Yes,No,Not At Risk
ST08966,25,Male,Computer Science,88.7,89.9,51.4,59.7,6.4,3.08,2.0,No,Yes,Not At Risk
ST04768,20,Male,Data Science,86.4,53.9,64.1,64.9,3.1,3.56,5.0,Yes,No,Not At Risk
ST06518,22,Female,Software Engineering,79.6,76.1,74.6,48.8,8.8,2.82,4.0,No,Yes,Not At Risk
ST11139,20,Female,Computer Science,81.2,74.4,67.4,37.9,9.2,2.91,5.0,Yes,No,Not At Risk
ST06230,22,Male,Computer Science,89.0,53.3,49.4,74.9,4.4,3.04,8.0,No,No,Not At Risk
ST09195,21,Female,Data Science,73.1,74.9,61.1,66.9,4.9,3.28,2.0,No,No,Not At Risk
ST01594,18,Female,Computer Science,94.6,60.5,78.1,55.0,8.3,1.95,,Yes,Yes,Not At Risk
ST08760,21,Male,IT,61.3,58.3,73.9,64.7,2.9,2.47,3.0,No,Yes,Not At Risk
ST04874,24,Male,Computer Science,88.8,71.2,66.6,64.0,3.4,2.94,4.0,Yes,Yes,Not At Risk
ST11739,23,Male,IT,84.6,59.3,55.0,46.3,11.5,3.17,3.0,Yes,Yes,Not At Risk
ST06641,18,Female,Software Engineering,85.8,73.2,43.3,30.7,2.7,2.67,6.0,Yes,No,Not At Risk
ST05781,18,Female,Computer Science,90.3,76.8,69.3,73.6,11.1,4.0,3.0,Yes,No,Not At Risk
ST03438,19,Female,Computer Science,73.8,77.1,78.0,65.8,7.2,2.19,4.0,Yes,No,Not At Risk
ST06983,22,Male,IT,91.9,71.8,76.6,60.2,6.4,2.27,5.0,Yes,Yes,Not At Risk
ST08773,25,Female,Computer Science,100.0,42.6,58.7,76.7,3.7,2.11,5.0,Yes,No,At Risk
ST00515,25,Female,Computer Science,88.6,48.4,37.3,60.5,5.3,1.49,7.0,Yes,No,Not At Risk
ST11759,18,Male,Computer Science,83.2,91.4,57.1,68.3,6.8,2.93,6.0,No,Yes,Not At Risk
ST00931,20,Male,IT,79.0,85.0,91.9,59.8,8.6,4.0,,Yes,Yes,Not At Risk
ST01733,21,Female,IT,73.5,92.8,59.5,59.8,2.0,3.12,2.0,Yes,Yes,Not At Risk
ST08958,22,Female,IT,92.8,65.3,68.9,86.0,4.0,2.13,4.0,Yes,No,Not At Risk
ST11386,21,Female,IT,82.9,50.1,77.5,61.1,3.6,3.15,3.0,Yes,No,Not At Risk
ST04642,18,Female,IT,65.7,95.7,58.6,62.5,4.5,2.17,6.0,Yes,No,At Risk
ST07319,24,Male,Computer Science,71.8,23.6,70.7,79.3,3.8,3.44,2.0,,Yes,Not At Risk
ST07216,21,Male,IT,97.3,100.0,80.7,63.5,4.9,4.0,4.0,Yes,No,Not At Risk
ST02255,23,Male,Computer Science,75.5,51.6,78.8,69.7,13.6,2.28,7.0,No,No,Not At Risk
ST11573,19,Male,IT,81.0,63.3,63.1,94.9,5.1,2.37,2.0,Yes,Yes,Not At Risk
ST03406,19,Male,Software Engineering,71.3,67.9,72.3,39.7,3.5,2.6,1.0,Yes,No,Not At Risk
ST08755,19,Male,Computer Science,89.6,58.1,73.1,64.5,2.3,2.82,2.0,Yes,No,Not At Risk
ST07463,22,Male,Computer Science,74.8,85.7,91.4,72.8,9.6,2.75,4.0,Yes,Yes,Not At Risk
ST08948,18,Female,Computer Science,81.4,49.5,76.6,76.7,5.0,3.72,0.0,Yes,Yes,Not At Risk
ST03738,24,Female,IT,85.1,67.8,51.3,58.0,5.1,3.37,3.0,Yes,Yes,Not At Risk
ST04028,23,Female,Computer Science,100.0,74.9,80.3,41.5,1.4,3.86,7.0,Yes,No,Not At Risk
ST01489,21,Female,Data Science,66.6,81.4,54.5,51.3,8.4,2.61,7.0,Yes,No,Not At Risk
ST00753,21,Female,IT,84.2,73.4,44.1,67.7,3.2,2.09,4.0,Yes,No,At Risk
ST08541,24,Female,IT,77.8,81.8,77.9,74.4,13.1,2.63,4.0,Yes,Yes,Not At Risk
ST03306,23,Female,Computer Science,85.5,36.2,79.0,85.3,13.2,2.87,1.0,Yes,No,Not At Risk
ST10827,18,Male,Data Science,68.7,72.9,62.1,59.6,7.7,3.01,3.0,Yes,Yes,Not At Risk
ST06283,18,Male,IT,76.8,95.3,42.5,23.7,3.5,2.16,3.0,Yes,No,Not At Risk
ST11665,21,Male,Computer Science,93.5,77.7,80.4,71.4,3.3,3.73,2.0,Yes,Yes,Not At Risk
ST02615,25,Female,IT,82.9,55.5,64.7,47.9,1.7,2.67,3.0,Yes,No,Not At Risk
ST09684,23,Male,Software Engineering,80.5,70.3,61.2,35.2,5.7,3.48,3.0,Yes,Yes,Not At Risk
ST00265,18,Male,Software Engineering,79.2,90.6,63.9,82.5,5.2,3.15,2.0,Yes,No,Not At Risk
ST09117,18,Male,Software Engineering,70.0,55.0,45.6,74.5,3.7,2.39,4.0,Yes,No,Not At Risk
ST01512,24,Female,IT,76.6,75.9,64.9,61.7,6.7,2.61,4.0,Yes,No,Not At Risk
ST01894,25,Male,IT,93.4,54.0,26.0,57.9,8.3,2.31,4.0,Yes,Yes,Not At Risk
ST04050,20,Female,Data Science,62.6,79.5,54.5,56.8,9.8,3.25,5.0,Yes,No,At Risk
ST09102,22,Female,Software Engineering,87.8,72.6,49.1,64.6,7.9,3.54,6.0,Yes,No,Not At Risk
ST01690,18,Male,Software Engineering,58.1,63.8,58.6,29.8,12.0,2.97,6.0,Yes,No,At Risk
ST10113,20,Male,IT,92.4,77.9,69.0,59.8,1.8,2.76,3.0,Yes,No,Not At Risk
ST04457,20,Male,Data Science,100.0,44.0,46.0,78.3,5.9,2.63,5.0,Yes,No,At Risk
ST05265,20,Male,Software Engineering,72.9,64.3,66.4,36.8,8.2,3.43,4.0,Yes,Yes,Not At Risk
ST04869,18,Female,Data Science,81.0,69.8,46.2,55.3,4.0,2.39,5.0,Yes,No,Not At Risk
ST07268,19,Male,Computer Science,67.8,64.8,84.2,47.0,3.2,2.0,6.0,Yes,No,Not At Risk
ST03677,18,Female,Computer Science,89.2,58.3,66.8,93.1,1.2,2.91,9.0,No,No,Not At Risk
ST03327,21,Female,Computer Science,94.3,82.0,38.4,54.3,5.2,2.87,3.0,Yes,Yes,Not At Risk
ST06494,23,Female,Software Engineering,67.3,55.7,91.8,43.3,5.8,1.61,4.0,Yes,No,Not At Risk
ST10680,21,Female,Data Science,85.0,86.0,60.2,76.5,9.9,2.68,3.0,Yes,Yes,Not At Risk
ST04882,24,Female,Software Engineering,75.0,82.8,49.0,77.5,3.4,2.81,1.0,Yes,Yes,Not At Risk
ST09962,19,Male,Software Engineering,55.2,87.0,50.1,66.2,8.1,3.44,3.0,Yes,No,Not At Risk
ST04640,24,Female,IT,73.6,62.7,63.1,71.3,2.7,3.28,5.0,Yes,No,Not At Risk
ST04863,24,Male,IT,87.6,62.4,72.5,38.6,4.2,2.53,2.0,Yes,No,Not At Risk
ST11047,23,Male,Computer Science,78.4,72.6,38.5,73.8,3.6,3.57,3.0,Yes,No,Not At Risk
ST08889,18,Female,Computer Science,87.6,75.7,74.9,48.1,5.0,3.29,4.0,Yes,No,Not At Risk
ST02985,23,Female,IT,73.8,72.8,77.0,40.4,1.6,3.65,6.0,Yes,Yes,Not At Risk
ST02358,23,Female,Computer Science,98.0,89.0,67.6,54.3,2.8,2.67,4.0,Yes,Yes,Not At Risk
ST02912,22,Male,IT,62.3,61.9,83.9,,8.2,1.43,3.0,Yes,No,Not At Risk
ST04303,25,Male,Software Engineering,100.0,72.5,62.4,49.4,4.9,2.53,3.0,Yes,No,Not At Risk
ST10552,21,Female,Computer Science,79.6,67.3,60.2,79.6,10.2,2.56,5.0,Yes,No,Not At Risk
ST04741,22,Female,Computer Science,88.3,73.1,99.9,71.0,4.3,3.68,6.0,No,No,Not At Risk
ST04513,22,Male,Data Science,82.8,77.1,67.7,55.9,1.7,2.18,5.0,Yes,No,At Risk
ST07640,25,Male,Software Engineering,87.1,65.6,41.1,72.5,1.1,3.09,5.0,Yes,No,Not At Risk
ST03299,25,Male,Computer Science,90.2,76.7,59.3,65.5,3.5,3.14,3.0,Yes,No,Not At Risk
ST02834,20,Female,IT,77.7,69.6,57.1,74.7,13.0,2.45,4.0,Yes,Yes,Not At Risk
ST07730,23,Male,IT,88.7,71.1,21.2,53.8,3.6,3.08,7.0,Yes,Yes,Not At Risk
ST06320,20,Female,IT,51.3,41.2,80.1,48.5,6.9,3.03,3.0,Yes,No,Not At Risk
ST00969,18,Male,IT,94.2,63.2,62.0,62.1,5.2,1.13,4.0,Yes,No,Not At Risk
ST05258,23,Male,Software Engineering,95.5,56.6,83.0,44.6,6.6,3.66,5.0,No,No,Not At Risk
ST05746,20,Male,Software Engineering,50.4,62.6,55.3,72.3,0.9,2.69,6.0,Yes,Yes,Not At Risk
ST08747,25,Male,Software Engineering,72.2,59.1,82.1,75.2,4.0,2.73,4.0,Yes,No,Not At Risk
ST08242,18,Male,IT,89.8,49.7,80.3,56.7,10.6,4.0,3.0,Yes,Yes,At Risk
ST05598,22,Male,Computer Science,82.9,82.7,50.5,71.5,8.4,2.45,6.0,Yes,No,Not At Risk
ST06784,23,Male,Software Engineering,66.3,70.0,27.8,66.0,6.2,3.69,3.0,Yes,No,Not At Risk
ST01531,20,Male,IT,87.8,76.3,88.7,61.2,5.5,4.0,5.0,Yes,No,Not At Risk
ST02822,22,Female,Computer Science,91.2,82.1,58.4,76.4,6.3,3.15,2.0,Yes,No,Not At Risk
ST05300,22,Male,Computer Science,84.3,65.7,100.0,79.6,1.6,3.57,2.0,Yes,Yes,Not At Risk
ST04720,25,Female,Software Engineering,82.2,60.9,61.9,63.4,7.9,2.94,2.0,Yes,Yes,Not At Risk
ST04970,25,Male,Computer Science,88.4,82.3,56.3,41.6,11.5,2.16,3.0,Yes,Yes,Not At Risk
ST08297,24,Male,Software Engineering,93.3,81.7,49.4,25.4,10.6,3.27,7.0,Yes,No,Not At Risk
ST05984,18,Male,Computer Science,67.7,82.1,76.1,85.6,3.2,4.0,5.0,Yes,No,Not At Risk
ST04074,25,Female,Data Science,82.6,84.1,70.3,55.7,10.0,3.17,4.0,Yes,Yes,Not At Risk
ST05798,22,Female,Computer Science,66.8,95.6,91.8,78.7,6.2,2.33,4.0,Yes,No,Not At Risk
ST02451,18,Female,,88.1,96.1,64.8,61.7,2.8,2.3,4.0,Yes,Yes,Not At Risk
ST09324,18,Male,IT,86.4,92.1,44.1,85.8,5.8,3.19,4.0,Yes,No,Not At Risk
ST07136,22,Female,Computer Science,75.6,63.4,87.0,79.7,7.7,2.86,4.0,Yes,No,Not At Risk
ST00198,25,Female,Computer Science,73.8,77.7,100.0,34.1,4.0,3.16,3.0,Yes,Yes,Not At Risk
ST07933,20,Female,Computer Science,66.5,76.6,59.7,51.6,4.3,3.58,4.0,Yes,Yes,Not At Risk
ST04326,25,Male,IT,78.9,65.7,44.5,39.0,6.0,3.13,3.0,Yes,Yes,Not At Risk
ST09045,19,Female,Data Science,100.0,72.1,39.9,84.5,9.9,1.43,4.0,Yes,Yes,Not At Risk
ST02777,23,Male,Computer Science,92.2,41.4,65.6,62.7,6.8,3.21,6.0,Yes,No,Not At Risk
ST04984,18,Female,Software Engineering,100.0,75.8,75.5,77.0,5.3,3.0,3.0,Yes,No,Not At Risk
ST00167,20,Male,Software Engineering,90.6,47.1,71.0,57.6,7.6,1.83,5.0,Yes,Yes,Not At Risk
ST04688,20,female,IT,89.1,46.5,97.1,98.4,2.8,3.68,5.0,Yes,No,Not At Risk
ST08054,18,Female,Software Engineering,100.0,76.4,67.9,56.5,8.4,2.84,0.0,Yes,No,Not At Risk
ST08472,24,Female,Computer Science,100.0,65.7,63.3,81.6,5.7,3.14,5.0,Yes,No,Not At Risk
ST09764,24,Male,IT,78.7,70.2,52.9,84.8,5.2,3.3,4.0,Yes,No,Not At Risk
ST07116,20,Female,IT,71.3,71.0,69.4,34.7,3.4,3.99,6.0,Yes,Yes,Not At Risk
ST08203,23,Male,Computer Science,77.4,76.3,62.1,48.5,6.8,2.47,3.0,Yes,No,Not At Risk
ST09070,20,Male,Computer Science,95.1,68.1,78.0,63.5,1.5,3.24,2.0,Yes,No,Not At Risk
ST03802,23,Male,IT,100.0,81.1,61.5,83.0,7.0,3.58,3.0,Yes,Yes,Not At Risk
ST10273,22,Female,IT,94.1,84.9,71.6,63.5,7.8,2.62,6.0,Yes,Yes,Not At Risk
ST04722,25,Male,Data Science,64.1,66.4,44.5,73.1,7.3,3.13,4.0,Yes,No,At Risk
ST00310,18,Female,Data Science,67.6,46.8,57.1,42.4,6.9,1.3,1.0,Yes,No,Not At Risk
ST09749,19,Female,Computer Science,64.8,56.5,83.3,96.3,6.2,2.0,1.0,Yes,No,Not At Risk
ST09505,22,Male,Computer Science,74.8,77.4,65.6,67.4,11.8,3.33,0.0,Yes,Yes,Not At Risk
ST05303,24,Female,Software Engineering,93.2,83.2,66.8,100.0,3.7,2.51,6.0,Yes,No,Not At Risk
ST07114,24,Female,Software Engineering,76.1,70.0,62.6,58.7,5.1,3.01,3.0,Yes,Yes,At Risk
ST06341,25,Male,IT,77.6,66.1,63.9,55.4,9.1,2.35,3.0,Yes,Yes,Not At Risk
ST08069,21,Male,IT,74.4,77.9,59.5,59.1,2.9,2.96,6.0,Yes,Yes,Not At Risk
ST04488,18,Male,Computer Science,89.1,66.3,48.1,58.7,12.8,3.34,2.0,Yes,Yes,Not At Risk
ST09681,20,Female,Data Science,72.8,86.1,57.0,58.5,3.3,3.38,5.0,Yes,No,Not At Risk
ST03312,21,Male,Software Engineering,87.0,44.7,70.7,73.4,7.7,2.08,7.0,Yes,Yes,Not At Risk
ST11406,23,Male,Computer Science,63.7,74.4,95.9,35.8,3.1,3.17,7.0,Yes,No,Not At Risk
ST01721,25,Female,Computer Science,84.8,39.3,50.6,54.6,9.6,3.79,3.0,Yes,No,At Risk
ST04085,25,Male,Computer Science,83.7,57.3,61.6,61.0,3.9,3.34,2.0,Yes,No,Not At Risk
ST01761,25,Male,IT,100.0,48.6,61.9,47.7,2.4,3.44,3.0,Yes,Yes,At Risk
ST05443,25,Male,IT,75.2,64.9,40.6,91.8,3.4,3.03,2.0,Yes,No,Not At Risk
ST01819,21,Female,Computer Science,75.2,77.7,94.6,37.8,8.0,3.94,1.0,No,No,Not At Risk
ST00591,19,Female,Computer Science,91.7,40.7,75.0,40.1,6.1,3.16,4.0,Yes,Yes,At Risk
ST06475,24,Male,Computer Science,85.7,86.0,39.9,68.1,2.7,2.7,8.0,Yes,No,Not At Risk
ST04681,20,Male,IT,100.0,69.8,81.0,63.6,4.1,3.67,4.0,Yes,Yes,Not At Risk
ST05918,18,Female,Computer Science,87.6,33.2,35.5,57.9,2.7,2.19,2.0,Yes,Yes,Not At Risk
ST11099,23,Female,Software Engineering,82.3,46.9,55.6,91.4,6.5,3.29,6.0,Yes,No,Not At Risk
ST06847,24,Female,Computer Science,100.0,69.4,30.0,61.2,2.2,2.6,6.0,Yes,Yes,Not At Risk
ST11961,18,Female,Computer Science,90.2,62.5,26.1,,6.0,2.05,3.0,Yes,Yes,Not At Risk
ST07805,20,Male,Computer Science,84.9,84.9,66.1,76.4,10.1,4.0,1.0,Yes,No,Not At Risk
ST00507,24,Female,Software Engineering,66.9,62.8,48.0,43.9,9.3,2.83,3.0,Yes,Yes,Not At Risk
ST10469,23,Male,Computer Science,78.3,70.8,41.9,39.0,9.9,3.79,7.0,Yes,No,At Risk
ST01140,25,Male,Data Science,71.7,47.9,97.0,21.5,2.5,2.27,2.0,Yes,No,Not At Risk
ST05230,25,Female,IT,80.5,66.7,35.8,49.6,5.1,2.43,3.0,Yes,No,At Risk
ST05297,22,Male,Software Engineering,100.0,60.8,56.6,64.8,6.2,3.46,3.0,No,Yes,Not At Risk
ST06651,20,Male,Computer Science,94.7,82.3,49.2,57.4,3.8,2.9,5.0,Yes,Yes,Not At Risk
ST11546,25,Female,Computer Science,82.2,67.1,50.0,59.2,1.4,3.07,3.0,,Yes,Not At Risk
ST01870,23,Male,IT,100.0,85.6,76.5,65.4,12.3,2.89,,Yes,No,Not At Risk
ST10868,24,Female,Software Engineering,100.0,71.8,63.0,66.2,3.1,2.37,2.0,Yes,Yes,Not At Risk
ST02348,22,Female,Computer Science,100.0,73.4,74.3,47.1,4.0,3.35,5.0,Yes,No,Not At Risk
ST06864,18,Male,Data Science,85.0,63.6,48.1,70.5,10.8,3.31,3.0,Yes,Yes,Not At Risk
ST01039,18,Male,IT,100.0,30.9,78.0,58.2,6.9,2.93,3.0,Yes,No,Not At Risk
ST07301,24,Male,Software Engineering,77.1,58.6,72.0,62.0,2.7,1.87,2.0,Yes,No,Not At Risk
ST03044,24,Male,Software Engineering,100.0,100.0,54.1,72.7,22.3,3.24,3.0,Yes,Yes,Not At Risk
ST05916,20,Female,IT,71.7,47.2,47.4,53.1,3.9,3.9,3.0,Yes,Yes,Not At Risk
ST07112,25,Male,Computer Science,85.3,78.7,65.1,96.4,2.3,2.73,3.0,Yes,Yes,Not At Risk
ST02116,23,Male,IT,57.5,61.7,50.7,66.6,10.8,2.9,2.0,Yes,Yes,Not At Risk
ST03734,20,Female,Computer Science,68.2,67.9,19.6,56.0,3.4,2.67,2.0,Yes,Yes,Not At Risk
ST04682,19,Male,Software Engineering,89.9,70.5,76.8,60.7,3.6,3.55,9.0,No,Yes,Not At Risk
ST10241,20,Male,Computer Science,90.2,77.3,89.4,71.0,8.9,3.47,3.0,Yes,No,Not At Risk
ST00638,20,Male,Software Engineering,79.9,55.1,75.1,56.8,1.6,2.76,6.0,Yes,No,Not At Risk
ST08693,24,Female,Computer Science,93.3,51.7,55.9,30.2,1.5,1.62,1.0,Yes,Yes,Not At Risk
ST01557,22,Female,,71.3,63.0,40.3,86.6,3.1,3.54,7.0,Yes,No,Not At Risk
ST09036,24,Female,IT,100.0,63.9,63.0,54.6,3.8,2.54,4.0,Yes,Yes,Not At Risk
ST02055,23,Female,Computer Science,93.1,76.9,73.0,28.5,1.9,1.67,4.0,Yes,No,Not At Risk
ST04045,23,Female,IT,80.5,79.8,53.4,62.9,3.8,2.72,4.0,Yes,No,Not At Risk
ST03634,25,Male,Computer Science,74.9,65.4,73.8,54.9,3.8,2.79,6.0,Yes,No,At Risk
ST06480,23,Female,Computer Science,81.9,83.3,98.0,77.9,3.1,3.53,4.0,Yes,Yes,Not At Risk
ST01349,22,Male,Software Engineering,80.5,68.3,52.2,59.1,2.6,3.54,2.0,Yes,Yes,Not At Risk
ST04797,20,Female,IT,100.0,66.8,74.2,56.1,11.1,3.21,4.0,Yes,Yes,Not At Risk
ST10047,18,female,IT,87.9,68.6,58.8,66.7,8.1,3.27,3.0,Yes,Yes,Not At Risk
ST06719,23,Female,Computer Science,93.0,86.8,50.0,80.8,5.7,2.16,8.0,Yes,Yes,Not At Risk
ST03536,18,Female,Computer Science,86.3,40.2,50.3,34.2,4.9,3.62,8.0,Yes,Yes,Not At Risk
ST11275,25,Female,Computer Science,96.9,40.9,59.8,32.4,9.0,3.78,2.0,Yes,No,Not At Risk
ST01774,20,Male,Computer Science,73.3,44.9,55.7,59.4,2.9,2.55,4.0,Yes,No,Not At Risk
ST09770,21,Female,Computer Science,73.2,76.9,79.3,57.4,2.4,4.0,5.0,Yes,No,Not At Risk
ST01981,19,Male,Software Engineering,79.2,41.6,79.0,54.8,1.2,3.06,3.0,Yes,No,Not At Risk
ST02154,24,Male,,97.1,67.5,60.3,59.0,7.8,2.69,2.0,Yes,No,Not At Risk
ST08940,21,Female,IT,99.9,85.3,45.4,41.7,2.4,2.96,8.0,Yes,Yes,At Risk
ST04225,18,Male,Software Engineering,75.8,60.7,95.1,70.7,2.7,2.41,2.0,Yes,Yes,Not At Risk
ST00268,18,Male,Data Science,100.0,88.9,67.1,72.3,5.7,3.02,1.0,Yes,Yes,Not At Risk
ST08342,25,Female,Computer Science,100.0,79.2,71.5,67.9,3.5,2.3,2.0,Yes,Yes,Not At Risk
ST01486,22,Male,IT,71.5,65.0,49.4,53.9,5.7,2.44,4.0,Yes,No,At Risk
ST03269,23,Male,Computer Science,74.2,78.0,71.9,68.2,12.8,1.76,3.0,Yes,No,Not At Risk
ST06438,18,Female,Software Engineering,82.5,53.2,39.9,72.4,5.2,3.59,6.0,Yes,Yes,At Risk
ST09985,24,Female,Software Engineering,82.0,76.3,56.1,55.7,4.3,2.21,3.0,Yes,Yes,Not At Risk
ST04057,23,Female,Computer Science,59.4,47.6,55.0,54.3,4.1,2.57,,Yes,No,At Risk
ST03931,21,Female,Computer Science,94.6,60.1,66.0,71.4,4.4,3.44,3.0,Yes,No,Not At Risk
ST08568,22,Male,Data Science,92.6,70.4,80.5,71.4,13.3,3.1,4.0,Yes,No,Not At Risk
ST01671,18,Female,Data Science,81.3,84.4,41.0,84.9,6.1,1.93,3.0,Yes,No,At Risk
ST04276,23,Male,Software Engineering,87.3,61.3,57.3,65.2,13.7,3.35,4.0,Yes,No,Not At Risk
ST02561,25,Female,Data Science,77.1,70.9,44.9,64.5,7.3,2.59,4.0,Yes,No,Not At Risk
ST00261,24,Male,Computer Science,73.1,45.4,75.5,78.6,6.0,3.29,8.0,Yes,No,At Risk
ST08674,21,Male,Computer Science,71.6,83.6,87.6,80.0,6.7,2.33,5.0,Yes,No,Not At Risk
ST07259,24,Male,Computer Science,83.7,56.0,52.4,72.6,8.2,3.46,4.0,Yes,No,Not At Risk
ST09532,23,Male,IT,78.6,76.0,69.2,76.7,2.0,2.31,4.0,Yes,Yes,Not At Risk
ST03136,20,Female,IT,96.9,69.1,50.0,57.5,6.1,3.32,2.0,Yes,No,Not At Risk
ST02406,23,Female,Data Science,77.1,60.1,83.0,67.2,8.7,3.31,3.0,Yes,No,Not At Risk
ST09368,24,Male,Software Engineering,74.9,94.3,52.4,30.5,8.3,4.0,3.0,Yes,No,Not At Risk
ST00901,18,Male,Software Engineering,80.9,91.2,58.6,72.7,14.9,3.69,3.0,No,No,Not At Risk
ST04954,20,Female,Software Engineering,64.9,25.1,85.5,87.0,4.8,3.6,4.0,No,No,At Risk
ST08893,23,Male,Data Science,100.0,74.1,85.8,49.5,7.2,2.23,7.0,Yes,No,Not At Risk
ST10017,25,Male,Data Science,75.7,82.4,69.8,67.9,6.9,2.97,2.0,Yes,Yes,Not At Risk
ST03979,20,Female,Software Engineering,88.0,64.3,75.7,65.0,4.5,1.99,4.0,Yes,No,Not At Risk
ST03953,21,Male,IT,88.3,80.5,66.3,62.8,8.5,1.05,11.0,Yes,No,Not At Risk
ST08174,21,Female,IT,78.8,76.8,57.6,53.3,2.8,1.76,4.0,Yes,Yes,Not At Risk
ST05062,23,Female,Computer Science,93.3,60.2,47.1,55.6,5.0,3.71,6.0,Yes,No,Not At Risk
ST06730,24,Female,IT,67.1,71.4,85.5,54.0,3.4,1.71,1.0,Yes,Yes,Not At Risk
ST05919,25,Male,Computer Science,84.8,34.4,86.8,58.0,4.4,3.54,5.0,Yes,Yes,Not At Risk
ST03770,25,Female,Software Engineering,81.8,41.4,60.2,80.3,8.5,1.97,2.0,Yes,No,At Risk
ST04141,22,Male,Software Engineering,84.8,93.1,85.2,70.0,5.0,2.75,1.0,Yes,No,Not At Risk
ST02026,24,Female,IT,79.2,63.3,48.3,63.1,1.5,1.98,3.0,Yes,Yes,Not At Risk
ST03647,21,Female,,92.8,95.9,79.4,60.1,6.0,2.79,0.0,Yes,Yes,Not At Risk
ST01650,25,Male,Computer Science,82.0,70.2,51.3,90.8,6.0,2.38,6.0,Yes,No,Not At Risk
ST03921,19,Male,Data Science,96.2,50.0,64.6,56.3,3.9,2.78,6.0,Yes,No,Not At Risk
ST10465,24,Female,Software Engineering,86.9,86.1,59.9,84.2,7.4,1.92,1.0,Yes,Yes,Not At Risk
ST03570,23,Male,Software Engineering,94.6,50.4,82.3,66.9,7.3,1.98,1.0,Yes,Yes,Not At Risk
ST11064,20,Female,IT,74.9,80.0,49.8,,6.7,1.81,3.0,Yes,No,Not At Risk
ST08497,22,Female,Computer Science,93.6,56.7,70.6,65.7,8.1,3.53,4.0,Yes,No,Not At Risk
ST04182,25,Female,Data Science,74.8,73.3,61.6,64.4,4.0,4.0,1.0,Yes,No,Not At Risk
ST09550,24,Male,Computer Science,80.8,45.4,77.4,45.1,9.4,3.13,2.0,Yes,No,Not At Risk
ST00846,25,Female,Data Science,75.4,50.5,59.9,59.3,2.9,1.83,,Yes,No,Not At Risk
ST01169,18,Male,IT,86.8,100.0,75.6,18.9,4.2,1.65,5.0,Yes,Yes,Not At Risk
ST09154,20,Male,IT,91.3,50.8,91.8,49.4,6.1,2.13,3.0,Yes,No,At Risk
ST01389,25,Male,Computer Science,67.7,75.3,93.7,92.4,3.0,3.18,5.0,Yes,Yes,Not At Risk
ST00046,22,Female,Computer Science,82.5,78.1,39.9,50.0,3.7,2.94,5.0,No,No,Not At Risk
ST11356,24,Male,Computer Science,84.3,27.6,67.3,98.2,10.1,3.63,6.0,Yes,Yes,Not At Risk
ST00679,18,Male,Computer Science,72.2,48.6,80.0,75.2,2.3,3.21,2.0,Yes,Yes,Not At Risk
ST07119,20,Female,IT,72.1,80.4,71.3,56.7,5.1,2.97,6.0,Yes,Yes,At Risk
ST00681,18,Female,IT,77.0,84.9,92.6,44.7,5.2,2.5,4.0,Yes,Yes,Not At Risk
ST02455,18,Male,IT,44.7,68.5,43.2,44.6,8.8,2.64,4.0,Yes,No,Not At Risk
ST05685,21,Female,Software Engineering,81.0,61.0,89.4,61.2,8.5,4.0,7.0,Yes,Yes,Not At Risk
ST05161,24,Male,IT,78.8,75.5,76.7,52.2,5.7,2.66,1.0,Yes,No,At Risk
ST01320,24,Male,Data Science,93.6,74.5,63.7,100.0,5.3,1.32,3.0,No,No,Not At Risk
ST05808,19,Female,Software Engineering,75.9,72.6,37.3,93.9,7.7,3.57,5.0,Yes,Yes,Not At Risk
ST09584,22,Female,Software Engineering,83.2,37.9,65.9,17.0,8.7,2.75,2.0,Yes,Yes,At Risk
ST00089,20,Male,Data Science,86.2,46.7,81.0,59.4,4.3,2.84,10.0,Yes,Yes,Not At Risk
ST00771,19,Male,Data Science,86.3,57.7,66.8,24.8,13.2,1.83,3.0,Yes,No,At Risk
ST06200,25,Female,Software Engineering,91.3,82.9,56.4,59.2,1.9,1.48,0.0,Yes,Yes,Not At Risk
ST04153,21,Male,IT,85.2,46.8,62.7,61.6,2.9,1.65,4.0,Yes,No,Not At Risk
ST00826,23,Female,Computer Science,82.6,89.0,50.3,,5.2,4.0,1.0,Yes,Yes,Not At Risk
ST03472,18,Male,Computer Science,70.5,74.8,44.0,35.3,12.2,1.13,1.0,Yes,Yes,Not At Risk
ST10268,21,Male,Data Science,74.0,79.4,89.3,50.3,7.2,3.92,5.0,Yes,Yes,Not At Risk
ST07120,19,Female,Computer Science,93.1,45.2,88.1,84.4,7.1,2.73,4.0,Yes,No,Not At Risk
ST10726,24,Female,Data Science,65.6,49.4,72.0,58.1,1.3,2.64,2.0,Yes,No,At Risk
ST05964,21,Female,Computer Science,80.5,92.3,30.3,70.4,5.8,2.34,2.0,Yes,No,Not At Risk
ST02397,22,Male,Data Science,70.4,99.2,62.5,69.3,7.4,2.8,3.0,Yes,Yes,Not At Risk
ST06052,19,Male,Software Engineering,90.4,48.9,79.2,55.3,7.7,2.3,5.0,Yes,Yes,Not At Risk
ST09151,23,Female,Data Science,89.2,61.8,67.4,53.4,7.1,3.46,9.0,Yes,No,Not At Risk
ST03567,25,Male,,79.8,62.0,45.4,55.3,2.5,3.87,0.0,Yes,Yes,At Risk
ST04173,25,Male,Data Science,89.0,73.6,45.9,89.5,4.0,2.68,7.0,Yes,No,Not At Risk
ST04820,19,Female,Data Science,85.4,76.6,82.2,71.3,4.2,3.5,5.0,Yes,No,At Risk
ST06315,25,Male,Computer Science,75.7,65.8,69.9,47.2,5.1,2.55,4.0,Yes,Yes,Not At Risk
ST07537,25,Male,Software Engineering,100.0,77.4,70.7,76.0,10.3,3.23,3.0,Yes,Yes,Not At Risk
ST11376,21,Female,Computer Science,95.9,98.6,48.9,85.6,7.5,4.0,3.0,Yes,Yes,Not At Risk
ST01766,24,Male,Computer Science,89.7,74.3,70.2,55.7,11.4,3.07,2.0,Yes,No,Not At Risk
ST01695,20,Female,IT,81.4,62.1,58.0,69.2,5.0,3.09,5.0,Yes,No,Not At Risk
ST02550,25,Female,IT,76.9,55.6,49.3,100.0,4.0,2.43,2.0,Yes,No,Not At Risk
ST06190,24,Female,IT,100.0,40.3,52.9,61.8,4.3,2.96,3.0,Yes,No,Not At Risk
ST01534,21,M,Software Engineering,100.0,68.5,68.9,51.6,5.3,2.51,4.0,Yes,Yes,Not At Risk
ST01876,24,Male,IT,82.5,84.6,43.2,100.0,4.4,3.1,7.0,,Yes,Not At Risk
ST01744,24,Female,Computer Science,78.2,77.1,53.5,75.6,4.5,3.43,4.0,Yes,No,Not At Risk
ST03252,18,Male,Data Science,100.0,88.4,67.4,81.3,5.1,3.07,3.0,Yes,Yes,Not At Risk
ST02423,24,Female,Software Engineering,64.2,78.1,67.2,86.3,15.0,2.74,4.0,Yes,No,Not At Risk
ST11459,22,Female,Computer Science,74.3,63.2,66.4,83.3,2.9,2.64,6.0,Yes,Yes,Not At Risk
ST07968,21,Female,,59.0,64.2,49.3,88.6,5.5,2.53,4.0,Yes,Yes,Not At Risk
ST09233,24,Female,IT,47.0,92.6,85.8,74.3,3.0,3.75,4.0,Yes,Yes,Not At Risk
ST00603,20,Male,Computer Science,60.1,66.4,74.3,85.7,1.6,4.0,4.0,Yes,No,At Risk
ST05052,21,Male,IT,58.0,67.3,79.5,58.8,15.4,2.15,3.0,Yes,No,Not At Risk
ST06005,24,Female,Software Engineering,76.1,63.0,69.2,51.8,6.9,3.16,4.0,Yes,No,Not At Risk
ST08898,25,Female,Data Science,86.0,84.6,60.6,50.7,5.5,3.63,4.0,Yes,Yes,Not At Risk
ST00151,25,M,Computer Science,69.1,84.9,60.6,43.2,4.8,2.54,7.0,Yes,Yes,At Risk
ST01135,21,Male,Computer Science,100.0,91.3,34.7,46.3,2.9,1.87,4.0,Yes,No,Not At Risk
ST06270,18,Female,IT,67.8,55.6,100.0,71.4,2.0,3.11,,Yes,No,At Risk
ST02495,20,Female,Computer Science,100.0,50.6,90.3,92.3,4.6,3.54,3.0,Yes,Yes,Not At Risk
ST02481,22,Female,Computer Science,64.1,87.5,67.0,71.0,7.0,3.64,4.0,Yes,No,Not At Risk
ST10511,19,Female,Computer Science,83.3,53.1,81.9,63.0,13.1,1.98,7.0,Yes,Yes,Not At Risk
ST03664,22,Female,Computer Science,62.8,66.8,80.1,47.0,1.6,2.16,4.0,Yes,No,At Risk
ST06630,18,Male,Data Science,89.6,66.7,46.3,99.2,11.9,3.57,5.0,,No,Not At Risk
ST08486,21,Female,Computer Science,74.2,53.2,65.7,59.8,1.4,2.95,2.0,Yes,Yes,At Risk
ST03559,22,Female,Computer Science,83.0,58.8,36.7,91.5,2.5,4.0,5.0,Yes,No,Not At Risk
ST05269,25,Female,IT,67.1,62.6,41.6,57.0,10.4,3.77,2.0,Yes,No,At Risk
ST01967,21,Female,Data Science,75.3,95.0,59.6,65.1,7.1,2.68,5.0,Yes,No,Not At Risk
ST10441,24,M,IT,63.5,77.1,76.9,51.7,4.3,1.83,7.0,Yes,No,Not At Risk
ST02152,24,Male,IT,80.4,47.3,75.2,87.8,5.8,2.9,3.0,Yes,Yes,At Risk
ST05248,22,Female,Computer Science,88.0,77.2,90.8,90.9,2.5,3.6,,Yes,No,Not At Risk
ST01865,25,Male,Computer Science,80.2,66.5,99.5,35.9,6.1,3.7,3.0,Yes,Yes,Not At Risk
ST00207,24,Female,IT,65.0,72.3,76.5,82.8,1.9,2.76,4.0,Yes,Yes,At Risk
ST01176,22,Female,Software Engineering,81.8,76.8,34.8,93.6,3.0,3.4,4.0,Yes,No,Not At Risk
ST06140,22,Female,Software Engineering,100.0,100.0,74.3,45.6,2.3,2.89,3.0,Yes,Yes,Not At Risk
ST07606,21,Male,IT,91.6,63.0,61.5,56.6,13.4,2.13,3.0,Yes,No,Not At Risk
ST08436,22,Female,IT,98.6,80.2,66.8,58.7,1.8,3.49,6.0,Yes,Yes,Not At Risk
ST10582,24,Female,IT,74.2,48.8,80.8,54.4,10.2,1.49,5.0,Yes,Yes,Not At Risk
ST00177,23,Male,IT,69.5,58.7,69.3,67.1,2.1,2.08,6.0,Yes,Yes,Not At Risk
ST00190,22,Male,Software Engineering,60.6,91.8,32.9,30.3,5.1,2.41,4.0,Yes,No,At Risk
ST03092,18,Female,IT,83.4,89.0,89.1,66.0,3.9,2.08,3.0,Yes,Yes,Not At Risk
ST10863,21,Female,Software Engineering,96.0,62.0,73.6,49.7,4.2,3.09,3.0,Yes,No,Not At Risk
ST05502,23,Female,Software Engineering,76.7,80.0,89.8,71.1,17.1,3.66,4.0,Yes,Yes,Not At Risk
ST01370,25,Female,Software Engineering,91.7,65.4,83.4,85.7,16.5,3.48,3.0,Yes,No,Not At Risk
ST06337,25,Male,IT,80.5,60.7,66.7,77.7,3.6,1.88,3.0,Yes,No,Not At Risk
ST01673,22,Female,Computer Science,87.2,63.9,90.8,72.8,5.6,2.11,6.0,Yes,Yes,Not At Risk
ST04208,22,Female,Data Science,82.8,64.1,84.6,50.5,9.3,3.19,2.0,Yes,No,Not At Risk
ST01141,18,Male,IT,68.8,91.8,50.5,52.1,4.7,3.07,3.0,Yes,Yes,Not At Risk
ST11551,24,Male,,72.2,72.0,93.7,82.8,9.2,3.63,2.0,,No,Not At Risk
ST01440,19,Female,Software Engineering,85.7,65.7,54.1,73.6,7.5,3.19,2.0,Yes,Yes,Not At Risk
ST03015,25,Male,Software Engineering,62.7,66.0,86.0,73.2,12.4,2.99,2.0,Yes,No,Not At Risk
ST08168,25,Male,Computer Science,82.5,43.9,78.6,40.8,4.2,3.31,7.0,Yes,No,Not At Risk
ST05411,19,Male,Computer Science,60.4,68.8,88.6,65.2,3.9,2.34,3.0,Yes,Yes,Not At Risk
ST06629,19,Male,Software Engineering,89.9,81.0,61.2,57.4,2.9,3.45,8.0,Yes,No,Not At Risk
ST04439,25,Male,IT,91.1,62.4,84.4,67.3,6.1,4.0,6.0,Yes,No,Not At Risk
ST02531,18,Female,Software Engineering,84.5,54.5,80.2,58.8,1.7,3.05,4.0,Yes,Yes,At Risk
ST05465,25,Male,IT,65.7,61.6,78.2,36.0,11.0,2.92,2.0,Yes,Yes,At Risk
ST02251,20,Male,Computer Science,70.4,58.9,77.5,63.2,7.4,2.1,5.0,Yes,No,At Risk
ST08259,21,Female,Computer Science,89.1,80.4,46.5,53.5,5.3,3.27,2.0,Yes,No,Not At Risk
ST10564,21,Female,IT,78.1,73.4,60.2,98.0,2.9,3.18,9.0,Yes,Yes,Not At Risk
ST06308,24,Female,Computer Science,83.1,51.4,73.4,56.8,4.9,4.0,5.0,No,Yes,Not At Risk
ST05783,20,Female,Data Science,64.6,67.3,75.0,32.6,3.4,3.04,4.0,No,No,At Risk
ST01269,25,Female,IT,57.1,79.9,49.2,54.7,4.3,2.76,6.0,,Yes,At Risk
ST04830,24,Male,Computer Science,86.2,77.4,46.9,59.5,2.6,3.04,3.0,Yes,No,Not At Risk
ST11538,21,Male,Software Engineering,92.6,85.8,68.9,48.2,2.0,2.73,5.0,Yes,Yes,Not At Risk
ST04305,25,Male,IT,64.7,74.2,50.1,50.5,1.4,2.19,5.0,Yes,Yes,Not At Risk
ST07873,23,Female,Software Engineering,77.2,80.0,67.6,64.0,3.3,2.72,4.0,Yes,Yes,Not At Risk
ST05828,25,Female,Software Engineering,81.7,99.1,59.9,70.6,7.0,2.22,3.0,Yes,No,Not At Risk
ST10687,24,Male,IT,72.2,80.4,95.0,34.7,4.2,3.26,2.0,Yes,No,Not At Risk
ST07331,18,Female,Computer Science,76.3,39.3,35.2,60.3,6.6,2.76,2.0,Yes,No,At Risk
ST11969,20,Male,IT,73.5,48.9,51.5,68.7,7.8,3.93,4.0,Yes,No,Not At Risk
ST00117,25,Male,Computer Science,90.7,58.7,97.4,60.2,6.9,3.68,4.0,Yes,No,Not At Risk
ST07382,24,Female,Data Science,96.6,60.8,43.1,22.5,2.4,3.64,4.0,Yes,No,Not At Risk
ST02702,25,Male,Data Science,80.1,70.2,83.1,68.7,12.3,2.0,4.0,Yes,Yes,Not At Risk
ST08378,24,Male,Computer Science,76.5,77.4,91.0,62.2,6.1,3.75,3.0,Yes,No,Not At Risk
ST10139,20,Male,IT,93.1,58.7,42.7,41.2,4.4,2.09,1.0,Yes,No,Not At Risk
ST07333,22,Male,Software Engineering,82.2,74.2,63.6,40.6,2.4,3.13,,Yes,Yes,Not At Risk
ST03492,22,Female,Data Science,46.5,62.7,44.1,48.5,4.3,2.58,4.0,Yes,Yes,Not At Risk
ST05220,25,Female,Computer Science,76.8,79.4,77.3,53.8,4.6,3.34,5.0,Yes,No,Not At Risk
ST05833,18,Male,Computer Science,83.1,78.8,59.6,86.8,5.2,3.86,1.0,Yes,Yes,Not At Risk
ST05325,25,Male,Computer Science,97.0,86.6,95.3,80.7,2.8,2.18,3.0,Yes,No,Not At Risk
ST01442,24,Male,IT,81.1,63.7,65.3,30.8,4.0,2.73,0.0,Yes,No,Not At Risk
ST07937,18,Male,Software Engineering,79.7,82.4,64.4,37.0,11.6,2.11,6.0,No,Yes,At Risk
ST08880,19,Male,Software Engineering,61.3,90.2,76.3,36.0,6.5,4.0,5.0,Yes,No,At Risk
ST07936,20,Male,IT,75.9,54.2,45.1,11.6,14.9,3.19,4.0,,No,At Risk
ST03895,22,Female,Data Science,92.4,51.4,64.9,48.5,7.5,2.56,3.0,Yes,No,Not At Risk
ST11222,24,Male,IT,100.0,69.5,54.0,80.0,7.0,2.18,1.0,Yes,Yes,Not At Risk
ST09032,20,Female,Data Science,68.9,79.9,100.0,42.4,2.7,3.58,3.0,Yes,No,Not At Risk
ST00607,22,Female,Computer Science,83.4,91.3,81.7,56.5,7.4,2.86,1.0,Yes,No,Not At Risk
ST01465,25,Female,Computer Science,55.3,61.7,53.8,44.6,10.8,4.0,2.0,Yes,No,At Risk
ST11901,22,Male,Computer Science,66.9,74.0,61.7,83.1,8.8,2.38,1.0,Yes,Yes,Not At Risk
ST05373,25,Female,IT,93.0,83.2,69.6,68.7,3.2,3.27,7.0,Yes,Yes,Not At Risk
ST05305,25,Female,Data Science,70.6,70.2,60.4,79.7,3.5,2.8,8.0,Yes,No,Not At Risk
ST10100,21,Female,Software Engineering,93.2,75.7,78.5,46.6,7.5,3.75,3.0,Yes,Yes,Not At Risk
ST06745,24,Female,Software Engineering,93.3,92.7,50.5,90.6,7.0,3.45,11.0,Yes,No,Not At Risk
ST00540,21,Female,,82.6,96.9,62.2,62.5,4.7,2.67,8.0,Yes,Yes,At Risk
ST01418,18,Male,Computer Science,80.0,62.0,84.2,38.9,3.1,1.41,2.0,Yes,No,At Risk
ST01742,23,Male,IT,99.9,55.7,53.9,74.1,9.7,1.85,5.0,Yes,Yes,Not At Risk
ST04717,25,Male,IT,72.8,72.6,31.3,48.4,5.8,3.33,4.0,Yes,Yes,Not At Risk
ST08030,20,Female,Software Engineering,96.2,62.5,47.0,42.1,11.0,2.58,3.0,Yes,No,Not At Risk
ST03893,21,Male,Software Engineering,76.0,34.9,58.8,57.1,3.3,3.27,5.0,Yes,Yes,At Risk
ST00351,25,Male,Software Engineering,96.7,66.7,61.3,53.2,4.5,2.69,8.0,No,No,Not At Risk
ST10366,25,Female,Software Engineering,77.1,76.8,59.4,54.1,3.8,2.63,1.0,Yes,Yes,Not At Risk
ST10742,24,Female,Data Science,93.4,74.3,68.8,53.1,2.4,2.7,2.0,Yes,No,Not At Risk
ST07609,19,M,Software Engineering,83.1,83.5,53.6,43.6,6.9,3.1,6.0,Yes,Yes,Not At Risk
ST03538,18,Male,IT,58.7,92.5,71.6,72.9,3.6,3.99,5.0,Yes,Yes,At Risk
ST07736,19,Male,Computer Science,93.1,47.6,75.7,96.9,4.5,2.35,3.0,Yes,Yes,Not At Risk
ST11037,20,Male,Computer Science,70.5,49.0,45.8,63.6,3.0,2.9,5.0,Yes,No,Not At Risk
ST03324,22,Female,Computer Science,87.8,60.6,87.4,94.6,4.6,2.41,5.0,Yes,No,Not At Risk
ST07190,21,Female,IT,83.9,57.6,65.8,70.5,5.3,2.67,7.0,Yes,Yes,Not At Risk
ST06517,22,Male,Software Engineering,66.4,62.3,34.0,72.2,3.7,3.12,5.0,No,No,At Risk
ST02027,25,Female,Software Engineering,91.1,30.9,58.1,58.6,3.9,2.98,2.0,Yes,Yes,Not At Risk
ST02850,24,Male,Data Science,91.5,88.4,59.5,65.6,2.5,2.53,3.0,Yes,Yes,Not At Risk
ST02384,19,Male,Software Engineering,97.9,61.8,86.1,59.3,11.7,1.55,5.0,Yes,No,Not At Risk
ST00021,21,Female,IT,67.5,63.7,58.1,45.1,2.4,2.8,2.0,Yes,No,Not At Risk
ST01710,23,Female,IT,99.1,63.5,84.9,33.9,4.1,2.94,4.0,Yes,Yes,Not At Risk
ST07713,21,Male,Software Engineering,69.2,84.0,51.0,74.0,4.1,2.9,2.0,Yes,Yes,At Risk
ST00347,22,Male,Computer Science,70.0,70.0,75.6,52.8,2.4,2.07,4.0,Yes,Yes,At Risk
ST08840,24,Female,Computer Science,76.9,42.9,59.4,62.5,8.8,2.43,5.0,Yes,No,Not At Risk
ST07315,23,Female,IT,81.9,64.5,82.7,62.6,16.3,2.05,5.0,Yes,Yes,Not At Risk
ST03751,23,Female,Software Engineering,82.2,67.6,79.6,71.8,1.9,2.72,4.0,Yes,Yes,Not At Risk
ST02036,18,Male,Data Science,84.8,70.0,51.9,79.6,13.9,3.47,4.0,Yes,Yes,Not At Risk
ST00644,18,Female,Computer Science,90.5,72.9,64.4,96.4,12.0,3.4,2.0,Yes,Yes,Not At Risk
ST09164,22,Female,Computer Science,82.4,84.6,68.6,58.9,8.2,2.66,4.0,Yes,No,Not At Risk
ST08547,18,Male,IT,84.5,82.1,74.6,46.7,2.0,2.97,,Yes,Yes,Not At Risk
ST07086,19,Male,Computer Science,67.7,93.6,69.2,61.6,2.0,3.47,7.0,Yes,Yes,At Risk
ST09735,21,Female,Computer Science,77.5,57.9,73.6,72.2,2.1,3.51,3.0,Yes,No,Not At Risk
ST05212,23,Female,Data Science,90.7,66.1,96.9,70.0,1.6,2.76,2.0,No,No,Not At Risk
ST00546,22,Male,Software Engineering,77.2,35.9,68.1,68.0,2.3,3.74,8.0,Yes,No,At Risk
ST03482,25,Male,Computer Science,100.0,45.1,60.5,42.1,5.5,2.97,2.0,Yes,No,Not At Risk
ST11877,18,Male,Computer Science,67.4,93.2,68.9,45.7,7.3,2.26,2.0,Yes,Yes,At Risk
ST02463,19,Female,IT,58.4,75.3,27.9,68.6,8.0,2.78,1.0,Yes,Yes,Not At Risk
ST03871,21,Female,Data Science,76.0,73.6,61.9,22.1,1.1,3.51,2.0,Yes,Yes,At Risk
ST09462,19,Female,Computer Science,67.9,69.9,54.9,57.1,6.3,2.79,4.0,Yes,No,At Risk
ST09726,22,Male,,100.0,69.2,61.6,75.0,3.9,2.19,7.0,Yes,No,Not At Risk
ST09412,23,Female,Software Engineering,68.7,62.1,45.8,52.6,5.0,3.27,2.0,Yes,No,Not At Risk
ST09880,23,Female,IT,73.3,73.8,57.7,78.2,7.0,3.43,6.0,Yes,Yes,Not At Risk
ST00918,24,Female,IT,78.0,66.1,85.8,73.2,6.8,1.6,6.0,Yes,No,Not At Risk
ST03121,19,Male,IT,75.0,71.1,53.3,54.0,1.8,2.43,2.0,Yes,No,At Risk
ST02701,24,Female,Computer Science,80.9,67.6,60.0,85.2,6.8,3.49,1.0,Yes,Yes,Not At Risk
ST10293,19,Male,IT,80.3,67.4,50.3,77.2,1.7,3.16,4.0,Yes,Yes,Not At Risk
ST08262,25,Male,Computer Science,88.6,66.6,75.4,52.3,3.4,1.54,5.0,Yes,Yes,Not At Risk
ST06782,19,Male,Data Science,80.8,79.3,62.3,52.5,2.6,3.4,3.0,Yes,No,Not At Risk
ST01139,23,Male,Software Engineering,66.4,56.8,58.8,77.3,7.4,3.36,6.0,Yes,No,Not At Risk
ST02847,21,Male,IT,91.4,38.9,73.0,66.0,3.1,1.84,,Yes,No,Not At Risk
ST08265,22,Female,Computer Science,86.5,73.2,76.2,58.9,11.9,3.32,3.0,Yes,No,Not At Risk
ST05795,24,Female,Software Engineering,77.0,45.6,54.4,56.4,6.9,1.2,,Yes,Yes,Not At Risk
ST07534,19,Male,Data Science,81.1,62.0,62.6,29.4,17.0,1.57,6.0,Yes,Yes,At Risk
ST04250,23,Male,IT,68.8,44.7,53.2,44.5,3.8,3.52,4.0,Yes,No,At Risk
ST07065,21,Male,Data Science,80.0,75.7,55.2,73.4,4.0,2.37,3.0,Yes,No,Not At Risk
ST06301,20,Female,Software Engineering,62.2,77.8,78.3,78.0,5.1,3.57,1.0,Yes,No,Not At Risk
ST07343,24,Male,IT,82.2,74.7,78.4,40.7,11.1,2.73,7.0,Yes,Yes,Not At Risk
ST04582,22,Male,Software Engineering,88.6,62.2,54.7,43.5,4.2,3.8,5.0,Yes,Yes,Not At Risk
ST02512,20,Male,IT,68.9,72.7,62.0,48.3,2.9,3.02,4.0,Yes,No,Not At Risk
ST05569,18,Male,Computer Science,63.1,49.2,49.1,30.1,6.5,3.06,3.0,Yes,Yes,Not At Risk
ST08625,25,Male,IT,70.5,86.6,60.6,50.7,1.9,3.05,10.0,Yes,Yes,Not At Risk
ST11777,25,Male,IT,71.0,41.3,70.1,53.7,6.9,3.37,7.0,Yes,Yes,At Risk
ST04866,21,Male,Computer Science,61.3,59.4,56.7,52.9,2.9,3.49,3.0,Yes,Yes,Not At Risk
ST08519,21,Male,IT,67.1,62.2,67.7,53.2,1.3,1.95,5.0,Yes,Yes,At Risk
ST03211,22,Male,Computer Science,74.1,80.6,57.2,53.3,4.6,3.26,3.0,Yes,No,Not At Risk
ST06887,18,Female,IT,77.4,42.5,53.2,85.4,6.3,3.48,3.0,Yes,No,Not At Risk
ST09434,23,Female,Data Science,100.0,66.0,60.5,91.0,8.1,3.39,6.0,Yes,No,Not At Risk
ST11104,24,Female,Software Engineering,70.9,78.7,82.1,73.5,4.7,3.78,6.0,Yes,Yes,Not At Risk
ST03036,19,Male,Computer Science,79.7,77.5,73.9,79.7,4.4,2.9,5.0,Yes,No,At Risk
ST00789,21,Male,Computer Science,72.8,73.8,83.3,91.1,4.5,2.39,5.0,Yes,No,Not At Risk
ST10007,18,Female,Software Engineering,69.6,45.3,70.1,40.6,12.0,3.51,0.0,No,Yes,Not At Risk
ST07585,22,Male,Computer Science,100.0,24.9,65.8,62.8,3.8,2.85,5.0,Yes,Yes,Not At Risk
ST10609,22,Female,IT,96.5,72.5,80.3,82.9,6.7,3.33,8.0,Yes,Yes,Not At Risk
ST10701,20,Male,Data Science,67.3,78.6,61.9,59.1,6.5,2.53,3.0,Yes,Yes,Not At Risk
ST01275,18,Male,Software Engineering,100.0,63.0,40.7,53.0,2.8,3.37,0.0,Yes,No,Not At Risk
ST08894,20,Male,Software Engineering,64.8,76.2,76.6,86.8,3.1,3.13,6.0,No,Yes,Not At Risk
ST11286,18,Male,Computer Science,100.0,57.0,67.0,32.9,7.6,3.0,4.0,No,No,Not At Risk
ST00791,18,Female,Computer Science,75.1,83.9,78.0,42.9,3.8,2.21,5.0,Yes,No,Not At Risk
ST04907,20,Female,Software Engineering,78.3,84.9,51.1,80.4,3.7,3.17,7.0,Yes,No,Not At Risk
ST00306,23,Male,Computer Science,82.6,88.6,60.0,100.0,6.3,1.48,9.0,Yes,No,Not At Risk
ST02993,19,Female,Computer Science,71.1,55.4,70.3,84.8,5.5,3.01,3.0,Yes,No,Not At Risk
ST04327,22,Female,Computer Science,78.1,64.9,59.7,82.3,4.7,3.23,1.0,Yes,Yes,Not At Risk
ST08004,20,Male,IT,79.8,81.9,59.3,90.4,4.3,3.64,7.0,Yes,No,Not At Risk
ST03557,21,Male,Data Science,76.1,100.0,84.3,82.3,8.5,1.76,5.0,Yes,No,Not At Risk
ST01646,24,Male,Computer Science,86.1,93.4,71.9,39.7,9.8,2.71,8.0,Yes,No,Not At Risk
ST03013,18,Female,Data Science,78.6,70.7,32.6,63.3,6.2,4.0,4.0,Yes,No,Not At Risk
ST04817,23,Male,Software Engineering,95.6,80.7,78.0,57.3,5.4,2.89,3.0,Yes,No,Not At Risk
ST04813,25,Male,Computer Science,85.1,83.6,73.9,69.2,7.3,2.91,3.0,Yes,No,Not At Risk
ST04724,23,Female,Computer Science,82.0,87.2,66.7,60.0,5.0,3.35,6.0,Yes,No,Not At Risk
ST08359,25,Male,Software Engineering,87.6,66.3,47.9,49.8,4.6,3.39,4.0,Yes,No,Not At Risk
ST01533,19,Female,Computer Science,99.7,66.7,59.5,68.4,10.9,3.47,5.0,Yes,No,Not At Risk
ST11401,21,Male,Software Engineering,76.6,71.3,67.6,31.9,4.6,2.8,6.0,Yes,Yes,Not At Risk
ST01234,22,Female,Computer Science,70.5,50.0,93.6,81.4,2.5,3.95,6.0,Yes,No,Not At Risk
ST03883,25,Male,Computer Science,61.1,71.5,74.2,65.4,3.0,3.0,6.0,Yes,No,Not At Risk
ST03302,23,Female,Software Engineering,70.4,31.9,64.7,49.2,4.5,2.49,8.0,Yes,No,At Risk
ST08402,22,Male,Data Science,62.5,71.8,45.9,68.4,6.3,2.65,0.0,Yes,No,At Risk
ST11513,18,Female,Software Engineering,83.5,75.6,36.8,71.7,8.0,3.48,4.0,Yes,No,Not At Risk
ST05523,23,Female,IT,84.7,29.3,70.6,56.4,7.7,2.54,3.0,,Yes,At Risk
ST03431,22,Female,Computer Science,78.3,61.4,44.4,61.6,10.0,2.51,2.0,Yes,No,Not At Risk
ST11583,20,Male,Software Engineering,66.8,78.8,48.8,50.0,0.8,2.48,4.0,Yes,Yes,At Risk
ST03083,21,Female,IT,59.5,58.3,71.5,86.3,5.3,2.68,6.0,,Yes,At Risk
ST04464,21,Female,Data Science,79.3,76.8,64.0,67.5,6.9,3.51,3.0,Yes,No,Not At Risk
ST01335,25,Female,Data Science,85.3,63.4,67.1,88.6,1.3,3.28,7.0,Yes,No,Not At Risk
ST07911,20,Male,Software Engineering,80.2,72.2,47.1,96.6,2.0,2.64,5.0,Yes,No,Not At Risk
ST00720,20,Female,IT,59.3,72.4,58.5,48.9,9.6,2.4,5.0,Yes,No,Not At Risk
ST04172,18,Male,IT,73.5,67.8,39.7,73.1,9.6,2.58,4.0,Yes,Yes,Not At Risk
ST07777,22,Male,Computer Science,86.9,43.5,73.5,29.9,2.5,1.97,8.0,Yes,No,Not At Risk
ST10765,23,Female,IT,94.7,71.5,72.5,68.3,9.6,2.62,4.0,Yes,No,Not At Risk
ST03657,22,Female,Software Engineering,80.9,58.8,65.4,57.6,7.7,4.0,0.0,Yes,No,Not At Risk
ST04518,24,Male,IT,71.8,59.8,66.8,67.2,5.6,3.32,4.0,Yes,Yes,Not At Risk
ST08480,20,Female,Software Engineering,85.1,93.3,69.3,62.3,3.3,3.27,2.0,Yes,No,Not At Risk
ST02142,21,Female,Software Engineering,68.1,52.2,38.7,64.4,7.0,2.12,9.0,Yes,No,At Risk
ST10826,21,Male,Data Science,75.6,71.8,57.7,27.0,7.6,3.07,4.0,Yes,No,Not At Risk
ST04914,24,Female,IT,84.1,63.3,91.5,58.2,5.1,3.08,8.0,Yes,Yes,Not At Risk
ST11559,20,M,IT,73.0,78.5,54.1,43.5,4.4,3.56,2.0,Yes,Yes,Not At Risk
ST09713,19,Male,IT,68.9,98.9,81.8,63.8,4.2,2.41,5.0,Yes,Yes,Not At Risk
ST11558,19,Female,Computer Science,72.5,53.4,67.8,78.4,14.2,3.43,4.0,Yes,Yes,Not At Risk
ST02553,20,Male,Computer Science,74.3,59.1,58.9,78.8,4.5,2.55,,Yes,Yes,Not At Risk
ST05140,22,Female,Computer Science,100.0,63.3,66.8,60.7,1.9,2.4,2.0,Yes,No,Not At Risk
ST11051,22,Male,Data Science,97.6,81.5,51.2,68.9,11.0,3.87,6.0,Yes,No,Not At Risk
ST09978,25,Female,Computer Science,85.9,64.1,70.4,64.3,10.8,4.0,3.0,Yes,Yes,At Risk
ST08516,18,Male,IT,84.9,59.8,63.6,75.3,7.2,2.55,1.0,Yes,Yes,Not At Risk
ST06284,19,Female,IT,65.2,53.3,60.2,62.3,10.2,2.75,4.0,Yes,No,Not At Risk
ST00795,23,Female,Computer Science,100.0,54.7,74.9,64.4,6.2,4.0,4.0,Yes,No,Not At Risk
ST09542,24,Male,IT,88.3,69.0,78.7,66.4,2.9,2.89,5.0,Yes,No,Not At Risk
ST08266,24,Male,Data Science,86.0,66.3,30.7,50.3,4.3,4.0,4.0,Yes,No,Not At Risk
ST10526,23,Female,Data Science,87.0,82.7,60.7,54.0,1.6,2.82,5.0,Yes,Yes,Not At Risk
ST06606,22,Female,Software Engineering,83.3,34.8,88.7,76.0,1.0,2.66,6.0,Yes,No,Not At Risk
ST03200,21,Female,Computer Science,72.2,90.1,47.3,24.0,3.9,3.69,9.0,Yes,No,Not At Risk
ST02919,22,Male,Computer Science,77.9,86.0,56.2,70.1,8.5,2.53,2.0,Yes,Yes,At Risk
ST06838,23,Male,Data Science,84.1,75.6,79.0,67.6,2.9,2.05,2.0,Yes,No,Not At Risk
ST01436,21,Female,Software Engineering,79.6,67.6,89.8,79.7,3.8,3.25,4.0,Yes,No,Not At Risk
ST01581,25,Female,Computer Science,96.2,72.6,75.5,72.0,6.6,2.48,,Yes,No,Not At Risk
ST06860,25,Female,IT,83.5,55.1,53.1,,3.3,1.73,4.0,Yes,No,At Risk
ST01446,19,Male,IT,91.9,83.4,59.8,56.0,6.4,3.74,5.0,Yes,No,Not At Risk
ST03709,22,Male,Computer Science,84.6,42.3,74.5,49.0,7.3,2.84,3.0,,No,Not At Risk
ST08453,24,Male,Software Engineering,89.7,61.5,48.4,86.4,2.4,2.82,,Yes,Yes,Not At Risk
ST08070,20,Female,Software Engineering,64.5,55.4,77.8,83.0,2.5,2.7,5.0,Yes,Yes,Not At Risk
ST09114,20,Male,Data Science,100.0,87.9,59.6,64.0,9.9,2.24,5.0,Yes,Yes,Not At Risk
ST02964,24,Male,IT,72.9,59.3,62.3,75.6,5.0,2.2,3.0,Yes,Yes,Not At Risk
ST10560,23,Male,Data Science,85.0,71.5,66.1,43.3,5.0,3.5,10.0,Yes,Yes,Not At Risk
ST01812,18,Male,Software Engineering,85.9,57.1,51.5,89.9,6.9,3.77,3.0,No,Yes,Not At Risk
ST06326,20,Male,Computer Science,99.9,44.8,73.3,65.2,6.8,2.73,5.0,Yes,No,Not At Risk
ST00975,24,Female,IT,85.5,85.5,80.1,65.4,4.1,2.99,5.0,Yes,Yes,Not At Risk
ST07831,18,Female,Computer Science,81.7,63.9,91.3,92.3,9.7,3.08,4.0,No,Yes,Not At Risk
ST05816,23,Male,IT,73.7,39.7,55.2,70.5,7.9,2.77,3.0,Yes,Yes,Not At Risk
ST05990,22,Male,Computer Science,89.3,67.8,52.7,16.9,4.0,2.7,2.0,Yes,Yes,Not At Risk
ST05063,25,Female,IT,75.4,47.4,53.8,50.8,5.2,3.85,3.0,Yes,Yes,At Risk
ST10980,21,Male,Data Science,83.6,64.5,66.9,100.0,9.4,2.02,4.0,Yes,No,Not At Risk
ST11659,23,Female,Computer Science,100.0,100.0,66.1,30.2,9.8,3.55,1.0,Yes,No,Not At Risk
ST07417,20,Male,IT,100.0,95.4,75.6,92.9,4.0,2.75,3.0,Yes,No,Not At Risk
ST04226,19,Male,IT,89.4,87.0,66.1,81.4,7.3,3.52,8.0,Yes,Yes,Not At Risk
ST11504,22,Male,Software Engineering,74.8,55.4,44.1,60.6,8.5,2.77,4.0,Yes,Yes,Not At Risk
ST09223,19,Female,Data Science,96.7,56.7,83.0,62.3,1.5,2.84,6.0,Yes,No,Not At Risk
ST05454,22,Male,Computer Science,85.4,40.4,78.8,53.9,8.5,3.06,2.0,Yes,No,Not At Risk
ST04190,25,Male,Computer Science,88.8,82.9,60.6,70.1,6.6,3.21,4.0,Yes,Yes,Not At Risk
ST00365,23,Female,IT,78.2,77.3,71.2,34.9,4.4,3.51,9.0,Yes,Yes,Not At Risk
ST01993,21,Female,IT,92.8,54.0,83.4,81.6,7.4,2.56,6.0,Yes,Yes,Not At Risk
ST11048,24,Male,Computer Science,74.6,58.9,53.5,73.7,10.9,3.63,3.0,No,Yes,Not At Risk
ST09252,24,Female,Computer Science,75.9,48.5,77.7,60.8,10.2,3.26,3.0,No,No,At Risk
ST05098,19,Male,IT,74.2,66.8,100.0,45.6,6.1,2.97,5.0,Yes,No,At Risk
ST06591,22,Male,Computer Science,73.4,68.9,60.3,91.5,5.0,4.0,1.0,Yes,Yes,At Risk
ST02275,24,Female,Data Science,91.5,70.8,89.1,78.6,6.0,2.88,5.0,Yes,No,Not At Risk
ST08861,25,Male,Computer Science,69.7,70.3,77.9,73.4,7.0,3.46,2.0,Yes,No,Not At Risk
ST09654,18,Male,Computer Science,76.4,62.4,72.4,59.3,7.2,2.56,2.0,Yes,No,Not At Risk
ST04103,20,Male,Data Science,81.3,74.3,73.2,71.4,4.3,1.62,4.0,Yes,No,At Risk
ST11478,18,Female,IT,81.2,69.8,59.5,49.7,3.0,3.45,6.0,Yes,No,Not At Risk
ST08646,18,Male,Data Science,96.9,75.7,87.5,64.4,4.4,2.72,2.0,Yes,Yes,Not At Risk
ST04315,20,Male,IT,81.5,80.1,85.1,70.8,2.2,2.84,5.0,Yes,No,Not At Risk
ST05225,21,Male,Computer Science,80.3,93.2,50.1,73.1,4.2,2.92,2.0,Yes,Yes,Not At Risk
ST06460,19,Male,Computer Science,87.8,53.6,46.7,52.0,4.5,1.5,4.0,,No,Not At Risk
ST03234,20,Male,Data Science,69.2,72.9,56.1,61.4,12.3,2.36,4.0,Yes,No,Not At Risk
ST03224,23,Female,,82.9,52.4,83.2,86.9,7.9,2.76,5.0,Yes,No,Not At Risk
ST08701,25,Female,IT,70.9,67.2,53.9,96.0,8.2,2.91,2.0,Yes,Yes,Not At Risk
ST00062,21,Female,Data Science,84.2,83.4,89.2,82.3,4.3,2.91,,Yes,No,Not At Risk
ST01963,19,Male,Software Engineering,87.6,81.9,49.5,63.1,8.5,3.41,5.0,Yes,Yes,Not At Risk
ST01122,18,Female,Computer Science,82.2,72.2,78.9,42.3,4.9,3.16,1.0,Yes,No,Not At Risk
ST05639,25,Male,Software Engineering,93.2,91.6,72.3,73.5,2.8,3.17,6.0,Yes,Yes,Not At Risk
ST08753,20,Male,Computer Science,81.6,75.3,93.7,44.6,3.3,3.29,1.0,Yes,Yes,Not At Risk
ST02852,25,female,IT,80.9,91.8,77.7,,10.1,2.38,2.0,Yes,No,Not At Risk
ST07230,19,Male,Data Science,77.6,78.4,67.5,46.5,5.7,1.33,6.0,Yes,No,Not At Risk
ST05706,18,Male,Data Science,95.9,63.5,38.2,55.9,1.1,1.91,5.0,Yes,Yes,Not At Risk
ST00516,20,Female,Computer Science,98.6,73.8,80.9,86.1,3.2,2.39,3.0,Yes,Yes,Not At Risk
ST02909,20,Female,Computer Science,86.8,75.8,51.2,52.9,11.3,3.6,,Yes,No,Not At Risk
ST02708,22,Female,Data Science,76.7,71.6,49.1,57.3,10.6,2.57,8.0,Yes,No,Not At Risk
ST05945,22,Male,Computer Science,76.2,56.5,72.9,42.2,2.2,2.48,6.0,Yes,No,At Risk
ST06723,21,Male,Software Engineering,82.1,65.5,48.8,90.0,2.8,3.31,4.0,Yes,No,Not At Risk
ST03456,20,Male,IT,68.7,70.0,98.9,79.1,5.7,3.35,5.0,Yes,Yes,Not At Risk
ST04795,20,Male,Computer Science,82.3,80.3,72.4,94.4,3.8,3.7,2.0,Yes,No,Not At Risk
ST02825,23,Female,Data Science,88.3,72.9,76.0,61.5,6.1,1.85,0.0,Yes,No,Not At Risk
ST00991,18,Female,Computer Science,87.1,72.3,71.8,60.5,7.7,3.27,3.0,Yes,Yes,Not At Risk
ST08604,25,Male,Computer Science,100.0,54.4,74.0,61.6,12.8,2.71,2.0,Yes,Yes,Not At Risk
ST02311,18,Female,IT,100.0,52.7,65.5,67.7,3.4,2.8,4.0,Yes,No,At Risk
ST03527,25,Female,Computer Science,95.6,76.4,43.7,39.5,4.1,2.86,2.0,Yes,Yes,Not At Risk
ST06172,19,Female,Data Science,61.9,84.5,41.1,90.0,3.5,3.32,4.0,No,Yes,Not At Risk
ST10434,23,Male,Computer Science,63.9,76.8,61.7,89.2,8.9,2.95,5.0,Yes,No,Not At Risk
ST00391,24,Female,Computer Science,79.9,66.4,73.7,15.4,3.2,2.82,4.0,Yes,Yes,Not At Risk
ST03551,23,Female,IT,70.6,76.3,61.0,52.8,5.1,3.24,4.0,Yes,Yes,Not At Risk
ST02061,21,Female,Computer Science,79.4,86.8,61.2,65.3,3.3,3.27,1.0,Yes,No,Not At Risk
ST01758,23,Male,Data Science,85.0,70.7,53.2,29.4,8.1,3.05,3.0,Yes,Yes,Not At Risk
ST11015,22,Female,Data Science,75.2,64.9,87.1,76.8,10.0,3.9,1.0,Yes,No,Not At Risk
ST06659,23,Male,Computer Science,69.5,78.7,55.3,75.5,4.0,2.73,2.0,Yes,No,Not At Risk
ST04243,25,Male,Software Engineering,79.9,75.5,58.4,52.2,5.2,2.85,4.0,Yes,No,Not At Risk
ST04163,18,Male,IT,67.6,53.1,77.0,42.9,7.5,2.05,4.0,Yes,No,Not At Risk
ST07226,21,Male,IT,86.8,100.0,76.3,42.3,6.6,3.07,3.0,Yes,Yes,Not At Risk
ST01608,22,Female,Computer Science,79.2,82.2,63.9,45.2,3.5,2.91,8.0,Yes,No,Not At Risk
ST03888,19,Female,Computer Science,82.3,53.1,46.4,49.6,5.0,2.88,5.0,Yes,No,Not At Risk
ST02174,21,Male,Computer Science,85.8,76.2,46.3,92.9,9.0,3.43,7.0,No,No,Not At Risk
ST05998,20,Male,Software Engineering,72.5,60.6,71.9,77.6,4.2,2.35,5.0,Yes,Yes,Not At Risk
ST04166,23,Male,Software Engineering,89.5,72.0,66.8,64.3,1.4,2.93,4.0,Yes,Yes,Not At Risk
ST02829,24,Male,Computer Science,95.1,77.5,61.5,58.0,4.3,2.67,7.0,Yes,No,Not At Risk
ST08449,25,Male,Computer Science,76.9,100.0,53.4,55.0,2.9,3.08,0.0,Yes,No,At Risk
ST03834,20,Male,Software Engineering,76.4,73.2,77.5,58.5,5.1,2.71,1.0,Yes,No,Not At Risk
ST01880,19,Male,IT,64.3,52.6,69.5,46.2,0.9,2.31,1.0,Yes,No,Not At Risk
ST07837,23,Male,Computer Science,79.5,74.5,81.8,54.3,4.5,2.79,5.0,Yes,No,Not At Risk
ST08005,24,Male,IT,78.0,60.7,80.7,74.8,7.7,3.72,5.0,Yes,Yes,Not At Risk
ST03120,22,Male,Computer Science,86.2,49.6,39.9,90.4,11.0,2.3,6.0,Yes,No,Not At Risk
ST07403,23,Male,Software Engineering,74.5,100.0,47.6,67.6,7.3,2.39,10.0,Yes,No,At Risk
ST08479,22,Male,IT,79.7,41.2,79.1,43.6,11.3,2.2,8.0,Yes,Yes,At Risk
ST01897,24,Female,Computer Science,72.2,63.7,91.0,44.2,5.6,2.86,2.0,Yes,No,At Risk
ST02562,23,Male,Computer Science,88.1,62.3,59.4,25.3,10.8,0.77,5.0,,No,At Risk
ST11572,23,Male,Computer Science,90.0,80.5,62.7,49.7,13.6,2.09,8.0,Yes,Yes,At Risk
ST03902,24,Male,IT,93.9,44.7,56.5,63.9,3.4,3.43,4.0,Yes,No,Not At Risk
ST04400,24,Female,Computer Science,91.2,59.0,67.9,53.4,6.4,3.05,4.0,Yes,Yes,Not At Risk
ST04880,19,Male,IT,75.2,56.7,76.7,,7.1,2.74,3.0,Yes,Yes,Not At Risk
ST07178,18,Female,IT,80.9,72.3,57.4,75.2,8.4,2.48,4.0,Yes,No,Not At Risk
ST06448,20,Male,Computer Science,72.5,56.2,60.9,57.2,4.0,2.47,3.0,No,No,Not At Risk
ST05233,25,Male,Computer Science,97.5,59.7,32.1,79.7,4.6,2.48,1.0,Yes,No,Not At Risk
ST09028,25,Male,Computer Science,77.5,53.8,54.7,61.2,2.2,4.0,8.0,Yes,Yes,Not At Risk
ST04911,22,Female,IT,78.0,84.4,91.3,88.6,5.9,3.05,3.0,Yes,No,Not At Risk
ST05803,25,Male,IT,75.0,79.3,70.1,52.3,6.8,2.35,5.0,Yes,Yes,Not At Risk
ST01089,18,Female,Computer Science,92.8,71.9,81.1,73.3,6.4,3.01,5.0,Yes,No,Not At Risk
ST02444,19,Female,Data Science,79.6,65.1,67.8,79.2,4.3,3.38,3.0,Yes,No,Not At Risk
ST08424,25,Male,Software Engineering,99.3,69.5,54.9,44.5,4.9,1.86,2.0,Yes,No,Not At Risk
ST10622,24,Male,IT,80.6,63.1,61.0,49.8,3.7,2.83,3.0,Yes,Yes,Not At Risk
ST05797,20,Male,Data Science,89.6,80.3,66.0,64.4,2.9,2.91,3.0,Yes,Yes,Not At Risk
ST07654,24,Female,Software Engineering,77.0,51.0,33.8,75.1,6.4,3.38,3.0,Yes,No,At Risk
ST07588,23,Female,Data Science,72.8,67.8,63.5,45.0,6.9,2.87,7.0,Yes,No,Not At Risk
ST08055,20,Male,Software Engineering,97.4,50.4,58.8,60.8,4.4,2.07,2.0,Yes,Yes,Not At Risk
ST00271,20,Male,Software Engineering,83.9,78.5,60.4,62.5,3.3,3.61,4.0,Yes,No,Not At Risk
ST10438,25,Male,Data Science,79.6,80.5,69.3,59.1,5.5,2.92,6.0,Yes,Yes,Not At Risk
ST07524,22,Male,IT,81.6,50.6,64.7,89.3,3.9,3.28,4.0,Yes,No,Not At Risk
ST06937,21,Female,Data Science,78.3,90.8,100.0,81.6,13.6,3.14,1.0,Yes,No,Not At Risk
ST05773,25,Female,Software Engineering,93.9,89.4,78.7,50.3,3.3,2.57,1.0,Yes,Yes,Not At Risk
ST03965,25,Male,,93.5,95.9,33.6,,8.0,2.35,5.0,Yes,No,Not At Risk
ST02021,23,Female,Computer Science,90.4,65.5,62.7,65.6,2.4,2.76,3.0,No,No,Not At Risk
ST11683,24,Female,Software Engineering,67.2,60.5,76.1,49.8,7.1,3.65,2.0,Yes,No,Not At Risk
ST11385,20,Male,Data Science,97.5,87.4,55.5,64.4,4.7,2.38,5.0,No,No,Not At Risk
ST00794,24,Male,Computer Science,73.2,33.4,83.6,58.6,2.1,2.61,1.0,Yes,Yes,At Risk
ST11952,22,Male,IT,61.1,91.8,84.1,57.2,4.5,3.16,7.0,Yes,No,Not At Risk
ST00264,18,Female,Software Engineering,100.0,73.7,58.1,37.3,5.7,2.54,2.0,Yes,Yes,Not At Risk
ST00139,18,Male,Data Science,79.1,34.6,50.2,,3.0,3.31,3.0,Yes,Yes,Not At Risk
ST07634,19,Male,Software Engineering,86.8,100.0,64.0,59.5,5.8,2.84,1.0,Yes,Yes,Not At Risk
ST02470,23,Male,Software Engineering,87.2,87.7,70.0,54.5,5.2,3.8,3.0,Yes,No,Not At Risk
ST00033,25,Female,Data Science,93.8,94.5,62.5,38.6,5.7,3.29,9.0,Yes,No,Not At Risk
ST08916,25,Female,Computer Science,100.0,56.6,56.7,69.1,8.3,2.32,2.0,Yes,No,Not At Risk
ST11960,18,Female,IT,83.1,74.2,61.5,59.3,8.5,1.81,5.0,Yes,No,Not At Risk
ST10188,23,Male,Computer Science,68.2,79.6,40.9,54.2,8.6,3.76,6.0,Yes,No,Not At Risk
ST11098,19,Male,Computer Science,98.7,75.3,36.7,78.5,7.7,3.18,6.0,Yes,No,At Risk
ST11628,20,Male,Data Science,70.5,52.0,50.4,87.5,8.2,2.36,5.0,Yes,No,Not At Risk
ST05003,21,Male,IT,77.8,49.4,76.1,83.6,5.5,2.52,5.0,Yes,No,Not At Risk
ST10149,20,Female,IT,65.7,48.2,52.6,29.1,2.5,2.63,6.0,Yes,No,At Risk
ST04713,18,Female,Software Engineering,66.7,74.2,72.7,59.0,2.6,3.49,2.0,Yes,No,Not At Risk
ST01824,20,M,Computer Science,76.3,41.2,66.2,42.6,10.3,3.16,1.0,Yes,Yes,Not At Risk
ST07286,22,Male,Data Science,100.0,66.3,86.5,54.5,6.7,2.2,4.0,Yes,No,Not At Risk
ST01252,18,Male,Software Engineering,76.7,78.0,61.0,77.1,7.6,3.35,3.0,Yes,No,Not At Risk
ST07741,23,Female,IT,77.8,38.8,80.0,50.4,8.1,3.17,3.0,Yes,Yes,At Risk
ST06752,18,Female,Software Engineering,100.0,69.2,68.7,100.0,12.5,2.46,6.0,Yes,Yes,Not At Risk
ST09566,23,Male,Computer Science,96.5,35.3,82.2,88.6,6.7,3.25,1.0,Yes,No,Not At Risk
ST07863,18,Male,Data Science,100.0,71.8,34.3,53.4,4.3,3.19,8.0,Yes,No,Not At Risk
ST08177,22,Female,IT,81.3,84.8,77.8,79.4,8.8,2.66,4.0,Yes,No,Not At Risk
ST09609,19,Male,Computer Science,98.1,84.7,40.1,,10.8,2.92,1.0,Yes,No,Not At Risk
ST05348,18,Female,Software Engineering,43.1,79.8,50.3,63.5,1.2,3.34,5.0,Yes,No,Not At Risk
ST00505,19,Female,IT,76.3,85.8,57.2,,12.2,3.57,4.0,Yes,Yes,Not At Risk
ST02872,25,Male,Software Engineering,80.4,74.0,78.7,70.4,1.2,2.56,3.0,Yes,Yes,Not At Risk
ST00368,25,Female,Computer Science,84.8,74.2,55.8,65.4,3.1,2.59,7.0,Yes,Yes,Not At Risk
ST04589,19,Female,Data Science,91.2,67.1,88.5,65.9,3.6,2.53,1.0,Yes,No,Not At Risk
ST11989,18,Female,Computer Science,71.6,88.6,84.8,54.7,5.1,1.61,4.0,Yes,No,Not At Risk
ST11588,20,Female,IT,87.7,69.5,66.8,62.9,2.3,3.1,7.0,Yes,No,Not At Risk
ST03124,24,Female,Computer Science,96.7,87.3,48.3,50.9,1.9,2.48,4.0,Yes,Yes,Not At Risk
ST02002,24,Male,IT,100.0,60.7,65.8,63.7,3.9,2.87,5.0,Yes,No,Not At Risk
ST05583,19,Female,Software Engineering,75.4,55.2,56.8,59.6,8.2,1.17,4.0,Yes,No,At Risk
ST05536,19,Male,IT,76.1,64.9,88.7,45.6,5.7,3.46,3.0,Yes,No,Not At Risk
ST10877,23,Female,Data Science,76.8,46.4,67.9,70.5,10.2,2.86,5.0,Yes,No,Not At Risk
ST04848,19,Male,Computer Science,76.0,94.7,65.3,82.6,2.5,3.12,5.0,Yes,No,Not At Risk
ST02592,22,Male,Software Engineering,100.0,90.2,82.7,61.7,6.3,2.61,7.0,Yes,No,Not At Risk
ST02733,18,Male,IT,81.6,99.1,74.4,71.2,3.1,1.46,4.0,Yes,No,Not At Risk
ST08302,23,Female,Computer Science,96.3,80.7,55.0,46.8,3.4,2.89,4.0,Yes,Yes,At Risk
ST11655,21,Male,IT,83.1,78.6,58.8,37.6,3.1,3.59,4.0,Yes,Yes,Not At Risk
ST02392,25,Male,Computer Science,86.5,47.4,60.2,78.0,4.7,2.97,4.0,Yes,No,Not At Risk
ST02289,25,Female,Software Engineering,89.8,78.6,67.6,43.5,4.4,2.88,5.0,Yes,No,At Risk
ST11553,18,Female,IT,92.5,33.1,45.5,72.8,4.2,3.47,3.0,Yes,Yes,Not At Risk
ST03058,25,Female,Software Engineering,85.3,91.6,62.8,52.1,11.8,4.0,3.0,No,Yes,Not At Risk
ST06346,18,Female,Data Science,83.1,74.5,51.7,80.7,11.0,3.03,4.0,Yes,Yes,Not At Risk
ST00196,25,Female,Computer Science,54.8,84.7,72.3,64.1,7.2,2.52,5.0,Yes,Yes,Not At Risk
ST10403,21,Female,Software Engineering,73.4,52.0,64.1,59.6,1.8,3.19,,Yes,No,Not At Risk
ST04613,21,Female,Computer Science,89.5,50.9,49.3,59.7,2.9,1.78,2.0,Yes,Yes,Not At Risk
ST11720,21,Female,Computer Science,96.2,86.5,54.1,47.5,3.4,3.48,6.0,Yes,No,Not At Risk
ST01149,25,Female,Computer Science,74.2,62.9,72.8,74.2,3.9,3.42,8.0,No,No,Not At Risk
ST08144,21,Male,Data Science,63.1,58.3,83.5,68.5,6.0,3.35,0.0,Yes,Yes,Not At Risk
ST03216,22,Female,Software Engineering,79.6,41.5,46.7,61.5,4.7,2.95,3.0,Yes,No,Not At Risk
ST01972,24,Female,Software Engineering,82.2,60.2,83.2,50.9,7.3,2.71,3.0,Yes,No,At Risk
ST08111,20,Female,IT,74.1,72.5,71.8,32.5,3.0,3.77,8.0,Yes,Yes,At Risk
ST00559,22,Male,Data Science,82.6,88.4,70.0,40.5,4.0,2.01,3.0,Yes,Yes,Not At Risk
ST03640,21,Male,Computer Science,100.0,75.6,38.4,70.4,6.9,1.98,5.0,No,Yes,Not At Risk
ST00040,18,Female,Data Science,78.2,36.3,65.7,61.0,2.7,2.27,4.0,Yes,Yes,Not At Risk
ST02551,22,Female,Data Science,63.3,59.9,76.0,68.1,5.8,3.31,6.0,Yes,No,Not At Risk
ST00405,18,Female,IT,81.2,75.8,51.8,79.5,4.3,3.69,2.0,Yes,Yes,Not At Risk
ST08131,21,Male,,100.0,60.3,86.4,43.2,1.8,3.32,4.0,No,No,Not At Risk
ST00787,19,Female,Data Science,84.8,84.1,34.9,67.4,4.7,2.99,2.0,Yes,Yes,Not At Risk
ST02169,25,Male,IT,64.0,53.2,51.9,72.2,16.0,3.38,4.0,Yes,No,Not At Risk
ST06827,24,Female,Computer Science,74.4,65.9,65.2,66.8,5.2,4.0,5.0,Yes,Yes,At Risk
ST01096,19,Male,Data Science,98.3,81.6,88.8,67.7,3.6,1.94,4.0,Yes,No,Not At Risk
ST09437,19,Female,Computer Science,93.5,70.5,54.2,100.0,3.4,3.65,3.0,No,No,Not At Risk
ST02723,25,Female,Software Engineering,98.8,82.7,59.6,82.2,1.3,3.07,5.0,Yes,No,Not At Risk
ST06919,22,Female,Computer Science,82.4,85.4,73.2,59.8,5.2,3.02,6.0,Yes,No,Not At Risk
ST00917,25,Female,Data Science,51.8,68.3,62.9,68.6,2.8,2.72,6.0,Yes,No,Not At Risk
ST01411,18,Male,Software Engineering,61.0,71.8,54.9,60.5,2.9,3.55,2.0,Yes,No,Not At Risk
ST07111,18,Male,Computer Science,99.3,61.2,66.9,61.7,3.4,3.29,3.0,Yes,Yes,Not At Risk
ST06555,19,Female,Computer Science,87.0,77.5,44.3,67.5,3.8,3.96,2.0,Yes,No,Not At Risk
ST09243,22,Female,Computer Science,92.8,63.4,62.4,55.4,9.7,3.08,5.0,Yes,Yes,Not At Risk
ST10933,23,Female,Software Engineering,100.0,93.3,64.9,72.5,8.6,2.67,4.0,Yes,No,Not At Risk
ST07391,22,Male,IT,73.5,96.2,59.6,91.9,13.1,0.77,2.0,Yes,No,Not At Risk
ST05777,25,Female,Computer Science,75.0,80.3,94.6,68.6,8.2,3.62,3.0,Yes,No,Not At Risk
ST07499,19,Male,IT,82.7,84.8,59.8,43.9,9.2,3.61,7.0,Yes,No,Not At Risk
ST08167,21,Female,IT,75.9,76.3,52.1,66.0,6.0,3.44,3.0,Yes,No,Not At Risk
ST07997,23,Male,Computer Science,100.0,48.7,49.7,49.1,5.6,2.55,5.0,Yes,Yes,Not At Risk
ST11197,18,Male,Computer Science,86.6,88.9,71.9,35.5,2.1,3.39,3.0,Yes,Yes,Not At Risk
ST09481,21,Female,Software Engineering,68.3,42.6,78.6,50.2,13.9,2.88,3.0,Yes,Yes,Not At Risk
ST10453,20,Female,IT,70.6,49.1,100.0,84.4,4.0,3.06,4.0,Yes,Yes,Not At Risk
ST05789,23,Female,Computer Science,64.1,100.0,82.5,82.0,7.5,3.01,7.0,Yes,No,Not At Risk
ST06772,22,Female,Data Science,67.6,73.5,73.4,22.6,8.9,2.67,7.0,Yes,Yes,At Risk
ST00334,21,Female,Computer Science,54.1,20.2,55.1,37.3,1.9,3.22,6.0,Yes,Yes,At Risk
ST08435,24,Male,Computer Science,73.2,77.9,74.0,68.8,2.1,2.44,3.0,Yes,Yes,Not At Risk
ST02412,22,Female,Data Science,84.8,67.0,48.2,62.8,1.9,3.17,7.0,Yes,No,Not At Risk
ST04815,25,Female,Computer Science,83.3,51.5,87.8,61.2,18.6,2.28,6.0,Yes,Yes,Not At Risk
ST05013,25,Female,Computer Science,68.5,78.8,33.2,59.6,3.8,1.95,3.0,Yes,No,Not At Risk
ST05578,21,Male,Data Science,84.4,54.3,72.5,61.9,1.5,2.6,5.0,Yes,No,Not At Risk
ST04054,25,Male,IT,70.5,62.3,75.6,45.8,1.1,3.31,4.0,Yes,Yes,Not At Risk
ST01142,22,Male,Computer Science,86.7,52.3,89.7,,3.5,3.0,3.0,Yes,No,Not At Risk
ST06828,20,Male,Computer Science,63.1,57.2,69.4,60.1,8.3,4.0,2.0,Yes,No,Not At Risk
ST06457,20,Male,Computer Science,88.8,74.7,48.5,59.5,4.7,3.1,0.0,Yes,Yes,Not At Risk
ST06661,19,Female,Data Science,92.2,79.8,55.2,52.3,7.5,2.68,5.0,Yes,No,Not At Risk
ST04699,20,Female,Data Science,96.5,45.4,80.0,84.8,5.2,3.68,4.0,Yes,Yes,Not At Risk
ST00528,23,Female,Software Engineering,59.5,59.9,50.4,38.9,7.1,2.57,4.0,Yes,No,At Risk
ST04952,18,Male,Software Engineering,83.7,63.6,51.5,33.3,14.1,2.94,1.0,Yes,No,Not At Risk
ST00547,21,Female,Computer Science,86.2,62.0,68.8,47.5,3.3,1.29,3.0,Yes,Yes,Not At Risk
ST11315,25,Female,Computer Science,90.7,56.6,67.6,40.0,2.7,1.54,4.0,Yes,No,At Risk
ST08432,18,Female,Computer Science,64.5,82.4,89.5,48.8,8.8,3.7,13.0,Yes,Yes,Not At Risk
ST09887,18,Female,Software Engineering,80.1,63.4,69.6,85.6,13.2,2.19,4.0,Yes,Yes,Not At Risk
ST07460,20,Male,IT,100.0,68.7,84.1,65.6,11.5,3.01,2.0,No,Yes,Not At Risk
ST00671,23,Female,Software Engineering,93.0,60.3,61.9,57.1,4.2,2.71,3.0,Yes,No,Not At Risk
ST10510,23,Female,Data Science,79.3,72.8,56.0,49.1,12.0,2.96,6.0,Yes,No,Not At Risk
ST11489,25,Female,Computer Science,85.2,55.9,23.1,85.9,5.4,3.28,5.0,Yes,No,Not At Risk
ST02878,18,Female,IT,79.1,78.5,57.6,55.1,6.9,3.36,3.0,Yes,No,Not At Risk
ST10286,23,Male,Computer Science,82.7,90.7,96.9,39.1,9.2,3.02,4.0,Yes,No,Not At Risk
ST07531,20,Male,Data Science,81.0,61.3,77.9,54.2,3.4,2.02,0.0,No,Yes,Not At Risk
ST10302,25,Male,Data Science,80.9,60.4,35.4,71.7,4.1,1.99,7.0,Yes,Yes,At Risk
ST04548,24,Male,Data Science,68.9,48.3,58.5,66.0,2.7,2.41,3.0,Yes,Yes,Not At Risk
ST11635,22,Female,Computer Science,93.8,62.5,53.5,81.7,3.5,2.7,4.0,Yes,No,Not At Risk
ST05652,24,Female,Software Engineering,79.8,54.9,48.6,52.0,8.4,2.98,7.0,Yes,Yes,Not At Risk
ST05110,19,Female,IT,83.6,71.1,88.4,13.5,8.5,3.37,5.0,Yes,No,Not At Risk
ST00881,25,Female,Data Science,100.0,64.2,46.9,53.5,5.7,1.73,5.0,Yes,No,Not At Risk
ST05391,22,Male,Computer Science,68.3,80.8,46.0,28.3,4.8,3.27,6.0,Yes,Yes,Not At Risk
ST11228,22,Male,Software Engineering,81.4,55.9,43.1,66.7,11.1,1.91,5.0,Yes,No,Not At Risk
ST07241,24,Female,Software Engineering,78.1,64.9,79.3,51.8,2.6,3.43,6.0,Yes,No,Not At Risk
ST05714,22,Female,Computer Science,74.7,55.8,51.7,81.6,7.4,3.18,3.0,Yes,No,Not At Risk
ST03769,23,Male,Software Engineering,85.6,69.0,69.5,60.9,7.6,2.05,6.0,Yes,Yes,Not At Risk
ST11276,20,Male,IT,75.2,71.3,86.8,35.3,12.2,1.94,5.0,Yes,Yes,Not At Risk
ST08528,18,Female,IT,66.7,70.1,69.3,81.4,5.6,2.66,2.0,Yes,No,Not At Risk
ST08237,19,Male,Software Engineering,88.4,31.8,68.8,84.1,11.1,3.26,8.0,Yes,No,Not At Risk
ST04038,22,Male,Data Science,94.4,49.3,39.0,35.6,2.1,2.1,6.0,Yes,No,At Risk
ST03230,25,Female,IT,74.2,92.5,61.6,40.0,0.9,2.4,6.0,Yes,No,Not At Risk
ST10478,22,Female,Software Engineering,96.4,69.3,76.3,66.9,3.3,4.0,2.0,Yes,No,Not At Risk
ST10733,23,Female,Computer Science,86.3,70.0,59.1,93.9,9.5,2.13,7.0,Yes,No,Not At Risk
ST07922,18,Female,Computer Science,76.0,44.5,54.9,78.8,4.7,2.68,4.0,Yes,Yes,Not At Risk
ST01009,18,Female,Computer Science,94.5,56.2,89.8,40.9,4.6,2.78,1.0,Yes,Yes,Not At Risk
ST03458,25,Female,Computer Science,70.9,79.7,58.8,82.4,7.8,3.96,3.0,Yes,Yes,Not At Risk
ST06224,21,Female,IT,80.7,63.5,50.0,73.7,4.2,2.73,4.0,Yes,No,At Risk
ST03009,24,Male,Computer Science,98.2,78.2,46.5,64.1,15.8,3.23,3.0,Yes,Yes,Not At Risk
ST04489,22,Male,IT,91.7,76.4,85.7,26.4,5.3,3.51,4.0,Yes,No,Not At Risk
ST00416,24,Male,Data Science,78.4,79.7,78.2,61.1,10.1,4.0,3.0,Yes,Yes,Not At Risk
ST04543,24,Male,Computer Science,74.3,54.5,84.3,77.1,2.5,3.18,6.0,Yes,Yes,Not At Risk
ST08960,21,Male,Software Engineering,74.4,46.5,42.3,98.0,4.8,1.9,3.0,Yes,Yes,Not At Risk
ST00532,23,Female,Computer Science,83.0,70.5,58.7,71.3,5.2,3.0,2.0,No,No,Not At Risk
ST09768,18,Male,IT,74.2,81.3,52.5,58.9,3.1,2.54,5.0,Yes,No,Not At Risk
ST03455,25,Male,Data Science,76.0,54.7,90.4,77.2,7.7,3.51,9.0,Yes,Yes,Not At Risk
ST09793,20,Female,Data Science,76.0,69.5,76.4,60.4,12.7,1.92,6.0,Yes,Yes,Not At Risk
ST01548,22,Male,Computer Science,74.0,67.0,42.8,67.5,1.6,3.01,4.0,Yes,Yes,Not At Risk
ST10460,19,Male,Software Engineering,78.9,75.9,88.1,47.3,4.6,2.17,1.0,Yes,Yes,Not At Risk
ST11036,21,Male,IT,91.2,54.8,76.2,73.6,3.0,2.24,6.0,Yes,Yes,Not At Risk
ST09458,19,Male,IT,83.0,75.5,73.7,74.5,6.5,3.28,0.0,Yes,Yes,Not At Risk
ST00050,22,Female,Computer Science,94.0,78.5,70.7,68.5,2.3,2.78,3.0,Yes,Yes,Not At Risk
ST02544,24,Female,Computer Science,75.1,79.1,75.8,57.8,9.0,2.36,5.0,Yes,No,Not At Risk
ST08477,20,Female,Computer Science,81.3,60.0,62.6,53.1,0.9,3.24,6.0,Yes,No,Not At Risk
ST03434,18,Female,IT,81.3,58.3,41.7,40.0,7.8,3.04,0.0,No,No,Not At Risk
ST05972,18,Male,Computer Science,79.0,73.8,72.5,76.7,3.0,2.45,7.0,Yes,Yes,Not At Risk
ST04381,22,Male,IT,97.5,73.8,63.4,60.6,0.6,3.01,6.0,Yes,Yes,Not At Risk
ST06916,25,Female,IT,79.9,79.8,50.5,63.9,2.0,2.97,3.0,Yes,Yes,At Risk
ST11919,25,Female,IT,92.2,61.5,90.2,57.0,10.7,3.45,5.0,Yes,No,Not At Risk
ST04567,23,Female,Computer Science,99.5,68.0,97.1,53.4,5.7,2.59,4.0,Yes,Yes,Not At Risk
ST10201,23,Female,Computer Science,96.5,77.6,69.5,65.9,1.3,3.44,3.0,Yes,No,Not At Risk
ST07302,23,Male,Software Engineering,69.1,74.6,69.4,100.0,11.8,2.61,3.0,Yes,No,Not At Risk
ST10621,24,Female,Data Science,75.8,96.0,82.1,30.9,6.8,2.99,7.0,No,Yes,Not At Risk
ST04066,23,Male,IT,92.4,69.4,72.2,51.4,8.8,2.83,5.0,,No,Not At Risk
ST08456,20,Female,Software Engineering,75.4,64.6,74.8,65.7,5.2,3.28,6.0,Yes,No,Not At Risk
ST01756,25,Male,Data Science,94.4,83.7,83.1,58.7,8.8,4.0,,Yes,No,Not At Risk
ST10561,19,Male,Data Science,100.0,41.7,47.6,39.0,5.8,2.61,4.0,Yes,No,Not At Risk
ST06903,18,Female,IT,85.8,93.3,42.5,52.7,3.6,2.93,7.0,Yes,No,At Risk
ST06383,25,Female,Software Engineering,100.0,93.8,83.7,80.0,5.0,2.72,2.0,Yes,No,Not At Risk
ST11797,25,Male,IT,77.9,95.0,79.3,64.4,13.2,2.89,7.0,Yes,No,Not At Risk
ST09121,20,Female,IT,94.6,51.5,88.6,69.8,4.9,3.81,4.0,No,Yes,Not At Risk
ST11430,24,Male,IT,87.5,61.8,54.3,65.5,2.7,2.07,3.0,Yes,No,At Risk
ST01394,20,Male,Computer Science,74.4,49.8,54.5,64.5,8.3,2.26,4.0,Yes,Yes,Not At Risk
ST01816,24,Male,Computer Science,84.0,59.6,76.3,,7.5,2.37,7.0,Yes,No,Not At Risk
ST06478,23,Female,IT,88.9,70.0,45.9,64.0,4.4,3.24,2.0,Yes,No,Not At Risk
ST11606,25,Male,Data Science,100.0,95.8,75.6,49.2,3.1,2.26,2.0,Yes,Yes,Not At Risk
ST03928,21,Male,IT,95.1,63.6,55.3,59.6,2.7,3.35,3.0,,Yes,Not At Risk
ST03463,24,Male,Computer Science,71.5,90.1,67.6,78.8,2.8,3.59,5.0,Yes,No,Not At Risk
ST05002,21,Male,Software Engineering,74.2,57.6,57.1,65.5,7.7,2.53,2.0,Yes,No,Not At Risk
ST01878,22,Male,IT,86.2,56.2,28.2,82.5,4.2,3.71,1.0,Yes,No,Not At Risk
ST11024,20,Female,Software Engineering,85.1,32.2,83.7,56.8,5.7,3.32,3.0,Yes,No,Not At Risk
ST11338,24,Female,Software Engineering,74.8,75.3,93.3,82.4,0.3,2.18,5.0,Yes,No,Not At Risk
ST10871,21,Female,Software Engineering,92.2,88.5,67.2,79.8,12.1,3.67,3.0,Yes,No,Not At Risk
ST05055,18,Female,Software Engineering,74.3,89.9,53.4,67.6,2.6,3.64,6.0,Yes,No,Not At Risk
ST09664,22,Male,Data Science,98.6,76.6,69.9,52.8,7.6,2.42,5.0,Yes,No,Not At Risk
ST09417,24,Female,Computer Science,100.0,49.9,49.7,67.5,4.9,2.31,5.0,,No,Not At Risk
ST03364,21,Female,IT,93.1,85.4,72.1,56.7,11.3,3.26,7.0,Yes,No,Not At Risk
ST07961,18,Female,Software Engineering,100.0,73.3,92.3,47.0,4.4,2.43,4.0,Yes,Yes,Not At Risk
ST00743,25,Male,Data Science,93.0,64.3,66.9,52.8,8.6,3.66,4.0,Yes,No,Not At Risk
ST10760,24,Female,IT,81.6,50.6,22.2,76.5,4.2,2.41,6.0,,No,At Risk
ST11681,25,Female,Software Engineering,76.8,70.6,71.1,56.6,9.2,2.25,4.0,Yes,No,Not At Risk
ST06348,25,Female,Software Engineering,99.5,67.6,79.0,76.9,5.5,3.06,3.0,Yes,Yes,Not At Risk
ST09604,18,Male,IT,73.1,52.0,57.2,60.2,2.2,3.88,6.0,Yes,No,Not At Risk
ST02085,22,Male,IT,70.2,79.3,87.9,75.7,17.7,2.79,2.0,Yes,Yes,At Risk
ST10251,19,Male,IT,100.0,66.8,56.3,71.8,7.1,2.81,6.0,Yes,No,Not At Risk
ST05247,22,Female,Computer Science,76.5,89.9,70.9,68.7,9.6,3.77,4.0,Yes,No,Not At Risk
ST08102,20,Male,Software Engineering,82.3,40.5,47.3,50.2,4.2,2.41,6.0,Yes,No,At Risk
ST08979,25,Male,Data Science,100.0,48.1,36.4,49.9,6.1,4.0,7.0,Yes,No,Not At Risk
ST08081,24,Male,Computer Science,85.6,36.7,74.7,60.0,8.1,3.0,5.0,Yes,No,Not At Risk
ST08133,23,Female,Computer Science,95.9,82.3,76.5,71.5,10.0,3.28,3.0,Yes,Yes,Not At Risk
ST01105,22,Female,IT,77.7,53.6,50.3,60.2,3.7,3.81,4.0,Yes,Yes,Not At Risk
ST07553,23,Female,IT,100.0,85.6,51.2,,4.5,3.12,2.0,Yes,No,Not At Risk
ST07018,20,Female,Data Science,77.9,49.3,55.9,78.3,10.8,3.38,7.0,Yes,No,Not At Risk
ST03659,25,Male,Software Engineering,71.1,70.2,88.8,56.0,2.7,2.68,1.0,Yes,Yes,At Risk
ST00641,23,Female,Software Engineering,60.9,43.1,55.6,41.5,8.9,3.21,2.0,Yes,Yes,Not At Risk
ST11851,18,Male,IT,70.5,58.5,86.0,55.1,7.7,3.42,5.0,Yes,Yes,Not At Risk
ST03733,20,Female,Computer Science,94.6,56.7,43.5,40.0,5.2,1.67,2.0,Yes,No,Not At Risk
ST07362,25,Female,Computer Science,72.8,72.8,47.1,86.4,4.1,2.51,3.0,Yes,No,Not At Risk
ST11775,20,Male,,67.4,54.8,73.1,86.2,9.1,1.99,8.0,Yes,Yes,Not At Risk
ST10064,24,Male,Computer Science,81.1,52.5,73.1,60.8,5.9,3.16,4.0,Yes,No,Not At Risk
ST01313,25,Male,Data Science,89.5,89.0,43.7,84.0,4.1,2.74,10.0,Yes,No,Not At Risk
ST07829,19,Female,Software Engineering,99.8,91.3,90.6,89.6,3.9,1.86,3.0,Yes,No,Not At Risk
ST07211,19,Female,Computer Science,92.9,59.4,51.1,71.7,4.3,3.83,1.0,Yes,No,Not At Risk
ST05770,21,Male,Software Engineering,63.6,71.6,93.2,82.7,3.0,2.32,3.0,Yes,No,Not At Risk
ST07985,22,Female,IT,87.4,49.0,58.9,38.4,9.5,3.22,2.0,Yes,Yes,Not At Risk
ST07941,24,Female,Data Science,86.1,68.2,40.6,81.6,4.4,2.88,8.0,Yes,No,Not At Risk
ST02461,18,Male,IT,84.5,46.0,88.7,63.3,13.9,2.15,5.0,Yes,No,Not At Risk
ST08330,19,Female,Computer Science,97.3,31.5,94.1,68.7,7.4,2.12,2.0,No,Yes,Not At Risk
ST08870,20,Male,Computer Science,81.1,74.1,90.5,77.9,4.0,2.78,4.0,Yes,No,Not At Risk
ST02126,24,Female,IT,76.7,73.5,66.9,47.2,4.2,2.4,2.0,Yes,No,Not At Risk
ST01030,22,Female,IT,82.6,70.7,67.5,70.7,5.9,3.91,4.0,Yes,Yes,Not At Risk
ST09492,25,Male,IT,95.9,61.4,64.7,48.4,4.7,2.16,3.0,Yes,No,Not At Risk
ST01290,23,Female,Software Engineering,55.4,62.0,67.0,83.8,1.6,2.81,5.0,Yes,No,Not At Risk
ST11291,20,Female,IT,88.2,62.8,68.3,52.6,4.9,2.06,5.0,Yes,Yes,At Risk
ST01064,18,Male,IT,92.1,43.3,48.0,100.0,2.1,4.0,3.0,Yes,Yes,Not At Risk
ST02941,21,Female,IT,73.5,86.6,79.2,64.9,3.1,3.13,3.0,Yes,No,Not At Risk
ST04152,19,Female,IT,71.5,60.7,73.6,55.5,3.5,3.05,3.0,Yes,No,At Risk
ST06892,18,Male,Computer Science,100.0,76.9,62.2,65.8,1.2,3.87,6.0,Yes,No,Not At Risk
ST05881,19,Female,Software Engineering,81.4,55.0,68.2,78.8,4.5,4.0,5.0,Yes,Yes,Not At Risk
ST00622,18,Male,Computer Science,81.5,75.6,54.2,43.6,3.8,2.34,7.0,No,No,Not At Risk
ST11199,18,Female,Data Science,66.0,31.0,52.4,84.4,6.2,3.14,4.0,Yes,Yes,Not At Risk
ST11147,23,Female,Software Engineering,84.4,88.7,74.1,40.7,15.4,2.32,3.0,Yes,No,Not At Risk
ST05928,19,Male,IT,88.6,69.1,81.9,72.7,8.8,3.08,3.0,Yes,No,Not At Risk
ST03078,21,Male,Computer Science,90.6,59.7,75.3,66.1,15.0,4.0,7.0,Yes,Yes,Not At Risk
ST00258,22,Male,Computer Science,90.4,27.5,57.0,45.5,11.4,1.94,3.0,Yes,No,At Risk
ST00349,21,Male,IT,65.6,71.9,44.7,83.2,10.4,2.42,2.0,Yes,Yes,Not At Risk
ST09106,21,Female,Software Engineering,89.4,49.9,81.8,80.6,4.9,1.6,3.0,Yes,Yes,Not At Risk
ST08752,20,Female,Data Science,89.3,70.2,76.5,55.7,11.5,3.73,10.0,Yes,No,At Risk
ST10161,22,Female,Computer Science,98.8,69.0,39.0,70.9,10.2,2.8,8.0,Yes,Yes,Not At Risk
ST05957,22,Male,Data Science,75.9,59.7,72.8,59.4,6.1,1.85,5.0,Yes,Yes,At Risk
ST09208,21,Male,Software Engineering,100.0,60.9,64.4,85.0,1.8,3.17,2.0,No,Yes,Not At Risk
ST04607,19,Female,Computer Science,74.5,77.3,54.4,54.6,6.3,2.32,2.0,Yes,No,Not At Risk
ST04526,25,Male,Software Engineering,86.9,62.6,58.4,78.4,6.7,3.36,3.0,Yes,Yes,Not At Risk
ST02167,25,Female,Data Science,95.1,61.7,61.9,70.7,2.4,2.24,4.0,Yes,No,Not At Risk
ST04424,21,Male,Computer Science,73.1,50.2,58.6,59.2,3.3,3.83,3.0,Yes,No,At Risk
ST02995,23,Male,Software Engineering,70.9,78.3,69.4,58.8,7.7,2.67,5.0,Yes,No,Not At Risk
ST06605,24,Female,Computer Science,100.0,33.7,58.1,60.9,7.2,2.91,1.0,Yes,Yes,Not At Risk
ST06565,24,Male,Software Engineering,91.1,69.6,61.9,63.3,5.5,2.99,3.0,No,No,Not At Risk
ST01085,23,Female,Software Engineering,98.1,83.5,43.8,79.6,6.3,3.35,8.0,Yes,Yes,Not At Risk
ST03656,22,Male,Software Engineering,90.1,78.6,47.9,80.8,2.5,2.7,3.0,Yes,Yes,Not At Risk
ST05875,25,Male,Computer Science,75.7,65.5,53.2,79.9,2.3,2.96,4.0,Yes,No,Not At Risk
ST06970,24,Male,IT,82.4,75.9,61.3,67.9,4.5,2.62,3.0,Yes,No,Not At Risk
ST07540,23,Female,Data Science,100.0,61.5,66.9,77.8,10.8,3.14,5.0,Yes,No,Not At Risk
ST02775,25,Female,Computer Science,59.5,72.5,66.6,62.3,13.0,2.23,4.0,Yes,Yes,Not At Risk
ST10893,19,Female,IT,78.1,61.9,61.8,45.3,4.7,2.6,3.0,Yes,No,Not At Risk
ST10791,25,Female,Computer Science,85.2,69.8,59.7,70.6,7.1,2.97,5.0,Yes,Yes,Not At Risk
ST06442,25,Male,IT,88.0,84.4,69.1,72.1,6.6,3.45,2.0,Yes,No,Not At Risk
ST08268,25,Female,Computer Science,64.3,58.5,56.3,56.8,8.3,1.87,5.0,Yes,Yes,Not At Risk
ST10775,23,Male,IT,100.0,79.1,54.2,57.7,4.8,3.01,3.0,Yes,No,Not At Risk
ST03546,24,Male,Computer Science,67.8,82.5,77.7,60.6,6.1,3.14,1.0,Yes,No,Not At Risk
ST00252,18,Female,Software Engineering,95.8,65.7,95.7,67.3,4.8,1.82,7.0,Yes,No,Not At Risk
ST03256,19,Female,IT,96.4,97.0,94.4,92.8,1.2,3.3,2.0,Yes,No,Not At Risk
ST01040,25,Male,IT,78.2,90.7,32.5,54.2,7.2,3.19,2.0,Yes,No,Not At Risk
ST02635,23,Female,Computer Science,78.7,72.3,73.6,80.4,10.7,3.26,3.0,Yes,Yes,Not At Risk
ST07283,23,Female,IT,92.2,51.6,91.6,71.6,5.2,1.88,3.0,Yes,Yes,Not At Risk
ST06363,20,Female,Data Science,88.5,69.1,56.8,32.8,13.7,1.96,4.0,Yes,Yes,Not At Risk
ST07277,18,Male,Computer Science,75.5,76.0,76.4,69.0,3.3,2.29,,Yes,Yes,Not At Risk
ST03152,24,Male,Software Engineering,87.5,75.3,71.6,54.0,10.5,3.1,1.0,Yes,No,Not At Risk
ST10110,23,Female,Computer Science,96.9,97.3,90.6,28.3,1.8,1.55,2.0,Yes,Yes,Not At Risk
ST01924,19,Male,Computer Science,88.6,87.3,38.9,63.3,5.4,2.82,7.0,Yes,Yes,Not At Risk
ST03560,19,Male,Computer Science,89.9,66.3,66.6,83.6,8.8,3.03,2.0,Yes,No,Not At Risk
ST02415,21,Female,Software Engineering,89.9,64.6,47.2,65.6,4.3,3.05,4.0,Yes,Yes,Not At Risk
ST10835,24,Male,Computer Science,62.5,69.6,66.5,73.9,6.7,2.93,2.0,Yes,Yes,Not At Risk
ST02541,23,Male,Computer Science,96.9,56.7,49.7,86.9,1.0,3.12,7.0,Yes,No,Not At Risk
ST00944,24,Female,Software Engineering,78.5,59.9,72.3,62.0,9.4,2.71,4.0,Yes,No,Not At Risk
ST00707,19,Male,Data Science,70.6,46.6,57.7,62.2,7.1,3.72,4.0,Yes,No,Not At Risk
ST08084,20,Male,Software Engineering,100.0,74.8,58.7,43.4,2.7,3.96,6.0,Yes,No,Not At Risk
ST02321,18,Female,IT,100.0,80.8,69.1,87.5,5.0,3.14,5.0,Yes,Yes,Not At Risk
ST09171,18,Female,Software Engineering,100.0,71.4,79.7,47.9,8.3,1.58,8.0,Yes,Yes,Not At Risk
ST04658,22,Male,IT,84.4,76.9,54.4,64.7,3.3,2.29,4.0,Yes,No,Not At Risk
ST09988,18,Female,Computer Science,73.9,62.3,73.1,20.1,5.9,1.85,4.0,Yes,Yes,At Risk
ST01414,20,Female,Computer Science,72.7,77.4,55.3,60.0,8.9,2.8,4.0,Yes,No,Not At Risk
ST07019,22,Female,IT,53.4,43.8,78.3,70.5,4.5,1.69,4.0,No,Yes,At Risk
ST10847,19,Female,IT,94.6,64.8,70.0,53.7,5.0,2.27,4.0,Yes,Yes,Not At Risk
ST01129,23,Male,Computer Science,66.5,77.2,87.0,67.0,4.6,2.68,5.0,Yes,Yes,Not At Risk
ST01076,23,Female,Computer Science,82.8,49.8,59.9,84.5,6.5,2.86,3.0,,No,Not At Risk
ST09947,20,Female,Computer Science,88.5,59.9,57.7,78.5,5.0,2.53,7.0,Yes,Yes,Not At Risk
ST09040,24,Female,IT,73.0,74.7,73.4,39.2,6.6,3.33,3.0,Yes,Yes,Not At Risk
ST05704,19,Male,Computer Science,82.2,100.0,86.5,50.7,2.8,2.63,3.0,Yes,No,Not At Risk
ST05398,19,Male,IT,70.3,66.9,61.3,88.9,10.3,3.47,1.0,Yes,Yes,At Risk
ST06333,22,Male,Data Science,62.2,70.9,56.5,59.1,2.4,2.51,3.0,Yes,Yes,Not At Risk
ST09474,18,Female,Data Science,89.7,78.0,57.6,63.8,11.2,3.31,5.0,,Yes,Not At Risk
ST00068,19,Female,Computer Science,100.0,75.1,80.7,61.7,3.7,3.17,4.0,Yes,No,Not At Risk
ST03144,25,Female,Computer Science,76.2,54.8,73.8,100.0,16.0,3.02,,,No,Not At Risk
ST02182,19,Female,Data Science,96.1,62.2,90.6,75.8,16.5,2.08,6.0,Yes,Yes,Not At Risk
ST08413,20,Male,Computer Science,86.2,72.7,48.6,40.3,6.2,1.62,3.0,Yes,No,At Risk
ST05740,19,Male,Computer Science,87.6,47.9,83.4,79.4,3.6,2.27,5.0,Yes,No,Not At Risk
ST03247,19,Female,Computer Science,100.0,59.6,92.0,100.0,6.9,2.83,2.0,Yes,No,Not At Risk
ST11012,21,Female,IT,97.2,69.0,72.2,85.9,6.9,3.12,3.0,Yes,Yes,Not At Risk
ST03724,24,Male,Data Science,74.1,61.9,98.4,67.4,2.0,3.57,5.0,Yes,No,Not At Risk
ST01584,24,Male,Data Science,94.2,79.2,49.8,58.3,3.9,3.66,3.0,Yes,No,Not At Risk
ST07949,23,Female,Computer Science,70.0,26.3,62.7,82.8,10.2,2.36,3.0,Yes,Yes,Not At Risk
ST08423,21,Male,Computer Science,67.1,78.5,19.9,50.9,3.1,3.58,4.0,No,No,At Risk
ST06866,25,Male,IT,77.9,58.6,92.6,59.4,5.0,3.57,6.0,Yes,Yes,Not At Risk
ST09844,25,Male,IT,64.5,57.7,36.7,89.8,5.8,2.81,5.0,Yes,Yes,At Risk
ST10421,24,Male,Data Science,99.9,76.5,67.0,63.1,6.3,3.05,2.0,Yes,Yes,Not At Risk
ST09745,25,Female,Computer Science,98.7,49.7,74.6,53.3,7.0,3.22,0.0,Yes,Yes,Not At Risk
ST02353,25,Female,IT,79.1,54.4,93.7,84.7,10.5,3.25,6.0,Yes,Yes,Not At Risk
ST01971,23,Male,IT,78.9,74.7,59.0,65.4,3.4,2.51,5.0,Yes,No,At Risk
ST06488,23,Female,Software Engineering,73.3,55.0,64.0,54.2,0.8,3.02,3.0,No,Yes,Not At Risk
ST08324,20,Male,Software Engineering,99.8,69.3,53.8,85.6,9.9,2.94,5.0,Yes,No,Not At Risk
ST08868,21,Male,Computer Science,100.0,26.5,66.4,67.9,1.5,2.29,0.0,Yes,Yes,Not At Risk
ST10655,21,Male,Software Engineering,76.4,74.0,58.4,93.7,5.7,2.86,5.0,Yes,Yes,Not At Risk
ST06802,24,Female,Computer Science,100.0,87.4,63.9,70.2,8.1,3.03,3.0,Yes,Yes,Not At Risk
ST02552,25,Female,Data Science,66.7,46.6,65.6,64.8,2.2,2.28,6.0,Yes,No,At Risk
ST06151,24,Female,Computer Science,90.7,51.5,76.1,82.9,2.9,3.98,9.0,No,No,Not At Risk
ST09103,19,Female,Computer Science,68.1,84.2,88.6,74.6,1.2,2.89,3.0,Yes,No,At Risk
ST00867,20,Male,IT,85.0,63.2,70.8,53.0,1.6,2.51,6.0,Yes,Yes,Not At Risk
ST02898,25,Female,IT,83.8,86.6,70.2,60.8,5.8,3.3,2.0,Yes,Yes,Not At Risk
ST00724,19,Female,Data Science,92.7,74.3,52.8,67.5,2.3,2.3,5.0,Yes,Yes,Not At Risk
ST02431,21,Female,Software Engineering,95.5,37.1,50.5,56.2,7.7,3.01,6.0,Yes,Yes,At Risk
ST03151,24,Male,IT,100.0,73.0,60.7,49.6,5.9,2.55,5.0,Yes,Yes,Not At Risk
ST08513,20,Female,IT,74.8,58.7,100.0,42.6,7.6,2.37,6.0,Yes,Yes,Not At Risk
ST05703,24,Male,Computer Science,74.6,74.9,39.9,92.8,6.8,3.17,7.0,Yes,Yes,Not At Risk
ST08179,20,Female,Computer Science,83.4,73.1,68.9,57.5,10.0,2.93,6.0,Yes,Yes,Not At Risk
ST01223,19,Female,,80.1,41.8,70.4,78.4,13.5,3.22,4.0,Yes,No,Not At Risk
ST02762,25,Male,Software Engineering,62.0,79.7,78.6,94.8,6.4,2.84,2.0,Yes,No,Not At Risk
ST07467,23,Male,Computer Science,78.5,56.0,67.4,18.4,2.5,2.58,3.0,Yes,Yes,Not At Risk
ST10483,21,Male,Data Science,73.2,69.9,58.8,62.9,8.3,2.34,2.0,Yes,No,Not At Risk
ST07632,25,Male,Computer Science,67.4,58.3,55.2,46.8,2.3,4.0,5.0,Yes,Yes,Not At Risk
ST07053,25,Female,Computer Science,84.0,74.9,53.3,60.3,3.8,1.86,3.0,No,No,At Risk
ST10539,19,Male,Software Engineering,73.0,55.8,53.8,70.5,5.0,3.1,3.0,Yes,Yes,Not At Risk
ST09135,25,Male,IT,86.2,40.6,88.0,43.1,7.5,3.4,4.0,Yes,No,Not At Risk
ST08134,19,Male,IT,93.4,53.2,56.8,74.9,4.8,2.18,5.0,Yes,No,Not At Risk
ST09856,21,Male,Computer Science,81.6,80.3,82.5,47.6,3.6,3.28,1.0,Yes,No,At Risk
ST05198,23,Male,Computer Science,69.9,78.2,70.3,100.0,7.4,2.27,2.0,Yes,No,Not At Risk
ST07849,20,Male,Computer Science,58.3,68.5,49.6,59.1,7.8,1.53,5.0,Yes,No,Not At Risk
ST07477,20,Female,Computer Science,86.8,72.7,58.2,78.4,4.9,3.75,1.0,Yes,No,Not At Risk
ST07871,19,Female,Computer Science,85.5,78.8,40.0,65.7,4.9,2.66,2.0,Yes,Yes,Not At Risk
ST08351,18,Female,IT,75.7,65.5,40.9,36.7,4.4,3.39,3.0,Yes,Yes,Not At Risk
ST02186,19,Male,Computer Science,78.9,90.2,70.0,58.2,4.5,2.73,4.0,Yes,No,Not At Risk
ST06366,18,Male,Software Engineering,80.7,46.9,86.7,92.2,3.1,2.77,3.0,Yes,No,Not At Risk
ST10645,21,Male,Computer Science,71.3,64.2,76.7,45.2,3.1,3.2,4.0,Yes,Yes,Not At Risk
ST05039,22,Female,Computer Science,78.6,79.7,75.7,66.4,3.8,2.4,8.0,Yes,Yes,Not At Risk
ST03645,25,Female,Data Science,66.1,46.6,48.9,80.1,9.1,4.0,7.0,Yes,No,Not At Risk
ST11810,23,Male,Computer Science,72.6,69.6,67.4,69.9,2.2,2.4,1.0,Yes,No,Not At Risk
ST02771,20,Male,IT,79.6,76.9,77.9,90.6,4.2,3.01,3.0,Yes,No,Not At Risk
ST05210,20,Female,Software Engineering,81.4,92.7,88.3,64.5,6.7,2.26,2.0,Yes,No,Not At Risk
ST03778,21,Female,Software Engineering,97.1,65.0,92.9,64.2,9.0,2.61,4.0,No,Yes,Not At Risk
ST11320,20,Female,IT,73.8,57.1,78.3,84.9,3.9,3.41,5.0,No,No,Not At Risk
ST08159,19,Male,Computer Science,100.0,52.3,74.4,69.1,1.7,2.68,3.0,Yes,Yes,Not At Risk
ST05365,19,Female,Computer Science,100.0,62.1,51.4,95.6,4.7,2.34,2.0,Yes,No,Not At Risk
ST09200,22,Male,Software Engineering,55.6,82.0,46.3,54.0,11.1,2.55,6.0,Yes,Yes,At Risk
ST01330,21,Female,Data Science,91.3,72.7,51.0,74.4,12.2,3.04,4.0,Yes,No,Not At Risk
ST04329,22,Male,IT,100.0,54.9,81.6,64.6,1.9,3.66,3.0,Yes,Yes,Not At Risk
ST06505,20,Female,Software Engineering,75.6,56.8,78.3,40.9,11.9,2.07,5.0,Yes,Yes,Not At Risk
ST01619,20,Female,Software Engineering,87.2,67.9,87.7,63.5,8.5,3.5,7.0,Yes,Yes,At Risk
ST01235,25,Female,IT,86.7,100.0,58.5,64.7,3.2,2.22,5.0,Yes,Yes,Not At Risk
ST00736,24,Male,IT,88.4,67.3,75.1,58.4,13.6,3.98,4.0,Yes,Yes,Not At Risk
ST05624,25,Female,Software Engineering,85.1,97.0,60.2,69.5,9.2,3.27,6.0,Yes,Yes,Not At Risk
ST01011,20,Female,IT,68.1,37.2,50.4,77.9,3.1,3.43,4.0,Yes,No,Not At Risk
ST00186,21,Female,Software Engineering,91.4,85.6,79.2,62.7,7.5,3.07,6.0,Yes,No,Not At Risk
ST11757,18,Male,Software Engineering,83.1,72.5,58.5,65.8,3.0,3.29,3.0,Yes,No,Not At Risk
ST08574,23,female,IT,70.1,69.8,91.6,79.6,1.6,2.79,4.0,Yes,No,Not At Risk
ST02591,23,Male,Data Science,87.5,66.1,86.1,,1.6,2.61,10.0,Yes,No,Not At Risk
ST10964,25,Male,IT,100.0,94.2,59.1,56.3,0.9,2.31,3.0,Yes,No,Not At Risk
ST09619,22,Male,Software Engineering,70.6,70.8,86.8,68.0,6.2,2.82,4.0,Yes,Yes,Not At Risk
ST06313,20,Female,Data Science,72.5,71.7,89.0,92.4,5.6,2.96,3.0,Yes,Yes,At Risk
ST01982,22,Male,Software Engineering,62.2,89.2,52.1,63.0,10.9,2.53,3.0,Yes,Yes,Not At Risk
ST00774,21,Male,Computer Science,85.2,75.1,57.6,98.3,2.9,3.43,5.0,No,No,Not At Risk
ST11698,21,Male,Data Science,79.5,78.2,63.9,43.8,3.0,1.94,6.0,Yes,No,Not At Risk
ST11148,23,Male,Computer Science,72.2,60.5,42.1,60.5,6.3,4.0,4.0,Yes,No,At Risk
ST11103,25,Male,Computer Science,80.6,65.8,44.2,74.3,4.1,3.37,8.0,Yes,No,Not At Risk
ST05208,21,Female,IT,100.0,71.8,69.0,70.0,3.5,3.11,1.0,Yes,No,Not At Risk
ST09064,19,Male,IT,87.4,88.0,77.3,48.8,4.7,2.66,6.0,Yes,No,Not At Risk
ST11997,20,Female,Computer Science,92.0,73.3,65.0,70.3,6.0,2.69,3.0,No,No,Not At Risk
ST11502,20,Male,Computer Science,84.4,77.2,76.7,53.6,8.8,3.25,3.0,Yes,Yes,Not At Risk
ST08250,24,Male,Computer Science,79.3,48.2,39.6,69.0,10.2,4.0,5.0,Yes,No,Not At Risk
ST09157,23,Female,Software Engineering,73.2,74.1,49.9,82.1,3.0,2.01,6.0,Yes,Yes,Not At Risk
ST11180,24,M,Computer Science,86.0,72.7,63.5,82.0,1.2,2.62,3.0,Yes,No,Not At Risk
ST01166,22,Male,IT,98.7,70.0,79.6,48.1,4.0,1.99,,Yes,Yes,Not At Risk
ST08873,25,Female,Computer Science,88.8,77.3,59.6,90.4,4.2,2.77,1.0,Yes,No,Not At Risk
ST05382,21,Male,Data Science,92.8,59.7,87.0,66.2,5.1,3.07,3.0,Yes,No,At Risk
ST11283,22,Female,Computer Science,69.7,66.0,73.6,66.7,6.6,3.27,3.0,Yes,No,Not At Risk
ST06710,24,Female,IT,88.4,67.1,33.0,61.1,12.7,2.34,5.0,Yes,No,Not At Risk
ST03035,22,Female,Computer Science,69.2,61.7,44.4,57.3,3.4,2.04,6.0,Yes,No,Not At Risk
ST11979,20,Male,Computer Science,83.5,49.5,70.8,78.8,15.0,3.1,2.0,Yes,No,Not At Risk
ST04404,25,Male,Computer Science,65.6,51.8,100.0,29.5,4.8,3.18,6.0,Yes,No,Not At Risk
ST01382,18,Male,Data Science,80.6,56.7,83.6,100.0,6.2,2.95,0.0,Yes,No,Not At Risk
ST10897,19,Female,Computer Science,76.9,74.0,69.2,74.9,14.8,4.0,3.0,Yes,No,Not At Risk
ST00604,23,Female,IT,89.7,49.0,55.9,75.1,6.8,2.71,4.0,Yes,No,At Risk
ST07856,25,Male,Data Science,90.0,94.9,57.1,66.1,5.8,2.59,0.0,Yes,No,Not At Risk
ST11836,22,Male,Software Engineering,63.4,57.2,83.6,67.1,9.0,2.3,1.0,Yes,Yes,Not At Risk
ST10635,24,Male,Data Science,90.2,76.4,88.4,50.8,6.7,2.65,6.0,Yes,Yes,Not At Risk
ST07468,24,Female,Computer Science,97.3,38.5,59.8,55.2,7.3,1.48,4.0,Yes,No,Not At Risk
ST05623,19,Female,Software Engineering,86.7,48.3,55.3,17.9,15.8,3.37,2.0,Yes,No,Not At Risk
ST03153,18,Female,IT,82.4,85.6,45.7,57.9,3.1,2.82,5.0,Yes,Yes,Not At Risk
ST11185,22,Male,Computer Science,59.1,93.9,66.9,46.4,10.2,3.34,8.0,Yes,No,Not At Risk
ST03583,19,Male,Software Engineering,90.2,63.3,79.0,73.0,3.2,3.73,7.0,Yes,Yes,Not At Risk
ST06756,18,Male,Computer Science,71.9,88.8,85.6,61.8,7.9,3.08,3.0,Yes,Yes,Not At Risk
ST01714,21,Male,Computer Science,99.8,80.0,46.0,68.0,6.6,3.68,7.0,Yes,No,Not At Risk
ST06628,18,Female,Computer Science,72.9,69.8,76.1,87.6,1.9,2.54,1.0,Yes,No,Not At Risk
ST05328,21,Female,IT,78.2,65.1,45.7,86.9,1.5,2.73,3.0,Yes,Yes,Not At Risk
ST03982,18,Female,Computer Science,90.0,64.3,38.6,56.8,6.0,3.47,8.0,Yes,No,Not At Risk
ST01617,18,Female,Software Engineering,85.2,84.0,77.1,73.2,8.8,4.0,2.0,Yes,No,Not At Risk
ST09632,21,Female,Data Science,77.7,77.8,90.5,59.0,4.2,3.23,4.0,Yes,No,Not At Risk
ST07003,25,Female,Data Science,89.6,71.2,75.6,85.6,3.9,2.8,1.0,Yes,Yes,Not At Risk
ST05409,23,Male,Computer Science,80.0,79.9,43.1,81.2,7.5,3.02,2.0,Yes,No,Not At Risk
ST01432,20,Female,Software Engineering,100.0,78.8,45.9,61.4,6.9,3.2,6.0,Yes,No,Not At Risk
ST05814,19,Male,Software Engineering,100.0,82.0,78.2,,3.0,2.82,5.0,Yes,Yes,Not At Risk
ST08198,22,Male,Software Engineering,69.3,84.5,82.5,51.0,7.0,2.65,2.0,Yes,Yes,Not At Risk
ST04459,25,Male,Computer Science,63.8,57.6,90.2,62.0,3.6,3.4,2.0,Yes,Yes,Not At Risk
ST10356,19,Female,Data Science,89.6,61.7,61.4,94.4,8.7,4.0,4.0,Yes,Yes,Not At Risk
ST11887,25,Male,Software Engineering,74.7,59.4,81.1,58.2,4.1,3.12,4.0,Yes,Yes,Not At Risk
ST00192,25,Male,Software Engineering,95.1,96.6,82.5,65.1,2.9,3.13,6.0,Yes,No,Not At Risk
ST08426,24,Male,Software Engineering,100.0,52.2,85.0,73.7,11.0,2.26,5.0,Yes,No,Not At Risk
ST00555,20,Male,Computer Science,92.4,69.1,68.7,71.1,20.4,2.27,2.0,Yes,No,Not At Risk
ST07035,20,Male,IT,69.6,71.0,84.9,58.8,2.4,2.95,6.0,Yes,No,At Risk
ST06646,21,Male,Software Engineering,76.6,67.3,77.0,38.4,5.1,3.03,2.0,No,Yes,Not At Risk
ST02133,20,Male,IT,83.3,56.1,67.0,20.0,12.9,3.37,3.0,Yes,Yes,Not At Risk
ST04828,25,Male,Software Engineering,86.6,76.4,46.2,33.5,12.0,3.44,2.0,Yes,Yes,Not At Risk
ST06902,24,Male,Computer Science,71.2,62.5,75.0,78.3,3.4,2.85,2.0,Yes,No,Not At Risk
ST00812,19,Male,Computer Science,84.7,76.4,65.8,92.0,5.9,4.0,5.0,Yes,No,Not At Risk
ST07762,19,Male,IT,100.0,78.1,84.6,70.1,8.8,3.65,4.0,Yes,Yes,Not At Risk
ST11774,19,Male,Software Engineering,62.4,65.5,66.2,47.4,6.8,3.44,9.0,Yes,No,Not At Risk
ST04788,21,Male,Computer Science,76.2,100.0,100.0,73.6,19.2,3.74,4.0,Yes,Yes,Not At Risk
ST05539,24,Male,Computer Science,80.8,70.5,66.1,61.9,7.3,3.57,9.0,Yes,Yes,Not At Risk
ST03900,22,M,Data Science,100.0,68.3,52.4,,1.0,3.17,6.0,Yes,No,Not At Risk
ST08758,20,Male,IT,88.7,27.5,63.6,26.5,9.9,3.4,5.0,No,No,Not At Risk
ST02344,20,Female,Software Engineering,79.6,72.9,73.2,55.1,1.8,1.64,5.0,Yes,No,Not At Risk
ST05744,21,Male,Computer Science,77.2,64.5,61.0,67.1,4.5,2.82,3.0,Yes,No,Not At Risk
ST05232,18,Female,Software Engineering,80.1,59.8,46.0,25.2,0.2,3.17,4.0,Yes,No,Not At Risk
ST09936,25,Male,Computer Science,93.0,65.7,66.7,54.8,3.0,1.79,8.0,Yes,No,At Risk
ST06901,23,Male,Computer Science,85.8,58.2,77.4,55.5,6.6,2.77,3.0,Yes,Yes,Not At Risk
ST05805,19,Male,Software Engineering,79.6,85.6,82.8,50.0,5.8,2.33,5.0,Yes,No,Not At Risk
ST07329,20,Male,Software Engineering,99.5,82.4,92.9,41.0,2.8,2.78,5.0,Yes,No,Not At Risk
ST05855,20,Male,Data Science,61.1,52.2,77.3,66.3,1.9,2.87,4.0,Yes,Yes,At Risk
ST03960,22,Male,Computer Science,95.5,75.8,98.7,25.6,3.2,1.86,6.0,Yes,Yes,Not At Risk
ST04934,23,Male,Software Engineering,71.8,79.9,54.0,48.5,4.7,2.93,5.0,Yes,No,Not At Risk
ST10981,24,Male,Data Science,100.0,87.9,76.4,66.2,5.4,3.13,7.0,Yes,Yes,Not At Risk
ST10637,23,Male,Data Science,92.3,52.6,59.6,47.1,4.4,2.34,2.0,Yes,Yes,Not At Risk
ST00513,19,Female,Computer Science,59.1,72.6,63.8,58.5,6.6,3.23,6.0,Yes,Yes,At Risk
ST04334,21,Female,Data Science,94.9,79.4,61.5,42.8,10.0,3.04,6.0,Yes,No,Not At Risk
ST06433,24,Male,Computer Science,74.1,71.9,86.0,64.5,2.3,2.94,6.0,Yes,No,Not At Risk
ST09483,24,Male,IT,78.0,55.9,56.8,54.0,6.3,2.97,2.0,Yes,No,Not At Risk
ST03843,22,Male,Software Engineering,59.9,59.6,78.1,71.0,3.6,1.93,5.0,Yes,No,Not At Risk
ST01123,21,Female,Data Science,78.6,76.4,59.4,64.0,3.1,2.7,2.0,Yes,Yes,At Risk
ST01487,22,Female,IT,72.7,65.5,58.3,67.5,3.6,2.51,2.0,,No,At Risk
ST04179,19,Female,IT,64.6,50.8,76.3,65.3,11.2,3.12,3.0,Yes,Yes,At Risk
ST07278,24,Female,IT,71.6,65.2,41.6,81.2,1.6,2.63,7.0,Yes,No,Not At Risk
ST09355,25,Male,Computer Science,85.2,60.2,38.7,62.2,10.9,1.99,6.0,Yes,No,At Risk
ST09390,25,Male,Data Science,65.8,53.1,58.0,80.1,8.4,3.46,5.0,Yes,Yes,Not At Risk
ST09685,24,Male,IT,74.7,46.4,63.0,64.3,1.3,3.25,2.0,,No,Not At Risk
ST08377,24,Male,Data Science,67.9,56.2,62.3,44.8,6.0,2.78,4.0,Yes,Yes,At Risk
ST06451,22,Female,Data Science,59.3,100.0,46.9,74.5,6.5,2.78,4.0,Yes,No,Not At Risk
ST05926,21,Male,,73.2,59.9,49.2,69.9,2.2,3.19,5.0,No,No,Not At Risk
ST10294,24,Female,Software Engineering,93.0,67.1,77.2,47.1,12.9,3.76,3.0,Yes,No,Not At Risk
ST02314,20,Male,Data Science,96.6,31.0,62.5,53.9,3.8,2.96,2.0,Yes,No,Not At Risk
ST00282,20,Female,IT,81.0,59.6,73.2,44.8,10.2,1.71,5.0,Yes,Yes,Not At Risk
ST07347,25,Female,IT,76.9,72.8,67.2,,3.3,2.2,5.0,Yes,No,At Risk
ST04282,25,Female,Computer Science,87.7,63.8,68.6,77.1,8.2,2.02,7.0,Yes,No,Not At Risk
ST10054,25,Male,Software Engineering,68.6,82.9,49.8,47.3,4.0,2.55,5.0,Yes,Yes,Not At Risk
ST04307,25,M,Computer Science,99.0,82.8,65.8,73.5,12.7,2.06,6.0,Yes,Yes,Not At Risk
ST00388,19,Male,Data Science,61.7,87.1,32.5,66.1,7.4,1.7,5.0,Yes,No,At Risk
ST10644,23,Male,Data Science,77.4,80.0,88.4,73.9,10.0,2.27,3.0,Yes,Yes,Not At Risk
ST03445,21,Female,Data Science,83.7,77.0,33.8,61.1,4.2,1.58,4.0,Yes,No,Not At Risk
ST09343,18,Female,Software Engineering,70.7,66.3,67.6,56.2,9.3,3.09,6.0,Yes,Yes,Not At Risk
ST10710,22,Female,Computer Science,73.4,58.1,62.5,77.7,5.3,1.84,6.0,Yes,Yes,Not At Risk
ST04875,19,Female,IT,61.9,77.5,42.0,37.2,6.1,4.0,4.0,Yes,Yes,Not At Risk
ST09510,24,Male,IT,74.5,69.3,100.0,91.0,3.0,2.54,0.0,No,Yes,Not At Risk
ST00360,21,Female,Computer Science,49.6,64.2,55.1,59.0,2.8,2.84,6.0,Yes,No,At Risk
ST10929,20,Male,IT,70.4,91.6,82.4,63.6,0.9,3.04,3.0,Yes,Yes,Not At Risk
ST03071,22,Male,Data Science,85.4,80.7,83.5,86.0,22.6,3.65,1.0,Yes,No,Not At Risk
ST09370,18,Male,Computer Science,85.0,61.9,20.2,68.6,8.8,2.08,4.0,Yes,No,Not At Risk
ST09348,18,Male,Computer Science,88.6,54.7,61.7,65.3,9.6,2.83,6.0,Yes,Yes,Not At Risk
ST06487,18,Female,IT,90.8,78.5,68.5,81.3,6.0,3.88,6.0,Yes,No,Not At Risk
ST07807,22,Female,IT,79.3,84.3,34.2,90.9,3.6,2.12,2.0,Yes,No,Not At Risk
ST03788,25,Male,Software Engineering,96.5,66.1,36.5,56.9,4.4,3.71,5.0,Yes,Yes,Not At Risk
ST04211,22,Male,IT,99.3,92.1,60.7,77.3,4.0,1.83,4.0,No,Yes,Not At Risk
ST08097,20,Male,Data Science,76.8,47.9,76.6,,3.3,2.22,1.0,No,No,At Risk
ST05749,21,Female,IT,60.6,38.7,42.4,60.2,12.5,2.38,5.0,Yes,No,Not At Risk
ST06293,24,Female,IT,78.9,59.5,36.1,70.5,7.3,2.2,,,No,At Risk
ST05448,23,Female,Computer Science,88.7,50.3,75.1,74.9,2.8,2.99,6.0,Yes,Yes,Not At Risk
ST10965,20,Female,IT,85.0,67.0,67.1,77.6,2.0,2.22,,Yes,No,Not At Risk
ST05363,19,Male,Computer Science,86.4,68.4,59.6,66.1,1.6,3.23,8.0,Yes,No,Not At Risk
ST10930,22,Male,Computer Science,58.1,94.5,87.8,92.3,5.6,2.93,4.0,Yes,No,Not At Risk
ST06201,19,Female,IT,72.3,49.4,64.5,57.2,2.6,3.1,4.0,Yes,No,Not At Risk
ST08132,18,Male,Software Engineering,60.4,60.7,64.1,48.3,5.8,4.0,,Yes,Yes,At Risk
ST11349,21,Male,Data Science,72.1,79.6,87.8,,5.1,2.73,7.0,Yes,No,At Risk
ST11208,24,Female,Computer Science,68.1,82.8,87.2,73.2,8.4,2.89,5.0,Yes,Yes,Not At Risk
ST02013,23,Female,Data Science,77.6,70.6,73.8,,11.6,2.66,2.0,Yes,No,Not At Risk
ST11540,21,Female,Computer Science,76.7,61.4,42.0,15.2,6.1,3.08,4.0,Yes,Yes,At Risk
ST00654,22,Male,Computer Science,79.0,82.3,43.5,45.6,8.8,3.44,4.0,Yes,Yes,Not At Risk
ST09979,20,Female,Computer Science,95.4,57.7,99.0,70.5,3.6,3.45,3.0,Yes,No,Not At Risk
ST01643,20,Female,Computer Science,74.7,95.5,60.5,72.1,6.0,2.33,1.0,No,No,Not At Risk
ST09939,23,Female,Computer Science,81.8,61.8,67.5,76.7,6.5,2.7,1.0,Yes,No,Not At Risk
ST05699,24,Female,Data Science,76.3,58.5,57.2,61.0,5.3,2.78,5.0,Yes,Yes,Not At Risk
ST08944,21,Female,IT,91.8,59.5,79.5,42.1,8.3,2.92,3.0,Yes,No,Not At Risk
ST03048,20,Male,Computer Science,85.7,66.9,72.0,46.9,1.6,1.91,6.0,Yes,No,Not At Risk
ST00205,20,Male,Data Science,86.5,68.9,69.7,83.7,8.3,2.43,4.0,Yes,Yes,Not At Risk
ST07980,19,Male,Software Engineering,75.7,58.8,68.8,44.5,7.3,2.24,3.0,Yes,No,Not At Risk
ST03925,20,Female,IT,76.4,81.4,34.7,59.7,10.2,2.64,8.0,Yes,Yes,At Risk
ST01552,22,Male,Computer Science,90.5,67.2,86.4,61.8,3.8,2.58,6.0,Yes,Yes,At Risk
ST01747,20,Male,Software Engineering,100.0,35.8,53.1,71.5,6.2,3.07,3.0,Yes,Yes,Not At Risk
ST07724,20,Male,Computer Science,79.0,64.2,47.7,71.0,9.4,3.34,2.0,Yes,No,At Risk
ST08494,25,Male,Computer Science,81.2,83.7,70.8,76.1,6.6,2.03,0.0,Yes,Yes,Not At Risk
ST09556,19,Male,Computer Science,94.8,67.1,77.2,67.8,6.6,2.88,6.0,Yes,No,Not At Risk
ST11597,20,Male,Software Engineering,89.8,65.8,39.4,86.5,12.5,3.38,7.0,Yes,No,Not At Risk
ST08816,25,Female,Computer Science,69.5,66.6,80.5,44.2,6.0,3.41,2.0,Yes,No,Not At Risk
ST02587,19,Male,Data Science,87.0,72.4,54.5,96.8,4.2,3.77,2.0,Yes,No,Not At Risk
ST00395,23,Female,Software Engineering,78.5,40.3,69.9,48.6,2.1,3.13,5.0,Yes,No,At Risk
ST03526,23,Female,IT,93.7,51.0,72.1,34.5,5.2,4.0,5.0,Yes,No,Not At Risk
ST08502,23,Female,Computer Science,91.8,85.7,75.9,52.1,7.6,3.34,4.0,Yes,No,Not At Risk
ST09136,23,Male,Software Engineering,93.3,45.8,89.8,64.5,8.5,3.3,2.0,Yes,No,Not At Risk
ST02038,18,Male,Software Engineering,71.2,100.0,75.2,76.9,15.8,2.9,4.0,Yes,No,Not At Risk
ST09798,25,Female,Computer Science,89.6,91.1,78.5,79.5,7.7,3.18,5.0,Yes,No,Not At Risk
ST11159,20,Female,Data Science,80.9,73.4,74.4,80.8,2.6,3.01,2.0,No,Yes,At Risk
ST09204,20,Female,Software Engineering,100.0,78.6,57.2,84.4,9.2,2.53,5.0,Yes,Yes,Not At Risk
ST06638,21,Female,Computer Science,75.9,48.9,59.7,39.4,6.2,2.89,7.0,Yes,No,At Risk
ST07090,21,Male,Computer Science,88.4,54.8,81.6,76.9,3.5,2.89,2.0,Yes,Yes,Not At Risk
ST03941,21,Male,Computer Science,70.6,83.3,48.6,61.5,5.7,3.99,6.0,Yes,Yes,At Risk
ST03186,19,Male,Software Engineering,62.8,43.8,66.6,70.1,6.1,3.59,5.0,Yes,No,Not At Risk
ST11428,24,Female,Data Science,83.4,53.3,63.3,12.0,6.5,2.25,7.0,Yes,Yes,Not At Risk
ST08228,20,Female,Computer Science,72.5,59.2,64.7,64.8,7.2,3.66,6.0,Yes,No,Not At Risk
ST01276,20,Female,Computer Science,75.5,62.1,84.5,70.4,2.5,2.89,5.0,Yes,No,Not At Risk
ST03936,20,Male,Data Science,69.1,70.5,51.9,73.6,10.0,2.2,3.0,Yes,Yes,Not At Risk
ST08856,24,Male,Computer Science,91.6,96.7,63.2,73.4,3.5,2.86,5.0,Yes,Yes,Not At Risk
ST07437,24,Female,Computer Science,52.8,72.8,68.2,71.6,6.6,4.0,2.0,Yes,No,Not At Risk
ST05593,24,Male,Software Engineering,76.3,76.0,50.3,66.8,2.6,2.96,1.0,Yes,No,Not At Risk
ST02905,20,Male,Computer Science,99.6,66.6,61.4,51.9,3.3,3.0,5.0,Yes,No,Not At Risk
ST04212,25,Female,Software Engineering,100.0,54.0,84.5,58.0,1.6,2.89,3.0,Yes,No,Not At Risk
ST05734,18,Female,Computer Science,93.7,57.9,72.6,65.3,7.0,2.67,6.0,Yes,No,Not At Risk
ST11755,21,Female,Software Engineering,69.5,40.3,84.5,59.6,5.5,3.8,4.0,Yes,Yes,Not At Risk
ST06920,23,Female,IT,85.5,69.9,62.6,53.3,7.1,3.48,7.0,Yes,No,Not At Risk
ST01102,22,Female,Software Engineering,80.3,63.3,57.5,38.4,4.4,3.26,0.0,Yes,Yes,At Risk
ST07814,22,Female,Software Engineering,97.5,39.9,29.1,80.7,4.0,2.96,3.0,Yes,Yes,Not At Risk
ST00157,18,Male,Software Engineering,84.4,58.5,90.8,54.9,11.1,2.43,4.0,Yes,Yes,Not At Risk
ST07605,18,Female,Data Science,74.7,85.8,53.1,,5.7,2.46,7.0,Yes,No,Not At Risk
ST04786,23,Male,IT,82.1,77.4,73.3,38.1,7.6,3.21,5.0,Yes,No,Not At Risk
ST01343,19,Female,Computer Science,76.0,57.0,89.8,74.7,1.2,3.03,3.0,No,Yes,Not At Risk
ST07784,25,Male,IT,68.9,89.8,51.8,66.8,3.2,1.85,6.0,Yes,No,At Risk
ST11001,23,Male,Computer Science,88.3,69.0,57.4,61.6,0.8,2.95,7.0,Yes,No,Not At Risk
ST02956,23,Female,IT,71.3,67.4,76.7,61.7,3.9,1.88,6.0,Yes,No,Not At Risk
ST03591,20,Female,Software Engineering,84.2,67.2,59.7,50.2,6.2,3.39,4.0,Yes,Yes,Not At Risk
ST11566,25,Female,Data Science,88.5,40.7,100.0,65.5,7.9,3.52,2.0,Yes,Yes,Not At Risk
ST02114,21,M,Data Science,79.9,69.6,100.0,69.5,7.9,3.61,3.0,Yes,Yes,Not At Risk
ST04406,21,Female,Computer Science,72.7,75.3,69.6,87.0,4.7,3.07,6.0,Yes,No,Not At Risk
ST06405,21,Female,Data Science,68.9,74.1,54.0,73.5,1.1,1.86,2.0,Yes,Yes,Not At Risk
ST09812,18,Male,IT,80.4,80.8,77.1,80.8,2.9,3.5,2.0,Yes,No,Not At Risk
ST09514,23,Female,IT,90.6,69.7,95.0,92.4,5.8,2.91,5.0,Yes,Yes,Not At Risk
ST11264,20,Male,Computer Science,76.5,58.4,100.0,59.5,2.7,2.55,1.0,Yes,No,At Risk
ST05364,18,Male,Software Engineering,91.5,56.5,62.5,86.2,0.7,2.6,7.0,Yes,No,Not At Risk
ST04672,24,Male,Software Engineering,71.3,74.2,77.7,63.4,3.1,1.59,4.0,No,Yes,Not At Risk
ST09400,23,M,Software Engineering,75.0,55.5,81.6,60.2,5.4,2.37,7.0,Yes,No,At Risk
ST08291,24,Male,Software Engineering,72.0,76.4,72.9,84.0,1.8,3.21,4.0,Yes,Yes,Not At Risk
ST04428,21,Female,Software Engineering,65.7,72.4,50.6,54.6,10.8,3.84,2.0,Yes,No,At Risk
ST01124,20,Female,Software Engineering,98.9,73.0,59.2,65.3,5.5,3.72,6.0,Yes,No,Not At Risk
ST01553,21,Male,IT,91.0,51.7,60.5,55.6,2.6,2.8,7.0,Yes,No,Not At Risk
ST04365,22,Male,Computer Science,68.0,74.6,73.8,58.4,1.8,2.74,4.0,Yes,No,At Risk
ST08221,19,Female,Data Science,81.5,57.3,62.7,50.5,3.3,2.96,3.0,Yes,No,Not At Risk
ST05559,25,Male,Data Science,84.7,86.6,56.3,44.8,12.0,2.67,3.0,Yes,Yes,Not At Risk
ST00111,25,Female,Software Engineering,87.7,49.7,74.6,81.5,3.8,4.0,4.0,Yes,Yes,Not At Risk
ST02520,19,Male,Computer Science,88.4,61.0,78.7,81.9,11.5,3.49,2.0,Yes,Yes,Not At Risk
ST10629,20,Female,Computer Science,52.8,40.2,55.0,83.7,8.5,3.38,3.0,Yes,No,Not At Risk
ST08798,25,Female,Computer Science,66.2,77.5,37.3,65.6,5.1,3.46,5.0,Yes,Yes,Not At Risk
ST06822,25,Male,Software Engineering,69.1,82.3,61.1,58.9,2.9,3.19,3.0,Yes,Yes,At Risk
ST09731,19,Female,IT,77.9,76.7,72.2,69.3,0.7,2.12,3.0,Yes,No,Not At Risk
ST00581,24,Female,IT,75.9,94.0,66.5,44.8,5.3,3.54,5.0,Yes,Yes,Not At Risk
ST04544,24,Male,Software Engineering,65.0,86.9,69.0,66.0,3.6,3.09,7.0,Yes,No,Not At Risk
ST01181,19,Male,Computer Science,87.4,84.7,47.6,51.5,1.8,2.59,2.0,Yes,No,Not At Risk
ST04693,20,Male,IT,85.6,40.3,64.8,80.6,6.4,3.58,3.0,Yes,Yes,Not At Risk
ST05447,18,Female,Computer Science,98.8,69.9,67.3,49.7,2.0,2.63,6.0,Yes,Yes,Not At Risk
ST03263,24,M,Computer Science,70.8,63.9,68.9,86.8,6.3,3.34,7.0,Yes,No,Not At Risk
ST09027,25,Male,Computer Science,92.7,63.3,56.2,50.3,4.3,2.52,6.0,No,Yes,Not At Risk
ST06765,22,Male,Software Engineering,96.0,84.7,99.2,60.0,7.2,3.03,4.0,Yes,Yes,Not At Risk
ST02628,20,Female,IT,72.4,76.2,69.0,58.6,3.4,1.51,7.0,Yes,Yes,Not At Risk
ST06558,18,Female,IT,78.6,65.0,73.1,65.0,6.5,3.71,6.0,Yes,Yes,Not At Risk
ST01198,23,Female,Computer Science,90.7,52.9,96.0,67.2,9.5,2.77,4.0,Yes,No,Not At Risk
ST06181,19,Female,Computer Science,66.1,86.4,80.4,52.3,12.3,3.46,1.0,Yes,No,Not At Risk
ST09261,23,Male,IT,75.6,96.8,64.8,54.8,5.4,3.88,4.0,Yes,Yes,Not At Risk
ST03012,18,Female,Computer Science,88.3,76.9,61.0,64.8,5.2,1.68,2.0,,Yes,Not At Risk
ST07118,23,Female,Computer Science,70.8,61.5,99.1,80.3,4.9,3.75,6.0,Yes,No,Not At Risk
ST06323,18,Female,IT,69.3,60.5,83.5,78.1,19.6,2.73,6.0,Yes,No,Not At Risk
ST07407,21,Male,Computer Science,66.6,94.3,48.1,39.3,2.4,3.83,2.0,Yes,No,Not At Risk
ST04337,20,Male,Computer Science,56.9,53.8,92.2,74.5,1.3,3.0,0.0,Yes,No,Not At Risk
ST01183,25,Male,Software Engineering,78.6,75.2,85.2,47.5,3.5,2.64,1.0,Yes,Yes,Not At Risk
ST10252,24,Female,Computer Science,63.8,100.0,64.5,69.2,3.2,1.32,4.0,Yes,No,Not At Risk
ST03713,24,Male,Data Science,85.7,98.2,77.3,60.0,7.8,3.04,2.0,Yes,Yes,Not At Risk
ST08473,21,Male,IT,67.2,73.5,88.2,57.6,4.7,3.33,4.0,Yes,No,Not At Risk
ST01355,18,Male,Computer Science,78.4,72.4,76.6,36.2,4.3,2.19,5.0,Yes,No,Not At Risk
ST07316,20,Female,Software Engineering,77.1,53.0,81.4,30.1,2.8,3.19,2.0,Yes,No,Not At Risk
ST03449,19,Male,IT,87.8,86.9,69.4,39.4,12.1,2.31,3.0,Yes,Yes,Not At Risk
ST11715,22,Female,Computer Science,78.5,56.4,47.9,40.4,4.5,2.42,4.0,Yes,Yes,Not At Risk
ST00683,18,Male,Computer Science,88.7,52.0,67.3,29.4,5.3,1.61,2.0,Yes,Yes,At Risk
ST11796,21,Male,IT,100.0,77.8,83.7,48.0,1.8,2.27,7.0,Yes,No,Not At Risk
ST03501,19,Male,Computer Science,77.8,54.7,78.4,72.8,2.0,4.0,6.0,Yes,Yes,Not At Risk
ST03654,25,Female,IT,72.6,68.8,58.3,56.6,4.6,3.24,4.0,Yes,No,At Risk
ST08707,19,Female,Computer Science,81.2,95.1,65.3,53.0,11.2,2.74,4.0,Yes,Yes,Not At Risk
ST10236,19,Female,Software Engineering,80.9,99.5,71.7,48.1,4.7,2.89,8.0,No,Yes,Not At Risk
ST07322,24,Male,IT,73.4,64.4,82.0,52.5,3.6,2.19,5.0,Yes,No,Not At Risk
ST08688,23,Female,Computer Science,100.0,70.3,82.6,,1.3,2.52,8.0,Yes,Yes,Not At Risk
ST06310,24,Female,IT,92.5,80.1,62.6,82.7,2.2,2.25,3.0,Yes,No,Not At Risk
ST02499,18,Male,Computer Science,64.9,63.6,47.4,51.2,5.3,3.35,2.0,Yes,No,Not At Risk
ST09438,19,Male,Data Science,78.1,84.8,79.4,83.8,10.0,2.59,4.0,Yes,Yes,Not At Risk
ST02626,22,Female,Software Engineering,87.5,87.9,60.5,58.2,3.8,2.25,3.0,Yes,Yes,Not At Risk
ST09705,20,Male,Computer Science,67.2,95.7,99.5,50.5,7.3,3.58,6.0,Yes,No,Not At Risk
ST05981,19,Female,,80.2,84.8,65.3,19.9,1.2,3.05,3.0,Yes,Yes,Not At Risk
ST04435,25,Female,IT,67.1,62.5,73.1,98.3,4.2,3.46,6.0,Yes,No,Not At Risk
ST09825,25,Female,Software Engineering,72.6,78.6,48.7,74.9,1.1,2.77,5.0,Yes,No,Not At Risk
ST07754,21,Female,Data Science,90.8,67.8,32.8,63.0,7.6,1.51,,Yes,Yes,Not At Risk
ST07452,25,Female,IT,100.0,71.2,52.7,56.1,1.8,3.27,2.0,Yes,No,Not At Risk
ST03068,18,Male,IT,67.3,86.3,82.5,93.8,10.9,3.11,3.0,Yes,No,Not At Risk
ST00122,20,Female,Computer Science,79.0,56.1,99.0,71.6,4.4,2.75,2.0,Yes,No,Not At Risk
ST01067,21,Female,Computer Science,80.1,100.0,62.6,69.7,5.6,2.78,6.0,Yes,Yes,Not At Risk
ST07860,18,Male,IT,69.1,62.5,50.2,33.6,11.7,2.58,8.0,Yes,Yes,At Risk
ST10705,22,Female,Software Engineering,64.3,54.4,75.1,86.2,13.5,3.56,5.0,Yes,Yes,Not At Risk
ST05127,21,Female,Computer Science,80.9,86.1,86.4,57.9,12.5,2.84,6.0,Yes,Yes,Not At Risk
ST03693,18,Male,Computer Science,81.6,54.6,74.4,67.3,6.2,2.58,4.0,Yes,No,Not At Risk
ST11689,21,Female,Data Science,76.1,85.3,47.9,54.3,20.2,2.56,3.0,Yes,No,Not At Risk
ST03988,21,Male,Software Engineering,73.5,45.3,32.1,80.0,2.8,2.81,6.0,No,No,At Risk
ST06823,25,Male,Data Science,69.9,70.2,78.7,,5.1,2.7,2.0,Yes,No,At Risk
ST10598,23,Female,Computer Science,96.1,64.2,36.9,45.9,8.8,1.92,3.0,,No,Not At Risk
ST02259,22,Male,Software Engineering,98.7,71.0,67.4,62.4,7.2,3.71,3.0,Yes,Yes,Not At Risk
ST00976,25,Male,IT,83.4,50.7,57.4,,0.8,2.72,3.0,Yes,Yes,Not At Risk
ST00248,18,Female,Computer Science,63.3,45.0,41.7,53.1,9.1,2.61,3.0,Yes,Yes,Not At Risk
ST04650,23,Male,Computer Science,82.6,48.3,59.8,55.4,2.5,3.49,5.0,Yes,No,At Risk
ST01602,18,Male,Data Science,76.6,57.5,59.9,63.6,4.4,4.0,4.0,Yes,Yes,Not At Risk
ST01680,23,Male,Software Engineering,92.7,59.6,61.6,46.0,6.1,3.67,1.0,Yes,No,Not At Risk
ST02101,22,Male,Data Science,86.4,68.4,77.8,41.7,9.5,2.03,8.0,Yes,Yes,Not At Risk
ST03227,21,Male,Computer Science,63.8,64.0,79.3,53.0,3.6,2.36,8.0,Yes,No,At Risk
ST03291,18,Female,IT,92.4,62.5,71.5,59.0,5.8,2.65,6.0,Yes,No,Not At Risk
ST06178,25,Male,Computer Science,91.9,66.5,59.2,66.1,6.3,2.73,3.0,Yes,No,Not At Risk
ST03249,23,Female,IT,79.5,49.9,53.8,51.0,9.8,2.69,5.0,Yes,Yes,Not At Risk
ST11455,21,Male,IT,64.8,84.3,63.9,69.2,7.4,2.44,2.0,Yes,No,Not At Risk
ST09951,24,Male,IT,71.1,49.9,69.9,80.0,2.3,3.39,6.0,Yes,No,Not At Risk
ST06832,25,Male,Data Science,60.3,59.0,56.7,59.0,5.1,2.98,1.0,Yes,No,Not At Risk
ST11361,24,Male,Data Science,73.1,56.6,52.4,56.5,8.3,3.48,3.0,Yes,No,Not At Risk
ST03575,19,Male,Software Engineering,85.2,56.7,67.1,60.1,2.5,2.93,5.0,Yes,Yes,Not At Risk
ST00234,19,Female,Computer Science,79.0,84.9,60.9,76.8,5.0,3.0,6.0,Yes,Yes,Not At Risk
ST06216,19,Female,Computer Science,85.5,76.5,69.3,68.1,5.9,2.27,8.0,No,No,Not At Risk
ST05192,23,Female,Computer Science,92.4,74.2,67.6,51.0,6.4,2.06,5.0,Yes,Yes,Not At Risk
ST06281,21,Male,Software Engineering,96.6,40.4,65.0,83.6,14.2,2.91,5.0,Yes,No,Not At Risk
ST03487,18,Female,IT,58.3,78.3,81.9,58.2,2.1,2.5,3.0,Yes,Yes,Not At Risk
ST09347,20,Female,Computer Science,100.0,63.0,57.3,45.9,5.0,2.97,3.0,Yes,No,At Risk
ST10450,21,Female,Computer Science,59.9,67.2,74.4,79.9,4.9,2.16,5.0,Yes,Yes,Not At Risk
ST09630,19,Female,Software Engineering,88.2,47.1,62.6,83.7,5.5,4.0,4.0,Yes,No,At Risk
ST00822,22,Male,Data Science,82.9,62.0,66.9,61.8,6.1,2.34,4.0,Yes,No,Not At Risk
ST03175,24,Male,Software Engineering,94.8,85.4,73.9,65.2,7.8,3.18,4.0,No,Yes,Not At Risk
ST05370,18,Female,IT,99.0,59.3,73.5,75.0,3.5,2.93,0.0,Yes,No,Not At Risk
ST05644,18,Female,Computer Science,72.3,84.9,64.9,100.0,2.1,1.34,5.0,Yes,No,Not At Risk
ST11195,24,Female,Software Engineering,80.4,65.0,65.4,59.6,3.1,3.14,1.0,Yes,Yes,Not At Risk
ST08759,23,Female,Computer Science,100.0,79.1,53.5,80.8,8.5,3.02,9.0,Yes,Yes,Not At Risk
ST04716,18,Male,IT,89.4,72.9,68.1,46.6,18.0,2.68,2.0,No,No,Not At Risk
ST02389,23,Female,Software Engineering,90.5,77.1,82.1,35.4,8.7,2.35,1.0,Yes,Yes,Not At Risk
ST04856,18,Female,Computer Science,70.9,90.8,90.1,89.7,3.0,3.24,4.0,Yes,No,Not At Risk
ST00272,24,Male,Computer Science,90.9,88.7,66.6,34.2,5.0,2.97,7.0,Yes,No,Not At Risk
ST00332,22,Female,Software Engineering,84.2,79.6,60.0,46.8,9.0,3.15,1.0,Yes,No,Not At Risk
ST11109,24,Male,Software Engineering,63.7,78.0,54.7,38.7,1.2,1.88,3.0,Yes,Yes,Not At Risk
ST05264,21,Male,IT,64.2,85.7,76.2,71.9,10.9,3.24,5.0,Yes,No,Not At Risk
ST10200,18,Male,Data Science,90.2,66.7,73.7,56.2,6.7,3.16,4.0,Yes,Yes,Not At Risk
ST08909,23,Male,Software Engineering,88.5,85.2,84.1,81.0,6.8,3.33,6.0,Yes,Yes,Not At Risk
ST03858,18,Female,Computer Science,91.3,96.4,56.1,59.3,2.8,3.5,1.0,Yes,No,Not At Risk
ST04673,23,Female,Computer Science,98.5,58.2,66.1,40.8,5.0,3.82,5.0,Yes,Yes,Not At Risk
ST05710,25,Female,Computer Science,90.7,72.5,85.1,62.6,3.8,3.53,5.0,Yes,Yes,Not At Risk
ST01578,23,Female,Software Engineering,71.2,67.7,70.9,68.3,5.1,3.12,3.0,Yes,No,Not At Risk
ST09819,23,Female,IT,84.8,80.6,47.1,95.2,6.1,3.53,1.0,Yes,No,Not At Risk
ST09477,20,Female,Software Engineering,74.6,64.4,47.1,79.8,3.6,2.31,4.0,Yes,No,At Risk
ST00128,23,Male,Software Engineering,89.8,97.4,42.7,59.5,2.8,2.01,3.0,Yes,Yes,Not At Risk
ST07353,19,Male,Computer Science,75.8,79.0,76.0,36.4,11.5,3.5,3.0,Yes,Yes,Not At Risk
ST09613,18,Male,Software Engineering,51.9,49.5,73.1,100.0,12.3,3.54,6.0,Yes,No,Not At Risk
ST08121,24,Female,Data Science,80.4,32.1,66.9,61.5,3.2,2.33,5.0,Yes,No,Not At Risk
ST03993,23,Female,Software Engineering,68.7,54.9,73.3,55.0,1.4,4.0,4.0,Yes,No,At Risk
ST01031,25,Female,IT,59.7,62.4,52.4,65.1,2.3,2.8,3.0,Yes,Yes,At Risk
ST03087,20,Female,Software Engineering,94.4,33.5,69.2,74.2,1.3,3.68,2.0,Yes,No,Not At Risk
ST00345,25,Male,IT,84.3,73.3,82.2,57.2,5.2,2.28,2.0,Yes,No,Not At Risk
ST00296,22,Male,Computer Science,65.4,73.9,54.8,56.5,6.1,3.62,5.0,Yes,No,Not At Risk
ST08362,25,Male,Computer Science,67.4,94.0,50.6,51.2,6.4,3.48,1.0,Yes,No,At Risk
ST11815,18,Female,Software Engineering,76.7,75.0,45.5,73.5,6.7,1.93,5.0,Yes,Yes,Not At Risk
ST10459,22,Male,Computer Science,61.9,68.1,89.7,86.8,10.0,3.44,5.0,Yes,Yes,Not At Risk
ST08314,25,Male,Data Science,88.9,75.7,57.4,57.2,1.4,3.54,5.0,Yes,No,Not At Risk
ST09814,25,Male,Data Science,87.5,68.2,54.4,62.9,4.7,3.44,1.0,Yes,No,Not At Risk
ST01490,20,Female,Computer Science,76.5,52.8,62.3,73.0,5.3,2.18,6.0,No,No,Not At Risk
ST06272,21,Female,IT,88.7,71.6,69.1,42.2,7.5,3.72,9.0,Yes,Yes,Not At Risk
ST05163,20,Male,IT,75.2,66.4,71.0,85.1,9.9,3.03,4.0,No,Yes,Not At Risk
ST10810,19,Female,IT,78.8,96.5,75.9,51.3,2.2,4.0,6.0,Yes,No,Not At Risk
ST11339,19,Female,Software Engineering,100.0,46.0,42.9,53.9,5.0,2.83,2.0,Yes,No,Not At Risk
ST06355,18,Female,IT,80.8,70.3,47.8,66.0,10.8,2.81,4.0,Yes,Yes,Not At Risk
ST01918,20,Male,Software Engineering,64.6,80.9,71.8,99.4,4.6,3.23,3.0,Yes,Yes,Not At Risk
ST03183,24,Male,Computer Science,77.3,81.4,56.3,69.8,5.2,1.76,3.0,Yes,No,Not At Risk
ST06741,24,Female,IT,80.1,40.2,71.5,79.4,10.7,3.7,1.0,Yes,Yes,Not At Risk
ST09593,25,Female,IT,81.1,81.5,67.1,89.6,2.4,2.86,1.0,Yes,Yes,Not At Risk
ST02841,20,Male,IT,86.6,35.5,43.3,89.9,1.9,2.51,6.0,Yes,Yes,At Risk
ST09124,24,Male,Software Engineering,68.0,71.3,77.5,94.9,5.5,2.32,4.0,Yes,Yes,Not At Risk
ST11668,23,Female,Data Science,70.6,96.9,69.2,64.0,3.3,1.68,1.0,Yes,Yes,Not At Risk
ST07234,23,Female,IT,77.8,60.6,66.2,56.4,9.6,2.64,6.0,Yes,No,Not At Risk
ST04745,20,Female,Software Engineering,80.0,65.6,67.3,51.7,12.5,2.87,4.0,Yes,No,Not At Risk
ST00888,23,Female,IT,69.5,62.9,53.6,91.6,4.1,2.82,5.0,Yes,No,Not At Risk
ST07088,22,Female,Data Science,71.9,58.3,79.8,64.0,14.3,3.19,7.0,No,No,At Risk
ST09411,23,Male,Computer Science,95.1,83.5,83.0,56.1,2.1,2.07,2.0,Yes,No,Not At Risk
ST04409,21,Male,IT,85.1,54.4,68.3,48.2,1.5,3.85,4.0,Yes,No,Not At Risk
ST08218,21,Male,IT,93.8,69.6,43.1,66.6,4.5,3.2,4.0,Yes,No,Not At Risk
ST11041,21,Female,Software Engineering,100.0,75.7,44.5,66.7,5.5,2.97,6.0,Yes,No,Not At Risk
ST00206,19,Female,Software Engineering,76.2,51.1,32.4,65.7,2.6,3.29,,Yes,No,Not At Risk
ST01393,20,Male,Computer Science,85.5,91.4,72.8,59.0,2.1,1.7,5.0,Yes,No,Not At Risk
ST06239,24,Female,Data Science,81.6,54.3,86.0,58.4,3.3,2.4,7.0,Yes,No,Not At Risk
ST03038,20,Male,Data Science,75.7,64.0,100.0,72.6,9.0,3.29,2.0,Yes,No,Not At Risk
ST08064,19,Male,Software Engineering,84.5,38.8,34.6,40.2,14.3,1.79,4.0,Yes,No,At Risk
ST10740,23,Male,Computer Science,77.3,78.7,63.3,82.2,8.0,2.73,4.0,Yes,No,Not At Risk
ST07424,24,Male,Computer Science,92.6,66.7,71.1,49.9,8.0,1.52,2.0,Yes,No,Not At Risk
ST05250,21,Male,IT,82.5,56.3,67.2,49.3,9.2,3.01,6.0,Yes,Yes,Not At Risk
ST11040,21,Male,Software Engineering,77.2,73.7,58.1,71.3,8.7,2.68,2.0,Yes,No,Not At Risk
ST05746,20,Male,Software Engineering,50.4,62.6,55.3,72.3,0.9,2.69,6.0,Yes,Yes,Not At Risk
ST01670,20,Female,Data Science,87.0,40.2,90.9,40.8,5.9,2.08,6.0,Yes,No,Not At Risk
ST00903,18,Male,Computer Science,75.3,64.2,65.6,50.7,3.4,3.06,1.0,Yes,No,Not At Risk
ST11956,18,Male,Software Engineering,90.8,35.3,73.5,40.2,4.4,2.94,3.0,Yes,No,At Risk
ST10272,24,Male,Computer Science,76.2,89.3,86.9,73.1,4.3,2.96,3.0,Yes,No,Not At Risk
ST00354,20,Female,Software Engineering,92.2,69.0,71.1,43.4,6.6,3.4,5.0,Yes,Yes,Not At Risk
ST02253,22,Female,Data Science,100.0,41.7,77.2,67.1,20.1,2.39,2.0,Yes,No,Not At Risk
ST04775,24,Female,Computer Science,82.4,43.2,48.0,47.6,8.5,3.88,3.0,No,No,Not At Risk
ST03329,18,Male,Data Science,100.0,78.7,45.1,71.4,12.2,1.93,8.0,Yes,No,Not At Risk
ST10250,22,Female,IT,87.9,63.8,69.4,49.4,0.9,2.71,0.0,Yes,No,At Risk
ST08612,20,Female,IT,78.8,56.0,82.6,56.7,12.0,4.0,5.0,Yes,Yes,Not At Risk
ST05174,22,Male,IT,75.5,97.0,63.9,81.0,2.1,2.64,3.0,Yes,No,Not At Risk
ST08762,19,Male,Data Science,66.0,58.1,79.4,67.3,2.5,4.0,5.0,Yes,Yes,Not At Risk
ST06267,18,Male,,76.6,64.6,67.3,64.1,10.7,2.8,1.0,Yes,Yes,Not At Risk
ST06735,20,Male,Computer Science,58.8,73.1,59.8,77.6,7.2,3.31,6.0,Yes,No,Not At Risk
ST10213,20,Male,Data Science,76.9,61.8,63.5,40.2,3.3,3.2,5.0,Yes,Yes,Not At Risk
ST01274,22,Female,Data Science,87.7,52.7,46.5,42.7,6.7,3.63,2.0,Yes,No,At Risk
ST00780,19,Female,IT,96.1,93.5,65.6,73.1,6.0,2.82,6.0,Yes,Yes,Not At Risk
ST08145,19,Male,Software Engineering,61.0,48.0,47.0,61.7,14.8,3.94,2.0,Yes,Yes,Not At Risk
ST05838,21,Male,Computer Science,81.3,40.3,58.2,60.0,7.0,3.5,6.0,Yes,No,Not At Risk
ST09041,22,Female,Computer Science,73.5,79.5,57.5,77.7,7.3,1.93,6.0,Yes,Yes,Not At Risk
ST10410,23,Male,Data Science,73.1,73.8,92.7,64.6,2.7,2.46,5.0,Yes,Yes,Not At Risk
ST03296,20,Male,Computer Science,84.7,75.5,76.7,68.8,12.6,4.0,5.0,,Yes,Not At Risk
ST00031,19,Female,Computer Science,100.0,96.4,41.6,52.9,9.1,2.65,3.0,Yes,No,Not At Risk
ST10580,18,Female,Software Engineering,67.8,62.4,70.4,89.9,9.9,3.35,5.0,Yes,Yes,At Risk
ST02248,18,Female,Data Science,78.6,53.6,61.9,81.4,2.8,2.93,9.0,Yes,Yes,Not At Risk
ST10628,25,Female,Software Engineering,79.8,74.3,94.9,63.1,1.4,2.06,6.0,Yes,No,Not At Risk
ST09628,23,Male,IT,75.0,84.5,84.3,91.4,8.2,2.07,3.0,Yes,No,Not At Risk
ST05785,21,Female,IT,79.8,65.6,59.8,39.2,11.5,3.04,4.0,Yes,Yes,At Risk
ST08841,25,Male,Software Engineering,93.4,68.0,48.0,50.9,3.7,1.59,3.0,Yes,No,Not At Risk
ST03631,20,Male,Data Science,90.2,82.2,78.3,63.6,5.6,3.18,7.0,Yes,Yes,Not At Risk
ST09320,25,Male,Data Science,78.7,75.2,71.9,76.4,7.6,2.37,4.0,Yes,Yes,Not At Risk
ST05077,24,Female,Software Engineering,97.9,70.3,55.6,55.7,6.0,3.17,3.0,Yes,Yes,Not At Risk
ST03617,18,Male,Data Science,88.0,69.3,52.4,27.5,2.9,2.88,1.0,Yes,No,Not At Risk
ST10793,23,Female,IT,100.0,47.2,45.6,67.1,7.6,2.72,6.0,No,Yes,Not At Risk
ST10558,24,Male,Computer Science,87.2,77.9,70.0,55.6,6.3,3.11,2.0,Yes,Yes,Not At Risk
ST00757,25,Male,Software Engineering,88.1,77.0,48.3,74.7,4.0,2.25,5.0,Yes,Yes,Not At Risk
ST08558,23,Male,,89.7,80.7,52.8,56.9,10.3,3.52,9.0,Yes,Yes,Not At Risk
ST01224,25,Female,Computer Science,93.6,86.5,72.9,85.3,12.2,3.45,3.0,Yes,No,Not At Risk
ST04197,24,Male,Computer Science,100.0,54.5,63.2,75.3,3.4,2.96,5.0,Yes,No,Not At Risk
ST02266,18,Male,IT,74.5,86.9,68.8,34.7,7.8,3.23,7.0,Yes,No,Not At Risk
ST07490,18,Female,IT,86.4,45.2,63.6,79.6,7.8,2.31,3.0,Yes,No,Not At Risk
ST11004,21,Male,Data Science,88.8,84.4,38.1,59.0,2.2,2.58,2.0,Yes,No,At Risk
ST07252,19,Male,IT,86.2,43.4,70.1,89.5,4.6,1.96,3.0,Yes,No,Not At Risk
ST02070,25,Female,IT,88.2,70.3,28.6,52.8,4.1,3.05,5.0,Yes,No,Not At Risk
ST05853,25,Male,Computer Science,60.0,57.8,67.2,100.0,7.3,2.74,4.0,Yes,Yes,Not At Risk
ST06732,22,Female,IT,83.0,83.9,87.0,62.3,4.7,2.61,3.0,Yes,No,Not At Risk
ST07582,22,Female,IT,100.0,50.1,43.7,59.0,3.2,2.59,2.0,Yes,No,Not At Risk
ST06936,18,Female,Computer Science,73.6,72.8,70.5,59.1,5.4,1.93,3.0,Yes,Yes,Not At Risk
ST11890,23,Female,Computer Science,90.1,77.3,80.3,75.5,7.8,2.56,4.0,Yes,No,Not At Risk
ST02122,20,Male,Software Engineering,60.3,56.1,98.0,91.6,7.5,2.68,3.0,Yes,Yes,Not At Risk
ST05939,19,Male,Computer Science,74.3,54.7,63.3,37.7,5.2,3.22,3.0,Yes,Yes,At Risk
ST11679,18,Male,Computer Science,87.6,62.3,68.5,64.3,11.6,2.46,7.0,Yes,No,At Risk
ST03441,20,Male,Computer Science,100.0,46.1,52.6,36.4,3.8,3.39,3.0,Yes,No,Not At Risk
ST06532,20,Male,IT,80.7,54.6,58.2,44.6,3.7,2.37,3.0,Yes,Yes,Not At Risk
ST10730,25,Female,IT,89.7,90.6,43.2,72.2,0.3,3.13,4.0,Yes,Yes,Not At Risk
ST02428,25,Female,Computer Science,80.0,71.5,67.2,87.3,2.1,3.16,2.0,Yes,Yes,Not At Risk
ST10811,23,Male,IT,92.8,75.7,60.2,26.0,11.7,2.47,1.0,Yes,No,Not At Risk
ST00636,20,Male,IT,74.9,72.6,60.8,96.7,4.0,2.29,6.0,Yes,Yes,Not At Risk
ST07920,18,Female,Computer Science,100.0,44.2,59.4,82.9,9.4,4.0,5.0,Yes,Yes,Not At Risk
ST05933,20,Male,Data Science,96.7,85.8,69.7,61.5,6.7,2.94,1.0,Yes,No,Not At Risk
ST09898,24,Female,Computer Science,82.7,36.6,58.5,76.6,2.3,4.0,5.0,Yes,Yes,Not At Risk
ST10939,19,Female,IT,67.5,71.4,61.7,32.1,3.4,2.31,2.0,Yes,Yes,Not At Risk
ST09306,19,Male,Computer Science,72.2,51.9,78.0,51.5,1.6,1.88,6.0,Yes,No,Not At Risk
ST05974,19,Male,IT,67.2,58.4,51.4,74.4,16.0,3.11,4.0,No,Yes,Not At Risk
ST11304,23,Female,Computer Science,80.9,62.5,58.4,37.5,2.5,2.71,7.0,Yes,Yes,At Risk
ST09610,20,Male,Software Engineering,67.0,70.2,74.9,50.6,5.3,2.54,7.0,Yes,Yes,At Risk
ST00376,25,Female,IT,72.5,69.6,75.2,38.4,7.3,2.62,4.0,Yes,No,Not At Risk
ST03419,22,Male,Computer Science,67.7,52.2,68.2,79.8,7.0,3.73,5.0,Yes,Yes,At Risk
ST05414,18,Female,IT,76.9,100.0,40.0,74.4,2.1,2.43,2.0,Yes,Yes,Not At Risk
ST09965,24,Male,Software Engineering,84.3,58.9,54.6,54.7,1.3,3.01,3.0,Yes,Yes,Not At Risk
ST03515,21,Male,Software Engineering,82.9,74.6,69.3,39.6,2.1,2.83,4.0,Yes,Yes,Not At Risk
ST02476,24,Female,Software Engineering,79.7,71.8,67.9,47.7,2.8,2.51,2.0,Yes,Yes,Not At Risk
ST08123,19,Male,Data Science,90.9,55.6,70.2,64.8,4.6,2.92,2.0,Yes,Yes,Not At Risk
ST11973,20,Male,Data Science,98.8,69.3,70.0,59.7,4.1,3.0,4.0,Yes,Yes,Not At Risk
ST00768,25,Female,Data Science,99.5,93.7,49.7,45.7,5.3,2.51,,Yes,Yes,Not At Risk
ST11856,25,Male,Computer Science,76.4,86.9,87.0,71.4,2.4,3.86,4.0,Yes,No,Not At Risk
ST08724,19,Male,Data Science,85.9,54.3,72.7,65.6,12.9,2.26,3.0,Yes,No,Not At Risk
ST10417,23,Female,Software Engineering,66.8,36.6,86.7,51.9,4.4,3.24,5.0,Yes,Yes,At Risk
ST07731,18,Male,Software Engineering,70.2,61.1,49.3,84.2,4.5,4.0,3.0,Yes,No,Not At Risk
ST07969,19,Male,IT,100.0,92.1,83.4,55.9,11.8,2.68,3.0,Yes,Yes,Not At Risk
ST11238,25,Female,Data Science,63.6,63.8,71.3,55.9,6.7,2.74,4.0,Yes,Yes,At Risk
ST06940,25,Male,Computer Science,99.7,74.8,41.7,73.8,3.9,1.85,3.0,Yes,Yes,Not At Risk
ST06977,24,Male,Computer Science,82.3,81.1,49.3,,5.3,2.03,3.0,Yes,No,Not At Risk
ST02447,22,Female,IT,86.5,86.3,61.8,57.0,6.2,2.64,3.0,No,No,At Risk
ST00831,18,Female,Data Science,79.1,93.7,79.8,63.1,3.4,2.99,3.0,Yes,No,Not At Risk
ST05457,23,Male,,91.8,40.0,75.6,73.1,1.8,3.37,5.0,Yes,No,Not At Risk
ST08510,25,Female,Computer Science,63.9,72.5,61.1,64.1,4.9,2.45,0.0,Yes,No,Not At Risk
ST05651,25,Female,Software Engineering,100.0,54.9,85.0,62.0,10.6,2.34,4.0,Yes,Yes,Not At Risk
ST07036,18,Male,Software Engineering,89.3,87.7,46.5,75.5,2.9,1.8,4.0,Yes,No,Not At Risk
ST06688,23,Female,Computer Science,60.0,54.4,39.0,40.8,15.6,2.12,4.0,Yes,No,Not At Risk
ST03471,19,Male,Software Engineering,76.5,67.5,78.3,75.7,7.0,2.62,2.0,Yes,No,Not At Risk
ST05456,21,Male,IT,56.3,64.8,73.9,59.7,5.8,2.54,3.0,Yes,No,Not At Risk
ST00576,19,Male,Data Science,100.0,76.2,76.4,76.4,6.3,3.67,4.0,Yes,Yes,Not At Risk
ST01194,19,Female,Computer Science,82.6,97.1,91.3,50.6,4.3,2.3,2.0,Yes,Yes,Not At Risk
ST02095,22,Male,Software Engineering,42.7,43.1,78.1,71.4,4.0,3.34,5.0,Yes,Yes,Not At Risk
ST00852,25,Male,Software Engineering,80.7,100.0,70.5,32.3,7.2,3.16,4.0,Yes,Yes,Not At Risk
ST00107,18,female,Software Engineering,72.9,87.4,72.8,77.0,3.4,2.6,3.0,Yes,No,At Risk
ST09193,25,Female,IT,83.8,94.8,89.1,45.4,4.9,3.68,4.0,Yes,Yes,Not At Risk
ST04051,21,Female,Computer Science,73.2,77.8,91.1,55.1,5.4,2.43,4.0,Yes,No,Not At Risk
ST00073,18,Male,Computer Science,88.8,77.1,73.8,49.7,6.4,3.47,1.0,Yes,No,Not At Risk
ST06848,21,Female,Computer Science,81.3,78.6,100.0,64.2,8.3,2.91,5.0,Yes,Yes,At Risk
ST01449,20,Male,Software Engineering,84.0,57.7,96.0,49.2,1.5,3.21,4.0,Yes,No,Not At Risk
ST04199,18,Female,Software Engineering,86.7,50.4,70.9,46.6,7.3,2.88,5.0,Yes,No,Not At Risk
ST04517,25,Female,Computer Science,95.7,93.4,58.5,46.8,7.0,2.64,4.0,Yes,No,Not At Risk
ST03214,18,Male,Software Engineering,98.3,54.3,38.6,61.3,4.0,2.2,4.0,Yes,Yes,Not At Risk
ST05100,21,Female,Computer Science,65.5,80.4,42.8,65.0,13.4,4.0,2.0,Yes,No,Not At Risk
ST06881,24,Male,Software Engineering,73.2,61.9,82.5,61.8,9.6,2.93,4.0,Yes,No,Not At Risk
ST05042,19,Male,Computer Science,57.6,79.1,65.1,57.3,4.4,3.75,10.0,No,Yes,At Risk
ST09234,21,Male,Software Engineering,91.5,62.9,53.5,42.9,4.0,4.0,3.0,Yes,No,Not At Risk
ST11637,20,Female,Software Engineering,73.1,68.7,42.1,42.6,2.2,2.85,3.0,Yes,Yes,At Risk
ST02989,18,Female,Data Science,66.3,55.5,46.6,70.3,4.3,4.0,7.0,Yes,No,Not At Risk
ST08834,24,Female,IT,77.9,63.0,74.3,36.4,5.9,3.51,6.0,Yes,No,Not At Risk
ST04259,24,M,Computer Science,70.4,59.4,100.0,83.7,1.5,2.43,4.0,Yes,Yes,Not At Risk
ST09920,23,Male,Software Engineering,75.9,53.1,69.9,53.9,13.0,2.99,3.0,Yes,No,Not At Risk
ST02156,22,female,Computer Science,87.5,68.7,97.6,44.5,8.4,2.7,2.0,Yes,Yes,Not At Risk
ST10096,24,Female,Data Science,65.1,93.9,79.6,100.0,6.9,2.68,4.0,Yes,No,At Risk
ST06054,20,Male,Data Science,100.0,60.1,86.1,92.5,11.7,3.37,0.0,Yes,Yes,Not At Risk
ST07296,20,Male,Data Science,82.4,71.7,75.0,61.5,15.1,2.98,6.0,Yes,No,Not At Risk
ST09611,25,Male,Computer Science,75.8,80.0,84.3,93.6,5.4,3.32,2.0,Yes,No,Not At Risk
ST07026,18,Male,IT,66.9,72.3,69.5,58.5,4.0,2.55,3.0,Yes,No,Not At Risk
ST02316,25,Male,Data Science,64.4,66.6,100.0,65.5,3.4,1.68,7.0,Yes,No,Not At Risk
ST07029,24,Female,Software Engineering,72.6,85.0,80.2,38.5,3.0,2.58,5.0,Yes,No,At Risk
ST04840,18,Female,Data Science,70.3,76.3,95.1,57.5,5.6,2.39,3.0,Yes,Yes,Not At Risk
ST05358,24,Male,Software Engineering,80.3,61.4,58.2,68.3,3.7,3.26,5.0,Yes,No,Not At Risk
ST07893,23,Female,Data Science,65.0,85.5,48.7,59.4,4.9,3.19,4.0,Yes,No,Not At Risk
ST08323,22,Female,Software Engineering,71.0,62.5,89.1,62.7,4.3,1.41,1.0,Yes,No,Not At Risk
ST08212,24,Female,Data Science,95.8,70.8,73.7,71.9,9.5,2.75,6.0,Yes,Yes,Not At Risk
ST04584,24,Female,Computer Science,82.7,62.6,51.6,64.9,4.1,3.41,4.0,Yes,No,Not At Risk
ST05553,19,Female,IT,97.1,77.8,94.7,89.1,15.3,3.51,5.0,Yes,Yes,Not At Risk
ST05837,23,Female,Computer Science,100.0,58.2,80.5,75.6,10.0,3.56,1.0,Yes,No,At Risk
ST04850,19,Female,IT,100.0,71.4,76.1,73.4,7.8,2.83,2.0,Yes,No,Not At Risk
ST03574,21,Female,Software Engineering,75.2,75.7,31.9,59.7,4.1,2.92,6.0,Yes,No,Not At Risk
ST06081,19,Female,Computer Science,77.3,80.5,56.5,71.2,9.0,1.84,5.0,Yes,No,Not At Risk
ST01112,19,Female,Data Science,100.0,75.1,66.5,85.4,2.2,3.02,4.0,Yes,No,Not At Risk
ST10548,24,Male,Computer Science,74.8,59.1,90.9,44.0,8.5,3.47,4.0,Yes,Yes,Not At Risk
ST10192,23,Female,Software Engineering,83.0,81.9,31.1,31.7,3.9,2.08,4.0,Yes,Yes,Not At Risk
ST01111,23,Male,Data Science,85.3,85.6,82.2,50.0,7.0,2.84,3.0,Yes,Yes,Not At Risk
ST09990,19,Female,Software Engineering,96.2,64.7,70.7,43.3,8.4,3.24,4.0,Yes,No,Not At Risk
ST08775,19,Female,Software Engineering,76.5,74.1,70.9,82.2,10.3,2.66,4.0,Yes,Yes,Not At Risk
ST06760,18,Female,Computer Science,69.1,54.2,53.7,66.5,5.2,3.6,5.0,Yes,No,Not At Risk
ST05132,24,Female,Data Science,92.7,78.3,45.0,55.4,3.9,3.22,5.0,No,Yes,Not At Risk
ST11593,21,Female,Computer Science,77.1,67.8,53.1,74.5,5.3,2.25,2.0,Yes,No,Not At Risk
ST01669,23,Female,Software Engineering,70.6,58.4,67.3,79.1,11.6,3.6,8.0,Yes,No,Not At Risk
ST05399,18,Female,Data Science,90.4,77.7,78.1,54.5,5.6,3.16,5.0,Yes,No,Not At Risk
ST08022,18,Male,Software Engineering,76.8,90.2,35.4,69.3,10.8,2.71,8.0,Yes,Yes,Not At Risk
ST07384,20,Male,Software Engineering,85.7,68.5,76.4,65.4,6.7,3.66,1.0,Yes,No,Not At Risk
ST06794,18,Male,Data Science,95.7,54.1,73.6,57.5,17.2,2.37,5.0,Yes,No,At Risk
ST09431,23,Male,Computer Science,73.8,56.9,75.2,66.6,6.4,4.0,3.0,Yes,No,Not At Risk
ST09560,18,Male,Data Science,63.9,85.7,55.7,62.9,11.1,2.96,3.0,Yes,Yes,Not At Risk
ST05971,23,Female,Computer Science,100.0,42.6,60.1,65.1,3.7,2.63,2.0,No,Yes,Not At Risk
ST06546,18,Female,Software Engineering,70.3,49.9,63.8,66.5,3.5,1.84,3.0,Yes,No,Not At Risk
ST08417,19,Female,Computer Science,74.3,74.4,70.1,39.1,3.6,2.74,5.0,Yes,No,Not At Risk
ST02848,25,Male,Computer Science,67.7,70.2,41.4,54.6,6.3,1.28,7.0,Yes,Yes,Not At Risk
ST08876,24,Male,Data Science,73.4,70.7,80.2,61.6,1.9,2.44,4.0,Yes,No,At Risk
ST01287,21,Female,IT,78.0,64.7,87.9,78.2,5.0,2.47,6.0,Yes,No,Not At Risk
ST06554,22,Female,Software Engineering,88.7,64.6,56.2,38.9,2.6,2.15,1.0,Yes,Yes,Not At Risk
ST10914,19,Male,Computer Science,92.6,55.1,32.9,38.7,3.2,3.68,3.0,Yes,No,Not At Risk
ST03666,18,Male,Software Engineering,90.2,68.2,65.9,67.2,3.5,3.33,4.0,Yes,Yes,Not At Risk
ST01580,21,Female,Software Engineering,77.2,76.5,61.4,65.3,7.3,2.94,5.0,Yes,No,Not At Risk
ST00430,25,Male,Computer Science,98.3,40.3,75.2,,7.7,3.31,2.0,,No,At Risk
ST11852,25,Male,Computer Science,95.5,79.6,65.6,66.2,6.8,1.87,5.0,Yes,No,Not At Risk
ST11543,21,Male,Software Engineering,100.0,67.0,66.7,75.4,11.3,2.98,2.0,Yes,Yes,Not At Risk
ST01818,22,Female,,78.3,67.2,62.2,90.6,1.9,3.41,3.0,,Yes,Not At Risk
ST04645,18,Female,Computer Science,89.7,71.8,19.3,50.0,16.0,3.16,6.0,Yes,No,Not At Risk
ST08195,23,Female,Computer Science,86.1,38.3,52.1,52.0,6.4,2.15,1.0,Yes,Yes,Not At Risk
ST02305,23,Male,Computer Science,78.2,37.4,37.8,77.5,11.2,3.19,,Yes,No,Not At Risk
ST02709,18,Female,Software Engineering,75.9,81.9,92.5,64.5,1.6,2.8,4.0,Yes,No,Not At Risk
ST02774,24,Male,IT,75.2,82.1,100.0,56.7,2.4,3.24,3.0,Yes,Yes,Not At Risk
ST09353,22,Female,Computer Science,100.0,72.0,62.4,70.1,5.9,2.76,3.0,No,No,Not At Risk
ST00281,18,Male,Computer Science,70.6,68.5,75.9,65.3,3.1,3.45,3.0,Yes,Yes,Not At Risk
ST03486,24,Male,Software Engineering,73.5,64.2,85.1,94.8,7.9,2.02,4.0,Yes,No,Not At Risk
ST06228,21,Female,IT,83.3,69.7,66.3,75.8,9.1,2.58,6.0,Yes,No,Not At Risk
ST07744,24,Female,IT,87.7,72.0,74.0,32.2,3.1,3.99,5.0,Yes,No,Not At Risk
ST02865,21,Male,Software Engineering,87.0,61.7,77.5,49.1,4.5,2.82,3.0,Yes,Yes,Not At Risk
ST09192,19,Male,Computer Science,77.9,60.4,59.5,64.1,5.5,2.6,6.0,Yes,No,Not At Risk
ST03579,22,Female,Software Engineering,85.2,59.6,84.0,42.2,5.0,1.74,3.0,Yes,No,Not At Risk
ST06368,18,Female,Software Engineering,74.2,48.2,62.1,71.5,3.8,3.53,9.0,Yes,Yes,At Risk
ST00448,20,Male,Computer Science,80.9,58.7,69.9,60.9,3.7,2.39,4.0,Yes,No,Not At Risk
ST02664,20,Male,Software Engineering,85.1,47.4,42.6,39.2,13.1,2.2,7.0,Yes,No,Not At Risk
ST02175,21,Female,Software Engineering,66.4,55.4,72.6,96.9,3.4,2.12,4.0,Yes,Yes,Not At Risk
ST03320,18,Male,IT,92.9,42.2,60.7,69.1,1.4,1.82,5.0,Yes,Yes,Not At Risk
ST07904,24,Male,Software Engineering,66.9,39.5,72.9,51.6,1.3,1.67,3.0,Yes,Yes,At Risk
ST07285,22,Male,Computer Science,78.4,52.3,74.5,60.5,3.4,2.35,2.0,No,No,At Risk
ST03766,19,Male,IT,97.8,68.8,44.9,61.4,4.3,3.02,1.0,Yes,No,At Risk
ST01360,22,Female,Computer Science,100.0,72.8,47.4,42.9,3.5,2.36,5.0,Yes,No,Not At Risk
ST08229,24,Male,IT,90.0,63.8,72.0,65.0,3.7,2.96,1.0,No,Yes,Not At Risk
ST03887,22,Male,Computer Science,95.9,39.1,73.1,94.3,8.3,2.33,,No,Yes,At Risk
ST08793,24,Male,IT,87.1,82.1,70.9,53.0,4.8,2.95,5.0,Yes,Yes,Not At Risk
ST09520,20,Female,Software Engineering,92.0,78.6,82.1,64.6,2.7,2.89,6.0,Yes,No,Not At Risk
ST11055,18,Male,Computer Science,60.6,68.2,68.1,52.0,3.4,3.72,3.0,Yes,No,Not At Risk
ST01033,18,Male,IT,67.4,81.5,76.2,59.6,8.4,2.89,6.0,Yes,Yes,Not At Risk
ST08083,25,Female,Computer Science,78.2,53.6,57.0,64.8,14.8,2.15,7.0,Yes,No,Not At Risk
ST01433,18,Female,Data Science,75.2,65.3,73.9,49.1,6.1,3.27,1.0,Yes,No,Not At Risk
ST01325,24,Female,Software Engineering,64.4,71.3,61.4,47.1,11.3,2.56,5.0,Yes,Yes,At Risk
ST08404,20,Female,Computer Science,62.0,100.0,51.5,40.4,2.2,2.9,3.0,Yes,Yes,Not At Risk
ST11748,19,Female,Software Engineering,83.5,46.6,66.4,80.5,4.7,2.3,2.0,Yes,Yes,At Risk
ST07977,18,Male,Software Engineering,78.3,66.2,49.3,54.9,6.8,2.44,1.0,Yes,Yes,Not At Risk
ST08772,25,Female,IT,70.7,71.5,59.2,41.8,6.3,3.79,2.0,Yes,No,Not At Risk
ST04663,21,Male,Software Engineering,67.0,60.1,75.9,75.7,4.0,3.08,4.0,Yes,Yes,Not At Risk
ST03913,25,Male,Software Engineering,74.4,58.3,88.0,61.9,4.4,2.71,2.0,Yes,Yes,Not At Risk
ST04458,21,Male,Software Engineering,74.6,72.4,82.2,39.3,6.5,3.21,4.0,Yes,Yes,Not At Risk
ST03311,23,Male,IT,70.1,55.1,53.5,59.0,1.3,3.6,3.0,Yes,Yes,Not At Risk
ST10194,25,Female,Computer Science,90.4,70.0,64.2,57.4,2.7,2.63,5.0,Yes,No,Not At Risk
ST11218,24,Male,Data Science,75.5,61.5,67.8,73.5,14.9,2.28,4.0,Yes,No,Not At Risk
ST05298,24,Female,Computer Science,77.2,79.0,71.8,43.3,0.4,4.0,2.0,Yes,Yes,At Risk
ST09808,20,Female,Software Engineering,79.8,65.0,64.0,61.9,4.4,1.82,3.0,Yes,Yes,Not At Risk
ST00015,21,Male,Data Science,69.1,64.4,68.2,69.3,3.4,3.7,3.0,Yes,Yes,Not At Risk
ST11916,24,Female,Computer Science,78.1,68.7,36.1,62.0,4.1,2.28,2.0,Yes,No,Not At Risk
ST07337,22,Female,Software Engineering,97.9,38.0,39.3,73.9,7.5,2.2,3.0,Yes,No,Not At Risk
ST07106,19,Male,IT,98.0,66.8,61.6,49.2,4.8,2.25,2.0,Yes,Yes,Not At Risk
ST08722,22,Male,Data Science,50.2,71.3,64.7,72.8,4.3,2.8,7.0,Yes,Yes,At Risk
ST09078,24,Female,Computer Science,100.0,51.3,60.6,61.7,4.7,3.1,5.0,Yes,Yes,Not At Risk
ST05030,21,Male,Software Engineering,78.7,58.9,69.8,60.7,7.6,2.11,1.0,Yes,Yes,Not At Risk
ST01840,21,Female,Computer Science,80.9,54.4,53.5,36.0,2.1,1.87,2.0,Yes,Yes,Not At Risk
ST02339,21,Male,Data Science,91.7,59.9,52.2,71.5,4.6,2.45,1.0,Yes,Yes,Not At Risk
ST08950,25,Female,Data Science,90.1,80.2,69.0,65.8,3.8,1.94,2.0,Yes,Yes,Not At Risk
ST05767,23,Male,Computer Science,77.0,89.3,55.7,79.0,2.9,2.45,5.0,Yes,Yes,Not At Risk
ST11654,24,Female,Data Science,87.0,55.3,57.4,63.2,5.0,3.08,4.0,Yes,Yes,Not At Risk
ST02505,25,Male,Computer Science,77.0,82.5,74.5,,7.7,3.73,3.0,Yes,No,Not At Risk
ST07078,21,Male,IT,72.8,78.2,68.4,48.2,7.5,3.8,2.0,Yes,Yes,At Risk
ST00815,21,Male,Computer Science,73.8,48.3,37.5,63.1,7.3,3.58,1.0,Yes,Yes,Not At Risk
ST04779,23,Female,Computer Science,94.3,57.1,78.1,72.5,2.0,2.14,5.0,Yes,No,Not At Risk
ST10444,19,Female,IT,89.9,57.7,71.5,88.4,1.8,4.0,2.0,Yes,No,Not At Risk
ST09307,19,Female,IT,75.1,80.0,73.7,75.9,7.2,3.72,6.0,Yes,No,Not At Risk
ST06212,18,Female,Computer Science,62.8,76.8,91.6,81.9,5.8,3.14,3.0,Yes,Yes,Not At Risk
ST02593,25,Male,Computer Science,97.7,73.4,69.4,72.4,6.6,3.35,5.0,Yes,Yes,Not At Risk
ST02966,24,Female,IT,98.6,42.5,66.9,78.6,8.1,4.0,4.0,Yes,No,Not At Risk
ST02925,20,Male,Computer Science,65.8,65.9,52.7,55.6,6.2,3.24,5.0,Yes,No,Not At Risk
ST02521,19,Male,IT,67.9,95.3,48.8,41.3,6.4,2.74,4.0,Yes,Yes,At Risk
ST04209,25,Female,Computer Science,75.5,80.4,89.4,80.8,3.0,3.14,3.0,Yes,No,Not At Risk
ST11522,22,Female,IT,67.1,40.0,66.9,77.0,5.3,3.45,9.0,Yes,No,At Risk
ST05462,21,Female,Software Engineering,88.5,58.7,74.2,51.1,4.4,3.76,2.0,Yes,Yes,Not At Risk
ST11364,25,Male,Data Science,97.7,45.2,62.7,72.4,5.5,2.28,6.0,Yes,No,Not At Risk
ST02990,20,Female,Data Science,100.0,60.1,50.8,53.9,3.2,3.55,2.0,No,No,Not At Risk
ST08867,24,Female,IT,87.3,58.1,66.2,35.5,5.5,3.01,3.0,Yes,Yes,Not At Risk
ST05004,18,Female,IT,82.3,71.6,71.5,79.9,4.4,3.54,3.0,Yes,Yes,Not At Risk
ST09810,18,Female,Software Engineering,96.7,72.4,64.2,71.5,2.6,3.31,2.0,Yes,No,Not At Risk
ST03938,25,Female,Computer Science,100.0,66.5,69.0,58.2,4.3,3.05,3.0,Yes,No,Not At Risk
ST05103,20,Male,Software Engineering,99.8,78.8,100.0,78.6,1.4,1.34,5.0,Yes,Yes,Not At Risk
ST02350,18,Male,Software Engineering,89.8,76.6,73.6,68.6,4.2,2.13,8.0,Yes,No,Not At Risk
ST10688,23,Female,Software Engineering,70.2,73.6,56.5,81.0,4.5,3.04,3.0,Yes,Yes,Not At Risk
ST10638,23,Female,Computer Science,77.2,74.2,70.0,85.2,4.7,2.96,4.0,Yes,No,Not At Risk
ST08698,22,Male,IT,89.2,70.0,93.3,81.5,5.4,2.4,3.0,Yes,No,Not At Risk
ST07787,22,Female,Software Engineering,72.9,61.3,76.6,86.8,2.7,3.84,4.0,Yes,No,Not At Risk
ST09583,23,Male,Software Engineering,83.6,54.1,44.0,25.1,4.9,2.77,4.0,Yes,Yes,Not At Risk
ST01997,23,Female,IT,90.3,58.1,89.8,94.7,4.4,2.69,6.0,Yes,No,Not At Risk
ST11348,22,Male,IT,90.1,67.6,57.9,91.5,4.4,2.52,6.0,No,No,Not At Risk
ST09276,20,Female,Computer Science,93.0,74.8,52.6,64.3,2.3,3.94,6.0,Yes,Yes,Not At Risk
ST09414,20,Female,Software Engineering,78.1,26.0,46.5,84.6,1.2,2.06,6.0,Yes,No,Not At Risk
ST04857,20,Male,Data Science,80.2,53.2,53.3,75.4,14.7,2.66,6.0,Yes,No,Not At Risk
ST09695,23,Female,Software Engineering,86.3,78.5,69.1,61.4,8.2,3.3,1.0,Yes,No,Not At Risk
ST10254,24,Male,Software Engineering,70.5,55.2,67.6,84.8,5.1,3.8,,Yes,No,Not At Risk
ST08783,24,Female,Computer Science,89.4,100.0,86.4,33.0,5.5,1.45,3.0,Yes,No,Not At Risk
ST09182,21,Female,Software Engineering,87.6,77.7,47.5,71.9,3.4,2.16,3.0,Yes,No,Not At Risk
ST04615,21,Male,Data Science,100.0,74.7,71.9,83.9,8.5,2.91,5.0,Yes,No,Not At Risk
ST11332,23,Male,Computer Science,69.0,45.4,55.6,38.4,1.6,3.18,5.0,Yes,Yes,Not At Risk
ST00738,20,Female,Computer Science,73.2,63.4,67.1,63.8,2.1,2.2,2.0,Yes,No,At Risk
ST08549,22,Male,Software Engineering,86.4,63.2,58.1,95.9,2.1,4.0,3.0,Yes,No,Not At Risk
ST10038,18,Female,Computer Science,80.9,53.9,88.8,65.1,4.4,3.16,6.0,No,No,Not At Risk
ST09373,19,Male,Data Science,75.1,87.2,64.4,88.4,4.2,2.95,5.0,Yes,No,Not At Risk
ST11134,18,Female,IT,98.2,65.9,69.9,54.4,11.7,1.31,6.0,Yes,Yes,Not At Risk
ST05768,23,Male,Computer Science,69.5,81.3,77.4,57.1,3.6,3.0,0.0,Yes,No,Not At Risk
ST04486,21,Male,Software Engineering,82.5,63.3,41.5,53.8,10.3,3.57,1.0,Yes,Yes,Not At Risk
ST02356,18,Female,IT,79.1,47.8,55.7,60.2,2.3,3.47,1.0,Yes,Yes,Not At Risk
ST02711,20,Female,Computer Science,82.4,58.6,78.2,55.1,5.9,2.53,5.0,Yes,No,Not At Risk
ST01705,24,Male,IT,81.0,79.2,87.5,71.6,4.4,2.79,7.0,No,No,Not At Risk
ST03986,20,Male,Computer Science,73.8,59.3,42.2,65.1,7.3,3.66,9.0,No,Yes,Not At Risk
ST01519,23,Female,Computer Science,87.3,51.1,27.5,84.3,10.6,3.71,2.0,Yes,No,At Risk
ST10502,22,Male,Computer Science,74.3,76.9,62.4,75.7,2.8,2.63,,Yes,No,Not At Risk
ST10010,19,Male,Computer Science,93.3,55.4,63.8,61.2,3.4,2.64,5.0,Yes,Yes,Not At Risk
ST09245,24,Female,Computer Science,78.3,54.2,64.1,91.6,3.4,2.87,5.0,Yes,Yes,Not At Risk
ST00909,19,Female,,100.0,64.1,58.8,86.3,4.6,2.23,1.0,Yes,No,Not At Risk
ST00678,19,Female,Computer Science,85.2,67.1,68.7,71.0,6.9,2.3,6.0,Yes,Yes,Not At Risk
ST09093,24,Male,Software Engineering,69.0,59.0,35.9,62.3,4.3,4.0,7.0,Yes,No,At Risk
ST01522,18,Male,Data Science,66.7,74.3,74.8,76.6,11.3,2.81,7.0,Yes,No,Not At Risk
ST05357,23,Female,Data Science,68.4,62.9,77.1,68.7,3.5,2.82,5.0,Yes,Yes,Not At Risk
ST11925,24,Female,IT,92.3,56.9,76.9,27.5,11.5,3.07,4.0,Yes,Yes,Not At Risk
ST02153,20,Male,Computer Science,64.5,39.6,55.0,57.1,8.0,2.83,4.0,Yes,Yes,At Risk
ST04822,23,Female,IT,71.8,54.1,76.6,61.9,2.1,1.95,2.0,Yes,No,At Risk
ST01217,21,female,Data Science,72.2,85.2,49.7,54.2,5.8,2.97,5.0,Yes,No,Not At Risk
ST04288,20,Female,Computer Science,96.6,35.7,54.4,51.4,3.6,2.67,5.0,Yes,Yes,At Risk
ST06191,23,Female,Software Engineering,86.9,45.6,53.6,48.6,3.5,3.45,,Yes,Yes,At Risk
ST03026,23,Male,Computer Science,68.5,86.3,91.0,59.1,3.8,2.44,4.0,Yes,Yes,At Risk
ST06351,18,Male,Data Science,73.3,60.1,60.0,68.9,12.7,3.7,8.0,Yes,No,Not At Risk
ST00985,25,Male,Computer Science,77.3,53.6,50.1,90.7,9.3,1.89,5.0,Yes,No,At Risk
ST06624,23,Male,IT,84.7,83.0,64.4,73.8,2.0,2.07,1.0,Yes,Yes,Not At Risk
ST06134,25,Female,Software Engineering,77.6,88.2,70.9,36.8,13.6,2.85,4.0,Yes,No,Not At Risk
ST06989,18,Female,Computer Science,90.1,50.8,88.8,88.4,10.6,3.97,6.0,Yes,No,Not At Risk
ST08656,18,Male,IT,68.5,66.1,65.4,84.8,3.7,3.04,3.0,Yes,Yes,Not At Risk
ST01601,24,Male,Computer Science,78.2,80.2,59.6,58.6,9.6,2.46,3.0,Yes,Yes,Not At Risk
ST04107,22,Male,Computer Science,74.1,72.8,69.1,85.0,5.1,2.28,5.0,Yes,No,Not At Risk
ST07346,20,Female,Software Engineering,100.0,92.1,66.4,28.8,3.8,3.78,3.0,Yes,Yes,Not At Risk
ST09746,20,Male,Data Science,89.6,68.5,100.0,70.0,14.9,2.52,4.0,No,No,Not At Risk
ST07182,21,Female,Computer Science,87.8,67.4,66.7,72.9,3.2,3.04,0.0,Yes,No,Not At Risk
ST05184,20,Female,Computer Science,50.2,82.2,81.3,82.5,1.5,2.96,,Yes,Yes,At Risk
ST02763,24,Female,Software Engineering,99.2,52.0,66.0,66.5,7.8,3.5,2.0,No,Yes,Not At Risk
ST01328,22,Male,Data Science,93.0,58.6,39.2,80.7,4.2,2.99,8.0,Yes,Yes,Not At Risk
ST11044,24,Female,IT,71.4,65.8,60.9,78.0,7.6,3.21,4.0,Yes,No,Not At Risk
ST02529,19,Male,Computer Science,82.4,77.9,95.1,77.3,1.9,2.8,3.0,Yes,Yes,Not At Risk
ST02165,22,Female,Data Science,61.5,60.1,60.0,80.6,10.0,3.01,3.0,Yes,Yes,At Risk
ST01125,23,Male,Computer Science,82.5,80.9,78.8,79.5,9.6,2.91,3.0,Yes,No,Not At Risk
ST04257,18,Male,Computer Science,78.6,82.6,89.7,50.0,5.9,3.57,5.0,Yes,No,Not At Risk
ST04278,23,Female,Data Science,99.0,80.0,65.3,48.7,0.8,1.75,0.0,Yes,Yes,Not At Risk
ST09068,25,Female,IT,90.3,54.4,68.3,67.7,4.9,3.28,3.0,Yes,No,Not At Risk
ST07565,25,Male,Computer Science,87.4,83.6,65.9,64.9,10.7,2.13,6.0,Yes,No,Not At Risk
ST11392,19,Male,Computer Science,69.9,63.5,72.8,62.4,3.6,4.0,4.0,Yes,No,Not At Risk
ST10111,20,Female,IT,100.0,89.1,63.6,68.1,4.6,1.59,2.0,Yes,Yes,Not At Risk
ST11946,21,Male,Software Engineering,82.9,80.9,67.3,76.5,8.2,2.86,6.0,Yes,No,At Risk
ST09983,23,Male,Software Engineering,73.2,54.9,64.3,71.5,4.2,3.9,2.0,Yes,No,Not At Risk
ST11717,25,Male,Data Science,87.0,79.1,52.6,45.4,2.0,3.3,5.0,Yes,Yes,Not At Risk
ST01665,24,Female,IT,82.0,100.0,60.8,43.4,6.4,2.82,1.0,Yes,Yes,Not At Risk
ST06579,21,Female,Data Science,78.8,100.0,57.9,71.0,9.0,1.87,4.0,Yes,Yes,Not At Risk
ST11336,19,Male,Data Science,84.9,100.0,80.7,62.0,10.9,3.66,4.0,Yes,No,Not At Risk
ST07269,24,Female,Computer Science,58.7,70.9,59.2,62.7,6.3,1.8,3.0,,Yes,Not At Risk
ST10353,20,Male,IT,85.3,92.5,93.2,82.4,2.3,3.13,5.0,Yes,No,Not At Risk
ST02699,21,Male,Computer Science,88.4,55.1,54.1,65.1,4.4,3.72,8.0,Yes,No,Not At Risk
ST02225,20,Female,Software Engineering,65.4,67.2,75.5,66.9,4.6,3.64,5.0,Yes,Yes,Not At Risk
ST04504,22,Male,Computer Science,85.3,57.6,28.5,83.2,6.8,2.5,3.0,Yes,No,Not At Risk
ST04487,23,Male,IT,100.0,51.2,36.8,70.3,4.5,3.69,3.0,Yes,Yes,Not At Risk
ST09506,19,Male,Data Science,86.3,65.9,74.5,55.2,5.1,3.04,5.0,Yes,No,Not At Risk
ST06851,22,Female,Computer Science,100.0,78.6,76.5,80.4,3.8,2.38,1.0,Yes,Yes,Not At Risk
ST00290,25,Male,IT,90.7,69.5,47.1,49.7,5.4,3.59,4.0,Yes,No,Not At Risk
ST07896,24,Male,Computer Science,78.1,85.8,55.5,81.4,4.6,2.22,3.0,Yes,No,Not At Risk
ST06707,18,Female,Computer Science,95.5,56.2,66.9,52.8,11.6,2.27,2.0,Yes,No,At Risk
ST06891,20,Female,Software Engineering,69.1,56.7,74.7,87.7,8.3,1.95,1.0,Yes,No,Not At Risk
ST11269,20,Female,IT,68.4,47.6,74.7,65.1,7.3,3.87,9.0,Yes,No,Not At Risk
ST02617,21,Female,IT,91.3,67.8,65.2,40.6,2.1,3.74,2.0,Yes,Yes,Not At Risk
ST11288,19,Male,IT,92.9,66.8,79.1,59.8,4.5,2.35,4.0,Yes,Yes,At Risk
ST05290,19,Male,Computer Science,84.4,68.1,66.7,47.9,5.6,3.42,6.0,Yes,Yes,Not At Risk
ST04128,25,Female,Data Science,90.4,47.3,82.3,76.4,6.4,2.73,4.0,Yes,No,Not At Risk
ST06635,25,Female,IT,48.8,91.8,56.0,87.3,4.9,2.45,2.0,Yes,No,Not At Risk
ST01572,25,Male,Data Science,67.3,82.4,68.1,39.3,2.3,2.62,6.0,Yes,Yes,Not At Risk
ST00755,18,Male,IT,86.4,70.1,67.5,59.9,1.4,1.59,8.0,Yes,Yes,Not At Risk
ST10240,19,Female,IT,66.3,66.9,38.4,54.4,3.5,2.86,4.0,Yes,Yes,At Risk
ST05464,18,Female,Data Science,87.9,34.6,28.3,47.8,11.9,2.45,2.0,Yes,No,Not At Risk
ST02563,22,Female,Data Science,95.4,67.3,40.5,65.3,1.4,3.38,3.0,Yes,No,At Risk
ST01759,21,Male,,99.4,60.6,59.9,72.3,5.4,3.81,7.0,Yes,No,Not At Risk
ST05821,23,Male,IT,97.3,57.5,55.0,40.1,5.9,3.56,6.0,Yes,No,Not At Risk
ST06961,18,Female,IT,94.4,79.4,50.7,60.8,4.3,3.66,1.0,Yes,Yes,Not At Risk
ST11967,18,Female,Data Science,88.5,64.7,81.7,83.4,1.8,3.25,7.0,Yes,Yes,Not At Risk
ST03736,21,Female,Software Engineering,87.1,81.1,86.3,46.1,2.7,2.98,7.0,Yes,No,Not At Risk
ST09248,22,Female,Computer Science,64.5,73.7,55.8,69.2,3.1,2.86,4.0,Yes,No,Not At Risk
ST11372,22,Male,Computer Science,63.3,90.3,81.0,65.5,4.5,3.13,3.0,Yes,No,At Risk
ST00367,22,Female,IT,77.4,71.7,62.4,29.0,5.9,3.24,2.0,Yes,No,Not At Risk
ST00052,23,Female,Computer Science,87.1,82.5,64.3,61.6,0.4,3.29,2.0,Yes,Yes,Not At Risk
ST00210,18,Female,Computer Science,87.8,54.6,49.2,45.8,6.0,2.54,3.0,Yes,No,Not At Risk
ST06043,21,Male,Software Engineering,67.2,39.0,73.2,66.6,7.5,2.04,1.0,Yes,No,At Risk
ST09128,19,Male,Software Engineering,100.0,74.4,96.8,68.8,8.4,3.32,5.0,Yes,No,Not At Risk
ST07875,20,Female,Computer Science,74.1,37.8,56.6,100.0,4.5,3.55,1.0,Yes,Yes,Not At Risk
ST01152,22,Male,Data Science,73.9,76.2,36.7,61.8,2.6,2.08,7.0,Yes,Yes,Not At Risk
ST11955,22,Male,Software Engineering,100.0,51.2,71.5,65.7,3.9,2.85,1.0,No,No,At Risk
ST00775,18,Female,Data Science,71.5,59.4,86.8,67.9,4.5,3.31,8.0,Yes,No,Not At Risk
ST09976,21,Male,Data Science,65.5,73.4,85.7,56.2,4.0,4.0,4.0,Yes,Yes,Not At Risk
ST07927,19,Female,Computer Science,68.8,54.8,89.0,63.6,6.7,4.0,6.0,Yes,Yes,At Risk
ST07803,20,Male,Data Science,92.2,76.3,50.0,72.3,3.4,2.04,2.0,Yes,No,Not At Risk
ST08183,23,Male,IT,77.5,50.4,27.9,72.1,7.5,3.22,1.0,Yes,No,Not At Risk
ST03411,25,Male,Computer Science,59.1,66.6,59.2,87.2,3.2,2.7,3.0,Yes,No,Not At Risk
ST06911,24,Female,Computer Science,74.0,77.8,55.9,74.7,8.4,3.47,7.0,Yes,Yes,Not At Risk
ST01502,25,Male,Software Engineering,95.0,68.1,53.2,73.8,2.8,2.79,1.0,Yes,No,Not At Risk
ST00842,24,Male,Computer Science,93.9,61.7,62.2,31.2,7.6,2.27,5.0,Yes,No,Not At Risk
ST04581,23,Female,Data Science,66.8,68.8,86.1,65.4,3.9,3.03,3.0,Yes,No,Not At Risk
ST09169,19,Female,IT,90.0,35.1,46.5,69.6,3.8,1.91,8.0,Yes,Yes,Not At Risk
ST07039,18,Male,Computer Science,94.3,100.0,71.7,52.8,7.2,3.08,2.0,Yes,Yes,Not At Risk
ST10242,24,Female,IT,64.9,91.2,49.5,77.5,2.5,2.29,5.0,Yes,No,Not At Risk
ST06087,18,Male,Data Science,82.3,56.5,72.4,58.7,1.7,3.73,6.0,Yes,Yes,At Risk
ST10989,22,Male,Computer Science,97.6,47.7,54.5,69.5,6.3,2.7,3.0,Yes,Yes,Not At Risk
ST06116,22,Female,Software Engineering,79.7,66.8,69.5,55.4,2.8,2.88,5.0,Yes,No,Not At Risk
ST04414,18,Female,Software Engineering,55.8,54.4,72.6,57.8,6.1,3.82,2.0,Yes,Yes,At Risk
ST10883,20,Male,Software Engineering,80.7,90.8,69.7,70.0,7.1,3.07,1.0,Yes,No,Not At Risk
ST00868,25,Male,IT,73.3,81.5,56.2,41.8,2.7,2.89,4.0,Yes,Yes,Not At Risk
ST11172,18,Male,Computer Science,83.7,37.1,73.4,82.3,6.1,3.51,5.0,Yes,Yes,Not At Risk
ST04185,19,Male,Computer Science,81.4,81.4,75.2,52.4,8.0,3.16,7.0,Yes,No,Not At Risk
ST03109,22,Female,Computer Science,87.2,63.9,67.2,81.0,5.6,2.18,4.0,Yes,No,Not At Risk
ST10830,24,Male,IT,88.0,54.9,71.3,51.3,5.5,1.33,1.0,Yes,Yes,Not At Risk
ST05306,20,Female,Computer Science,94.5,63.5,41.2,42.6,2.9,2.48,5.0,Yes,No,Not At Risk
ST05190,25,Male,Computer Science,95.0,100.0,83.8,70.4,2.4,1.94,3.0,Yes,No,Not At Risk
ST10825,22,Female,IT,85.3,80.4,85.2,77.8,22.9,3.01,4.0,Yes,No,Not At Risk
ST03399,23,Female,Computer Science,93.3,34.9,75.4,46.4,3.7,2.63,4.0,Yes,Yes,Not At Risk
ST00863,23,Female,Computer Science,89.6,72.2,79.0,51.5,2.7,2.27,1.0,No,No,Not At Risk
ST01851,24,Male,Computer Science,83.5,59.0,65.8,64.4,3.7,3.13,5.0,Yes,Yes,Not At Risk
ST11263,21,Male,Computer Science,79.9,83.8,91.2,73.1,5.2,3.71,5.0,Yes,No,Not At Risk
ST01197,24,Male,Computer Science,75.0,82.1,66.2,47.8,2.5,2.37,3.0,Yes,Yes,Not At Risk
ST01792,20,Male,Data Science,89.7,68.7,61.9,59.9,1.7,2.19,3.0,Yes,No,Not At Risk
ST05159,25,Male,Data Science,72.9,100.0,71.1,43.4,1.7,3.74,4.0,Yes,No,Not At Risk
ST11057,23,Male,Software Engineering,80.1,83.4,52.5,49.3,6.7,2.5,3.0,Yes,No,Not At Risk
ST02235,24,Female,Software Engineering,80.5,90.2,56.9,87.1,4.8,2.34,5.0,Yes,Yes,Not At Risk
ST06511,25,Male,Computer Science,100.0,61.9,56.7,84.5,4.6,2.73,3.0,Yes,No,Not At Risk
ST11350,20,Female,Software Engineering,68.0,70.7,76.1,55.0,2.3,2.25,3.0,Yes,No,Not At Risk
ST06094,24,Male,Software Engineering,75.5,62.3,89.8,56.1,3.6,3.24,3.0,Yes,No,Not At Risk
ST01136,21,Male,IT,87.7,70.6,42.3,42.4,24.0,3.07,4.0,Yes,Yes,Not At Risk
ST02782,23,Female,Computer Science,65.8,85.9,50.4,76.8,13.4,2.36,6.0,Yes,No,At Risk
ST06182,20,Male,Computer Science,86.6,59.2,50.0,67.2,2.1,3.49,4.0,No,No,Not At Risk
ST08217,19,Male,Software Engineering,83.1,73.6,53.2,42.8,11.3,2.84,2.0,Yes,Yes,Not At Risk
ST07824,25,Female,Software Engineering,89.8,82.1,58.0,77.7,9.0,2.82,3.0,Yes,No,Not At Risk
ST00174,18,Female,Computer Science,79.3,62.8,55.6,61.7,11.4,3.5,4.0,Yes,No,At Risk
ST05836,24,Female,Computer Science,62.8,99.1,63.4,66.0,9.5,3.34,4.0,Yes,No,At Risk
ST10649,23,Female,Data Science,95.0,68.3,59.0,69.1,4.6,2.1,2.0,Yes,No,At Risk
ST07599,19,Male,Computer Science,84.0,77.1,92.7,56.7,2.3,2.68,3.0,Yes,Yes,Not At Risk
ST02162,18,Male,Computer Science,90.6,79.0,40.3,69.0,15.6,2.89,0.0,Yes,Yes,Not At Risk
ST09420,20,Male,IT,100.0,61.2,63.6,75.9,3.3,2.66,4.0,Yes,No,Not At Risk
ST08618,25,Male,IT,83.8,61.2,26.7,39.8,4.1,2.81,1.0,Yes,No,At Risk
ST11177,20,Male,Computer Science,75.4,46.4,59.4,85.9,7.1,2.59,2.0,Yes,No,Not At Risk
ST04130,25,Male,IT,78.8,44.8,56.4,53.5,11.8,3.41,2.0,Yes,No,Not At Risk
ST10399,25,Male,Computer Science,86.1,70.8,73.0,57.7,4.0,4.0,6.0,Yes,Yes,Not At Risk
ST06481,24,Female,Software Engineering,91.5,61.2,75.5,84.1,1.5,3.27,4.0,Yes,No,Not At Risk
ST10802,21,Male,Software Engineering,100.0,61.0,51.8,69.3,2.8,3.59,4.0,Yes,No,Not At Risk
ST03909,18,Male,Computer Science,86.6,48.9,74.5,47.1,5.9,2.67,0.0,Yes,Yes,Not At Risk
ST00197,25,Male,Computer Science,62.8,93.9,51.1,80.0,7.5,2.26,2.0,Yes,Yes,Not At Risk
ST06334,18,Male,IT,91.8,47.7,76.4,89.9,3.6,2.33,3.0,Yes,Yes,Not At Risk
ST05471,22,Male,IT,90.1,62.6,93.5,63.7,2.8,3.53,2.0,Yes,Yes,Not At Risk
ST06390,20,Female,IT,78.2,62.0,21.3,73.7,10.3,2.18,5.0,No,No,At Risk
ST02285,18,Female,Data Science,87.4,66.4,79.7,76.3,8.6,2.24,5.0,No,No,Not At Risk
ST11556,22,Male,IT,87.4,69.1,83.1,50.3,8.2,3.54,3.0,Yes,Yes,Not At Risk
ST11196,19,Female,IT,66.3,38.7,65.9,41.5,9.9,2.02,3.0,Yes,No,At Risk
ST08588,19,Male,Computer Science,82.2,84.7,57.1,88.1,3.7,3.32,4.0,Yes,No,Not At Risk
ST09882,23,Female,IT,81.2,71.2,70.1,60.5,6.6,2.47,2.0,Yes,No,Not At Risk
ST03259,19,Male,Data Science,75.0,41.8,71.8,87.4,8.1,2.02,3.0,Yes,No,At Risk
ST00777,19,Male,Data Science,87.8,78.8,62.0,65.0,4.2,3.24,5.0,Yes,Yes,Not At Risk
ST11767,21,female,IT,94.8,85.8,42.1,92.7,6.0,1.73,5.0,Yes,Yes,Not At Risk
ST10099,25,Male,Software Engineering,100.0,74.9,59.0,71.8,10.2,2.79,5.0,Yes,Yes,Not At Risk
ST05951,19,Female,Computer Science,72.9,55.2,49.9,79.8,10.4,2.09,2.0,Yes,No,At Risk
ST09137,25,Female,Data Science,90.1,59.9,86.9,43.6,2.0,2.19,3.0,Yes,No,Not At Risk
ST00979,22,Female,Data Science,86.5,49.3,60.4,65.9,7.3,3.34,4.0,Yes,Yes,Not At Risk
ST08360,20,Female,IT,72.0,48.9,65.0,64.7,4.7,2.47,6.0,Yes,No,Not At Risk
ST04936,22,Female,IT,76.5,81.2,64.0,61.8,8.7,1.24,6.0,Yes,No,At Risk
ST04249,21,Female,Data Science,86.3,62.9,71.2,60.5,1.4,3.32,7.0,Yes,No,Not At Risk
ST07739,21,Female,IT,91.3,60.6,45.4,50.7,1.5,2.65,7.0,Yes,Yes,Not At Risk
ST11921,19,Male,IT,77.9,78.1,63.2,71.2,3.7,4.0,7.0,Yes,Yes,At Risk
ST05633,18,Female,Computer Science,80.9,66.2,49.6,53.4,3.5,2.42,3.0,Yes,No,Not At Risk
ST02792,18,Male,Software Engineering,78.0,79.2,73.2,50.7,0.6,3.7,3.0,No,Yes,At Risk
ST01507,21,Male,Data Science,78.6,59.6,50.0,75.2,5.5,3.32,2.0,Yes,Yes,At Risk
ST04443,18,Female,Data Science,76.7,68.4,86.5,63.0,4.8,2.23,4.0,Yes,Yes,Not At Risk
ST08093,24,Female,Computer Science,73.1,78.8,60.5,65.8,3.5,3.11,5.0,No,Yes,Not At Risk
ST05605,19,Male,Computer Science,78.7,60.6,50.4,63.6,3.0,2.88,3.0,Yes,No,Not At Risk
ST05444,18,Male,IT,77.4,71.9,67.8,48.8,8.3,3.16,3.0,Yes,No,Not At Risk
ST04590,24,Male,Software Engineering,95.2,56.2,55.4,26.5,6.5,2.94,5.0,Yes,Yes,At Risk
ST11563,19,Female,Computer Science,80.2,84.1,29.3,88.4,5.7,3.58,4.0,Yes,No,Not At Risk
ST00734,20,Male,Data Science,68.8,67.5,61.1,69.6,3.8,3.02,3.0,Yes,No,At Risk
ST08390,20,Female,Software Engineering,80.1,78.3,62.8,52.5,4.4,2.06,4.0,Yes,No,Not At Risk
ST01566,19,Male,Computer Science,94.4,62.2,42.0,51.4,3.7,3.74,3.0,Yes,Yes,Not At Risk
ST08603,23,Female,IT,84.8,59.8,65.7,49.7,6.0,1.16,6.0,Yes,No,Not At Risk
ST05016,19,Male,IT,84.0,51.0,57.3,68.4,3.9,2.45,7.0,Yes,No,Not At Risk
ST10491,19,Female,Computer Science,86.7,77.0,76.6,58.9,8.9,3.49,2.0,Yes,No,Not At Risk
ST08460,20,Female,IT,82.7,85.1,80.3,58.6,2.7,3.21,5.0,Yes,Yes,Not At Risk
ST05482,23,Male,Computer Science,75.0,77.8,62.3,100.0,5.0,3.12,4.0,Yes,No,Not At Risk
ST09917,25,Female,IT,86.9,68.5,49.2,50.1,7.2,3.7,4.0,Yes,No,Not At Risk
ST08151,20,Male,Software Engineering,82.2,78.3,57.7,81.1,1.9,2.72,7.0,Yes,Yes,Not At Risk
ST08320,18,Male,IT,56.7,58.0,68.2,37.0,4.9,2.92,3.0,Yes,Yes,Not At Risk
ST04750,20,Female,Computer Science,93.6,63.1,28.3,55.2,7.8,2.69,5.0,Yes,Yes,Not At Risk
ST05379,20,Female,IT,69.6,83.1,65.0,49.9,3.7,2.14,5.0,Yes,No,Not At Risk
ST08591,19,Male,IT,73.0,65.0,70.1,54.7,5.3,3.19,2.0,Yes,Yes,Not At Risk
ST02008,25,Female,Software Engineering,82.4,93.2,76.1,68.0,9.7,3.11,3.0,Yes,No,Not At Risk
ST04224,19,Male,IT,78.6,59.2,31.8,63.5,7.3,1.23,3.0,Yes,No,Not At Risk
ST04140,18,Female,Software Engineering,92.8,70.6,47.9,62.0,5.7,3.56,6.0,Yes,No,At Risk
ST01692,18,Male,Computer Science,90.1,71.1,66.0,33.9,3.8,2.59,8.0,Yes,No,Not At Risk
ST07156,18,Female,IT,86.1,58.4,80.4,62.0,2.8,2.54,4.0,Yes,No,Not At Risk
ST06609,20,Female,Software Engineering,71.4,58.5,47.9,49.9,8.0,3.04,2.0,Yes,No,At Risk
ST08756,19,Female,Software Engineering,73.5,60.6,76.1,55.1,3.9,3.04,2.0,Yes,Yes,Not At Risk
ST11750,19,Male,Computer Science,80.9,56.5,71.0,55.0,7.3,3.37,2.0,Yes,No,Not At Risk
ST01241,22,Female,Computer Science,94.3,58.3,48.5,74.0,4.8,2.92,3.0,Yes,No,At Risk
ST05486,21,Male,Software Engineering,75.7,62.4,58.0,62.0,5.6,2.49,2.0,Yes,Yes,Not At Risk
ST06374,24,Male,IT,88.1,49.3,80.8,56.1,12.9,2.92,5.0,Yes,Yes,Not At Risk
ST04996,18,Female,Software Engineering,88.3,61.0,71.8,52.4,6.6,2.91,7.0,Yes,Yes,Not At Risk
ST08169,24,Male,Software Engineering,82.2,80.9,61.3,60.1,5.0,3.42,9.0,Yes,No,Not At Risk
ST03514,18,Male,Data Science,48.5,66.9,62.0,70.1,1.5,2.49,2.0,Yes,Yes,At Risk
ST01341,24,Male,Computer Science,79.5,62.2,50.5,60.0,10.4,2.81,3.0,Yes,Yes,Not At Risk
ST11782,24,Female,Computer Science,77.6,79.8,55.7,54.1,9.1,3.0,4.0,Yes,Yes,Not At Risk
ST03387,21,Female,Computer Science,78.6,55.5,70.5,87.6,5.7,2.23,3.0,Yes,No,Not At Risk
ST02028,24,Male,IT,84.3,27.9,95.0,50.6,6.1,2.39,5.0,Yes,Yes,Not At Risk
ST03281,20,Female,IT,90.9,66.5,94.6,79.4,5.6,2.0,2.0,Yes,Yes,Not At Risk
ST06904,23,Female,Computer Science,74.7,71.7,41.0,87.1,1.3,2.84,10.0,No,Yes,Not At Risk
ST00226,19,Male,Computer Science,85.9,69.9,84.3,74.0,2.7,2.2,7.0,Yes,No,Not At Risk
ST03951,18,Male,IT,78.5,88.9,66.0,82.6,2.7,2.45,4.0,Yes,Yes,Not At Risk
ST11809,20,Male,IT,79.6,54.1,86.9,59.6,7.0,2.01,5.0,Yes,No,Not At Risk
ST11461,25,Male,Data Science,83.1,79.2,58.7,64.6,8.7,3.43,1.0,Yes,Yes,Not At Risk
ST09277,23,Male,Computer Science,81.2,60.8,50.9,78.5,2.2,1.67,7.0,Yes,Yes,Not At Risk
ST07204,21,Female,Computer Science,84.0,52.3,78.7,84.9,5.3,2.69,6.0,Yes,No,Not At Risk
ST07823,18,Female,Data Science,75.0,74.3,70.7,64.2,9.5,2.85,2.0,Yes,No,Not At Risk
ST03685,21,Male,Software Engineering,82.2,60.5,53.7,81.1,5.9,3.59,5.0,Yes,Yes,Not At Risk
ST01189,24,Female,Data Science,68.6,87.0,69.4,48.9,5.2,2.65,7.0,Yes,No,Not At Risk
ST09107,18,Male,IT,64.2,68.0,85.4,62.9,1.6,3.19,3.0,Yes,No,Not At Risk
ST09470,20,Male,Data Science,67.2,51.3,83.3,47.2,4.8,3.51,6.0,Yes,Yes,Not At Risk
ST04646,23,Male,Computer Science,73.4,50.0,57.2,50.1,3.7,3.05,5.0,Yes,No,At Risk
ST05369,25,Male,Computer Science,100.0,65.6,56.0,62.7,8.5,3.41,1.0,Yes,No,Not At Risk
ST05840,25,Female,IT,65.6,61.1,60.6,77.9,3.4,2.95,3.0,No,Yes,At Risk
ST06309,20,Male,IT,100.0,73.6,64.7,38.7,3.6,4.0,2.0,Yes,Yes,Not At Risk
ST05788,19,Female,IT,78.4,73.7,70.5,65.8,3.1,2.38,5.0,Yes,No,Not At Risk
ST08941,21,Female,IT,68.0,47.7,79.4,71.8,7.8,1.84,4.0,Yes,No,At Risk
ST03381,22,Male,Computer Science,75.5,65.6,67.5,38.7,7.1,3.13,,Yes,Yes,Not At Risk
ST09672,21,Female,IT,99.2,91.0,58.7,33.2,5.2,2.96,3.0,Yes,No,Not At Risk
ST02195,23,Male,Software Engineering,95.4,50.2,37.2,76.4,2.5,3.7,2.0,,No,Not At Risk
ST08587,21,Male,Software Engineering,87.0,72.7,72.5,76.5,10.6,2.53,2.0,Yes,No,Not At Risk
ST00674,24,Male,Computer Science,80.0,84.8,76.4,83.0,19.5,2.98,2.0,Yes,Yes,Not At Risk
ST05322,24,Male,Data Science,78.4,74.0,57.3,75.3,8.3,3.5,0.0,Yes,Yes,Not At Risk
ST01834,24,Male,Software Engineering,100.0,92.5,58.3,61.0,3.5,2.7,7.0,Yes,Yes,Not At Risk
ST11313,25,Female,Computer Science,74.1,68.9,53.1,85.4,4.1,2.08,4.0,,No,Not At Risk
ST11422,21,Female,IT,68.6,60.4,65.6,52.7,5.5,2.66,4.0,No,No,Not At Risk
ST01906,25,Female,Software Engineering,77.1,39.3,52.3,68.2,5.2,2.03,2.0,Yes,No,Not At Risk
ST07008,22,Male,Software Engineering,85.7,94.4,49.8,63.2,3.0,2.48,6.0,Yes,No,Not At Risk
ST11519,25,Female,Software Engineering,94.2,70.5,66.1,58.0,6.1,4.0,5.0,Yes,Yes,At Risk
ST06826,25,Male,Data Science,81.3,68.2,45.4,68.9,7.3,2.99,6.0,Yes,No,Not At Risk
ST05551,23,Male,IT,100.0,72.0,70.7,57.4,12.4,3.51,3.0,Yes,Yes,At Risk
ST08634,19,Male,Computer Science,63.3,70.3,79.7,83.8,7.1,3.36,4.0,Yes,No,Not At Risk
ST07752,20,Female,Data Science,76.7,64.4,68.4,67.8,16.4,3.8,2.0,Yes,Yes,Not At Risk
ST09581,24,Female,Computer Science,85.5,66.0,44.8,57.0,5.9,3.04,5.0,Yes,No,Not At Risk
ST06299,21,Male,IT,94.3,71.7,44.1,63.7,12.4,3.52,2.0,Yes,Yes,Not At Risk
ST03386,23,Female,Data Science,89.0,65.5,100.0,61.1,4.5,2.93,7.0,Yes,No,Not At Risk
ST11272,23,Male,IT,74.5,54.2,67.1,70.0,9.5,1.82,4.0,Yes,No,Not At Risk
ST11165,20,Male,IT,99.4,92.8,47.9,43.4,4.2,2.87,6.0,Yes,No,Not At Risk
ST02065,23,Male,Computer Science,68.1,71.1,63.3,45.0,4.4,1.8,1.0,Yes,Yes,Not At Risk
ST05045,20,Female,Computer Science,69.3,70.1,70.5,71.3,7.9,2.06,4.0,Yes,No,Not At Risk
ST05422,22,Male,IT,86.2,77.7,49.6,47.0,3.1,3.27,5.0,Yes,No,Not At Risk
ST11118,23,Female,Data Science,83.0,58.1,62.3,68.2,3.6,3.28,5.0,Yes,No,Not At Risk
ST08737,24,Female,Computer Science,84.7,38.6,96.4,52.5,4.7,2.5,5.0,Yes,No,Not At Risk
ST04756,18,Female,Computer Science,100.0,53.4,68.4,84.2,7.1,2.46,3.0,Yes,Yes,Not At Risk
ST07298,24,Female,Computer Science,100.0,80.6,90.0,36.7,17.6,3.48,6.0,Yes,No,Not At Risk
ST09935,23,Male,Computer Science,81.3,62.7,79.3,,12.0,2.43,3.0,Yes,No,Not At Risk
ST10005,23,Male,Computer Science,80.8,84.8,41.1,72.1,5.8,3.39,4.0,Yes,Yes,Not At Risk
ST04805,21,Female,Data Science,64.9,76.2,63.5,50.9,6.6,3.59,4.0,Yes,No,Not At Risk
ST01236,25,Female,Data Science,93.7,71.1,69.8,40.7,12.1,2.71,7.0,Yes,No,Not At Risk
ST04372,20,Female,Computer Science,79.1,100.0,87.4,49.6,1.5,3.05,4.0,Yes,No,Not At Risk
ST10101,21,Female,IT,100.0,76.0,81.1,93.5,2.5,3.08,0.0,Yes,No,Not At Risk
ST03842,20,Male,Computer Science,94.5,71.0,48.9,79.0,11.9,2.06,4.0,Yes,No,Not At Risk
ST01151,21,Male,Computer Science,82.5,59.9,69.6,66.9,7.8,3.63,4.0,Yes,Yes,Not At Risk
ST10184,20,Male,Computer Science,73.4,68.6,47.8,68.0,4.7,3.43,3.0,Yes,Yes,Not At Risk
ST11254,25,Male,Computer Science,85.8,80.2,73.0,49.7,1.8,3.41,2.0,Yes,No,Not At Risk
ST02867,20,Male,Computer Science,78.2,46.6,83.0,50.8,5.2,2.25,1.0,Yes,Yes,At Risk
ST02184,21,Male,Computer Science,73.3,74.6,57.3,64.8,7.4,3.06,2.0,Yes,No,At Risk
ST03420,18,Female,IT,88.1,80.4,66.4,74.2,8.4,2.8,6.0,Yes,No,Not At Risk
ST05241,22,Female,IT,67.2,98.8,53.0,54.8,3.8,2.36,3.0,Yes,No,Not At Risk
ST08999,25,Female,IT,82.8,49.1,40.4,42.5,10.6,3.49,5.0,No,No,Not At Risk
ST05826,24,Male,IT,79.7,60.8,76.6,35.7,3.0,3.63,5.0,No,No,Not At Risk
ST10210,25,Female,Computer Science,45.9,81.7,61.6,67.9,8.7,2.92,1.0,Yes,Yes,At Risk
ST11460,24,Female,Data Science,76.1,70.2,52.0,29.2,2.1,2.22,5.0,Yes,No,Not At Risk
ST05827,21,Male,IT,83.3,44.5,71.1,86.5,2.3,4.0,2.0,Yes,No,Not At Risk
ST04162,18,Male,Software Engineering,71.7,80.4,53.2,78.6,3.5,4.0,4.0,Yes,No,Not At Risk
ST01014,24,Male,IT,100.0,47.2,62.0,54.6,8.8,2.37,1.0,Yes,No,Not At Risk
ST07299,25,Female,Computer Science,86.2,48.7,40.5,59.4,4.2,2.47,6.0,Yes,Yes,Not At Risk
ST11085,22,Male,Software Engineering,87.1,67.7,80.6,30.6,4.5,2.61,4.0,Yes,No,At Risk
ST03308,22,Male,Computer Science,67.1,85.4,100.0,9.9,5.1,4.0,6.0,Yes,No,Not At Risk
ST04770,18,Female,Software Engineering,83.4,73.6,83.0,68.2,2.6,2.52,2.0,Yes,Yes,Not At Risk
ST02453,18,Male,Software Engineering,91.8,52.9,63.1,47.1,4.1,3.22,5.0,Yes,Yes,Not At Risk
ST05888,21,Female,Computer Science,88.3,76.7,57.9,55.0,11.2,3.5,8.0,Yes,No,Not At Risk
ST02229,21,Female,Software Engineering,69.6,78.4,47.9,84.3,2.2,3.78,6.0,Yes,Yes,Not At Risk
ST11785,24,Female,Software Engineering,97.3,90.1,73.2,89.1,9.0,1.89,9.0,Yes,Yes,Not At Risk
ST03122,22,Male,IT,98.3,77.5,84.5,73.0,6.1,4.0,6.0,No,Yes,Not At Risk
ST11471,18,Female,Computer Science,55.6,80.2,58.4,52.0,5.3,2.63,8.0,Yes,No,At Risk
ST00533,24,Male,IT,94.4,73.7,41.8,54.5,1.6,3.82,2.0,Yes,No,Not At Risk
ST05841,18,Male,Computer Science,96.0,80.3,58.2,38.5,4.5,2.09,1.0,No,No,Not At Risk
ST07150,21,Female,IT,80.7,77.7,59.4,80.8,6.3,2.55,3.0,Yes,No,At Risk
ST02131,24,Female,Computer Science,98.1,59.0,66.7,47.0,14.5,2.54,2.0,No,No,Not At Risk
ST04551,20,Male,Computer Science,88.8,69.1,81.5,74.9,3.1,2.35,5.0,Yes,No,Not At Risk
ST08173,22,Male,IT,74.3,48.6,75.2,92.6,7.4,4.0,5.0,Yes,No,At Risk
ST09512,24,Male,Data Science,93.0,46.5,81.6,61.9,4.0,2.61,5.0,Yes,No,Not At Risk
ST02921,25,Female,Computer Science,90.1,41.0,77.3,61.6,7.7,2.87,8.0,Yes,Yes,Not At Risk
ST04935,19,Male,Software Engineering,68.3,64.4,60.6,68.7,7.5,2.11,6.0,Yes,Yes,Not At Risk
ST10591,19,Female,Data Science,93.3,73.6,45.1,69.8,9.4,4.0,8.0,No,Yes,Not At Risk
ST03286,19,Male,IT,93.8,34.8,55.7,68.1,5.1,2.51,7.0,No,No,At Risk
ST08011,19,Male,Data Science,71.6,34.3,66.2,44.9,8.3,2.15,5.0,Yes,No,At Risk
ST11302,20,Female,Computer Science,85.2,63.4,35.5,74.6,3.1,3.22,1.0,Yes,Yes,Not At Risk
ST10602,19,Female,IT,94.7,50.0,62.3,76.6,11.0,2.1,3.0,Yes,Yes,Not At Risk
ST08304,19,Male,Computer Science,65.1,74.4,65.8,88.7,12.6,3.42,3.0,No,Yes,Not At Risk
ST09122,25,Male,Software Engineering,100.0,62.3,40.0,42.8,10.6,2.83,2.0,Yes,No,Not At Risk
ST05845,24,Male,Software Engineering,97.5,67.6,60.0,80.8,2.3,3.02,5.0,,Yes,Not At Risk
ST11488,20,Male,Software Engineering,98.7,60.7,39.4,31.1,7.1,3.13,3.0,Yes,No,At Risk
ST09404,23,Female,IT,78.5,56.8,82.4,70.7,4.1,3.05,2.0,Yes,No,At Risk
ST01218,23,Male,Computer Science,87.5,55.8,76.8,30.1,10.2,2.27,4.0,Yes,No,Not At Risk
ST04469,25,Male,Software Engineering,90.1,83.0,68.0,59.2,5.7,2.89,4.0,Yes,No,Not At Risk
ST00318,23,Male,IT,98.8,34.8,68.0,71.0,5.8,2.71,8.0,Yes,Yes,Not At Risk
ST05708,20,Female,Computer Science,81.2,87.8,77.0,62.2,8.1,3.46,4.0,Yes,Yes,Not At Risk
ST02178,25,Male,Software Engineering,59.3,75.1,77.1,56.6,1.8,2.77,7.0,Yes,No,At Risk
ST00270,20,Male,Computer Science,63.0,80.3,62.5,69.2,4.1,3.19,4.0,Yes,Yes,Not At Risk
ST06117,23,Female,Computer Science,83.9,95.0,75.4,49.2,0.7,4.0,1.0,No,Yes,Not At Risk
ST10507,18,Female,Computer Science,64.0,93.6,56.5,68.2,6.4,2.23,6.0,No,No,Not At Risk
ST06731,21,Female,Software Engineering,95.6,82.2,48.9,94.4,3.3,2.67,6.0,Yes,No,Not At Risk
ST01163,24,Female,Software Engineering,95.6,66.1,58.9,45.1,3.9,2.32,7.0,Yes,No,Not At Risk
ST09657,24,Male,Computer Science,100.0,75.5,100.0,49.5,5.5,3.72,5.0,Yes,Yes,Not At Risk
ST01215,18,Male,IT,93.7,65.6,62.0,65.8,4.0,2.67,4.0,Yes,No,Not At Risk
ST08606,22,Female,Computer Science,74.6,72.6,64.8,69.5,4.1,2.46,6.0,Yes,Yes,Not At Risk
ST06223,24,Female,IT,86.3,74.7,48.6,43.7,3.4,3.1,4.0,Yes,No,Not At Risk
ST08299,19,Female,,82.9,63.1,71.0,75.0,3.2,2.48,1.0,Yes,No,Not At Risk
ST11692,24,Male,Computer Science,78.8,48.7,46.6,24.0,5.1,3.28,4.0,Yes,No,Not At Risk
ST01479,23,Male,IT,96.2,53.9,65.7,40.9,5.3,2.76,4.0,Yes,No,Not At Risk
ST06257,23,Male,Data Science,78.5,34.5,72.8,68.8,8.1,3.14,1.0,Yes,No,Not At Risk
ST08717,19,Male,IT,80.7,88.0,69.8,73.2,10.2,3.26,4.0,Yes,Yes,Not At Risk
ST11470,19,Female,Computer Science,66.7,92.2,39.5,33.3,4.1,3.73,3.0,Yes,No,At Risk
ST05253,23,Male,IT,99.9,73.4,73.2,61.9,6.3,2.73,2.0,Yes,No,Not At Risk
ST07413,23,Female,Data Science,94.6,77.6,73.3,75.0,10.8,3.23,2.0,Yes,Yes,Not At Risk
ST01586,24,Male,Computer Science,70.9,58.4,84.1,72.3,3.6,3.89,7.0,Yes,No,At Risk
ST06300,22,Male,Software Engineering,89.1,73.0,56.7,85.6,9.8,2.44,2.0,Yes,Yes,Not At Risk
ST08270,19,Female,Data Science,75.5,48.1,65.1,52.2,6.6,3.6,4.0,Yes,No,Not At Risk
ST07519,19,Female,Data Science,96.4,80.6,61.0,39.1,1.8,3.87,3.0,Yes,No,Not At Risk
ST01769,25,Female,Computer Science,82.7,73.5,90.6,40.1,9.3,2.13,2.0,Yes,No,Not At Risk
ST01340,25,Female,Data Science,92.1,64.9,100.0,100.0,10.4,3.33,2.0,Yes,No,Not At Risk
ST09721,19,Female,Software Engineering,85.4,68.1,71.0,69.0,8.4,2.55,2.0,Yes,No,Not At Risk
ST06775,18,Female,IT,79.8,65.5,50.1,59.3,4.3,3.1,5.0,Yes,No,Not At Risk
ST04290,23,Male,Data Science,78.9,46.9,76.4,75.4,5.3,3.36,3.0,Yes,No,At Risk
ST00730,19,Male,Computer Science,65.4,90.4,62.9,82.8,6.6,3.75,9.0,Yes,Yes,Not At Risk
ST11585,20,Male,IT,67.6,88.0,55.6,100.0,8.6,3.4,5.0,Yes,Yes,Not At Risk
ST06715,23,Male,Data Science,92.6,35.5,64.0,56.3,7.2,3.17,3.0,Yes,Yes,Not At Risk
ST03628,25,Male,Software Engineering,93.9,79.8,76.9,60.5,8.9,2.76,2.0,Yes,Yes,Not At Risk
ST06783,19,Female,Computer Science,100.0,68.5,58.9,46.2,9.9,2.9,7.0,No,Yes,Not At Risk
ST11795,24,Female,Software Engineering,68.3,56.7,68.3,87.7,5.3,2.45,3.0,Yes,No,Not At Risk
ST11632,24,Male,Computer Science,74.5,69.3,100.0,60.9,10.2,3.6,5.0,Yes,Yes,Not At Risk
ST04678,24,Male,Software Engineering,95.9,81.7,61.3,56.2,9.6,3.28,0.0,Yes,No,Not At Risk
ST08657,25,Female,Data Science,89.3,88.3,69.6,69.1,6.8,3.29,3.0,Yes,No,Not At Risk
ST00987,20,Male,Data Science,80.6,32.5,51.7,52.4,2.6,4.0,4.0,Yes,No,Not At Risk
ST02753,21,Female,Computer Science,86.9,92.4,69.5,58.8,6.0,2.41,4.0,Yes,Yes,Not At Risk
ST00965,25,Male,Computer Science,91.0,74.6,88.1,61.4,6.3,2.1,7.0,Yes,Yes,Not At Risk
ST09467,19,Female,IT,100.0,78.1,67.8,48.9,9.9,2.61,4.0,Yes,No,Not At Risk
ST03135,22,Female,Software Engineering,92.0,77.6,44.2,57.1,7.4,2.52,3.0,Yes,No,Not At Risk
ST06401,25,Female,Computer Science,95.2,74.7,74.7,73.6,3.8,2.6,5.0,Yes,Yes,Not At Risk
ST02149,19,Female,IT,67.4,48.8,56.0,67.7,7.2,3.35,2.0,Yes,Yes,Not At Risk
ST09688,18,Female,Software Engineering,97.0,74.7,62.7,94.1,4.6,3.15,4.0,Yes,Yes,Not At Risk
ST04920,24,Male,Computer Science,93.1,63.7,71.0,72.6,16.2,2.79,6.0,Yes,No,Not At Risk
ST08065,21,Female,Computer Science,89.1,69.7,77.5,90.3,3.3,2.51,6.0,Yes,No,Not At Risk
ST07729,20,Female,Software Engineering,72.9,86.2,68.6,92.4,8.5,1.65,6.0,Yes,Yes,Not At Risk
ST03027,19,Male,Software Engineering,54.6,60.5,100.0,69.2,3.4,3.04,1.0,Yes,Yes,At Risk
ST09399,24,Male,Software Engineering,64.8,83.7,67.5,84.3,11.6,3.57,7.0,Yes,Yes,Not At Risk
ST11860,23,Female,Computer Science,100.0,59.8,47.7,66.1,1.7,3.86,1.0,Yes,Yes,Not At Risk
ST09636,25,Male,Software Engineering,75.5,40.2,61.8,33.4,8.7,3.85,2.0,No,No,At Risk
ST04320,21,Male,Software Engineering,59.6,83.9,50.3,31.1,4.2,2.87,5.0,Yes,Yes,Not At Risk
ST11168,18,Female,Data Science,97.2,87.3,43.8,42.4,13.6,1.8,3.0,Yes,No,Not At Risk
ST02513,22,Female,IT,84.2,40.1,52.7,54.0,2.7,3.92,3.0,Yes,No,Not At Risk
ST08283,19,Female,IT,64.3,98.8,100.0,51.4,4.6,3.53,5.0,Yes,No,At Risk
ST07009,25,Male,IT,72.2,67.3,70.0,76.7,5.6,2.95,6.0,Yes,No,Not At Risk
ST06083,23,Female,Data Science,100.0,63.0,59.4,60.4,4.0,1.61,2.0,Yes,No,Not At Risk
ST11021,18,Female,IT,89.9,55.5,80.1,51.7,5.2,2.57,6.0,Yes,No,Not At Risk
ST06243,18,Female,IT,100.0,59.7,45.7,59.8,7.1,3.2,2.0,No,Yes,Not At Risk
ST02508,18,Male,Computer Science,88.8,79.1,55.5,60.2,4.8,2.49,5.0,Yes,No,Not At Risk
ST05902,23,Male,Data Science,95.1,41.5,71.0,94.6,7.2,2.11,4.0,Yes,No,Not At Risk
ST09711,19,Female,IT,76.6,67.8,79.4,39.8,8.2,3.59,4.0,Yes,Yes,At Risk
ST08213,22,Male,Software Engineering,69.0,62.9,52.8,61.3,1.4,2.65,4.0,Yes,Yes,Not At Risk
ST02413,21,Male,Software Engineering,58.8,63.9,81.7,60.5,10.1,1.84,3.0,Yes,No,Not At Risk
ST02583,24,Male,Software Engineering,68.7,76.8,49.7,58.7,1.8,2.62,6.0,Yes,No,Not At Risk
ST08823,19,Female,Software Engineering,89.5,100.0,65.4,62.9,2.8,2.99,9.0,Yes,Yes,Not At Risk
ST07989,19,Female,,72.6,100.0,66.6,40.3,2.2,3.67,3.0,Yes,Yes,Not At Risk
ST10746,23,Female,Software Engineering,70.5,66.6,68.6,44.3,3.9,2.88,2.0,Yes,Yes,Not At Risk
ST04550,25,Female,Data Science,61.4,74.9,59.5,80.0,2.0,1.89,6.0,Yes,No,Not At Risk
ST06908,23,Male,,77.8,88.6,88.3,68.3,4.9,3.09,6.0,Yes,Yes,Not At Risk
ST05480,24,Male,IT,81.1,71.9,79.0,44.5,3.3,2.76,2.0,Yes,No,At Risk
ST10020,23,Female,Computer Science,71.0,60.2,79.3,51.2,0.7,2.45,5.0,Yes,No,Not At Risk
ST07980,19,Male,Software Engineering,75.7,58.8,68.8,44.5,7.3,2.24,3.0,Yes,No,Not At Risk
ST05686,18,Male,Computer Science,85.9,72.1,72.9,87.3,4.7,2.68,2.0,Yes,No,Not At Risk
ST03870,24,Female,IT,67.6,54.9,47.9,49.7,7.6,2.66,5.0,Yes,Yes,At Risk
ST06472,25,Male,Computer Science,85.5,52.8,67.3,52.9,10.4,2.52,2.0,Yes,No,Not At Risk
ST01501,20,Male,Software Engineering,100.0,65.5,64.7,69.8,2.0,3.54,2.0,Yes,No,Not At Risk
ST08333,23,Male,IT,94.6,55.9,60.6,47.8,1.3,2.7,1.0,Yes,Yes,At Risk
ST08200,24,Male,IT,75.3,69.5,81.4,61.9,2.3,2.97,3.0,Yes,Yes,At Risk
ST10330,21,Male,Data Science,83.4,66.1,37.6,52.5,4.5,3.4,7.0,Yes,Yes,Not At Risk
ST07033,24,Female,,87.4,74.8,46.5,53.8,5.1,3.2,5.0,Yes,No,Not At Risk
ST02396,24,Female,Computer Science,72.5,34.7,96.0,53.6,8.5,2.47,1.0,No,Yes,Not At Risk
ST04667,23,Male,Computer Science,76.1,59.5,56.1,56.4,2.8,1.33,2.0,Yes,No,Not At Risk
ST11141,25,Female,Software Engineering,71.7,80.8,57.1,68.2,0.8,1.03,4.0,Yes,Yes,Not At Risk
ST04055,24,Female,Computer Science,70.5,49.3,66.6,33.0,7.8,2.87,4.0,Yes,No,At Risk
ST05173,19,Female,Computer Science,83.7,67.7,78.0,53.6,2.1,1.83,5.0,No,No,Not At Risk
ST03930,23,Male,Computer Science,74.1,83.0,46.0,73.3,5.4,2.13,7.0,Yes,No,Not At Risk
ST10274,21,Male,Data Science,74.6,63.0,72.4,53.2,6.9,2.26,2.0,Yes,No,At Risk
ST06836,25,Male,IT,94.9,39.4,40.5,67.2,7.0,4.0,9.0,Yes,No,Not At Risk
ST00631,19,Male,,77.9,85.0,67.4,62.4,4.1,3.07,6.0,Yes,Yes,Not At Risk
ST05863,25,Female,Software Engineering,97.2,52.2,71.3,64.4,10.2,3.17,3.0,Yes,No,Not At Risk
ST03827,19,Male,Computer Science,92.6,78.3,88.8,90.1,1.0,2.35,5.0,Yes,No,Not At Risk
ST05137,19,Male,Computer Science,83.6,58.4,50.8,45.9,2.2,1.8,5.0,Yes,No,Not At Risk
ST00001,25,Female,Data Science,79.3,33.5,84.5,86.7,11.2,2.06,5.0,Yes,No,Not At Risk
ST05329,23,Female,Computer Science,86.0,100.0,69.5,50.0,9.1,3.16,5.0,Yes,No,Not At Risk
ST08562,19,Female,Software Engineering,72.9,71.1,81.5,52.0,4.8,2.38,5.0,Yes,No,Not At Risk
ST00076,22,Male,Software Engineering,94.3,87.4,78.4,66.9,2.4,2.77,6.0,Yes,No,Not At Risk
ST11411,24,Female,Computer Science,80.0,83.0,74.1,56.7,2.8,3.81,4.0,Yes,No,Not At Risk
ST06519,19,Male,Software Engineering,74.8,68.9,51.8,80.4,15.3,3.09,3.0,Yes,Yes,Not At Risk
ST07188,20,Female,Data Science,62.1,51.2,60.4,66.1,3.8,2.31,4.0,Yes,Yes,Not At Risk
ST06266,20,Male,Computer Science,68.6,42.9,88.3,47.1,3.9,3.05,1.0,Yes,No,At Risk
ST02537,24,Female,Data Science,96.6,77.3,90.1,69.1,10.1,2.98,3.0,Yes,Yes,Not At Risk
ST06592,21,Female,Computer Science,70.9,82.6,79.5,48.2,4.7,2.87,3.0,Yes,Yes,Not At Risk
ST08844,20,Male,Data Science,80.4,43.7,51.5,54.0,4.8,3.13,2.0,Yes,Yes,At Risk
ST08136,23,Female,Data Science,100.0,63.5,55.0,91.7,11.7,3.38,4.0,Yes,No,Not At Risk
ST01821,21,Male,IT,81.9,63.4,81.4,86.4,3.2,2.61,3.0,Yes,Yes,Not At Risk
ST08388,18,Male,Software Engineering,85.1,72.5,66.2,91.7,8.4,1.96,7.0,Yes,No,Not At Risk
ST08326,19,Female,Data Science,74.2,55.5,100.0,59.3,4.5,2.62,2.0,Yes,No,Not At Risk
ST05251,22,Female,IT,68.8,81.5,78.6,75.7,4.6,2.88,3.0,Yes,Yes,At Risk
ST08223,24,Female,Data Science,61.5,61.3,95.0,53.0,6.5,3.75,5.0,Yes,No,At Risk
ST03268,23,Male,Computer Science,87.4,46.9,78.7,100.0,4.4,3.51,5.0,Yes,No,Not At Risk
ST11623,25,Male,Data Science,89.0,81.8,82.7,97.4,4.8,3.45,1.0,Yes,No,Not At Risk
ST09553,21,Male,Software Engineering,62.2,59.3,46.9,57.4,1.6,3.47,3.0,Yes,Yes,At Risk
ST01612,25,Male,Software Engineering,85.6,91.9,63.0,68.2,4.4,1.55,4.0,Yes,No,Not At Risk
ST11650,19,Male,Computer Science,100.0,76.2,38.7,81.7,5.3,2.9,3.0,Yes,Yes,Not At Risk
ST02549,19,Female,IT,75.6,79.2,57.6,50.2,12.4,2.89,5.0,Yes,No,Not At Risk
ST11440,18,Male,Software Engineering,81.6,74.0,38.3,78.5,4.3,3.62,5.0,Yes,Yes,Not At Risk
ST05748,25,Male,Computer Science,87.8,41.3,33.3,44.4,8.9,2.22,3.0,Yes,No,Not At Risk
ST06550,22,Female,Data Science,64.3,63.0,72.6,57.8,7.5,3.59,1.0,Yes,Yes,Not At Risk
ST10430,19,Male,Software Engineering,62.9,66.2,63.2,82.3,7.5,2.57,2.0,Yes,No,Not At Risk
ST09435,22,Male,IT,92.9,65.0,64.3,60.4,3.5,3.32,2.0,Yes,No,Not At Risk
ST10724,24,Female,IT,98.1,68.5,38.8,78.2,11.4,2.7,2.0,Yes,No,Not At Risk
ST11571,22,Male,Software Engineering,90.1,78.5,69.5,83.4,4.5,1.54,3.0,Yes,No,Not At Risk
ST00592,25,Female,Computer Science,55.9,76.5,59.7,38.9,1.8,2.51,2.0,Yes,Yes,At Risk
ST06890,18,Female,Data Science,100.0,68.9,71.9,58.7,5.9,2.06,5.0,Yes,Yes,Not At Risk
ST02293,24,Male,Computer Science,67.4,67.6,66.7,88.3,6.1,2.72,3.0,Yes,No,Not At Risk
ST11226,24,Male,Software Engineering,91.8,58.6,61.8,51.7,6.3,2.65,1.0,Yes,Yes,Not At Risk
ST08716,25,Male,Computer Science,81.7,97.6,51.9,100.0,7.6,3.25,4.0,Yes,Yes,Not At Risk
ST09051,20,Female,Computer Science,71.9,81.0,93.5,74.0,3.0,3.2,3.0,Yes,No,Not At Risk
ST02514,22,Female,Software Engineering,91.3,57.6,99.9,75.6,5.0,1.92,2.0,Yes,No,Not At Risk
ST00626,19,Female,Computer Science,70.0,79.3,65.3,57.0,3.9,2.5,5.0,Yes,Yes,Not At Risk
ST11893,19,Male,Computer Science,99.2,54.4,75.6,45.3,4.9,3.26,3.0,Yes,Yes,Not At Risk
ST08483,18,Female,IT,76.5,55.5,56.7,25.6,1.4,2.62,2.0,Yes,Yes,Not At Risk
ST09757,21,Female,Software Engineering,84.3,49.8,43.0,67.3,3.8,2.89,4.0,Yes,No,At Risk
ST05672,22,Female,Data Science,71.6,76.0,81.2,43.7,5.1,2.58,6.0,Yes,Yes,Not At Risk
ST08454,25,Female,IT,89.0,53.4,52.9,58.6,12.5,3.13,3.0,Yes,No,Not At Risk
ST03394,21,Female,Data Science,100.0,79.2,67.1,89.6,2.8,2.04,7.0,Yes,Yes,Not At Risk
ST05440,22,Female,Computer Science,75.3,54.5,50.7,77.5,4.8,2.96,4.0,No,Yes,Not At Risk
ST07764,18,Male,IT,67.7,59.6,63.6,,5.8,3.0,3.0,Yes,No,At Risk
ST11207,25,Female,Computer Science,83.9,65.1,68.1,100.0,6.4,2.43,4.0,Yes,Yes,Not At Risk
ST01015,21,Female,IT,68.4,66.5,67.1,71.3,3.8,3.17,3.0,Yes,No,At Risk
ST04885,18,Female,Software Engineering,83.4,87.3,66.9,66.4,5.0,4.0,1.0,Yes,Yes,Not At Risk
ST08809,21,Female,Software Engineering,82.6,64.8,59.0,45.6,12.2,3.46,5.0,Yes,No,Not At Risk
ST10340,23,Female,Computer Science,93.1,54.3,52.3,60.4,1.8,3.4,2.0,Yes,No,Not At Risk
ST07327,24,Male,Computer Science,100.0,81.1,65.0,94.5,7.7,3.17,5.0,Yes,No,Not At Risk
ST07889,24,Female,IT,76.6,49.1,83.5,50.4,2.1,3.48,3.0,Yes,Yes,Not At Risk
ST10706,19,Female,IT,99.3,47.2,38.8,100.0,4.8,1.12,6.0,Yes,No,At Risk
ST00781,19,Male,Data Science,70.3,55.8,56.0,52.5,5.0,4.0,4.0,Yes,Yes,At Risk
ST05691,20,Male,IT,90.5,49.7,68.0,89.5,8.9,1.95,4.0,Yes,No,Not At Risk
ST11396,19,Male,Computer Science,93.2,83.1,72.5,45.0,2.0,3.3,1.0,Yes,Yes,Not At Risk
ST04353,19,Male,Computer Science,100.0,58.5,69.9,74.2,2.6,1.8,,Yes,Yes,At Risk
ST09090,21,Female,IT,73.7,59.0,61.4,46.1,3.6,3.12,8.0,Yes,No,Not At Risk
ST04578,24,Male,Computer Science,62.3,63.7,58.7,84.6,4.8,2.22,4.0,Yes,No,Not At Risk
ST00413,22,Male,Software Engineering,61.6,50.8,58.1,54.0,2.7,2.33,4.0,Yes,Yes,At Risk
ST05261,24,Male,Computer Science,88.1,58.3,85.1,87.9,7.2,2.44,3.0,No,No,Not At Risk
ST11436,24,Male,IT,100.0,44.0,92.4,68.5,7.4,2.73,6.0,Yes,No,Not At Risk
ST05844,23,Female,IT,82.0,52.7,87.2,78.0,25.0,2.69,7.0,No,No,Not At Risk
ST10592,20,Female,Data Science,85.8,79.2,53.4,83.3,4.5,2.21,1.0,Yes,Yes,Not At Risk
ST10506,24,Male,IT,92.0,69.4,83.4,80.4,5.6,1.45,4.0,Yes,No,Not At Risk
ST00571,21,Female,Computer Science,86.5,61.4,73.7,56.2,16.9,3.25,6.0,Yes,Yes,Not At Risk
ST09779,23,Female,Computer Science,86.1,78.0,50.2,84.8,5.0,3.13,4.0,Yes,Yes,Not At Risk
ST03029,18,Male,Computer Science,87.0,42.3,75.1,79.1,5.9,2.67,3.0,Yes,Yes,Not At Risk
ST08284,19,Female,Software Engineering,80.7,73.7,69.4,71.8,6.2,2.44,1.0,Yes,No,Not At Risk
ST01058,23,Female,Software Engineering,76.2,61.7,37.3,49.9,9.9,2.87,4.0,Yes,Yes,Not At Risk
ST11841,22,Male,Computer Science,75.2,87.9,60.7,73.3,2.9,2.44,5.0,Yes,No,Not At Risk
ST07939,24,Female,IT,85.3,62.5,73.6,62.1,1.4,2.4,5.0,Yes,Yes,Not At Risk
ST04781,22,Female,Computer Science,58.6,61.0,73.1,30.4,3.2,4.0,4.0,Yes,No,At Risk
ST08029,25,Male,IT,78.3,63.0,75.3,63.4,6.3,2.9,2.0,Yes,No,Not At Risk
ST06684,19,Female,Computer Science,96.8,65.3,50.1,81.1,7.8,4.0,3.0,Yes,Yes,Not At Risk
ST11988,19,Male,Data Science,77.5,80.6,60.1,81.8,6.4,2.34,5.0,Yes,Yes,Not At Risk
ST00279,25,Male,Computer Science,67.0,86.1,65.6,46.6,5.2,2.35,3.0,Yes,Yes,Not At Risk
ST07494,22,Female,Computer Science,78.8,87.7,74.3,86.9,5.8,2.68,5.0,Yes,No,Not At Risk
ST02208,23,Male,IT,66.5,68.6,47.6,73.2,9.9,3.6,4.0,Yes,No,Not At Risk
ST07782,23,Female,Computer Science,87.0,53.4,32.7,62.1,19.5,3.02,4.0,Yes,No,At Risk
ST07503,20,Female,Data Science,98.6,62.8,73.8,93.8,7.5,2.37,3.0,Yes,Yes,Not At Risk
ST02125,25,Male,Data Science,92.5,57.5,51.7,100.0,3.6,3.13,7.0,Yes,Yes,Not At Risk
ST00103,23,Male,Computer Science,87.7,37.6,70.8,41.0,15.5,0.8,4.0,Yes,Yes,At Risk
ST05511,21,Male,Software Engineering,75.1,60.6,66.2,58.4,5.7,2.23,3.0,Yes,No,Not At Risk
ST07827,22,Female,Computer Science,81.4,57.6,52.4,100.0,5.6,2.82,3.0,,No,Not At Risk
ST08797,23,Male,Computer Science,86.2,50.0,61.4,79.2,3.3,3.16,1.0,Yes,No,Not At Risk
ST05114,24,Female,Software Engineering,71.4,98.2,63.8,70.5,14.1,2.24,2.0,Yes,Yes,Not At Risk
ST11726,18,Male,Computer Science,87.9,78.6,79.3,100.0,5.3,3.69,2.0,Yes,Yes,Not At Risk
ST00116,25,Male,Computer Science,98.6,53.5,94.4,34.7,4.5,3.36,7.0,Yes,No,Not At Risk
ST04948,23,Male,Software Engineering,77.0,60.7,51.9,37.6,4.0,2.19,4.0,Yes,No,Not At Risk
ST07142,21,Male,Computer Science,99.7,78.6,55.4,72.7,6.1,2.95,1.0,Yes,No,Not At Risk
ST02393,24,Male,Computer Science,100.0,63.6,58.7,40.4,6.1,2.39,3.0,Yes,Yes,Not At Risk
ST09573,22,Female,Data Science,87.7,54.5,61.2,81.1,11.5,4.0,0.0,Yes,No,Not At Risk
ST01172,23,Female,Software Engineering,68.2,48.8,40.8,52.9,8.5,3.69,3.0,No,Yes,Not At Risk
ST04156,24,Male,Computer Science,89.9,58.9,66.1,48.2,6.3,2.95,3.0,Yes,Yes,Not At Risk
ST09178,23,Male,Data Science,83.3,62.4,82.7,70.6,3.1,2.88,6.0,Yes,Yes,At Risk
ST07171,18,Male,Computer Science,96.2,54.6,81.0,79.6,5.4,3.74,0.0,Yes,Yes,Not At Risk
ST03901,19,Female,IT,94.7,70.7,93.4,71.2,12.9,3.6,7.0,Yes,No,Not At Risk
ST09980,24,Male,,65.2,57.6,91.8,69.6,4.0,3.04,3.0,Yes,Yes,Not At Risk
ST08201,25,Female,IT,77.7,87.5,82.0,65.2,1.2,1.94,4.0,Yes,No,Not At Risk
ST05450,21,Male,IT,71.1,36.3,75.8,90.6,6.8,2.9,4.0,Yes,No,Not At Risk
ST01875,19,Male,Computer Science,77.7,73.4,63.7,69.4,5.8,2.96,3.0,Yes,No,Not At Risk
ST11819,25,Female,IT,90.8,51.0,83.9,68.2,9.5,3.3,4.0,Yes,No,Not At Risk
ST01845,25,Male,Data Science,95.2,90.4,50.4,68.7,5.1,3.29,2.0,Yes,Yes,Not At Risk
ST03459,25,Male,Software Engineering,83.5,65.4,14.2,50.3,4.3,3.04,0.0,Yes,Yes,Not At Risk
ST03403,24,Female,Data Science,71.8,63.4,77.7,64.4,12.2,2.58,3.0,Yes,No,Not At Risk
ST07948,23,Male,Software Engineering,99.7,77.8,53.3,77.7,6.4,2.59,3.0,Yes,No,Not At Risk
ST07801,19,Male,IT,78.6,72.6,66.7,89.6,4.7,3.55,3.0,Yes,No,Not At Risk
ST01978,22,Female,IT,92.5,64.1,49.2,38.4,3.2,1.96,2.0,Yes,Yes,Not At Risk
ST04403,18,Male,Software Engineering,74.7,81.2,70.5,59.5,4.2,3.32,7.0,Yes,Yes,Not At Risk
ST04719,25,Female,Computer Science,73.0,62.9,80.1,48.9,7.1,3.84,2.0,Yes,Yes,Not At Risk
ST05564,22,Female,IT,89.3,48.9,98.2,68.1,15.2,2.57,3.0,No,Yes,Not At Risk
ST04082,22,Male,Data Science,100.0,66.7,51.1,100.0,2.4,3.04,4.0,Yes,No,Not At Risk
ST04180,20,Male,Computer Science,89.1,59.3,74.6,79.4,7.6,2.39,4.0,Yes,No,Not At Risk
ST04507,20,Female,Software Engineering,85.5,92.5,69.3,48.9,15.6,2.56,6.0,Yes,Yes,Not At Risk
ST11982,22,Male,Computer Science,79.9,61.8,45.7,52.7,6.9,2.34,6.0,Yes,Yes,Not At Risk
ST11248,21,Female,Computer Science,69.6,100.0,43.9,63.7,3.8,2.51,4.0,Yes,Yes,Not At Risk
ST10011,18,Female,Computer Science,96.3,90.0,52.1,56.5,10.7,2.44,3.0,Yes,No,Not At Risk
ST01916,19,Female,IT,63.2,74.4,30.6,90.0,4.9,2.74,,Yes,No,Not At Risk
ST01846,19,Male,Data Science,60.6,68.0,89.7,90.9,14.3,2.75,3.0,Yes,No,Not At Risk
ST06541,25,Female,Computer Science,95.5,96.1,85.8,63.4,4.3,2.63,4.0,Yes,No,Not At Risk
ST08943,19,Male,Computer Science,77.1,76.3,68.4,51.8,2.1,3.14,6.0,Yes,Yes,At Risk
ST00411,21,Male,IT,88.9,61.8,45.5,62.1,5.8,1.59,3.0,Yes,Yes,Not At Risk
ST09555,24,Female,Software Engineering,59.7,50.1,80.3,84.4,9.8,3.08,3.0,Yes,No,Not At Risk
ST03297,23,Female,Computer Science,91.7,47.5,96.8,59.9,2.7,2.9,2.0,Yes,No,At Risk
ST05868,25,Female,Computer Science,84.6,73.7,76.6,95.0,5.3,2.15,6.0,Yes,Yes,Not At Risk
ST05029,24,Male,IT,69.5,59.3,62.4,69.9,8.8,1.74,3.0,Yes,No,Not At Risk
ST04627,25,Female,Computer Science,78.6,61.5,79.3,84.8,7.2,2.97,10.0,Yes,No,Not At Risk
ST06768,24,Male,Computer Science,81.3,76.5,59.8,72.1,1.4,2.97,3.0,Yes,Yes,At Risk
ST11066,20,Male,Data Science,72.5,65.6,58.8,73.0,8.8,3.76,8.0,No,Yes,Not At Risk
ST01461,21,Male,Software Engineering,67.0,77.0,71.4,45.2,7.3,3.14,6.0,Yes,Yes,Not At Risk
ST05476,19,Female,IT,89.6,87.0,63.1,56.5,15.7,2.66,5.0,Yes,No,At Risk
ST10923,21,Female,Computer Science,97.2,100.0,91.4,33.5,10.0,2.84,2.0,Yes,No,Not At Risk
ST11945,24,Female,Software Engineering,56.0,46.1,59.8,59.9,3.6,2.05,3.0,Yes,No,At Risk
ST05994,19,Female,Computer Science,84.7,59.4,81.0,67.9,4.2,3.15,2.0,No,Yes,At Risk
ST03429,19,Female,Computer Science,85.8,59.5,53.7,57.4,7.8,2.15,5.0,Yes,Yes,Not At Risk
ST05834,25,Female,Computer Science,97.7,78.0,41.9,26.1,7.4,3.98,3.0,Yes,Yes,Not At Risk
ST10136,23,Female,IT,77.7,72.2,33.1,71.6,8.1,2.96,2.0,Yes,No,Not At Risk
ST04826,19,Female,,47.9,73.1,38.6,53.9,3.9,1.88,4.0,Yes,No,Not At Risk
ST08441,23,Female,IT,67.2,73.1,69.2,67.5,6.6,2.29,5.0,Yes,No,Not At Risk
ST09322,25,Female,IT,63.1,74.7,57.0,46.5,8.0,3.06,7.0,Yes,No,Not At Risk
ST03947,22,Female,Data Science,93.5,67.1,48.9,73.9,2.8,3.23,3.0,Yes,Yes,Not At Risk
ST06701,21,Female,Software Engineering,50.6,55.5,55.1,59.6,10.0,2.72,3.0,Yes,Yes,At Risk
ST02896,23,Male,Software Engineering,82.2,54.6,60.2,55.3,5.8,2.35,6.0,Yes,Yes,Not At Risk
ST06096,20,Female,Software Engineering,73.0,84.4,80.7,67.1,1.0,2.46,1.0,Yes,No,Not At Risk
ST10792,24,Female,Computer Science,100.0,61.5,84.9,52.0,9.5,3.24,5.0,Yes,Yes,Not At Risk
ST04351,18,Male,Computer Science,60.7,65.6,84.3,50.7,2.4,2.52,1.0,Yes,Yes,At Risk
ST01949,24,Female,IT,74.9,32.5,77.2,57.4,8.0,2.22,7.0,Yes,No,At Risk
ST11806,22,Female,Computer Science,78.5,79.9,48.0,,3.2,3.81,4.0,,No,Not At Risk
ST08385,22,Female,Software Engineering,69.1,63.6,83.4,72.4,5.3,2.49,7.0,Yes,No,Not At Risk
ST02571,23,Female,IT,74.3,86.0,57.4,28.6,3.9,2.41,9.0,Yes,No,Not At Risk
ST04816,24,Female,IT,77.1,63.7,49.2,67.8,4.8,2.53,2.0,Yes,Yes,Not At Risk
ST01722,24,Male,IT,57.8,67.1,39.9,80.3,3.5,2.59,6.0,Yes,No,Not At Risk
ST08318,18,Male,Data Science,93.0,62.7,63.8,46.3,8.1,1.74,2.0,Yes,No,Not At Risk
ST03228,23,Male,Computer Science,82.2,73.6,77.0,,5.5,2.89,2.0,Yes,No,Not At Risk
ST09361,22,Male,Computer Science,66.3,67.5,55.2,35.9,3.9,2.8,2.0,Yes,Yes,At Risk
ST08967,18,Male,IT,75.5,65.7,61.1,51.4,6.7,3.59,1.0,Yes,No,Not At Risk
ST03923,24,Male,Software Engineering,81.6,71.5,99.4,73.8,3.8,3.42,3.0,Yes,No,Not At Risk
ST06185,22,Female,Computer Science,83.6,95.2,100.0,51.9,13.1,3.05,2.0,Yes,No,Not At Risk
ST11736,25,Male,Software Engineering,80.9,80.1,50.0,64.5,11.6,2.92,7.0,No,No,Not At Risk
ST08565,25,Female,Computer Science,75.6,48.1,53.5,64.3,10.1,3.35,2.0,Yes,Yes,At Risk
ST05349,21,Female,Computer Science,81.0,68.6,58.5,80.5,6.0,2.6,3.0,Yes,Yes,Not At Risk
ST01321,22,Female,IT,71.4,59.4,62.8,60.2,4.5,3.41,2.0,Yes,Yes,Not At Risk
ST11018,20,Male,IT,58.1,61.9,52.2,65.0,7.4,2.97,4.0,Yes,Yes,Not At Risk
ST06255,21,Male,Computer Science,75.1,56.0,64.0,87.0,2.2,2.02,1.0,Yes,Yes,Not At Risk
ST09258,25,Female,Software Engineering,96.3,58.6,92.1,100.0,7.3,3.2,2.0,Yes,No,Not At Risk
ST00699,23,Female,Software Engineering,58.3,81.3,41.2,56.8,1.9,3.16,6.0,Yes,No,Not At Risk
ST02494,20,Male,Computer Science,68.3,71.2,38.4,83.2,10.4,2.54,4.0,Yes,No,At Risk
ST07167,18,Female,Data Science,90.7,67.6,87.9,83.7,4.2,3.48,1.0,Yes,No,Not At Risk
ST00665,18,female,IT,100.0,57.1,81.1,76.3,3.6,2.47,6.0,Yes,No,Not At Risk
ST02211,18,Male,Computer Science,100.0,79.9,40.1,74.3,1.4,2.49,4.0,Yes,Yes,Not At Risk
ST08543,19,Female,Data Science,78.5,46.0,77.6,83.8,6.6,2.46,6.0,Yes,Yes,Not At Risk
ST04118,20,Male,Computer Science,93.2,70.3,75.7,63.4,3.2,3.08,4.0,Yes,No,Not At Risk
ST02660,25,Male,IT,80.7,68.4,73.9,79.7,1.9,2.87,6.0,Yes,Yes,At Risk
ST03039,25,Male,Computer Science,78.3,55.5,90.9,74.8,5.6,4.0,6.0,Yes,No,Not At Risk
ST09198,18,Female,Computer Science,81.5,68.6,73.6,57.2,10.9,2.73,6.0,No,Yes,Not At Risk
ST00003,23,Female,Data Science,95.6,63.6,61.3,55.8,6.3,3.8,7.0,Yes,Yes,Not At Risk
ST10073,19,Male,IT,81.4,83.0,80.0,62.6,10.7,2.66,5.0,Yes,Yes,Not At Risk
ST06045,25,Female,IT,87.4,94.2,96.4,65.0,1.6,2.88,,Yes,No,Not At Risk
ST06762,18,Female,IT,80.0,83.3,61.0,73.1,3.1,1.69,3.0,Yes,No,Not At Risk
ST09100,19,Female,Software Engineering,84.8,56.3,32.7,43.5,1.9,2.79,4.0,Yes,No,Not At Risk
ST03555,20,Female,Software Engineering,76.4,65.8,60.1,81.8,7.6,2.9,1.0,Yes,No,Not At Risk
ST08506,24,Female,Computer Science,70.3,68.4,78.8,63.1,1.7,3.59,3.0,Yes,Yes,Not At Risk
ST05705,23,Female,Software Engineering,70.2,72.1,73.4,48.0,7.2,2.82,4.0,Yes,No,Not At Risk
ST00200,18,Female,IT,83.5,78.2,72.5,58.3,1.0,4.0,8.0,Yes,Yes,Not At Risk
ST04496,18,Female,IT,88.3,71.2,57.2,77.1,6.3,3.12,3.0,Yes,No,Not At Risk
ST04279,23,Male,Data Science,78.9,77.8,93.5,33.0,5.9,2.96,7.0,Yes,Yes,Not At Risk
ST01113,19,Male,Computer Science,75.2,55.0,54.6,75.7,7.0,2.86,8.0,Yes,Yes,Not At Risk
ST03283,19,Male,IT,79.2,50.8,68.6,63.5,3.5,2.09,8.0,Yes,No,Not At Risk
ST11756,21,Female,IT,87.6,65.5,81.4,56.2,3.8,3.91,5.0,Yes,Yes,Not At Risk
ST08163,23,Female,Software Engineering,91.6,86.2,71.1,56.4,1.6,2.31,2.0,Yes,Yes,Not At Risk
ST06286,20,Male,Data Science,97.7,100.0,82.0,81.8,0.8,2.79,2.0,Yes,No,Not At Risk
ST07574,19,Male,IT,92.0,65.0,81.9,64.2,10.7,2.84,6.0,Yes,No,Not At Risk
ST11711,19,Female,Software Engineering,92.9,51.3,97.9,72.7,13.5,2.98,5.0,Yes,Yes,Not At Risk
ST05754,21,Male,Computer Science,78.5,80.7,77.0,71.9,2.8,3.04,5.0,Yes,No,Not At Risk
ST04123,25,Male,Computer Science,95.6,84.8,71.5,67.5,6.2,3.51,6.0,Yes,Yes,Not At Risk
ST10721,23,Female,Computer Science,69.6,80.4,79.3,51.1,8.9,2.52,5.0,Yes,Yes,Not At Risk
ST10606,22,Male,IT,62.0,64.2,80.8,78.1,3.5,2.34,3.0,Yes,Yes,Not At Risk
ST00099,22,Male,Computer Science,87.3,64.4,44.8,35.1,12.8,3.07,3.0,Yes,No,Not At Risk
ST09982,19,Male,,83.6,56.5,82.3,59.8,1.9,3.22,5.0,Yes,No,At Risk
ST02239,24,Male,IT,100.0,41.0,36.7,44.1,3.2,3.47,0.0,Yes,No,Not At Risk
ST02784,22,Male,Data Science,79.0,81.7,79.4,62.2,9.6,3.83,2.0,Yes,Yes,Not At Risk
ST06167,25,Male,IT,97.4,100.0,66.2,73.6,3.0,3.25,2.0,Yes,Yes,Not At Risk
ST02458,20,Male,Computer Science,90.1,61.0,74.9,50.1,5.3,2.88,5.0,Yes,Yes,Not At Risk
ST02429,22,Male,IT,70.1,66.9,79.0,53.9,12.4,3.76,8.0,Yes,No,Not At Risk
ST02416,22,Male,Computer Science,89.1,45.2,63.2,76.7,3.6,2.97,4.0,Yes,Yes,Not At Risk
ST09984,22,Male,Data Science,74.0,72.9,46.9,55.6,2.8,3.0,3.0,Yes,No,Not At Risk
ST00346,23,Female,Computer Science,81.9,68.6,72.1,54.0,10.0,2.19,7.0,Yes,Yes,At Risk
ST10484,25,Male,Data Science,84.3,57.7,88.6,74.3,3.6,1.86,7.0,Yes,No,At Risk
ST10120,25,Female,IT,88.5,36.9,76.4,35.3,3.0,3.58,,Yes,No,Not At Risk
ST11884,21,Male,IT,79.5,96.5,43.8,77.3,6.1,3.38,3.0,Yes,No,Not At Risk
ST05574,23,Female,Software Engineering,68.9,56.3,28.0,60.3,12.0,3.0,2.0,Yes,Yes,Not At Risk
ST00393,19,Male,Software Engineering,80.7,86.0,48.4,66.9,5.9,2.85,2.0,Yes,Yes,Not At Risk
ST10773,18,Female,Data Science,74.6,83.5,48.2,45.7,8.5,2.21,2.0,Yes,No,Not At Risk
ST04660,23,Male,Computer Science,100.0,67.8,64.2,71.5,1.9,3.91,2.0,Yes,No,Not At Risk
ST10130,18,Male,IT,69.3,83.4,72.3,64.0,2.6,2.64,3.0,Yes,Yes,Not At Risk
ST07147,23,Male,Data Science,64.0,58.1,75.3,67.9,4.0,3.99,2.0,Yes,Yes,Not At Risk
ST00195,25,Female,Software Engineering,68.5,89.8,85.5,45.3,6.4,2.78,1.0,Yes,No,Not At Risk
ST08429,21,Male,IT,89.6,81.8,33.7,36.2,8.4,0.99,2.0,Yes,No,Not At Risk
ST00744,21,Male,Software Engineering,82.4,68.4,51.7,100.0,7.2,2.52,5.0,Yes,No,Not At Risk
ST11535,22,Female,Software Engineering,81.4,61.8,77.6,66.4,5.4,3.81,3.0,Yes,Yes,Not At Risk
ST01910,22,Female,Computer Science,95.4,41.3,74.6,39.8,3.5,3.14,5.0,Yes,No,Not At Risk
ST07005,22,Male,Computer Science,80.4,55.6,81.1,57.3,3.3,3.95,,Yes,No,At Risk
ST10326,24,Male,Data Science,95.3,62.9,70.2,58.7,2.8,3.56,3.0,No,No,Not At Risk
ST09562,23,Male,Computer Science,91.1,99.5,59.1,49.8,4.4,3.29,6.0,Yes,No,Not At Risk
ST03562,24,Male,Computer Science,94.7,84.7,63.0,30.8,2.0,3.51,1.0,Yes,Yes,Not At Risk
ST00358,21,Male,Computer Science,79.0,73.8,63.2,92.7,4.5,3.74,7.0,Yes,No,Not At Risk
ST04086,18,Female,Computer Science,94.2,100.0,46.6,50.8,2.4,2.22,2.0,Yes,No,Not At Risk
ST08559,19,Male,Software Engineering,80.0,74.2,72.6,81.5,7.0,2.55,1.0,Yes,Yes,Not At Risk
ST00445,22,Female,Computer Science,64.1,58.0,73.6,86.1,4.1,2.85,2.0,Yes,Yes,At Risk
ST01826,22,Female,Computer Science,92.1,60.1,53.8,62.5,9.0,2.47,4.0,Yes,Yes,Not At Risk
ST06817,19,Female,Software Engineering,83.7,79.5,56.8,72.9,7.2,2.56,5.0,Yes,No,Not At Risk
ST02213,19,Male,IT,59.1,65.4,85.9,62.8,5.7,3.04,6.0,Yes,No,Not At Risk
ST02630,25,Male,Computer Science,81.1,68.3,53.8,71.1,1.0,3.35,2.0,Yes,Yes,Not At Risk
ST01227,20,Female,Software Engineering,84.0,69.2,46.0,53.4,1.1,3.27,4.0,Yes,No,Not At Risk
ST02001,19,Male,Software Engineering,89.7,74.4,86.4,18.2,5.1,3.97,1.0,Yes,No,Not At Risk
ST07079,21,Male,IT,74.7,46.9,80.2,44.9,9.9,2.23,4.0,Yes,No,Not At Risk
ST06637,22,Male,Data Science,97.6,55.9,46.6,37.7,2.3,2.69,1.0,Yes,No,Not At Risk
ST00468,25,Male,Computer Science,72.8,48.2,48.7,71.6,11.4,2.74,7.0,Yes,Yes,At Risk
ST08099,22,Male,IT,81.3,84.8,83.7,31.3,5.8,2.12,3.0,Yes,Yes,Not At Risk
ST01005,23,Female,Data Science,68.8,85.8,74.2,58.7,8.7,3.29,2.0,Yes,No,Not At Risk
ST01168,20,Female,Computer Science,71.9,54.0,96.0,89.1,2.1,3.09,7.0,Yes,No,Not At Risk
ST11781,24,Male,Data Science,100.0,57.8,71.6,81.9,12.6,1.59,4.0,No,Yes,Not At Risk
ST00590,18,Male,Computer Science,67.9,54.3,78.8,56.0,5.0,3.38,8.0,Yes,No,Not At Risk
ST11353,23,Female,IT,89.7,80.9,65.6,69.6,9.4,3.74,7.0,Yes,No,Not At Risk
ST01376,25,Male,Data Science,100.0,60.2,60.7,77.5,5.9,2.37,3.0,Yes,No,Not At Risk
ST06347,22,Male,Data Science,70.1,56.2,86.9,74.2,3.0,3.08,2.0,Yes,Yes,Not At Risk
ST06157,18,Female,Software Engineering,77.0,45.2,64.3,80.2,5.8,2.6,3.0,Yes,No,Not At Risk
ST02204,22,Male,IT,82.4,29.5,70.7,72.6,7.3,2.97,2.0,Yes,No,At Risk
ST04913,20,Male,IT,100.0,70.0,85.3,83.8,4.6,3.26,1.0,Yes,Yes,Not At Risk
ST07907,18,Female,Data Science,92.6,61.5,81.4,78.0,10.3,3.34,4.0,Yes,No,Not At Risk
ST02385,21,Female,Computer Science,77.9,51.1,61.3,66.1,3.4,2.71,4.0,Yes,Yes,Not At Risk
ST04630,22,Female,Software Engineering,73.4,66.6,87.8,55.0,8.5,2.35,6.0,,Yes,Not At Risk
ST07025,22,Female,Software Engineering,96.3,81.2,75.6,82.5,13.5,2.29,3.0,Yes,No,Not At Risk
ST07960,19,Female,Computer Science,85.0,65.4,67.5,60.3,7.0,3.61,4.0,Yes,No,At Risk
ST11981,22,Female,Software Engineering,70.9,42.8,55.2,92.4,4.0,3.67,2.0,Yes,No,Not At Risk
ST01324,24,Female,IT,52.1,57.0,61.4,65.3,6.2,3.72,2.0,Yes,Yes,At Risk
ST11369,22,Female,IT,73.4,86.5,64.7,70.2,7.5,3.81,5.0,Yes,No,Not At Risk
ST10858,18,Female,Data Science,71.0,63.1,73.5,41.8,10.0,2.24,4.0,Yes,Yes,Not At Risk
ST10839,24,Female,Computer Science,65.0,70.8,76.1,61.6,2.2,1.96,9.0,Yes,No,At Risk
ST08122,23,Male,IT,68.8,97.5,71.0,55.7,1.3,3.27,1.0,Yes,No,Not At Risk
ST08830,19,Female,Computer Science,74.7,85.6,66.7,42.2,5.7,1.76,4.0,Yes,Yes,At Risk
ST04958,25,Female,Software Engineering,71.6,50.0,65.7,29.6,3.8,2.43,3.0,Yes,No,At Risk
ST01940,18,Male,Software Engineering,68.2,79.7,100.0,71.2,10.7,3.8,2.0,Yes,No,Not At Risk
ST07232,18,Female,,65.0,54.3,60.7,37.4,5.6,2.96,4.0,Yes,No,At Risk
ST07456,18,Male,Computer Science,98.6,65.2,65.9,53.8,7.2,2.22,2.0,,No,At Risk
ST02579,20,Male,Software Engineering,83.9,63.4,50.9,73.8,4.8,2.8,3.0,Yes,Yes,Not At Risk
ST03765,24,Female,IT,93.9,67.0,54.7,83.7,2.1,1.39,5.0,Yes,No,Not At Risk
ST01233,23,Female,Computer Science,98.8,78.2,80.0,70.9,3.6,3.3,6.0,Yes,No,Not At Risk
ST05548,24,Male,Data Science,84.4,52.2,62.6,85.6,4.4,4.0,4.0,Yes,Yes,Not At Risk
ST10913,18,Female,Software Engineering,69.5,64.6,51.2,63.0,9.3,2.96,2.0,No,No,At Risk
ST03616,21,Female,Data Science,81.7,73.7,66.1,61.7,7.0,2.49,3.0,Yes,Yes,Not At Risk
ST01448,19,Female,Computer Science,82.7,56.2,58.1,55.5,7.4,3.0,2.0,Yes,Yes,Not At Risk
ST07548,21,Male,IT,97.0,65.7,53.0,44.8,2.2,4.0,4.0,Yes,Yes,Not At Risk
ST09054,20,Female,Computer Science,93.9,72.6,70.0,43.4,5.6,2.14,8.0,Yes,No,At Risk
ST06431,20,Male,Computer Science,82.9,58.9,88.5,42.5,6.4,2.67,1.0,Yes,No,Not At Risk
ST08632,21,Male,Software Engineering,99.5,72.6,53.3,88.1,5.9,1.91,5.0,Yes,Yes,Not At Risk
ST09139,23,Female,Computer Science,81.9,75.5,42.5,63.7,7.9,3.4,8.0,Yes,No,Not At Risk
ST08437,18,Female,Software Engineering,76.7,49.8,53.1,84.2,2.0,4.0,2.0,Yes,No,Not At Risk
ST02172,25,Female,IT,77.3,83.2,74.0,69.4,4.0,3.01,3.0,Yes,No,Not At Risk
ST08653,21,Female,Computer Science,77.4,92.9,71.9,50.4,12.1,2.56,3.0,Yes,Yes,Not At Risk
ST09040,24,Female,IT,73.0,74.7,73.4,39.2,6.6,3.33,3.0,Yes,Yes,Not At Risk
ST08869,25,Male,Software Engineering,73.6,74.7,67.1,32.8,2.6,2.94,12.0,No,No,Not At Risk
ST02515,22,Male,Computer Science,76.7,69.9,74.7,73.9,5.9,1.79,3.0,Yes,Yes,At Risk
ST09894,21,Male,Data Science,80.6,80.9,72.7,60.1,4.7,3.56,7.0,Yes,No,Not At Risk
ST05368,23,Female,Computer Science,67.2,90.1,64.4,71.3,9.3,2.57,4.0,,No,Not At Risk
ST01452,24,Female,Computer Science,100.0,36.8,39.1,72.1,2.7,2.72,6.0,Yes,Yes,Not At Risk
ST00735,25,Male,Computer Science,96.0,55.5,90.5,65.4,4.9,3.07,3.0,Yes,Yes,Not At Risk
ST07930,24,Female,Computer Science,100.0,64.7,77.9,51.4,9.2,3.16,3.0,Yes,Yes,Not At Risk
ST10777,22,Female,Computer Science,99.9,73.8,56.9,65.5,4.1,4.0,1.0,Yes,No,Not At Risk
ST00926,18,Female,Software Engineering,96.4,53.2,53.8,52.1,7.9,2.18,4.0,Yes,No,Not At Risk
ST06951,21,Male,Software Engineering,71.1,86.5,73.3,90.3,7.3,2.2,4.0,Yes,No,Not At Risk
ST02466,23,Female,Software Engineering,83.9,49.8,94.7,69.6,4.4,2.2,3.0,Yes,No,Not At Risk
ST07976,23,Female,Data Science,80.5,73.2,35.2,63.4,2.8,3.14,4.0,Yes,No,Not At Risk
ST06510,21,Female,Computer Science,81.1,74.8,49.6,60.0,6.7,3.78,5.0,Yes,No,Not At Risk
ST06127,20,Female,Computer Science,97.3,57.2,76.1,90.6,7.5,3.25,4.0,Yes,No,Not At Risk
ST03990,19,Female,IT,49.8,83.3,65.8,56.0,8.4,3.35,6.0,Yes,Yes,Not At Risk
ST05552,20,Male,IT,92.6,81.6,48.1,73.7,2.8,3.0,6.0,Yes,Yes,Not At Risk
ST08236,22,Male,IT,70.7,62.7,97.3,52.4,3.3,2.48,5.0,Yes,Yes,Not At Risk
ST02802,25,Male,IT,98.0,85.5,87.4,75.1,1.9,2.99,5.0,Yes,Yes,Not At Risk
ST08847,25,Female,IT,100.0,42.0,70.4,,6.1,2.27,2.0,Yes,No,At Risk
ST02548,23,Female,Software Engineering,83.9,81.7,48.1,75.6,3.8,3.36,5.0,Yes,No,Not At Risk
ST02821,18,Male,Computer Science,84.0,64.5,52.4,63.3,2.3,2.77,2.0,Yes,No,Not At Risk
ST08920,21,Female,Software Engineering,55.2,60.6,43.2,70.7,5.9,2.44,4.0,Yes,Yes,Not At Risk
ST05182,23,Male,IT,78.2,66.3,47.6,80.9,4.6,3.17,5.0,Yes,Yes,Not At Risk
ST03650,18,Female,IT,64.0,73.0,93.2,62.1,7.8,3.27,3.0,Yes,Yes,Not At Risk
ST07049,19,Female,Computer Science,80.6,56.9,64.1,81.1,8.1,3.27,7.0,Yes,Yes,Not At Risk
ST01259,25,Female,Software Engineering,73.6,74.1,65.5,69.3,4.3,3.16,3.0,Yes,No,Not At Risk
ST02288,23,Female,Data Science,73.0,61.1,79.0,54.2,2.3,3.46,1.0,Yes,Yes,Not At Risk
ST01893,22,Female,IT,80.3,65.6,81.4,82.1,1.4,3.65,5.0,Yes,Yes,Not At Risk
ST04419,23,Female,Data Science,91.1,35.7,68.8,75.9,7.7,3.28,3.0,Yes,Yes,Not At Risk
ST06913,22,Male,IT,72.3,73.9,68.0,63.2,10.1,3.9,5.0,Yes,No,Not At Risk
ST00106,20,Male,IT,90.6,71.2,77.9,80.9,4.2,2.94,2.0,Yes,No,Not At Risk
ST01597,21,Female,Software Engineering,97.4,83.8,76.5,78.6,5.8,3.39,1.0,Yes,Yes,Not At Risk
ST02575,23,Female,Computer Science,81.3,53.1,72.1,31.9,3.8,2.8,2.0,Yes,Yes,At Risk
ST00029,20,Female,Data Science,69.6,62.7,65.4,72.0,2.7,3.29,0.0,Yes,Yes,Not At Risk
ST10563,24,Male,Computer Science,80.5,79.0,63.2,83.7,6.0,3.9,1.0,Yes,No,Not At Risk
ST05720,18,Male,Data Science,80.3,89.6,67.6,36.9,2.5,4.0,3.0,Yes,Yes,At Risk
ST05992,25,Female,Software Engineering,88.1,53.0,75.1,25.0,7.6,4.0,4.0,Yes,No,Not At Risk
ST01883,21,Male,IT,91.5,71.7,74.6,97.3,5.0,2.59,1.0,Yes,No,Not At Risk
ST09777,24,Male,Data Science,74.7,76.6,71.3,57.2,7.5,2.01,2.0,Yes,Yes,At Risk
ST05594,25,Female,Computer Science,87.0,88.3,63.1,61.7,6.1,2.53,3.0,Yes,No,Not At Risk
ST10451,24,Female,IT,91.4,44.3,62.8,39.5,6.5,1.98,5.0,Yes,Yes,Not At Risk
ST05141,23,Male,IT,70.7,61.5,81.1,53.5,3.4,3.51,4.0,Yes,Yes,Not At Risk
ST10901,25,Male,Software Engineering,79.6,50.5,83.5,83.7,4.2,4.0,0.0,No,Yes,Not At Risk
ST06793,25,Female,Software Engineering,84.1,55.0,83.1,59.3,9.3,3.26,2.0,Yes,Yes,Not At Risk
ST08379,23,Male,IT,95.9,98.5,63.0,68.9,0.8,2.96,2.0,Yes,No,Not At Risk
ST06483,23,Male,Computer Science,78.5,80.7,49.8,72.3,9.1,2.57,6.0,Yes,Yes,Not At Risk
ST11045,21,Male,Data Science,95.9,82.9,55.9,72.8,7.4,2.53,4.0,Yes,No,Not At Risk
ST03413,19,Male,Computer Science,62.7,76.4,74.6,87.8,3.0,2.2,5.0,Yes,Yes,Not At Risk
ST11265,18,Female,Software Engineering,78.0,43.8,73.2,28.9,2.2,3.65,6.0,Yes,Yes,Not At Risk
ST07017,21,Female,IT,48.4,74.7,49.6,52.9,2.3,2.32,3.0,Yes,No,Not At Risk
ST00409,18,Female,Computer Science,85.0,71.3,86.6,77.7,10.1,1.91,5.0,Yes,No,Not At Risk
ST00074,20,Female,Software Engineering,99.2,73.9,98.9,27.5,7.0,1.83,1.0,Yes,Yes,Not At Risk
ST02324,24,Female,Software Engineering,71.8,45.6,68.8,41.6,6.9,3.19,3.0,No,No,Not At Risk
ST03886,21,Female,Computer Science,84.0,68.2,92.0,52.1,4.1,3.05,2.0,Yes,No,Not At Risk
ST02950,21,Female,Data Science,88.0,76.3,61.4,64.3,5.1,3.51,6.0,Yes,Yes,Not At Risk
ST10546,21,Female,Software Engineering,62.3,100.0,51.1,50.4,5.3,3.65,3.0,Yes,No,Not At Risk
ST04127,21,Male,Computer Science,91.4,70.5,47.2,73.0,4.1,2.44,3.0,Yes,Yes,Not At Risk
ST01072,22,Male,IT,82.7,53.3,61.8,70.9,2.3,4.0,6.0,Yes,Yes,Not At Risk
ST11416,25,Male,Computer Science,78.9,34.7,71.0,32.9,5.0,1.85,2.0,Yes,No,At Risk
ST11900,24,Male,IT,80.9,61.5,68.0,59.1,1.9,2.29,5.0,Yes,Yes,Not At Risk
ST03531,21,Female,Software Engineering,79.0,72.4,53.0,81.1,4.4,3.76,4.0,Yes,Yes,Not At Risk
ST02742,20,Female,Data Science,84.5,59.5,83.2,72.8,7.0,2.49,5.0,Yes,No,Not At Risk
ST07191,20,Male,IT,85.0,52.4,69.6,64.4,3.2,3.15,8.0,Yes,Yes,Not At Risk
ST03508,22,Female,IT,80.5,58.2,55.9,69.0,3.0,1.98,5.0,Yes,No,Not At Risk
ST07371,22,Male,Data Science,73.5,72.4,72.4,75.4,4.4,2.46,7.0,Yes,Yes,At Risk
ST07880,19,M,Computer Science,96.9,68.6,61.7,52.6,14.4,3.32,4.0,Yes,Yes,Not At Risk
ST02067,18,Male,IT,92.2,65.7,76.6,87.0,2.4,2.98,1.0,Yes,Yes,Not At Risk
ST07324,23,Male,Software Engineering,88.5,76.1,54.0,62.8,6.5,3.29,5.0,No,No,Not At Risk
ST04782,22,Female,IT,63.9,77.8,61.0,86.8,1.8,3.54,5.0,Yes,Yes,Not At Risk
ST04649,22,Female,IT,88.0,62.0,64.5,89.6,7.0,2.52,2.0,Yes,No,Not At Risk
ST03244,25,Male,Data Science,80.9,83.9,57.5,80.1,4.6,3.19,7.0,Yes,No,Not At Risk
ST00596,22,Male,Software Engineering,85.7,63.5,73.2,14.7,1.9,1.92,2.0,Yes,No,Not At Risk
ST01434,20,Female,Software Engineering,70.8,59.8,76.6,30.2,2.6,3.2,3.0,Yes,Yes,At Risk
ST08578,18,Male,Data Science,76.1,64.3,83.9,79.0,3.4,2.72,4.0,Yes,No,Not At Risk
ST06840,24,Male,Computer Science,82.0,85.2,77.6,54.1,6.9,3.83,3.0,Yes,Yes,At Risk
ST08627,23,Female,Computer Science,81.9,73.7,57.9,54.5,9.5,3.62,3.0,Yes,No,Not At Risk
ST10456,23,Male,Software Engineering,83.5,92.1,57.0,100.0,6.9,2.87,7.0,Yes,No,Not At Risk
ST00366,21,Female,IT,71.9,66.8,77.8,91.8,3.0,4.0,3.0,Yes,No,Not At Risk
ST11259,22,Female,Computer Science,88.1,71.7,34.6,71.9,4.1,3.54,5.0,Yes,Yes,Not At Risk
ST06852,20,Female,Computer Science,82.7,48.2,60.2,51.1,1.8,4.0,5.0,Yes,No,At Risk
ST11026,19,Female,Software Engineering,87.0,79.1,54.4,61.5,5.6,3.25,6.0,Yes,No,Not At Risk
ST09869,21,Male,Computer Science,64.7,33.5,52.5,51.5,6.7,4.0,4.0,Yes,Yes,Not At Risk
ST04893,18,Male,Computer Science,87.2,73.6,82.9,65.7,2.7,2.45,10.0,Yes,No,Not At Risk
ST09086,18,Male,Software Engineering,97.2,62.3,61.3,50.3,3.0,4.0,4.0,Yes,No,Not At Risk
ST03520,25,Female,Software Engineering,90.8,73.6,76.1,81.1,3.6,2.87,4.0,Yes,Yes,Not At Risk
ST10234,21,Female,Data Science,78.6,52.8,60.9,47.0,2.2,3.08,6.0,,No,Not At Risk
ST10590,24,Male,Data Science,74.1,61.5,42.7,70.1,3.9,2.62,3.0,Yes,No,At Risk
ST05428,18,Female,Computer Science,91.7,61.6,63.4,64.0,8.1,4.0,8.0,Yes,No,Not At Risk
ST02706,18,Female,Computer Science,100.0,82.4,86.4,44.8,2.2,4.0,6.0,Yes,Yes,Not At Risk
ST10338,19,Male,Data Science,92.5,87.2,40.5,62.5,7.8,3.84,7.0,Yes,No,Not At Risk
ST08193,25,Male,IT,68.7,70.8,67.2,86.0,0.4,4.0,5.0,Yes,Yes,Not At Risk
ST08919,24,Female,Data Science,70.5,66.2,81.0,98.7,6.0,3.04,4.0,Yes,No,Not At Risk
ST05910,24,Female,Data Science,74.6,71.9,86.8,70.9,2.6,3.51,3.0,Yes,Yes,At Risk
ST09789,22,Male,Data Science,89.1,66.9,65.5,73.9,8.6,2.82,2.0,Yes,No,Not At Risk
ST11093,20,Male,Computer Science,97.3,76.3,81.4,97.4,4.6,2.41,4.0,Yes,No,Not At Risk
ST03635,21,Female,Computer Science,87.9,54.7,45.1,84.2,1.4,2.81,2.0,Yes,Yes,Not At Risk
ST04294,23,M,Data Science,71.4,74.1,72.1,34.8,2.6,1.66,6.0,Yes,Yes,Not At Risk
ST03648,25,Female,IT,99.9,53.9,65.1,74.4,6.4,2.5,4.0,Yes,Yes,Not At Risk
ST00422,18,Female,Computer Science,95.4,58.8,97.4,36.9,15.8,3.03,4.0,Yes,Yes,Not At Risk
ST00804,18,Male,IT,77.4,41.1,94.9,57.8,4.0,3.85,2.0,Yes,No,Not At Risk
ST07659,24,Male,IT,99.5,97.1,61.5,48.7,16.7,3.33,4.0,Yes,Yes,Not At Risk
ST00514,22,Female,IT,86.3,74.0,75.8,41.4,6.6,2.82,1.0,No,Yes,Not At Risk
ST07246,21,Female,Software Engineering,74.7,87.3,38.5,38.4,6.2,3.69,0.0,Yes,Yes,Not At Risk
ST11244,19,Female,Software Engineering,84.3,86.0,60.3,73.7,6.4,2.38,6.0,Yes,No,Not At Risk
ST01832,23,Male,IT,79.4,100.0,73.6,64.7,8.2,3.06,6.0,Yes,No,Not At Risk
ST06999,20,Female,IT,73.6,68.4,53.4,84.1,5.6,3.78,6.0,Yes,No,Not At Risk
ST07721,19,Female,IT,99.7,95.6,70.4,80.3,7.5,3.26,6.0,Yes,Yes,Not At Risk
ST00750,22,Male,Computer Science,82.5,53.5,58.6,44.3,8.2,3.63,4.0,Yes,Yes,Not At Risk
ST11074,18,Female,Computer Science,61.2,58.7,58.8,61.6,2.7,3.41,0.0,Yes,No,Not At Risk
ST11942,25,Female,Software Engineering,58.2,53.4,70.3,46.2,10.4,3.46,2.0,Yes,Yes,Not At Risk
ST02497,18,Female,Computer Science,97.5,80.3,35.0,67.9,8.7,2.86,4.0,Yes,No,Not At Risk
ST10380,19,Male,Software Engineering,61.5,86.0,91.6,73.4,5.9,4.0,2.0,Yes,Yes,Not At Risk
ST10229,24,Male,Data Science,89.8,71.5,67.5,47.5,11.0,1.98,4.0,Yes,Yes,Not At Risk
ST06692,22,Male,Data Science,95.6,40.5,53.7,51.9,9.2,2.55,6.0,Yes,Yes,Not At Risk
ST05723,22,Male,Computer Science,77.4,42.8,65.6,42.2,3.1,3.43,5.0,Yes,No,Not At Risk
ST05694,25,Female,Computer Science,80.8,70.1,29.0,96.7,3.4,2.49,3.0,Yes,No,Not At Risk
ST02882,20,Female,Data Science,82.4,60.9,72.7,62.7,7.9,3.86,4.0,Yes,No,Not At Risk
ST02633,23,Male,Data Science,79.4,57.0,59.3,38.0,3.6,3.1,2.0,Yes,No,At Risk
ST11737,19,Male,Software Engineering,77.0,83.5,73.3,72.3,2.9,2.24,6.0,Yes,Yes,Not At Risk
ST01640,20,Female,Software Engineering,75.3,61.5,54.3,34.7,3.2,2.53,5.0,Yes,No,Not At Risk
ST11274,18,female,Software Engineering,100.0,49.6,36.4,55.6,11.4,3.49,5.0,Yes,Yes,Not At Risk
ST01041,25,Female,Computer Science,100.0,53.9,74.7,67.6,6.6,2.95,5.0,Yes,No,Not At Risk
ST04482,21,Male,Computer Science,100.0,42.2,81.9,81.9,11.1,2.85,2.0,Yes,Yes,Not At Risk
ST05196,25,Female,IT,82.5,60.2,51.5,79.3,8.2,2.97,1.0,Yes,No,Not At Risk
ST02636,18,Female,Data Science,67.7,95.8,66.9,61.1,5.2,2.54,6.0,No,No,Not At Risk
ST06061,25,Male,Software Engineering,94.2,91.1,72.0,61.3,4.3,2.28,5.0,Yes,No,Not At Risk
ST05255,18,Female,Computer Science,87.9,56.6,84.2,68.9,4.1,3.35,5.0,Yes,Yes,Not At Risk
ST04599,24,Female,Computer Science,96.4,41.0,47.5,73.8,7.9,3.67,7.0,Yes,Yes,Not At Risk
ST07972,20,Female,IT,69.7,79.4,84.0,100.0,4.2,1.91,4.0,,No,Not At Risk
ST08613,18,Female,Computer Science,85.4,62.1,95.0,77.9,5.8,4.0,2.0,Yes,Yes,Not At Risk
ST06328,25,Male,Software Engineering,86.7,84.1,62.2,92.5,4.7,1.97,3.0,No,Yes,Not At Risk
ST05394,23,Female,Software Engineering,74.6,71.8,82.1,62.9,3.5,3.29,4.0,Yes,No,At Risk
ST11786,21,Female,Computer Science,72.4,59.9,53.4,74.7,2.7,2.94,7.0,Yes,No,Not At Risk
ST11915,19,Female,IT,60.4,66.9,72.2,63.2,18.7,2.97,10.0,Yes,No,At Risk
ST07342,18,Male,Computer Science,72.8,67.6,90.8,60.4,10.5,2.21,5.0,Yes,No,Not At Risk
ST04391,21,Female,Computer Science,63.9,68.0,72.5,65.0,5.4,1.88,7.0,Yes,No,Not At Risk
ST10956,19,Male,Computer Science,87.5,65.8,52.0,43.1,10.8,2.73,5.0,Yes,No,Not At Risk
ST07701,20,Male,Computer Science,84.4,47.7,75.7,55.5,4.0,4.0,5.0,Yes,No,Not At Risk
ST00978,21,Male,Software Engineering,83.6,64.7,92.1,51.7,7.7,3.01,2.0,Yes,No,At Risk
ST09152,20,Male,Software Engineering,74.4,65.4,78.9,79.2,11.1,2.24,2.0,Yes,No,Not At Risk
ST02944,18,Male,IT,86.5,74.5,70.1,28.4,4.4,2.06,4.0,Yes,No,Not At Risk
ST02111,22,Male,Data Science,81.8,52.2,85.7,56.8,2.2,2.36,5.0,Yes,Yes,At Risk
ST00729,19,Female,IT,87.3,45.5,87.3,48.2,6.1,4.0,0.0,Yes,Yes,Not At Risk
ST09449,23,Male,Data Science,71.9,59.1,54.7,59.3,3.9,1.96,5.0,Yes,No,Not At Risk
ST07594,24,Male,IT,90.1,87.9,72.1,62.0,8.7,2.75,3.0,Yes,Yes,Not At Risk
ST03081,24,Female,Software Engineering,81.1,73.6,67.3,35.7,8.2,2.59,2.0,Yes,No,Not At Risk
ST11643,20,Female,Software Engineering,77.5,66.9,76.1,32.3,2.0,3.66,9.0,Yes,No,Not At Risk
ST07050,18,Male,IT,50.8,91.8,81.7,47.0,2.8,3.86,3.0,Yes,No,Not At Risk
ST04313,21,Male,IT,73.2,79.6,77.0,58.5,2.3,3.83,3.0,Yes,No,Not At Risk
ST05442,20,Female,Data Science,71.5,84.4,51.5,50.6,3.3,2.76,1.0,Yes,Yes,Not At Risk
ST03800,18,Female,Software Engineering,75.1,71.9,65.9,73.0,3.3,2.96,4.0,Yes,Yes,Not At Risk
ST05240,20,Female,IT,77.8,46.5,60.8,75.5,4.6,2.7,4.0,Yes,Yes,Not At Risk
ST05236,18,Male,IT,78.0,100.0,80.2,67.6,4.8,3.79,1.0,Yes,No,Not At Risk
ST02486,24,Male,Data Science,80.0,54.4,62.6,17.6,2.0,3.42,5.0,Yes,Yes,Not At Risk
ST03785,24,Male,Computer Science,84.1,84.1,75.1,59.7,13.0,3.21,8.0,Yes,No,Not At Risk
ST06589,23,Female,,84.7,58.4,70.1,22.4,5.0,2.24,4.0,Yes,Yes,Not At Risk
ST06175,19,Male,Computer Science,97.2,60.3,38.3,48.8,7.4,3.17,1.0,Yes,Yes,Not At Risk
ST08044,25,Male,IT,82.5,58.7,70.9,67.8,4.6,3.07,6.0,,Yes,Not At Risk
ST08047,25,Male,IT,91.9,54.3,91.7,82.0,8.0,3.03,4.0,Yes,No,Not At Risk
ST08665,24,Male,Data Science,78.3,65.8,78.8,74.5,5.4,3.36,1.0,Yes,No,Not At Risk
ST08736,20,Female,IT,93.6,58.1,48.1,95.6,5.3,2.58,2.0,Yes,Yes,Not At Risk
ST02280,21,Male,Computer Science,92.8,68.8,57.0,89.3,8.0,2.82,5.0,Yes,Yes,Not At Risk
ST00517,24,Female,Computer Science,95.1,56.7,53.8,56.7,4.9,2.13,4.0,Yes,No,Not At Risk
ST07624,18,Female,Computer Science,100.0,74.7,55.5,55.9,6.0,2.02,4.0,Yes,Yes,Not At Risk
ST08336,20,Male,Computer Science,66.7,86.5,35.6,69.5,2.7,2.25,5.0,Yes,Yes,Not At Risk
ST05194,25,Female,IT,91.4,90.0,80.6,65.7,1.7,3.11,3.0,Yes,No,Not At Risk
ST00551,22,Female,Computer Science,100.0,68.1,69.7,60.3,2.9,3.58,4.0,Yes,Yes,Not At Risk
ST11672,20,Male,Software Engineering,89.7,69.6,65.8,72.3,3.8,2.71,4.0,Yes,No,Not At Risk
ST06406,23,Female,Data Science,81.0,50.0,75.1,66.6,9.7,4.0,6.0,Yes,No,At Risk
ST07022,19,Male,Computer Science,70.4,62.2,53.8,54.2,6.3,2.48,4.0,Yes,Yes,Not At Risk
ST08514,24,Female,Software Engineering,78.9,71.4,76.7,50.5,0.4,3.05,5.0,Yes,No,Not At Risk
ST06220,18,Male,Data Science,74.1,39.5,56.4,58.4,7.5,3.77,5.0,Yes,No,At Risk
ST09401,25,Female,Computer Science,85.5,61.6,68.4,52.1,2.0,3.48,4.0,Yes,No,At Risk
ST04291,24,Female,Data Science,81.8,35.0,38.4,100.0,13.6,2.94,11.0,,Yes,Not At Risk
ST03929,21,Male,Computer Science,95.0,60.3,31.5,34.0,6.0,1.78,0.0,No,No,Not At Risk
ST03927,23,Female,Computer Science,69.2,70.3,61.8,80.7,4.3,3.74,5.0,Yes,Yes,Not At Risk
ST11179,22,Female,IT,63.5,61.5,57.8,70.7,4.6,3.03,7.0,Yes,No,Not At Risk
ST03658,22,Male,Computer Science,84.1,63.4,60.4,50.0,11.6,2.91,2.0,Yes,No,Not At Risk
ST07129,23,Female,Computer Science,83.9,89.6,61.8,65.2,6.6,1.99,6.0,Yes,No,Not At Risk
ST10026,21,Female,Software Engineering,66.7,59.4,45.9,100.0,2.9,4.0,1.0,Yes,Yes,Not At Risk
ST08075,24,Male,Computer Science,85.8,56.2,52.5,68.5,9.4,4.0,3.0,Yes,Yes,Not At Risk
ST06086,19,Female,IT,81.1,44.5,75.2,47.5,8.3,1.84,6.0,No,Yes,At Risk
ST01372,24,Female,IT,69.6,89.7,86.9,65.7,3.8,2.93,2.0,No,Yes,Not At Risk
ST07726,19,Male,Software Engineering,86.8,43.3,62.1,73.6,6.6,2.7,5.0,No,No,Not At Risk
ST00663,22,Female,Software Engineering,73.0,63.7,66.8,42.0,8.7,2.72,1.0,No,Yes,Not At Risk
ST09841,24,Male,Software Engineering,70.9,50.8,53.9,63.9,14.1,2.32,5.0,Yes,Yes,At Risk
ST01481,23,Female,Data Science,100.0,58.0,41.9,73.5,1.8,4.0,7.0,Yes,No,Not At Risk
ST00800,25,Male,Data Science,89.8,76.3,48.5,53.3,15.1,3.08,5.0,No,No,Not At Risk
ST10759,22,Female,Software Engineering,70.4,76.7,90.4,65.6,3.8,3.03,3.0,Yes,No,At Risk
ST11707,25,Female,IT,100.0,67.4,72.3,69.7,5.4,3.25,3.0,Yes,No,Not At Risk
ST06856,24,Male,Computer Science,82.3,69.7,67.0,40.9,9.9,3.55,4.0,Yes,No,Not At Risk
ST02377,23,Female,Software Engineering,78.4,71.5,57.6,62.9,5.4,4.0,3.0,Yes,No,Not At Risk
ST01861,20,Male,Software Engineering,76.3,66.9,42.9,44.6,6.5,2.5,4.0,Yes,No,Not At Risk
ST03446,22,Male,IT,77.0,74.8,29.8,100.0,12.8,2.46,3.0,Yes,Yes,Not At Risk
ST11914,22,Male,IT,56.6,88.2,94.2,89.3,10.0,3.7,4.0,Yes,No,Not At Risk
ST07637,18,Male,Software Engineering,94.0,35.4,62.9,54.1,9.6,1.7,5.0,Yes,Yes,Not At Risk
ST09445,22,Male,IT,91.1,100.0,80.5,72.0,8.2,2.77,5.0,Yes,Yes,Not At Risk
ST01857,25,Male,Computer Science,93.1,72.1,65.6,47.0,5.2,3.05,5.0,Yes,Yes,Not At Risk
ST07484,19,Female,Data Science,80.7,63.6,51.1,,11.7,2.42,3.0,Yes,No,Not At Risk
ST09187,18,Male,Data Science,70.1,62.9,67.6,58.3,6.0,2.15,1.0,Yes,No,Not At Risk
ST10214,20,Female,Software Engineering,82.3,96.3,73.6,40.6,9.5,2.79,3.0,Yes,No,Not At Risk
ST06408,21,Male,IT,81.1,70.1,69.3,44.4,4.0,2.43,5.0,Yes,No,At Risk
ST05822,19,Male,Software Engineering,82.1,92.6,73.2,40.1,1.7,2.98,1.0,Yes,Yes,Not At Risk
ST01133,19,Female,Computer Science,89.2,66.0,69.7,57.0,3.2,3.53,,Yes,No,Not At Risk
ST03840,21,Female,Software Engineering,92.4,60.8,58.5,64.3,5.5,2.32,4.0,Yes,No,Not At Risk
ST07290,20,Female,Software Engineering,97.0,60.1,87.3,88.7,2.4,3.92,4.0,,Yes,Not At Risk
ST09569,23,Female,Computer Science,82.4,69.1,69.8,62.3,1.4,2.31,7.0,Yes,No,Not At Risk
ST07102,24,Male,Data Science,97.1,72.6,79.7,74.6,1.6,2.91,2.0,Yes,No,Not At Risk
ST00500,20,Male,Computer Science,72.1,74.2,44.5,100.0,7.9,2.36,7.0,Yes,Yes,Not At Risk
ST04417,20,Male,Software Engineering,71.4,67.2,40.5,46.3,13.3,1.75,3.0,,No,At Risk
ST00385,20,Female,IT,85.2,58.7,87.2,57.5,5.1,2.39,4.0,Yes,No,Not At Risk
ST09430,25,Male,IT,85.2,90.1,62.1,32.1,7.2,2.21,2.0,Yes,Yes,Not At Risk
ST05064,21,Male,Computer Science,80.2,75.8,57.8,38.4,2.9,3.31,6.0,Yes,Yes,Not At Risk
ST10448,24,Male,IT,76.1,43.6,79.3,56.5,3.7,2.35,1.0,No,Yes,Not At Risk
ST03243,24,Female,Software Engineering,74.4,74.1,56.9,90.9,7.4,2.61,4.0,Yes,Yes,Not At Risk
ST02574,19,Female,IT,96.8,80.0,66.4,69.8,4.2,2.93,4.0,Yes,No,Not At Risk
ST08276,25,Male,IT,64.5,100.0,66.2,65.7,9.9,3.96,2.0,Yes,Yes,Not At Risk
ST10067,18,Male,Software Engineering,71.1,67.3,38.3,67.5,6.3,2.45,4.0,Yes,No,Not At Risk
ST07222,23,Male,Computer Science,78.7,44.2,56.2,55.9,2.1,3.12,4.0,Yes,No,Not At Risk
ST03452,18,Male,Data Science,98.0,77.8,60.9,84.8,4.0,3.9,2.0,Yes,No,Not At Risk
ST10673,21,Male,Computer Science,73.6,44.9,77.5,81.8,4.4,3.23,7.0,Yes,No,Not At Risk
ST00444,19,Female,Software Engineering,82.9,70.2,64.6,60.1,7.2,2.14,5.0,Yes,Yes,At Risk
ST04436,25,Female,Computer Science,81.5,78.3,45.7,74.9,6.0,2.93,7.0,Yes,Yes,Not At Risk
ST10163,25,Male,IT,67.0,57.4,64.5,76.5,4.9,3.49,7.0,Yes,No,Not At Risk
ST11398,18,Male,IT,100.0,100.0,63.7,45.9,4.9,2.45,2.0,Yes,Yes,Not At Risk
ST09358,24,Male,IT,75.2,48.7,48.1,64.5,0.3,3.31,2.0,Yes,No,Not At Risk
ST06583,24,Male,Software Engineering,72.6,74.2,72.5,59.8,3.7,2.93,4.0,Yes,No,Not At Risk
ST08247,22,Female,Computer Science,72.6,88.1,80.5,87.2,6.1,2.87,4.0,Yes,No,Not At Risk
ST02218,25,Female,Software Engineering,91.9,77.6,59.6,62.5,4.5,3.58,4.0,Yes,No,Not At Risk
ST03138,21,Male,Computer Science,72.1,67.4,39.8,71.9,7.0,3.36,4.0,Yes,No,Not At Risk
ST07622,19,Male,Software Engineering,90.7,84.5,37.1,89.6,6.6,3.54,0.0,Yes,No,Not At Risk
ST08645,18,Male,Computer Science,95.2,44.8,84.6,55.8,4.2,3.75,4.0,Yes,No,Not At Risk
ST00066,24,Male,Software Engineering,82.1,58.9,42.8,43.9,3.1,4.0,3.0,Yes,Yes,Not At Risk
ST09653,21,Male,Computer Science,53.2,73.8,47.3,77.2,6.2,2.16,3.0,Yes,No,Not At Risk
ST03676,18,Male,Data Science,82.3,81.6,55.6,66.1,8.4,3.23,5.0,Yes,No,Not At Risk
ST03571,18,Male,Data Science,83.4,78.6,58.4,78.0,4.1,2.93,3.0,Yes,Yes,Not At Risk
ST01184,24,Male,Computer Science,80.1,62.4,35.3,,1.4,3.67,4.0,Yes,Yes,Not At Risk
ST09835,24,Male,IT,95.5,83.4,61.6,53.8,8.4,1.87,5.0,Yes,Yes,Not At Risk
ST10393,21,Male,Software Engineering,79.5,62.5,71.6,83.6,2.7,2.83,3.0,Yes,No,Not At Risk
ST02110,24,Male,IT,91.8,39.6,59.1,54.9,3.4,3.1,2.0,Yes,Yes,At Risk
ST09930,23,Male,Computer Science,99.5,64.9,67.3,65.2,3.7,3.38,4.0,Yes,No,Not At Risk
ST01542,23,Male,,64.4,50.7,61.0,84.9,6.1,3.82,6.0,Yes,Yes,Not At Risk
ST06981,19,Female,Computer Science,60.0,82.5,64.1,77.1,8.8,2.27,4.0,Yes,No,Not At Risk
ST09262,20,Male,Computer Science,63.4,73.0,77.2,40.2,4.1,2.76,5.0,Yes,No,Not At Risk
ST11968,22,M,IT,91.9,77.6,40.5,69.9,5.9,3.52,6.0,Yes,No,Not At Risk
ST03116,25,Female,IT,67.0,61.0,66.2,65.5,3.3,3.75,1.0,Yes,No,Not At Risk
ST11108,22,Female,IT,85.3,84.7,72.1,65.1,12.0,2.76,3.0,Yes,No,Not At Risk
ST00321,19,Male,Software Engineering,96.0,86.1,89.4,73.4,8.6,2.79,2.0,Yes,No,Not At Risk
ST03007,22,Female,Software Engineering,81.7,53.8,76.9,73.5,7.2,2.33,4.0,Yes,No,Not At Risk
ST00667,24,Female,Data Science,82.5,66.2,88.6,67.2,3.7,2.55,4.0,Yes,No,Not At Risk
ST03414,22,Female,IT,96.1,39.8,80.2,42.7,4.7,3.58,6.0,Yes,Yes,Not At Risk
ST05278,18,Male,IT,72.1,50.4,43.2,72.5,8.1,4.0,4.0,Yes,No,Not At Risk
ST11374,24,Female,Computer Science,88.0,56.9,41.5,40.1,9.3,2.79,2.0,Yes,Yes,Not At Risk
ST10070,22,Male,Data Science,82.9,62.2,44.0,80.9,8.6,3.75,5.0,,No,Not At Risk
ST06814,19,Male,Computer Science,80.5,47.7,68.1,64.7,6.2,3.9,6.0,Yes,Yes,Not At Risk
ST08271,23,Female,IT,78.9,65.1,65.3,60.1,2.9,3.93,4.0,Yes,No,At Risk
ST03479,22,Male,Software Engineering,86.1,79.8,66.6,69.3,13.3,2.74,4.0,Yes,Yes,Not At Risk
ST10518,23,Male,Computer Science,87.3,69.9,79.8,47.4,5.9,3.72,4.0,Yes,Yes,Not At Risk
ST00685,24,Female,Computer Science,90.3,76.0,50.1,51.8,6.4,3.09,3.0,Yes,No,At Risk
ST00173,20,Female,Computer Science,90.0,54.6,69.0,44.4,1.9,2.64,5.0,Yes,No,Not At Risk
ST06678,20,Female,IT,93.9,56.1,76.8,78.1,10.9,3.46,4.0,Yes,Yes,Not At Risk
ST08548,23,Female,Software Engineering,84.2,27.7,64.7,72.4,7.2,3.71,1.0,No,No,Not At Risk
ST08650,21,Female,Computer Science,88.5,90.7,45.1,56.0,2.5,3.25,3.0,Yes,No,Not At Risk
ST10675,21,Male,Data Science,73.6,89.4,73.3,37.9,9.1,3.37,5.0,No,Yes,Not At Risk
ST06340,18,Female,Data Science,95.6,62.4,87.8,58.3,6.2,2.22,6.0,No,Yes,Not At Risk
ST06110,24,Male,Computer Science,68.7,70.4,67.5,88.0,3.8,2.31,3.0,Yes,No,Not At Risk
ST04752,20,Female,Computer Science,88.3,81.8,75.3,56.9,9.2,2.5,5.0,Yes,Yes,Not At Risk
ST02418,19,Female,Data Science,80.3,59.5,93.3,86.4,2.1,3.78,3.0,Yes,Yes,Not At Risk
ST01327,18,Female,IT,76.4,77.1,52.9,57.6,6.9,3.26,0.0,Yes,Yes,Not At Risk
ST04059,22,Male,IT,90.5,49.3,84.7,47.0,15.0,2.45,6.0,Yes,No,Not At Risk
ST00453,25,Male,Software Engineering,72.9,64.0,61.9,52.1,7.7,2.52,,Yes,Yes,Not At Risk
ST04106,24,Male,IT,92.5,70.8,46.2,74.1,3.2,2.41,9.0,,No,Not At Risk
ST05848,21,Female,IT,79.8,45.4,84.2,58.9,8.3,3.74,8.0,Yes,No,Not At Risk
ST08249,24,Male,Software Engineering,83.9,78.7,82.8,71.3,12.0,3.12,3.0,Yes,No,Not At Risk
ST06107,21,Female,Data Science,84.0,73.8,55.4,87.8,3.9,1.23,2.0,Yes,Yes,Not At Risk
ST10012,23,Male,Computer Science,78.3,86.8,74.0,68.1,3.5,2.37,2.0,Yes,No,Not At Risk
ST05615,19,Male,IT,100.0,65.8,63.1,50.8,5.3,2.63,5.0,Yes,Yes,At Risk
ST05301,19,Male,Software Engineering,77.6,74.7,64.2,63.6,7.0,3.11,3.0,Yes,No,Not At Risk
ST00160,22,Male,IT,73.4,55.6,55.0,56.4,8.7,3.85,3.0,Yes,Yes,At Risk
ST05183,22,Male,IT,100.0,72.1,65.8,79.8,12.0,3.73,2.0,Yes,Yes,Not At Risk
ST05130,20,Female,Computer Science,73.0,64.3,66.1,94.0,12.3,2.83,4.0,Yes,No,At Risk
ST10928,23,Female,Software Engineering,85.2,58.4,71.0,72.5,16.6,2.62,5.0,Yes,No,Not At Risk
ST09708,24,Female,Computer Science,86.2,66.9,90.6,49.5,11.3,3.4,2.0,Yes,Yes,Not At Risk
ST10873,18,Female,Computer Science,73.3,70.2,66.1,73.3,5.7,2.59,3.0,Yes,Yes,Not At Risk
ST03418,20,Female,Software Engineering,79.2,78.1,78.6,53.5,8.7,2.5,4.0,Yes,Yes,At Risk
ST08826,21,Male,Computer Science,65.4,88.9,61.6,84.2,1.6,2.72,7.0,Yes,Yes,Not At Risk
ST02287,25,Male,Computer Science,100.0,84.7,95.3,81.1,7.5,2.76,1.0,Yes,Yes,Not At Risk
ST05412,18,Female,IT,76.7,52.2,42.5,56.4,1.8,1.54,2.0,Yes,No,Not At Risk
ST11631,24,Female,Computer Science,68.1,55.9,65.9,86.5,4.5,3.02,4.0,Yes,No,Not At Risk
ST03488,18,Female,Data Science,77.4,59.0,52.5,75.8,6.6,2.52,3.0,Yes,Yes,Not At Risk
ST10647,21,Female,Computer Science,67.6,72.5,63.5,59.2,8.4,3.9,3.0,Yes,No,At Risk
ST09544,25,Female,Computer Science,85.2,69.6,50.9,87.0,1.5,3.21,4.0,Yes,Yes,Not At Risk
ST11279,18,Male,Computer Science,73.8,75.2,68.2,83.5,7.1,2.11,6.0,Yes,No,Not At Risk
ST10384,19,Female,IT,100.0,70.4,77.1,82.3,7.4,2.78,2.0,Yes,Yes,Not At Risk
ST05319,20,Female,Computer Science,80.8,70.4,68.1,62.2,10.2,2.14,5.0,Yes,No,Not At Risk
ST01046,25,Male,Computer Science,84.6,73.0,54.6,77.8,10.0,2.51,5.0,Yes,No,Not At Risk
ST08552,23,Male,Computer Science,88.2,82.7,80.4,53.3,5.9,1.28,5.0,Yes,Yes,Not At Risk
ST06930,19,Female,IT,87.1,68.1,41.9,48.0,6.0,2.45,5.0,No,No,Not At Risk
ST06397,22,Female,IT,85.8,61.2,81.0,75.8,10.0,2.3,4.0,Yes,Yes,Not At Risk
ST01649,23,Female,Software Engineering,92.8,48.4,75.5,58.1,5.9,2.94,1.0,Yes,Yes,Not At Risk
ST03132,22,Female,Data Science,79.8,76.9,38.6,76.6,5.3,2.61,3.0,Yes,No,Not At Risk
ST01192,19,Male,Computer Science,79.0,51.0,54.5,48.3,2.3,3.52,5.0,Yes,No,Not At Risk
ST00059,20,Female,Computer Science,95.7,59.4,38.0,52.6,6.9,3.33,1.0,Yes,No,Not At Risk
ST08086,24,Female,Computer Science,93.2,69.5,66.0,47.7,5.0,2.13,2.0,Yes,Yes,Not At Risk
ST07487,18,Male,Computer Science,87.1,66.9,59.6,80.5,6.2,3.59,4.0,Yes,No,Not At Risk
ST02315,21,Male,Data Science,75.3,68.5,66.2,94.3,5.1,4.0,1.0,Yes,No,Not At Risk
ST10626,22,Female,Data Science,76.1,77.8,60.9,,9.9,1.93,4.0,Yes,Yes,Not At Risk
ST10954,25,Female,IT,76.0,34.9,65.0,40.1,8.0,2.8,3.0,Yes,No,Not At Risk
ST02568,24,Female,IT,68.5,86.7,53.7,61.4,3.6,3.15,3.0,Yes,No,At Risk
ST06471,24,Female,IT,77.0,67.6,57.1,37.5,10.2,2.67,3.0,Yes,Yes,At Risk
ST08820,18,Male,Data Science,93.4,66.4,40.3,92.2,3.9,2.16,4.0,Yes,No,Not At Risk
ST08273,20,Male,IT,77.3,88.0,67.1,45.7,5.7,2.12,6.0,Yes,No,At Risk
ST00100,23,Female,Computer Science,52.7,72.0,61.8,70.9,16.2,2.82,3.0,Yes,No,At Risk
ST01577,21,Female,Computer Science,80.2,75.4,34.8,64.7,8.5,2.76,4.0,Yes,No,Not At Risk
ST04789,24,Male,Software Engineering,70.6,51.0,66.9,39.0,5.5,2.81,5.0,Yes,Yes,At Risk
ST08269,18,Male,Computer Science,85.8,62.1,58.9,67.4,17.0,2.46,4.0,Yes,No,Not At Risk
ST09759,24,Male,Software Engineering,96.4,71.5,80.6,32.2,8.4,3.61,5.0,Yes,No,Not At Risk
ST01202,24,M,Data Science,76.8,54.6,91.9,38.7,9.1,3.5,3.0,Yes,No,Not At Risk
ST09941,25,Female,Data Science,91.0,75.1,86.8,,3.9,2.85,3.0,No,No,Not At Risk
ST01539,24,Female,Computer Science,95.4,75.7,78.1,73.3,6.0,2.03,3.0,Yes,No,Not At Risk
ST08419,23,Male,Software Engineering,88.2,77.0,70.0,49.5,1.5,2.46,5.0,Yes,Yes,Not At Risk
ST01380,24,Female,Computer Science,82.4,58.0,75.2,100.0,5.2,3.2,4.0,Yes,Yes,Not At Risk
ST09707,18,Male,Software Engineering,98.0,83.1,58.2,49.5,5.2,2.33,1.0,No,No,Not At Risk
ST10284,24,Male,Computer Science,65.7,84.6,42.2,59.4,3.3,3.06,5.0,Yes,No,Not At Risk
ST07390,24,Female,Software Engineering,89.5,64.8,75.5,84.8,3.2,3.22,5.0,Yes,No,Not At Risk
ST00176,22,Male,Computer Science,70.2,78.2,53.9,,7.6,2.68,5.0,Yes,Yes,Not At Risk
ST10429,25,Male,Software Engineering,77.7,63.6,57.8,54.2,0.9,2.58,1.0,Yes,No,Not At Risk
ST09215,18,Male,Computer Science,100.0,67.0,59.9,65.0,5.3,3.6,4.0,Yes,No,Not At Risk
ST10432,18,Male,Data Science,86.2,71.8,75.8,79.9,9.8,2.6,8.0,Yes,Yes,Not At Risk
ST03791,23,Male,IT,100.0,40.1,36.5,49.0,0.8,2.17,2.0,Yes,Yes,Not At Risk
ST08697,20,Female,Software Engineering,65.9,72.8,70.9,86.9,3.3,3.22,3.0,Yes,Yes,Not At Risk
ST11112,23,Female,IT,79.6,75.8,51.0,69.6,9.4,2.17,5.0,Yes,No,Not At Risk
ST10090,20,Female,Software Engineering,83.6,67.2,62.1,80.5,9.0,4.0,3.0,Yes,Yes,Not At Risk
ST00222,24,Female,Computer Science,91.0,87.4,58.8,87.3,3.5,3.85,3.0,Yes,No,Not At Risk
ST10091,21,Female,Computer Science,75.5,91.3,70.8,45.6,4.9,2.75,7.0,Yes,Yes,Not At Risk
ST10816,23,Male,Computer Science,74.6,52.6,64.4,68.2,6.2,1.93,3.0,Yes,No,Not At Risk
ST02307,18,Female,Software Engineering,76.4,80.2,78.1,84.0,4.7,2.98,8.0,Yes,No,Not At Risk
ST01767,22,Male,IT,82.8,66.0,62.1,67.5,2.0,2.7,5.0,Yes,Yes,Not At Risk
ST05968,22,Male,Data Science,90.8,59.2,54.5,68.6,6.5,4.0,0.0,Yes,Yes,Not At Risk
ST09002,25,Female,Computer Science,82.7,66.9,91.1,35.7,3.8,3.64,3.0,Yes,No,At Risk
ST09592,20,Male,Software Engineering,95.3,64.6,60.9,100.0,3.8,2.38,7.0,Yes,Yes,Not At Risk
ST08148,22,Female,Computer Science,91.5,61.7,61.3,43.4,2.1,3.04,3.0,Yes,Yes,Not At Risk
ST00645,22,Female,Software Engineering,72.0,68.8,62.8,65.3,7.3,3.35,1.0,Yes,No,Not At Risk
ST11875,19,Male,Software Engineering,53.9,85.2,74.9,44.2,15.3,2.86,5.0,Yes,Yes,Not At Risk
ST11859,21,Female,Software Engineering,78.2,71.2,81.2,45.8,8.8,2.48,3.0,Yes,Yes,At Risk
ST06499,19,Female,Computer Science,100.0,62.0,45.9,58.1,4.5,3.57,3.0,Yes,No,Not At Risk
ST09125,24,Male,IT,85.3,58.0,62.0,85.0,3.8,2.42,4.0,Yes,Yes,Not At Risk
ST03868,19,Male,Computer Science,75.4,66.9,65.3,86.4,5.1,2.77,6.0,Yes,Yes,Not At Risk
ST05012,25,Male,Data Science,100.0,72.6,35.7,67.8,2.5,3.87,1.0,Yes,No,Not At Risk
ST07420,24,Female,,95.0,66.6,61.0,69.0,10.3,3.14,4.0,Yes,No,Not At Risk
ST05154,18,Female,IT,82.2,79.4,60.1,78.1,1.9,2.44,4.0,Yes,Yes,Not At Risk
ST05713,22,Female,,65.5,69.7,49.9,66.4,3.9,3.64,2.0,Yes,No,At Risk
ST00129,19,Male,IT,99.9,79.9,86.1,76.3,9.7,2.0,3.0,Yes,Yes,Not At Risk
ST00538,19,Female,IT,75.3,57.9,61.6,51.9,3.2,2.31,4.0,Yes,No,Not At Risk
ST02076,25,Female,IT,61.6,76.4,79.8,76.0,4.7,2.65,4.0,Yes,No,At Risk
ST00274,19,Male,Computer Science,72.1,74.2,76.8,60.5,2.8,2.69,4.0,Yes,No,Not At Risk
ST03655,22,Female,IT,79.4,70.5,74.1,,12.1,2.16,5.0,Yes,No,Not At Risk
ST01237,21,Female,Computer Science,94.7,81.5,53.2,69.2,3.9,2.69,5.0,Yes,No,Not At Risk
ST11128,19,Male,IT,67.0,73.1,92.3,49.2,9.2,3.27,6.0,Yes,No,Not At Risk
ST11984,23,Male,Data Science,92.9,45.5,52.8,55.3,2.3,3.31,5.0,Yes,Yes,Not At Risk
ST09783,21,Male,Data Science,67.0,80.8,68.7,35.7,11.4,2.77,3.0,Yes,Yes,At Risk
ST02292,20,Female,Software Engineering,80.8,71.3,79.1,62.0,4.5,2.72,1.0,Yes,Yes,Not At Risk
ST03195,18,Female,Software Engineering,83.3,59.3,81.8,91.0,5.7,3.23,5.0,Yes,No,Not At Risk
ST07040,21,Male,Computer Science,68.5,80.8,87.8,61.6,6.9,3.29,2.0,Yes,Yes,Not At Risk
ST11444,19,Male,Data Science,92.6,82.2,73.0,68.7,5.8,2.26,3.0,Yes,Yes,Not At Risk
ST08104,22,Female,Computer Science,77.9,52.3,85.1,52.5,9.3,2.4,2.0,Yes,No,Not At Risk
ST02104,22,Female,Software Engineering,61.6,81.3,88.2,71.6,15.4,2.45,4.0,Yes,No,At Risk
ST04990,19,Male,Computer Science,86.0,46.2,81.8,67.1,10.0,3.47,4.0,Yes,Yes,Not At Risk
ST06898,18,Female,Software Engineering,64.2,65.4,87.7,73.7,8.2,3.44,5.0,Yes,No,Not At Risk
ST01397,23,Female,IT,96.4,65.6,61.1,75.2,10.5,3.29,2.0,Yes,No,Not At Risk
ST02168,24,Male,Data Science,89.5,85.7,40.1,60.5,3.5,1.63,2.0,Yes,Yes,Not At Risk
ST08511,20,Male,IT,86.2,64.5,75.5,64.1,3.4,3.18,4.0,Yes,No,At Risk
ST07152,20,Male,Computer Science,82.1,57.3,35.9,71.2,15.4,3.58,10.0,Yes,No,Not At Risk
ST05151,22,Female,Data Science,82.9,94.7,60.4,73.5,2.9,2.65,3.0,Yes,No,Not At Risk
ST11273,18,Female,Computer Science,92.2,55.9,56.7,58.6,9.0,3.63,3.0,Yes,Yes,Not At Risk
ST10547,18,Female,Computer Science,74.2,49.6,39.4,77.1,2.5,3.09,4.0,Yes,Yes,Not At Risk
ST01719,18,Female,Software Engineering,88.6,70.6,79.9,39.2,4.0,2.16,4.0,Yes,Yes,At Risk
ST03491,19,Male,Software Engineering,74.7,67.2,55.0,77.1,7.1,2.99,5.0,Yes,No,At Risk
ST07176,23,Male,Software Engineering,88.7,72.5,84.8,56.0,9.8,2.79,5.0,Yes,Yes,Not At Risk
ST07934,24,Male,Computer Science,81.9,65.4,59.3,68.5,14.1,2.26,6.0,Yes,No,Not At Risk
ST02747,24,Male,IT,81.2,93.9,42.8,81.1,6.0,2.58,4.0,Yes,Yes,Not At Risk
ST06995,24,Male,Software Engineering,83.1,56.2,79.6,89.2,8.5,3.16,5.0,Yes,Yes,Not At Risk
ST07189,19,Male,Computer Science,90.0,88.8,71.8,52.4,3.4,3.34,7.0,Yes,Yes,Not At Risk
ST04651,22,Female,Data Science,90.9,69.3,62.2,50.5,3.1,3.98,2.0,Yes,No,Not At Risk
ST06942,20,Male,IT,95.2,78.1,93.4,12.9,5.5,3.04,3.0,Yes,Yes,Not At Risk
ST01174,20,Female,Software Engineering,73.8,71.4,12.8,69.1,5.2,2.99,7.0,Yes,No,Not At Risk
ST05458,19,Male,Computer Science,64.7,75.6,55.9,58.5,6.1,2.0,5.0,Yes,No,Not At Risk
ST03907,21,Female,Software Engineering,70.3,60.4,55.0,34.3,4.0,2.36,5.0,Yes,No,Not At Risk
ST08430,21,Female,Software Engineering,86.2,62.3,59.5,68.8,4.0,2.75,2.0,Yes,No,Not At Risk
ST03453,24,Male,Computer Science,91.2,45.6,31.4,55.6,6.9,2.64,4.0,Yes,No,Not At Risk
ST08286,20,Male,Computer Science,94.1,81.2,55.3,69.2,4.7,3.29,2.0,Yes,Yes,At Risk
ST03698,21,Male,Computer Science,84.5,68.6,66.1,61.1,3.5,2.37,3.0,Yes,Yes,Not At Risk
ST04387,22,Female,Data Science,88.2,65.5,91.1,55.4,8.8,2.95,4.0,Yes,No,Not At Risk
ST03833,19,Female,Computer Science,73.2,68.2,75.2,75.2,8.4,3.11,8.0,No,No,Not At Risk
ST08545,19,Male,IT,65.8,65.8,73.8,35.9,2.8,3.42,6.0,Yes,No,Not At Risk
ST08857,24,Female,Data Science,83.1,91.3,68.7,50.9,3.4,2.6,9.0,Yes,Yes,Not At Risk
ST07591,22,Male,Software Engineering,64.2,66.5,37.3,82.5,3.2,2.13,2.0,No,No,Not At Risk
ST01206,24,Female,IT,98.7,76.3,59.5,90.4,5.2,3.1,4.0,Yes,No,Not At Risk
ST10994,19,Female,IT,82.7,71.9,84.7,53.7,7.1,3.44,1.0,Yes,No,Not At Risk
ST06103,19,Female,,79.1,69.6,70.5,67.4,3.0,4.0,2.0,Yes,No,Not At Risk
ST00379,21,Male,,92.9,67.8,65.2,45.6,17.4,2.61,5.0,No,No,Not At Risk
ST06618,21,Male,IT,85.9,77.3,67.8,77.8,11.7,2.18,7.0,No,No,Not At Risk
ST08895,25,Male,Software Engineering,60.4,77.1,52.5,44.4,5.0,3.29,4.0,Yes,No,Not At Risk
ST00142,24,Male,Software Engineering,58.5,79.1,8.7,57.9,4.8,3.85,2.0,,No,Not At Risk
ST11669,18,Female,IT,79.4,62.6,59.0,75.4,8.6,3.21,7.0,Yes,No,Not At Risk
ST05331,22,Male,Software Engineering,85.4,78.6,85.8,56.9,6.6,2.65,2.0,Yes,No,Not At Risk
ST00701,23,Female,Data Science,80.4,63.0,46.1,70.1,8.9,3.77,4.0,Yes,No,Not At Risk
ST07732,24,Male,,72.0,50.8,71.4,83.7,6.3,3.02,2.0,Yes,No,Not At Risk
ST05970,20,Female,IT,83.6,83.8,65.3,77.0,1.0,3.61,3.0,Yes,Yes,Not At Risk
ST05167,23,Male,Computer Science,84.9,75.7,92.5,81.6,3.8,2.94,4.0,Yes,Yes,Not At Risk
ST03082,25,Male,Software Engineering,75.6,73.8,71.1,48.7,4.8,2.71,3.0,Yes,No,Not At Risk
ST09009,19,Male,IT,87.6,58.7,52.9,78.3,3.4,1.89,3.0,Yes,Yes,Not At Risk
ST08526,21,Male,Computer Science,100.0,49.0,45.7,57.8,1.7,3.41,3.0,Yes,Yes,Not At Risk
ST09143,22,Female,IT,63.5,61.0,56.2,83.2,4.9,4.0,4.0,Yes,No,Not At Risk
ST03673,23,Male,Software Engineering,65.7,44.5,66.8,66.3,9.8,2.46,7.0,Yes,No,Not At Risk
ST01837,22,Male,Data Science,84.0,49.6,37.2,72.8,2.9,3.37,7.0,Yes,No,Not At Risk
ST11008,20,Female,Computer Science,79.6,55.3,79.3,75.9,5.8,1.54,4.0,Yes,No,Not At Risk
ST00950,18,Female,IT,66.8,90.1,58.9,69.2,3.7,3.41,1.0,Yes,No,Not At Risk
ST08863,18,Male,Computer Science,77.9,66.4,55.5,62.1,4.1,4.0,3.0,No,Yes,Not At Risk
ST01240,25,Female,IT,74.5,47.0,72.7,52.0,0.3,3.75,4.0,Yes,Yes,Not At Risk
ST03088,23,Male,Computer Science,67.8,60.5,50.3,49.0,9.7,2.25,5.0,No,No,At Risk
ST08205,22,Female,Data Science,93.2,98.9,66.4,56.9,5.0,2.13,2.0,Yes,Yes,Not At Risk
ST08648,24,Male,Software Engineering,70.3,57.2,82.0,46.6,3.7,2.78,5.0,Yes,Yes,Not At Risk
ST00328,18,Male,Software Engineering,92.0,39.9,54.3,78.7,3.1,3.95,3.0,Yes,No,Not At Risk
ST01307,24,Male,Computer Science,100.0,61.8,60.2,72.3,1.5,2.77,3.0,Yes,No,Not At Risk
ST09649,22,Male,IT,83.5,68.6,64.8,45.7,11.9,4.0,5.0,No,No,Not At Risk
ST04319,24,Male,IT,95.8,67.6,63.0,100.0,5.3,2.17,4.0,Yes,Yes,Not At Risk
ST06229,25,Female,Software Engineering,82.1,66.8,69.1,59.3,5.3,2.4,4.0,Yes,No,At Risk
ST11621,22,Male,Software Engineering,82.8,60.4,52.0,53.6,8.5,3.84,8.0,Yes,Yes,Not At Risk
ST00083,25,Female,Software Engineering,70.9,47.5,72.5,63.1,6.9,2.15,3.0,Yes,Yes,Not At Risk
ST04029,20,Male,IT,77.7,58.7,83.5,57.5,4.5,2.56,0.0,Yes,No,Not At Risk
ST00544,21,Female,IT,56.2,92.2,43.6,78.7,7.7,2.46,2.0,Yes,Yes,Not At Risk
ST04537,23,Male,IT,87.9,65.3,98.5,60.7,4.0,3.46,1.0,Yes,No,Not At Risk
ST03607,19,Female,Software Engineering,100.0,80.6,82.6,60.5,4.5,3.78,4.0,Yes,Yes,Not At Risk
ST02199,24,Female,Computer Science,86.4,59.5,86.0,66.9,2.0,3.29,1.0,Yes,No,Not At Risk
ST02072,22,Male,Software Engineering,75.9,64.0,83.2,83.8,4.7,3.16,3.0,No,No,Not At Risk
ST08998,18,Female,Computer Science,100.0,65.7,54.1,45.6,3.9,1.95,2.0,No,Yes,At Risk
ST01212,18,Male,Software Engineering,79.8,63.1,99.9,70.0,3.8,2.23,4.0,No,Yes,Not At Risk
ST00487,21,Female,IT,93.0,67.7,79.0,44.1,11.4,2.49,1.0,Yes,No,Not At Risk
ST09530,20,Female,Computer Science,85.8,89.9,88.5,51.8,9.7,3.4,5.0,Yes,No,Not At Risk
ST02640,18,Female,Computer Science,89.1,95.0,58.6,77.6,9.8,3.92,6.0,Yes,No,Not At Risk
ST00337,18,Female,Computer Science,77.0,76.7,84.2,77.5,4.4,2.88,3.0,Yes,Yes,Not At Risk
ST01435,20,Male,Software Engineering,71.0,80.7,84.8,79.5,10.7,4.0,3.0,Yes,No,Not At Risk
ST05311,25,Female,Computer Science,80.4,91.1,79.7,80.3,8.2,2.96,3.0,No,No,Not At Risk
ST08690,22,Male,Software Engineering,93.2,59.0,72.9,100.0,7.0,3.95,4.0,Yes,Yes,Not At Risk
ST08420,19,Female,IT,83.7,45.5,67.8,100.0,4.9,2.58,5.0,Yes,No,Not At Risk
ST09600,18,Male,IT,98.8,66.6,69.8,65.0,3.9,3.16,8.0,Yes,No,Not At Risk
ST04134,24,Female,Software Engineering,100.0,81.4,73.3,74.7,2.2,2.47,2.0,Yes,No,Not At Risk
ST09648,25,Female,Computer Science,81.9,50.8,95.8,59.0,7.8,3.16,7.0,Yes,No,Not At Risk
ST00496,24,Female,Data Science,93.0,85.1,75.6,72.7,1.5,3.25,5.0,Yes,Yes,Not At Risk
ST03461,18,Male,Data Science,66.3,48.6,66.9,54.7,4.7,2.72,1.0,Yes,Yes,At Risk
ST10253,23,Female,Software Engineering,87.5,91.3,47.3,53.9,5.0,3.22,3.0,Yes,Yes,Not At Risk
ST00861,19,Male,Computer Science,93.7,63.3,56.3,78.1,1.9,2.43,6.0,Yes,Yes,Not At Risk
ST03735,22,Female,Computer Science,75.4,54.0,76.4,88.1,9.0,2.88,3.0,Yes,No,Not At Risk
ST09527,21,Female,Data Science,100.0,53.6,65.3,41.3,5.2,2.95,3.0,No,No,Not At Risk
ST10086,24,Female,Computer Science,70.0,54.4,39.0,67.9,12.3,1.58,4.0,Yes,No,At Risk
ST08899,25,Male,Computer Science,80.8,91.1,74.6,65.6,3.0,3.88,6.0,Yes,No,Not At Risk
ST01596,22,Female,Software Engineering,82.2,39.4,75.0,44.0,3.9,3.3,6.0,Yes,Yes,At Risk
ST11728,18,Female,Computer Science,93.9,49.7,61.2,43.9,6.3,2.83,4.0,Yes,Yes,At Risk
ST07223,20,Female,IT,85.7,96.7,62.7,58.2,6.1,3.73,3.0,Yes,Yes,Not At Risk
ST11528,20,Female,Computer Science,90.2,76.6,67.1,89.7,4.0,2.9,3.0,Yes,Yes,Not At Risk
ST06568,18,Female,IT,94.3,63.9,55.8,84.4,3.0,3.17,4.0,Yes,Yes,Not At Risk
ST03774,24,Female,IT,65.0,66.6,47.4,65.4,5.5,1.73,7.0,Yes,Yes,Not At Risk
ST08300,18,Female,Software Engineering,88.9,70.8,70.1,64.9,5.7,3.18,8.0,Yes,No,Not At Risk
ST03581,20,Male,Computer Science,75.2,72.7,89.5,56.9,4.2,2.52,10.0,Yes,Yes,At Risk
ST10048,19,Male,Computer Science,92.9,87.1,74.4,59.6,2.9,3.11,3.0,Yes,No,Not At Risk
ST10529,24,Male,IT,65.1,52.2,77.7,52.4,5.0,3.76,4.0,Yes,No,Not At Risk
ST07317,19,Female,Software Engineering,75.2,76.8,61.5,58.5,8.4,2.31,4.0,Yes,No,Not At Risk
ST01035,20,Female,Computer Science,77.5,57.1,64.4,49.4,5.3,3.96,6.0,Yes,No,Not At Risk
ST01410,20,Male,Computer Science,70.7,80.0,71.8,58.9,9.8,2.57,8.0,Yes,Yes,Not At Risk
ST06835,19,Female,Computer Science,98.2,65.7,74.9,80.4,6.1,2.49,1.0,Yes,No,Not At Risk
ST07091,19,Female,Computer Science,72.9,64.0,68.7,66.6,6.5,3.01,2.0,Yes,No,Not At Risk
ST08605,23,Female,Data Science,68.9,82.4,82.4,48.0,1.9,2.5,1.0,Yes,Yes,Not At Risk
ST07867,24,Male,Data Science,93.3,80.1,78.2,40.0,4.1,2.34,1.0,Yes,Yes,Not At Risk
ST11073,21,Female,IT,97.0,69.1,71.0,57.7,22.3,2.88,6.0,Yes,No,Not At Risk
ST02735,18,Male,Computer Science,68.6,80.0,43.2,68.0,6.8,2.46,2.0,Yes,No,Not At Risk
ST01350,20,Female,Software Engineering,80.7,82.4,81.3,49.7,2.1,2.92,2.0,Yes,No,Not At Risk
ST02170,22,Female,Computer Science,93.1,41.2,60.0,55.5,6.7,2.18,2.0,Yes,Yes,Not At Risk
ST04117,20,Male,,100.0,89.6,77.3,79.7,6.7,2.66,7.0,Yes,No,Not At Risk
ST10307,19,Female,Data Science,93.1,56.1,59.1,58.4,7.1,2.56,2.0,Yes,No,Not At Risk
ST11783,24,Female,IT,68.1,75.9,74.1,76.0,15.8,2.06,6.0,Yes,Yes,Not At Risk
ST09448,22,Male,Software Engineering,89.8,76.8,58.9,61.4,7.8,2.81,5.0,Yes,No,Not At Risk
ST02680,18,Female,IT,90.4,70.7,78.4,71.2,9.7,3.2,3.0,Yes,No,Not At Risk
ST04217,21,Female,IT,100.0,50.1,70.8,49.9,6.6,3.05,6.0,Yes,Yes,Not At Risk
ST11213,21,Female,IT,87.8,84.6,83.2,37.2,4.6,2.46,3.0,Yes,Yes,Not At Risk
ST06184,25,Male,IT,93.1,80.9,46.7,48.9,6.9,3.15,0.0,Yes,No,Not At Risk
ST06234,25,Male,Computer Science,85.7,71.2,92.3,69.7,8.2,0.95,2.0,Yes,No,Not At Risk
ST06973,25,Female,Software Engineering,68.6,52.7,94.1,71.5,6.1,3.2,6.0,Yes,No,Not At Risk
ST05817,18,Male,IT,73.6,37.8,52.5,55.8,3.2,2.59,3.0,Yes,No,Not At Risk
ST04530,19,Female,Computer Science,92.0,60.1,85.2,35.4,8.2,2.56,4.0,Yes,No,Not At Risk
ST10394,23,Female,Computer Science,86.3,82.8,74.0,97.8,3.9,3.23,1.0,Yes,No,Not At Risk
ST07187,24,Male,Data Science,100.0,71.8,53.8,30.4,10.4,1.95,3.0,Yes,No,Not At Risk
ST08838,21,Male,Computer Science,73.3,62.0,57.9,45.8,20.1,2.78,4.0,Yes,No,Not At Risk
ST11652,20,Male,Data Science,88.3,72.1,65.6,57.8,3.9,2.68,3.0,Yes,Yes,Not At Risk
ST11760,22,Male,Computer Science,81.3,54.8,49.7,71.3,1.3,3.75,9.0,Yes,Yes,Not At Risk
ST03276,21,Male,IT,75.7,33.5,69.1,94.8,2.5,2.38,6.0,No,No,At Risk
ST07645,22,Male,Computer Science,84.7,81.6,95.1,65.4,11.0,1.88,2.0,Yes,Yes,Not At Risk
ST00529,25,Female,Computer Science,82.9,79.1,45.2,95.2,6.7,2.47,2.0,Yes,Yes,Not At Risk
ST05539,24,Male,Computer Science,80.8,70.5,66.1,61.9,7.3,3.57,9.0,Yes,Yes,Not At Risk
ST00733,18,Female,Software Engineering,85.3,64.8,48.4,75.3,5.4,2.16,8.0,No,No,Not At Risk
ST10466,20,Female,Data Science,96.6,76.4,70.8,85.5,15.6,2.58,5.0,Yes,No,Not At Risk
ST00488,23,Female,Software Engineering,89.1,93.5,64.2,62.3,1.9,1.63,4.0,Yes,No,Not At Risk
ST02752,23,Male,Software Engineering,66.7,78.0,42.8,97.9,5.0,3.07,7.0,Yes,No,Not At Risk
ST11062,25,Female,IT,76.4,66.9,76.2,75.1,5.3,2.43,8.0,Yes,Yes,Not At Risk
ST08692,21,Male,IT,74.2,91.3,50.7,54.2,7.2,2.42,8.0,Yes,Yes,Not At Risk
ST08621,25,Male,Data Science,83.2,72.7,70.2,88.2,2.2,1.96,6.0,Yes,Yes,Not At Risk
ST10499,22,Female,,90.1,63.1,76.3,46.0,4.1,3.12,4.0,Yes,Yes,Not At Risk
ST09472,22,Female,Computer Science,71.7,61.5,71.6,67.3,3.2,2.47,3.0,Yes,No,Not At Risk
ST04136,20,Female,Data Science,72.3,63.4,99.5,59.8,4.9,3.46,3.0,,No,Not At Risk
ST10614,24,Female,Computer Science,100.0,85.1,60.0,57.8,2.0,1.84,7.0,Yes,No,Not At Risk
ST10653,19,M,Computer Science,84.8,55.0,69.9,67.1,5.0,3.76,3.0,Yes,Yes,Not At Risk
ST09363,22,Female,Software Engineering,87.7,75.7,52.7,50.5,6.3,2.53,3.0,Yes,No,Not At Risk
ST07521,25,Female,Computer Science,100.0,51.5,79.5,78.1,13.5,2.96,3.0,Yes,No,Not At Risk
ST03119,23,Male,Computer Science,75.5,73.9,67.7,83.8,4.5,2.74,5.0,Yes,No,Not At Risk
ST06422,24,Male,Computer Science,80.8,97.5,81.1,54.1,6.4,2.48,4.0,Yes,No,Not At Risk
ST01521,23,Male,IT,75.7,50.2,59.0,100.0,13.9,3.02,3.0,Yes,No,Not At Risk
ST05032,24,Male,Software Engineering,82.3,79.7,72.1,63.0,1.4,3.92,4.0,Yes,No,Not At Risk
ST01463,24,Female,IT,72.0,60.9,63.6,60.2,3.6,3.69,4.0,Yes,No,Not At Risk
ST11927,21,Male,Computer Science,100.0,78.6,87.7,80.6,2.0,2.31,6.0,Yes,No,Not At Risk
ST04465,23,Female,Computer Science,71.4,70.8,80.4,67.7,3.8,3.35,6.0,Yes,No,Not At Risk
ST10796,19,Female,IT,79.5,90.8,48.3,93.2,6.5,3.07,6.0,Yes,No,Not At Risk
ST02789,19,Male,Software Engineering,94.4,53.1,73.3,75.2,7.1,2.27,3.0,Yes,No,Not At Risk
ST01727,23,Male,Data Science,85.5,100.0,70.0,61.2,2.8,2.24,9.0,Yes,No,At Risk
ST07891,22,Male,Computer Science,88.8,52.7,45.6,66.6,1.9,2.97,4.0,Yes,No,Not At Risk
ST10156,19,Female,Software Engineering,84.5,73.8,84.2,94.1,3.5,3.04,2.0,Yes,No,At Risk
ST00809,23,Male,Data Science,69.4,97.7,58.0,36.3,2.0,3.21,2.0,Yes,Yes,Not At Risk
ST06038,20,Female,,93.4,78.7,50.8,53.2,8.0,2.78,1.0,Yes,No,Not At Risk
ST08647,18,Female,Data Science,93.2,63.0,44.1,66.0,9.9,2.99,3.0,Yes,Yes,Not At Risk
ST00859,19,Male,Data Science,85.3,68.5,38.6,74.1,2.1,3.09,5.0,Yes,Yes,Not At Risk
ST02582,24,Male,IT,100.0,83.7,74.3,20.7,4.9,2.53,0.0,Yes,No,Not At Risk
ST09314,20,M,Computer Science,64.5,66.2,43.1,72.5,8.2,3.51,4.0,Yes,Yes,Not At Risk
ST11746,21,Female,Computer Science,85.2,90.8,90.9,58.3,4.9,2.79,5.0,Yes,Yes,Not At Risk
ST02814,18,Female,Software Engineering,95.4,76.9,73.8,86.1,4.6,3.42,5.0,Yes,Yes,Not At Risk
ST00732,23,Female,Data Science,69.8,72.1,46.9,83.7,3.8,2.66,2.0,Yes,No,Not At Risk
ST07170,19,Female,Data Science,77.9,74.9,52.8,44.8,10.4,3.61,1.0,Yes,No,Not At Risk
ST06441,19,Male,Computer Science,91.5,70.6,75.6,86.7,1.1,4.0,5.0,Yes,No,Not At Risk
ST00900,23,Male,Data Science,96.5,74.4,87.5,75.6,6.8,1.22,5.0,Yes,No,Not At Risk
ST04938,21,Female,IT,78.2,73.6,62.1,84.8,2.1,3.37,5.0,Yes,Yes,Not At Risk
ST07892,24,Male,Data Science,79.3,52.3,65.6,50.5,14.2,3.51,5.0,Yes,No,Not At Risk
ST10373,18,Female,Software Engineering,96.5,67.2,76.9,74.7,7.9,1.46,2.0,Yes,Yes,Not At Risk
ST02621,23,Male,Software Engineering,92.9,52.0,77.6,81.2,4.6,2.0,3.0,Yes,No,Not At Risk
ST06004,19,Male,IT,70.9,38.0,57.6,91.1,4.7,2.18,4.0,Yes,No,Not At Risk
ST06021,25,Male,Software Engineering,80.9,92.9,66.4,69.4,16.9,2.69,3.0,Yes,No,Not At Risk
ST07122,22,Male,Software Engineering,95.6,71.1,76.0,64.2,4.1,3.86,1.0,Yes,No,Not At Risk
ST00309,24,Female,Computer Science,100.0,79.8,74.3,75.5,7.9,3.08,3.0,Yes,No,Not At Risk
ST05034,24,Male,IT,74.6,62.6,29.7,67.7,4.7,3.53,1.0,Yes,No,Not At Risk
ST09968,21,Male,Software Engineering,84.1,55.4,67.1,74.1,7.2,2.11,1.0,Yes,Yes,Not At Risk
ST10615,18,Female,Software Engineering,78.5,70.9,51.3,82.0,8.5,2.68,6.0,Yes,No,Not At Risk
ST10221,23,Male,Data Science,78.0,70.2,46.8,39.0,5.1,3.35,3.0,Yes,No,Not At Risk
ST05449,18,Female,Software Engineering,77.2,85.4,71.8,46.2,6.8,3.2,4.0,Yes,No,At Risk
ST03334,18,Male,,86.4,83.9,93.1,72.4,3.0,2.64,0.0,Yes,No,Not At Risk
ST07983,19,Female,Computer Science,78.2,66.4,72.5,73.3,2.4,3.06,6.0,Yes,No,Not At Risk
ST08933,21,Male,IT,53.6,27.2,40.0,93.0,6.9,4.0,2.0,Yes,Yes,At Risk
ST02996,20,Male,IT,82.2,81.5,77.8,65.7,4.4,2.78,6.0,Yes,No,Not At Risk
ST02477,22,Male,Computer Science,74.9,79.0,65.3,88.1,4.4,2.93,8.0,Yes,No,Not At Risk
ST09476,23,Male,IT,45.5,50.2,41.6,55.0,6.6,2.59,5.0,Yes,No,At Risk
ST00013,24,Female,IT,79.3,66.2,60.7,56.9,6.7,2.46,3.0,Yes,No,Not At Risk
ST09675,21,Male,Computer Science,79.3,60.7,73.8,64.6,4.8,2.65,5.0,Yes,No,At Risk
ST05983,25,Female,Computer Science,76.4,84.0,91.4,45.0,4.2,2.72,5.0,Yes,Yes,At Risk
ST00653,24,Female,Computer Science,75.7,60.4,65.7,75.5,10.8,1.99,5.0,Yes,Yes,Not At Risk
ST10087,25,Female,Software Engineering,77.3,57.2,72.0,63.2,7.0,3.29,1.0,Yes,Yes,Not At Risk
ST00011,23,Male,Software Engineering,82.8,94.6,56.2,53.9,7.7,2.37,5.0,Yes,No,Not At Risk
ST07000,19,Female,Computer Science,80.4,59.4,86.0,69.4,6.6,2.5,3.0,Yes,Yes,Not At Risk
ST09700,18,Female,,89.0,50.1,70.0,69.6,8.0,3.74,1.0,Yes,No,Not At Risk
ST00178,19,Male,Software Engineering,91.9,39.1,69.6,57.5,4.4,1.71,9.0,Yes,Yes,Not At Risk
ST10995,20,Male,Computer Science,96.0,100.0,70.1,65.6,8.4,2.5,5.0,Yes,No,Not At Risk
ST11821,24,Male,Data Science,100.0,81.3,72.5,59.1,14.9,2.88,5.0,Yes,Yes,Not At Risk
ST05612,21,Female,IT,80.7,62.4,76.5,56.9,7.3,2.8,4.0,Yes,No,At Risk
ST08474,21,Female,Computer Science,64.7,88.6,72.3,84.8,5.1,2.96,1.0,Yes,No,Not At Risk
ST07366,23,Male,IT,69.3,89.1,50.1,58.8,4.9,3.25,2.0,Yes,No,Not At Risk
ST10030,19,Male,Computer Science,91.5,91.6,90.4,73.1,4.8,3.09,2.0,Yes,No,Not At Risk
ST07516,20,Male,Computer Science,79.0,60.7,100.0,88.4,5.8,2.75,5.0,Yes,No,Not At Risk
ST09683,23,Female,Software Engineering,81.4,41.9,89.8,50.2,2.8,2.84,5.0,Yes,No,Not At Risk
ST01544,21,Male,Software Engineering,91.8,84.6,72.4,28.2,6.0,3.22,6.0,Yes,No,Not At Risk
ST05169,25,Female,Data Science,95.8,92.5,66.2,39.2,6.1,3.44,2.0,Yes,Yes,Not At Risk
ST09659,21,Female,Computer Science,90.6,49.2,55.4,69.7,10.7,2.9,2.0,Yes,Yes,Not At Risk
ST07720,23,Female,IT,58.5,35.6,74.8,88.7,3.8,3.53,,Yes,No,Not At Risk
ST09729,22,Male,IT,97.0,65.6,77.6,55.8,7.4,2.78,,No,Yes,Not At Risk
ST03983,22,Male,IT,85.5,61.4,89.4,58.6,4.5,2.13,2.0,No,No,Not At Risk
ST02573,18,Male,Computer Science,81.9,65.8,44.6,77.2,6.2,2.58,4.0,Yes,No,Not At Risk
ST01103,21,Female,Computer Science,54.8,58.7,61.1,52.9,6.2,3.01,2.0,Yes,No,Not At Risk
ST03873,19,Female,Software Engineering,64.4,65.0,59.2,,8.1,2.87,5.0,Yes,No,At Risk
ST04125,21,Male,Computer Science,59.5,40.1,93.6,66.0,8.9,4.0,1.0,Yes,No,At Risk
ST08503,19,Male,Computer Science,82.0,61.4,66.6,60.6,4.1,3.42,3.0,Yes,Yes,Not At Risk
ST04695,19,Male,IT,65.5,62.0,69.7,54.9,2.2,3.05,6.0,Yes,Yes,At Risk
ST05936,21,Female,Computer Science,78.3,43.5,76.0,97.7,3.5,3.33,5.0,Yes,No,Not At Risk
ST05934,24,Female,Data Science,81.3,83.7,78.4,77.8,11.9,1.72,3.0,Yes,No,Not At Risk
ST09376,25,Male,Computer Science,82.7,46.6,77.5,55.3,4.3,2.87,7.0,Yes,No,Not At Risk
ST03944,24,Male,Software Engineering,72.0,80.0,58.2,86.2,15.8,2.13,3.0,Yes,No,Not At Risk
ST06196,20,Male,Computer Science,75.3,58.5,74.8,66.5,2.6,1.42,6.0,Yes,No,Not At Risk
ST00719,19,Female,IT,63.4,56.6,98.7,65.0,10.1,2.34,2.0,Yes,No,Not At Risk
ST09743,23,Male,Software Engineering,82.9,60.3,69.6,46.6,16.1,2.7,8.0,Yes,No,Not At Risk
ST03568,19,Female,Data Science,72.1,66.8,32.2,67.9,3.0,2.81,4.0,Yes,No,Not At Risk
ST00357,21,Female,IT,75.8,58.2,44.0,46.2,6.8,2.4,1.0,No,Yes,At Risk
ST04024,20,Female,Data Science,85.6,58.3,76.7,80.9,3.9,3.37,6.0,Yes,No,Not At Risk
ST06910,21,Female,Computer Science,83.9,71.7,46.8,57.4,2.6,4.0,7.0,Yes,No,Not At Risk
ST09734,19,Female,IT,97.4,86.1,23.9,38.5,15.2,2.79,2.0,Yes,Yes,Not At Risk
ST00012,18,Female,Computer Science,74.0,68.4,45.1,26.3,13.7,2.57,5.0,Yes,No,At Risk
ST09134,19,Female,Computer Science,77.3,44.3,51.8,55.7,1.6,1.76,2.0,Yes,No,Not At Risk
ST03908,22,Female,Computer Science,77.2,50.9,98.0,59.2,15.0,3.09,5.0,Yes,Yes,Not At Risk
ST06655,19,Female,Data Science,89.0,72.7,68.8,73.3,6.4,3.76,4.0,Yes,No,Not At Risk
ST05630,21,Male,IT,73.0,79.6,66.4,53.7,6.1,1.51,2.0,Yes,No,Not At Risk
ST06329,24,Male,Software Engineering,85.9,46.6,97.9,64.5,4.3,1.94,4.0,Yes,Yes,Not At Risk
ST09365,21,Male,Software Engineering,94.9,55.3,100.0,56.6,2.2,3.17,2.0,Yes,Yes,Not At Risk
ST06423,18,Female,IT,94.4,72.2,47.9,76.6,6.6,1.54,3.0,Yes,No,Not At Risk
ST01634,23,Female,Computer Science,70.5,74.5,66.0,50.0,2.6,2.68,7.0,Yes,No,Not At Risk
ST04541,23,Male,Data Science,64.0,56.8,56.2,37.3,21.6,2.1,6.0,Yes,Yes,At Risk
ST08614,21,Male,Software Engineering,72.8,85.5,81.1,66.2,3.2,2.89,2.0,Yes,No,Not At Risk
ST11638,24,Female,Computer Science,95.9,81.1,66.2,60.2,1.8,4.0,4.0,Yes,Yes,Not At Risk
ST10212,18,Female,Data Science,98.6,94.2,50.9,84.6,8.3,4.0,1.0,Yes,Yes,Not At Risk
ST02724,25,Male,Data Science,75.8,78.8,70.4,60.2,4.6,2.26,3.0,Yes,No,At Risk
ST05878,25,Female,IT,97.7,84.4,100.0,55.1,8.7,2.0,2.0,Yes,Yes,Not At Risk
ST03841,20,Female,Software Engineering,79.6,65.5,48.4,36.0,2.3,2.93,3.0,Yes,Yes,Not At Risk
ST03933,23,Female,Data Science,77.2,87.2,77.4,92.3,4.7,3.22,3.0,Yes,No,Not At Risk
ST08038,23,Female,Software Engineering,80.4,45.8,57.6,100.0,2.6,3.19,6.0,Yes,Yes,At Risk
ST09230,19,Female,IT,70.8,82.4,68.4,82.6,8.5,2.56,4.0,Yes,Yes,Not At Risk
ST07178,18,Female,IT,80.9,72.3,57.4,75.2,8.4,2.48,4.0,Yes,No,Not At Risk
ST08470,18,Male,Computer Science,85.0,84.6,55.7,63.0,6.4,3.12,4.0,Yes,Yes,Not At Risk
ST07621,18,Male,Computer Science,86.7,70.9,68.5,51.2,9.7,2.46,1.0,Yes,Yes,Not At Risk
ST01182,24,Male,Software Engineering,83.4,54.2,63.4,54.4,14.4,3.18,3.0,Yes,Yes,Not At Risk
ST01621,21,Male,Data Science,84.9,51.3,72.0,75.6,6.1,3.54,3.0,Yes,Yes,Not At Risk
ST05147,25,Male,Software Engineering,91.6,45.3,84.5,36.0,7.2,2.57,3.0,Yes,No,Not At Risk
ST04248,23,Male,IT,80.0,66.5,58.4,49.2,1.2,2.37,1.0,Yes,Yes,Not At Risk
ST02843,25,Female,IT,86.1,81.3,55.5,40.0,2.7,2.12,6.0,Yes,No,Not At Risk
ST03605,20,Female,IT,54.5,46.2,89.4,87.3,4.7,2.85,5.0,Yes,No,At Risk
ST04760,20,Female,Data Science,85.3,43.3,54.5,63.2,7.0,3.6,6.0,Yes,Yes,Not At Risk
ST10036,22,Female,Computer Science,83.8,93.9,45.2,52.7,5.4,3.4,4.0,,No,Not At Risk
ST06285,21,Female,Data Science,100.0,59.9,61.1,48.0,1.3,3.67,6.0,No,No,Not At Risk
ST08576,22,Male,IT,75.1,68.8,50.3,49.8,1.8,1.79,2.0,Yes,Yes,Not At Risk
ST11124,23,Female,Data Science,75.5,88.8,81.3,50.5,1.9,3.11,2.0,Yes,No,Not At Risk
ST10001,20,Male,Software Engineering,67.6,69.0,53.9,33.1,7.2,3.14,2.0,Yes,Yes,Not At Risk
ST01497,23,Female,Computer Science,61.9,58.5,55.4,89.7,25.0,3.26,5.0,Yes,Yes,Not At Risk
ST07572,25,Male,IT,72.5,56.7,53.2,61.6,8.7,3.54,2.0,Yes,No,Not At Risk
ST10133,22,Female,Software Engineering,81.7,50.9,86.9,100.0,5.6,2.61,2.0,Yes,Yes,Not At Risk
ST10347,23,Female,IT,82.1,55.8,89.6,93.3,7.7,3.25,3.0,Yes,No,Not At Risk
ST10303,20,Male,IT,97.6,72.0,73.8,35.0,5.9,3.72,3.0,Yes,No,At Risk
ST05561,18,Female,Software Engineering,91.4,56.9,40.2,61.8,13.1,2.73,3.0,Yes,No,Not At Risk
ST08452,21,Male,Software Engineering,100.0,50.8,79.6,36.8,2.2,1.5,1.0,No,Yes,Not At Risk
ST11854,22,Female,Software Engineering,68.5,73.4,55.5,56.3,7.1,3.13,4.0,Yes,No,Not At Risk
ST05494,21,Female,IT,98.3,58.1,89.9,44.8,7.1,2.5,4.0,No,No,Not At Risk
ST08987,23,Male,Software Engineering,83.6,58.9,100.0,58.9,13.1,1.49,6.0,Yes,Yes,Not At Risk
ST05515,25,Female,Software Engineering,68.7,62.8,75.8,81.0,12.2,3.33,4.0,Yes,No,Not At Risk
ST01032,25,Female,Computer Science,95.4,98.1,71.5,80.5,5.0,2.59,3.0,Yes,Yes,Not At Risk
ST06996,22,Male,Data Science,74.1,93.7,51.3,68.5,7.1,2.24,5.0,Yes,No,Not At Risk
ST09482,23,Male,Computer Science,84.9,90.8,54.8,82.2,4.8,3.45,3.0,Yes,Yes,Not At Risk
ST09661,20,Male,Computer Science,100.0,78.6,77.3,69.1,9.6,2.42,5.0,Yes,Yes,Not At Risk
ST09540,20,Male,Computer Science,89.0,48.5,55.8,57.7,4.9,2.25,2.0,Yes,Yes,Not At Risk
ST02318,21,Male,Software Engineering,71.5,68.0,65.9,45.8,6.1,3.2,3.0,Yes,Yes,At Risk
ST11644,19,Female,Computer Science,48.2,71.8,74.7,24.7,5.0,2.73,3.0,Yes,No,At Risk
ST02949,23,Female,Computer Science,74.8,69.1,77.4,58.8,3.6,3.02,3.0,Yes,No,Not At Risk
ST08860,19,Female,Software Engineering,55.9,64.5,55.8,90.1,6.2,2.94,5.0,Yes,Yes,At Risk
ST03495,19,Male,Computer Science,100.0,71.3,63.7,63.7,5.5,3.0,1.0,Yes,No,Not At Risk
ST04467,22,Male,Computer Science,78.3,92.2,62.9,80.5,3.9,3.24,6.0,Yes,No,Not At Risk
ST02906,19,Female,IT,85.6,58.2,69.1,73.5,3.9,2.88,2.0,Yes,No,At Risk
ST03188,18,Male,Computer Science,88.8,70.5,54.9,,9.7,2.33,0.0,Yes,No,Not At Risk
ST08988,21,Male,Software Engineering,96.7,81.0,75.0,42.6,14.4,2.02,3.0,Yes,Yes,Not At Risk
ST10784,19,female,IT,90.7,60.3,61.4,45.6,5.8,3.13,4.0,Yes,No,At Risk
ST01755,19,Female,IT,86.8,55.9,40.4,72.3,2.8,2.9,9.0,Yes,Yes,Not At Risk
ST03598,23,Female,Software Engineering,72.5,57.7,37.4,41.2,1.7,2.96,6.0,Yes,Yes,Not At Risk
ST10489,22,Male,Software Engineering,90.4,67.8,93.2,26.6,2.1,3.58,7.0,Yes,Yes,At Risk
ST07955,23,Female,Computer Science,74.0,37.2,74.9,56.3,3.4,3.84,4.0,Yes,Yes,Not At Risk
ST06350,18,Male,Computer Science,71.1,86.6,74.0,72.2,4.6,2.45,1.0,Yes,No,Not At Risk
ST06101,22,Male,Computer Science,79.5,56.7,61.4,49.2,3.1,2.29,6.0,Yes,Yes,Not At Risk
ST04932,19,Male,Computer Science,77.5,79.1,61.0,61.4,1.2,0.87,6.0,Yes,No,Not At Risk
ST06029,21,Female,Software Engineering,67.7,100.0,69.0,78.1,4.5,2.48,2.0,Yes,Yes,Not At Risk
ST03170,18,Male,Data Science,98.5,65.9,55.2,89.3,6.2,3.2,7.0,Yes,Yes,Not At Risk
ST05139,22,Female,Software Engineering,85.1,62.6,89.6,32.9,7.5,3.73,3.0,Yes,Yes,Not At Risk
ST00425,23,Female,Software Engineering,81.7,68.5,95.8,46.4,10.5,2.79,8.0,Yes,No,Not At Risk
ST00857,21,Female,Software Engineering,68.8,42.3,77.8,72.3,7.5,3.76,6.0,Yes,No,Not At Risk
ST00304,25,Female,Software Engineering,100.0,87.1,73.4,75.3,0.9,2.72,7.0,Yes,No,Not At Risk
ST10974,24,Male,Software Engineering,88.5,60.6,78.5,50.2,1.8,2.71,6.0,Yes,Yes,Not At Risk
ST10885,23,Female,Data Science,91.9,36.1,94.0,92.4,3.3,3.62,7.0,Yes,Yes,Not At Risk
ST06702,23,Female,IT,66.2,78.0,76.7,89.9,2.7,3.77,6.0,Yes,No,Not At Risk
ST06428,25,Female,Software Engineering,89.6,93.3,71.7,51.3,8.7,3.05,4.0,Yes,Yes,Not At Risk
ST07834,18,Male,Computer Science,74.3,69.9,88.3,85.8,1.6,3.34,4.0,Yes,No,Not At Risk
ST07872,19,Female,Software Engineering,85.0,69.4,54.3,,3.1,2.7,3.0,Yes,No,Not At Risk
ST00415,25,Male,IT,100.0,39.2,50.6,72.6,1.9,2.51,1.0,Yes,No,At Risk
ST09859,18,Female,Computer Science,83.2,90.5,97.5,70.7,1.0,3.68,2.0,No,No,Not At Risk
ST03846,23,Male,Data Science,100.0,75.7,64.7,50.6,5.3,3.0,2.0,Yes,Yes,Not At Risk
ST07929,18,Male,Data Science,75.9,61.3,59.4,90.5,8.3,2.1,4.0,Yes,Yes,Not At Risk
ST11828,20,Female,Data Science,69.6,77.5,62.5,81.0,18.7,3.79,3.0,Yes,Yes,Not At Risk
ST02857,20,Male,Data Science,100.0,83.8,60.4,91.3,4.4,3.19,2.0,Yes,Yes,Not At Risk
ST05015,19,Female,Computer Science,51.8,46.5,91.2,71.5,10.8,2.88,4.0,,Yes,Not At Risk
ST11250,18,Male,IT,78.0,66.5,72.8,65.0,6.5,2.22,4.0,Yes,No,Not At Risk
ST03692,18,Female,Software Engineering,90.4,77.6,36.1,46.0,11.2,2.37,3.0,Yes,Yes,Not At Risk
ST08185,22,Male,Software Engineering,80.0,78.8,60.5,44.1,3.6,2.84,4.0,Yes,Yes,Not At Risk
ST10138,18,Male,Data Science,62.5,74.7,91.9,77.7,5.7,2.9,5.0,Yes,No,Not At Risk
ST01303,24,Female,Computer Science,97.5,93.0,51.5,77.8,8.6,3.89,3.0,Yes,Yes,Not At Risk
ST01798,19,Male,Computer Science,40.4,93.9,25.7,83.6,3.7,3.14,2.0,Yes,Yes,Not At Risk
ST08216,21,Female,Software Engineering,79.7,93.7,62.3,28.9,5.1,1.74,6.0,No,No,Not At Risk
ST05121,18,Male,Computer Science,69.4,81.8,70.8,82.2,3.1,4.0,3.0,Yes,No,Not At Risk
ST03011,25,Male,IT,69.9,56.2,88.6,37.2,6.2,3.1,2.0,Yes,No,At Risk
ST10508,23,Female,Software Engineering,87.4,52.5,70.9,,4.4,2.6,4.0,Yes,Yes,Not At Risk
ST08343,18,Male,Computer Science,83.1,83.4,84.6,67.9,1.5,2.46,,Yes,Yes,Not At Risk
ST08811,22,Male,IT,70.2,95.4,84.6,36.2,6.7,2.89,4.0,,Yes,Not At Risk
ST09479,25,Female,,82.7,40.2,63.3,54.3,5.2,2.0,3.0,,Yes,Not At Risk
ST08063,25,Female,IT,87.1,44.6,56.8,75.4,9.2,3.0,2.0,Yes,No,Not At Risk
ST04764,20,Male,IT,91.6,89.2,65.1,30.0,9.1,3.16,8.0,Yes,No,Not At Risk
ST02812,22,Female,Computer Science,77.4,92.8,49.9,47.3,7.4,2.42,4.0,Yes,Yes,Not At Risk
ST04562,19,Male,IT,73.8,71.8,45.1,66.0,4.6,2.65,3.0,Yes,No,Not At Risk
ST04402,25,Male,IT,73.7,60.3,74.1,80.6,7.0,2.69,7.0,No,Yes,Not At Risk
ST10354,19,Female,IT,87.9,79.1,79.9,41.5,5.0,3.59,4.0,Yes,No,Not At Risk
ST11032,21,Female,Software Engineering,83.9,65.4,52.3,80.5,2.2,3.44,2.0,Yes,No,Not At Risk
ST00776,24,Female,Data Science,100.0,54.9,72.1,56.7,4.6,2.81,5.0,Yes,Yes,Not At Risk
ST01179,22,Male,IT,92.4,41.0,92.1,76.4,4.8,2.99,2.0,Yes,No,Not At Risk
ST01868,25,Female,Software Engineering,100.0,100.0,84.3,77.5,4.0,3.56,3.0,Yes,Yes,Not At Risk
ST00383,20,Female,Computer Science,97.7,27.4,71.5,51.9,10.4,2.26,6.0,Yes,No,Not At Risk
ST08532,23,Male,IT,75.9,84.3,62.3,56.1,4.2,1.44,,Yes,No,Not At Risk
ST01723,21,Female,Data Science,74.6,65.1,69.9,71.1,4.3,3.87,4.0,Yes,Yes,Not At Risk
ST05556,21,Female,IT,90.1,78.4,73.5,96.6,3.6,2.35,7.0,Yes,Yes,Not At Risk
ST09340,18,Male,IT,81.2,93.5,59.0,81.6,6.6,3.69,4.0,Yes,No,Not At Risk
ST05525,24,Female,Software Engineering,60.6,75.2,56.9,60.5,1.0,3.27,5.0,Yes,No,Not At Risk
ST10185,18,Female,Computer Science,59.8,64.3,40.2,53.4,5.7,4.0,4.0,Yes,No,At Risk
ST06470,20,Male,IT,95.1,58.3,58.6,73.7,3.3,2.03,8.0,,Yes,Not At Risk
ST09952,25,Male,Software Engineering,70.4,56.5,69.5,90.4,4.1,3.1,4.0,Yes,No,Not At Risk
ST04399,20,Female,Software Engineering,85.2,49.2,52.7,58.7,11.5,3.12,6.0,Yes,No,Not At Risk
ST06078,21,Male,IT,94.5,55.9,58.7,50.4,8.1,3.8,6.0,Yes,Yes,Not At Risk
ST03630,23,Female,Computer Science,67.4,68.4,100.0,27.4,1.9,2.63,4.0,Yes,No,At Risk
ST04077,19,Male,Computer Science,94.3,71.0,52.6,73.9,7.5,3.03,2.0,Yes,Yes,Not At Risk
ST10798,21,Male,Data Science,89.2,68.1,73.9,75.2,2.6,1.67,2.0,Yes,No,Not At Risk
ST04729,22,Female,Computer Science,84.9,77.0,81.2,95.5,2.3,2.57,4.0,Yes,Yes,Not At Risk
ST01263,19,Female,IT,80.7,44.3,61.0,67.9,7.0,3.45,5.0,Yes,No,Not At Risk
ST00162,18,Female,IT,64.3,77.9,75.1,49.5,4.0,3.25,4.0,Yes,No,At Risk
ST02099,19,Male,Software Engineering,77.9,73.5,41.6,96.0,2.1,3.52,3.0,Yes,No,Not At Risk
ST09050,24,Male,IT,98.9,83.5,50.2,78.6,7.5,2.82,2.0,Yes,No,Not At Risk
ST09294,24,Male,Computer Science,70.3,82.2,64.4,63.0,5.7,3.4,4.0,Yes,No,Not At Risk
ST02201,19,Female,IT,77.6,66.6,95.8,50.7,13.1,3.39,2.0,No,Yes,Not At Risk
ST00702,20,Female,Data Science,86.8,73.5,92.2,83.1,3.6,2.26,6.0,Yes,No,Not At Risk
ST07931,20,Male,IT,73.1,66.8,59.0,75.4,4.9,4.0,2.0,No,Yes,Not At Risk
ST03545,25,Male,Data Science,81.6,84.8,77.5,75.4,3.4,2.67,4.0,Yes,No,Not At Risk
ST04554,19,Female,Software Engineering,86.2,47.5,52.3,32.1,6.3,2.89,7.0,Yes,No,Not At Risk
ST01333,23,Male,Software Engineering,100.0,51.2,61.5,68.2,6.0,3.18,5.0,,No,Not At Risk
ST04771,23,Female,Computer Science,85.7,76.5,74.6,56.6,6.6,3.32,3.0,Yes,Yes,Not At Risk
ST07131,20,Male,Software Engineering,76.2,96.8,94.7,85.1,6.0,3.2,8.0,Yes,No,Not At Risk
ST01306,20,Male,Software Engineering,100.0,70.6,55.9,56.5,4.2,2.56,5.0,,No,Not At Risk
ST04376,20,Female,Computer Science,59.2,78.6,54.1,52.2,5.2,2.69,2.0,Yes,Yes,Not At Risk
ST09751,18,Male,Data Science,61.3,83.3,64.1,55.1,4.8,3.44,3.0,Yes,No,Not At Risk
ST01374,20,Male,Computer Science,100.0,49.2,89.3,56.9,4.2,2.6,2.0,Yes,Yes,Not At Risk
ST00163,23,Female,Computer Science,100.0,69.1,62.1,53.4,5.3,2.0,5.0,Yes,No,Not At Risk
ST06452,23,Male,Software Engineering,63.8,76.7,38.4,49.6,10.7,3.31,2.0,Yes,Yes,Not At Risk
ST02323,21,Male,IT,73.9,70.1,60.6,47.1,4.5,3.0,3.0,Yes,No,Not At Risk
ST02536,25,Male,Computer Science,83.8,64.4,65.5,58.1,5.0,3.17,2.0,Yes,No,Not At Risk
ST05316,20,Male,IT,92.6,83.5,57.8,86.4,2.1,2.98,3.0,Yes,Yes,Not At Risk
ST10281,20,Male,Computer Science,72.1,44.9,63.4,56.7,9.9,2.59,6.0,Yes,Yes,Not At Risk
ST02025,21,Female,IT,72.1,69.3,71.9,58.3,6.5,2.26,2.0,Yes,Yes,Not At Risk
ST00492,22,Male,Software Engineering,91.4,68.5,70.8,43.9,3.5,1.79,5.0,Yes,No,Not At Risk
ST01117,23,Female,Data Science,100.0,93.5,89.9,35.3,3.2,1.95,1.0,Yes,Yes,Not At Risk
ST08126,21,Male,Software Engineering,74.2,56.4,82.8,94.7,12.5,3.7,6.0,Yes,Yes,Not At Risk
ST06994,21,Male,IT,61.0,51.9,61.6,71.2,11.2,2.58,5.0,Yes,Yes,Not At Risk
ST01213,25,Male,Software Engineering,94.9,85.2,60.6,52.4,2.5,3.07,5.0,Yes,No,Not At Risk
ST10324,18,Female,Computer Science,75.7,45.3,83.8,64.5,8.3,2.21,2.0,Yes,Yes,At Risk
ST06370,23,Female,Software Engineering,89.9,72.6,75.0,85.8,4.5,3.78,3.0,Yes,No,Not At Risk
ST09800,24,Female,Computer Science,98.0,95.0,82.2,73.7,16.4,3.86,2.0,Yes,No,Not At Risk
ST08232,21,Male,Computer Science,100.0,67.5,50.5,72.0,11.8,3.38,4.0,Yes,No,Not At Risk
ST00230,21,Female,Computer Science,91.1,73.6,68.9,67.2,6.4,2.62,5.0,Yes,Yes,Not At Risk
ST01503,24,Male,Data Science,76.0,76.6,61.5,70.8,5.1,3.22,5.0,Yes,No,Not At Risk
ST04956,25,Male,Computer Science,70.8,90.3,75.5,100.0,2.8,2.41,2.0,Yes,No,Not At Risk
ST10463,22,Female,Computer Science,76.3,75.8,68.5,72.3,9.8,3.22,9.0,Yes,No,Not At Risk
ST07679,23,Male,Computer Science,100.0,71.5,51.5,72.4,2.3,2.84,3.0,Yes,Yes,Not At Risk
ST10613,24,Male,Software Engineering,66.6,71.6,52.9,77.3,3.4,3.01,4.0,No,Yes,Not At Risk
ST00035,20,Male,Data Science,88.4,93.5,54.1,43.7,5.2,4.0,3.0,Yes,Yes,Not At Risk
ST04221,21,Female,IT,81.6,77.4,50.1,53.0,6.0,1.47,4.0,Yes,Yes,Not At Risk
ST09778,19,Female,Data Science,89.7,63.4,80.4,94.9,4.5,2.05,11.0,Yes,No,Not At Risk
ST02327,20,Female,Computer Science,99.9,76.7,68.6,68.2,3.2,3.05,3.0,Yes,No,Not At Risk
ST00253,22,Male,Computer Science,86.2,75.2,96.0,50.1,13.1,2.1,1.0,Yes,No,Not At Risk
ST08079,19,Male,Software Engineering,98.4,49.2,79.2,37.8,3.8,1.12,8.0,Yes,Yes,At Risk
ST01021,21,Male,Software Engineering,64.1,52.8,65.0,53.3,3.2,3.12,6.0,Yes,No,At Risk
ST00688,24,Male,Software Engineering,99.0,60.7,73.2,30.9,3.6,4.0,1.0,No,Yes,Not At Risk
ST05883,18,Male,Data Science,73.4,49.7,60.3,59.5,2.4,2.88,7.0,Yes,Yes,At Risk
ST02734,21,Male,Computer Science,79.3,45.9,76.2,63.1,2.0,1.92,3.0,Yes,Yes,Not At Risk
ST01968,23,Female,Computer Science,94.7,55.4,48.0,44.9,2.1,3.75,2.0,Yes,No,At Risk
ST10332,20,Female,Computer Science,100.0,69.7,56.9,73.4,9.7,2.77,4.0,Yes,No,Not At Risk
ST03197,22,Male,IT,81.7,77.2,76.6,78.7,5.8,3.96,5.0,Yes,Yes,Not At Risk
ST00696,23,Female,Data Science,78.8,85.8,64.1,63.3,4.5,4.0,3.0,Yes,No,Not At Risk
ST11603,18,Male,IT,82.0,43.1,61.7,81.9,11.8,4.0,3.0,Yes,No,At Risk
ST02206,18,Female,Software Engineering,84.4,50.4,50.4,70.8,6.2,2.89,4.0,Yes,No,Not At Risk
ST04922,24,Female,Computer Science,69.4,72.8,83.7,80.1,5.3,2.02,3.0,Yes,No,Not At Risk
ST10722,19,Male,Computer Science,82.6,75.3,73.4,77.9,11.5,2.17,2.0,No,Yes,Not At Risk
ST01555,24,Female,Software Engineering,63.5,72.2,56.7,77.2,13.2,1.95,1.0,Yes,No,Not At Risk
ST00341,23,Female,Software Engineering,84.2,62.3,85.1,48.5,7.9,4.0,5.0,No,Yes,Not At Risk
ST03470,19,Female,IT,86.2,66.2,67.1,60.6,10.9,1.51,1.0,Yes,No,At Risk
ST03342,22,Male,Computer Science,74.4,76.8,78.1,32.2,1.9,3.4,6.0,Yes,No,Not At Risk
ST08489,24,Female,Data Science,90.2,62.8,46.1,43.0,1.7,2.75,3.0,Yes,No,Not At Risk
ST11216,19,Female,Software Engineering,83.2,67.4,59.6,73.9,5.0,2.96,5.0,Yes,Yes,Not At Risk
ST03169,19,Male,Software Engineering,75.6,59.0,72.1,60.9,2.2,2.24,2.0,Yes,No,Not At Risk
ST01161,19,Male,Software Engineering,72.4,72.9,71.0,65.4,9.4,2.6,4.0,Yes,No,Not At Risk
ST03601,21,Male,Software Engineering,81.0,100.0,51.6,58.0,7.1,3.21,3.0,Yes,No,Not At Risk
ST01879,22,Male,Software Engineering,99.0,72.5,80.3,80.1,1.5,4.0,5.0,Yes,Yes,Not At Risk
ST01973,20,Female,Computer Science,87.5,64.8,49.5,71.4,4.1,2.05,3.0,Yes,Yes,Not At Risk
ST00894,21,Male,Data Science,71.4,62.2,84.4,52.0,7.0,2.38,5.0,Yes,No,Not At Risk
ST10736,23,Male,IT,71.5,64.7,59.6,48.0,0.9,3.08,3.0,Yes,Yes,Not At Risk
ST05058,23,Male,Software Engineering,69.3,49.6,60.4,79.5,4.9,2.37,6.0,Yes,No,Not At Risk
ST03502,23,Female,Software Engineering,86.7,72.7,93.6,81.4,4.3,2.44,5.0,Yes,No,Not At Risk
ST06593,18,Female,Data Science,91.1,34.2,72.2,65.2,19.1,2.54,3.0,Yes,No,Not At Risk
ST05260,24,Male,Data Science,87.6,77.3,57.1,49.4,1.9,3.78,7.0,Yes,Yes,Not At Risk
ST07112,25,Male,Computer Science,85.3,78.7,65.1,96.4,2.3,2.73,3.0,Yes,Yes,Not At Risk
ST11188,21,Female,IT,78.0,49.4,77.0,41.6,3.3,2.71,3.0,Yes,Yes,Not At Risk
ST01044,20,female,Data Science,90.0,59.7,58.3,93.3,0.8,2.82,3.0,Yes,No,Not At Risk
ST02436,25,Female,Data Science,89.7,65.8,47.6,59.2,5.5,3.53,10.0,Yes,Yes,Not At Risk
ST06680,21,Female,Software Engineering,78.8,51.0,51.4,52.4,5.0,3.25,4.0,Yes,Yes,Not At Risk
ST04810,25,Female,IT,82.3,48.8,43.3,73.0,7.3,2.67,2.0,Yes,No,Not At Risk
ST07902,18,Female,IT,88.4,66.0,61.0,50.6,14.3,4.0,5.0,Yes,Yes,Not At Risk
ST02161,24,Female,Data Science,92.0,83.9,58.8,71.3,7.3,2.19,4.0,Yes,Yes,Not At Risk
ST02475,22,Female,Software Engineering,87.5,47.3,62.6,84.4,6.1,2.91,5.0,Yes,No,Not At Risk
ST09549,22,Male,Data Science,99.7,72.3,49.4,98.2,9.3,2.62,9.0,Yes,Yes,Not At Risk
ST06888,24,Male,IT,78.5,78.5,78.5,33.5,3.3,2.32,4.0,Yes,Yes,At Risk
ST00968,23,Male,Computer Science,84.4,87.6,97.2,85.5,3.6,3.48,7.0,Yes,No,Not At Risk
ST05215,22,Female,Computer Science,78.7,62.7,76.2,92.8,4.2,3.16,1.0,Yes,Yes,Not At Risk
ST00605,24,Male,Computer Science,100.0,72.7,66.6,50.0,2.7,3.04,1.0,Yes,Yes,Not At Risk
ST09690,19,Male,Software Engineering,100.0,61.5,66.6,85.4,14.4,3.56,3.0,Yes,Yes,Not At Risk
ST00927,21,Female,Computer Science,65.0,70.0,73.4,60.7,4.2,3.79,3.0,Yes,Yes,Not At Risk
ST02899,19,Female,Software Engineering,66.1,43.5,45.0,62.2,7.3,2.57,4.0,Yes,Yes,Not At Risk
ST02704,25,Female,Computer Science,67.8,57.4,63.6,58.6,6.7,3.52,2.0,Yes,No,Not At Risk
ST10155,18,Male,Software Engineering,87.7,75.1,90.6,60.5,6.8,2.77,1.0,Yes,No,Not At Risk
ST02019,24,Male,Computer Science,79.6,82.2,67.5,67.9,1.7,2.26,7.0,Yes,No,Not At Risk
ST09582,20,Male,IT,80.8,69.5,63.0,79.0,2.8,2.17,4.0,No,Yes,Not At Risk
ST08165,18,Female,Computer Science,69.2,85.8,84.3,76.7,4.4,4.0,4.0,Yes,No,Not At Risk
ST00587,23,Female,IT,85.2,95.2,77.2,66.7,6.2,2.83,3.0,Yes,Yes,Not At Risk
ST09909,22,Male,IT,83.6,74.3,67.0,44.9,2.2,2.08,5.0,Yes,No,Not At Risk
ST01346,24,Female,IT,63.0,92.8,70.2,54.7,6.3,3.66,12.0,Yes,No,Not At Risk
ST01852,21,Male,Computer Science,100.0,72.0,34.8,67.8,4.6,3.29,2.0,Yes,No,Not At Risk
ST03922,18,Female,Computer Science,82.4,78.8,75.6,58.8,1.1,3.75,4.0,Yes,No,Not At Risk
ST08387,19,Male,Computer Science,79.5,78.4,37.2,58.7,7.9,2.77,4.0,Yes,No,Not At Risk
ST08583,25,Female,Data Science,64.3,40.9,36.5,50.3,2.0,3.24,3.0,Yes,Yes,At Risk
ST06923,21,Male,IT,87.2,33.5,99.2,41.9,3.8,3.19,8.0,Yes,Yes,At Risk
ST05958,18,Female,Computer Science,100.0,55.9,41.1,51.0,4.7,2.83,1.0,Yes,Yes,At Risk
ST10754,18,Female,Computer Science,81.9,69.4,66.1,,2.4,2.43,7.0,Yes,No,Not At Risk
ST03779,25,Male,Computer Science,80.9,65.3,74.0,80.7,8.1,4.0,5.0,Yes,Yes,Not At Risk
ST01130,20,Male,Data Science,88.6,78.1,100.0,83.1,7.6,2.86,4.0,Yes,No,Not At Risk
ST02022,23,Male,Data Science,95.4,52.9,71.1,48.5,6.9,3.15,2.0,Yes,Yes,Not At Risk
ST03148,25,Female,Data Science,80.3,46.2,74.4,65.0,6.4,2.4,5.0,Yes,Yes,Not At Risk
ST09548,24,Male,Software Engineering,71.8,61.8,64.6,32.2,6.1,3.56,3.0,Yes,Yes,Not At Risk
ST08094,21,Female,Computer Science,70.8,70.2,90.1,21.3,4.4,2.91,10.0,Yes,Yes,At Risk
ST06159,21,Female,IT,59.1,57.2,39.2,64.8,2.4,2.38,3.0,Yes,No,At Risk
ST01863,24,Female,Computer Science,83.5,68.5,100.0,45.4,4.7,2.61,4.0,Yes,Yes,At Risk
ST07345,19,Male,IT,71.3,65.5,77.6,70.4,3.6,2.66,2.0,Yes,Yes,Not At Risk
ST08469,22,Male,Software Engineering,78.3,56.4,54.5,72.4,5.3,2.37,7.0,Yes,No,Not At Risk
ST03854,18,Female,IT,83.8,58.9,21.6,64.5,2.6,3.45,3.0,Yes,Yes,Not At Risk
ST10982,23,Male,Data Science,82.4,67.2,59.3,48.0,7.5,3.61,1.0,Yes,No,At Risk
ST04408,20,Female,Software Engineering,73.2,75.4,23.1,91.5,2.2,2.98,3.0,No,No,Not At Risk
ST02937,22,Female,IT,78.5,79.7,66.3,,4.1,2.23,6.0,Yes,No,Not At Risk
ST11972,19,Male,Computer Science,73.7,69.2,61.7,70.7,4.9,3.23,7.0,Yes,Yes,Not At Risk
ST08485,23,Male,Software Engineering,68.6,71.9,31.5,39.4,9.0,3.38,5.0,Yes,No,At Risk
ST01551,19,Male,Computer Science,97.9,53.7,44.0,79.2,5.9,2.34,7.0,No,No,Not At Risk
ST08535,18,Female,IT,77.3,32.4,84.6,67.8,4.8,2.66,2.0,Yes,No,Not At Risk
ST03998,22,Female,Software Engineering,98.9,62.3,89.5,50.0,8.2,3.08,1.0,Yes,Yes,Not At Risk
ST04218,25,Male,IT,80.2,82.8,61.8,49.6,7.6,2.5,5.0,Yes,No,At Risk
ST01623,19,Female,Software Engineering,89.4,53.0,56.0,63.5,13.8,3.98,1.0,Yes,Yes,Not At Risk
ST04157,20,Female,Computer Science,81.7,74.5,69.0,78.1,3.2,3.28,5.0,Yes,Yes,Not At Risk
ST07046,19,Female,IT,99.6,53.2,51.2,72.1,8.7,2.59,4.0,Yes,No,Not At Risk
ST09240,25,Male,Computer Science,83.2,89.7,90.8,77.0,3.1,2.8,4.0,Yes,No,Not At Risk
ST10678,24,Female,Software Engineering,92.8,85.8,60.0,100.0,7.3,2.73,5.0,Yes,No,Not At Risk
ST08726,19,Male,Computer Science,84.7,46.9,89.9,74.3,17.5,3.22,1.0,Yes,No,Not At Risk
ST01466,25,Female,Software Engineering,66.9,68.1,83.0,66.3,2.9,2.48,4.0,Yes,Yes,Not At Risk
ST10151,22,Female,Computer Science,71.5,55.8,75.6,35.3,4.3,3.14,9.0,Yes,No,At Risk
ST08596,21,Male,Computer Science,67.7,53.9,70.6,96.2,2.7,1.97,7.0,Yes,No,Not At Risk
ST10140,25,Male,Software Engineering,76.1,90.5,80.1,56.2,3.8,3.05,4.0,Yes,No,Not At Risk
ST02257,25,Male,IT,94.7,79.8,74.0,71.0,6.2,2.27,3.0,Yes,Yes,Not At Risk
ST02969,18,Female,Data Science,72.0,49.7,67.6,71.7,3.5,2.35,2.0,Yes,Yes,Not At Risk
ST09830,18,Male,IT,85.6,64.6,38.5,50.5,8.8,3.97,3.0,Yes,No,Not At Risk
ST10479,21,Female,IT,91.2,74.6,62.2,66.3,3.5,2.94,3.0,Yes,Yes,Not At Risk
ST11433,24,Male,Computer Science,56.6,67.4,53.9,41.6,2.7,2.9,6.0,Yes,Yes,At Risk
ST00765,21,Female,Data Science,86.2,49.6,57.3,66.1,5.2,1.35,4.0,Yes,No,Not At Risk
ST00801,19,Female,Software Engineering,82.8,62.3,84.0,41.5,5.2,3.04,2.0,Yes,Yes,Not At Risk
ST04377,24,Female,IT,80.9,42.5,90.0,24.3,12.7,2.87,3.0,Yes,Yes,Not At Risk
ST02242,25,Female,IT,80.6,59.0,63.2,38.0,7.0,2.17,2.0,Yes,Yes,Not At Risk
ST01959,18,Male,IT,94.6,78.1,50.1,65.9,8.6,2.16,3.0,Yes,Yes,Not At Risk
ST01716,21,Male,Computer Science,92.8,72.2,38.6,65.4,8.2,3.45,7.0,Yes,No,Not At Risk
ST03789,24,Female,Data Science,78.8,52.7,80.5,,7.0,3.27,3.0,Yes,No,Not At Risk
ST06209,20,Male,Software Engineering,63.0,68.2,38.4,68.5,4.5,2.9,0.0,Yes,No,Not At Risk
ST09013,18,Female,Computer Science,98.4,98.7,71.3,77.4,14.2,3.32,6.0,Yes,No,Not At Risk
ST10217,21,Female,Software Engineering,75.6,63.9,74.3,30.9,5.2,3.82,3.0,Yes,No,At Risk
ST04617,25,Female,,82.0,57.2,60.3,79.6,0.2,1.8,4.0,Yes,Yes,Not At Risk
ST04388,24,Male,IT,77.6,60.5,70.5,78.6,7.3,2.52,7.0,Yes,No,Not At Risk
ST09768,18,Male,IT,74.2,81.3,52.5,58.9,3.1,2.54,5.0,Yes,No,Not At Risk
ST05811,20,Female,IT,75.8,83.1,69.4,77.1,7.3,1.59,5.0,Yes,No,Not At Risk
ST06962,23,Female,Computer Science,83.3,67.5,100.0,55.7,9.6,3.63,2.0,Yes,No,Not At Risk
ST05614,22,Female,IT,65.6,64.0,66.9,62.1,6.7,2.45,4.0,Yes,Yes,Not At Risk
ST03822,20,Female,IT,68.0,54.9,81.5,72.4,1.1,2.31,7.0,No,Yes,At Risk
ST04456,19,Male,IT,69.4,62.3,75.5,65.3,5.5,3.03,3.0,Yes,No,Not At Risk
ST00593,24,Female,IT,80.3,67.9,67.8,81.1,11.8,3.04,4.0,Yes,No,Not At Risk
ST11899,23,Male,Computer Science,92.9,44.2,18.2,42.4,3.5,3.9,5.0,Yes,Yes,Not At Risk
ST07675,18,Female,Computer Science,76.3,88.0,84.7,76.5,7.3,2.32,4.0,No,Yes,Not At Risk
ST04385,21,Female,Data Science,100.0,61.0,64.4,61.8,3.4,2.02,5.0,Yes,No,Not At Risk
ST08458,21,Female,Software Engineering,88.5,46.8,81.7,63.2,9.8,3.14,7.0,Yes,Yes,At Risk
ST00447,25,Male,Software Engineering,87.4,67.7,45.8,57.2,4.0,3.1,4.0,Yes,No,Not At Risk
ST06066,18,Male,Computer Science,89.1,44.8,85.3,48.8,6.8,3.48,7.0,Yes,No,Not At Risk
ST09534,24,Male,Computer Science,63.2,85.1,73.2,39.8,7.3,3.4,3.0,Yes,No,At Risk
ST09250,19,Male,IT,76.7,57.4,46.4,74.7,3.9,2.77,3.0,Yes,Yes,At Risk
ST01639,22,Male,IT,92.0,67.2,69.3,,0.8,3.06,6.0,Yes,No,Not At Risk
ST04635,25,Female,Data Science,70.0,55.0,82.1,34.8,7.0,3.44,3.0,Yes,Yes,Not At Risk
ST03803,20,Female,Computer Science,80.0,58.4,81.3,98.2,4.5,2.77,4.0,Yes,No,Not At Risk
ST09274,22,Female,Computer Science,91.7,36.0,74.2,91.3,4.2,2.66,1.0,Yes,No,Not At Risk
ST07027,24,Female,Software Engineering,85.9,89.4,82.1,47.8,4.1,2.44,5.0,Yes,Yes,Not At Risk
ST09850,20,Male,IT,91.3,66.3,62.2,70.1,4.3,4.0,6.0,Yes,No,Not At Risk
ST06737,19,Female,Computer Science,100.0,58.6,67.1,64.7,6.2,2.64,1.0,Yes,No,Not At Risk
ST06294,20,Male,Computer Science,90.1,70.4,41.6,79.3,12.2,2.53,4.0,Yes,Yes,Not At Risk
ST07781,24,Male,Data Science,86.0,70.2,66.1,71.9,3.8,2.35,4.0,Yes,Yes,Not At Risk
ST07495,21,Male,Data Science,79.5,65.2,52.4,100.0,10.7,2.81,5.0,Yes,Yes,Not At Risk
ST05020,22,Female,Data Science,85.5,85.1,72.5,52.7,5.8,2.1,3.0,Yes,Yes,Not At Risk
ST09910,22,Female,Computer Science,100.0,67.7,38.8,57.8,4.6,2.66,6.0,Yes,Yes,Not At Risk
ST03309,21,Female,Computer Science,73.8,51.6,55.8,39.5,4.1,3.35,3.0,Yes,Yes,Not At Risk
ST03737,25,Male,IT,77.1,65.1,47.4,38.9,5.0,3.77,2.0,Yes,Yes,Not At Risk
ST04839,25,Male,Software Engineering,72.2,72.3,83.3,47.9,5.2,4.0,4.0,Yes,Yes,Not At Risk
ST09827,24,Female,Software Engineering,88.3,85.5,33.3,81.8,9.9,1.01,3.0,Yes,No,Not At Risk
ST01689,23,Female,Computer Science,96.5,81.0,50.2,55.2,1.5,1.41,3.0,Yes,No,Not At Risk
ST00788,25,Female,IT,68.9,85.0,69.8,48.9,2.6,2.68,0.0,No,No,Not At Risk
ST00219,21,Female,IT,85.3,59.1,77.9,73.1,1.9,2.49,2.0,Yes,No,Not At Risk
ST03588,20,Male,Computer Science,100.0,85.9,82.2,73.3,2.7,2.46,6.0,Yes,Yes,Not At Risk
ST06168,19,Female,IT,74.0,45.8,67.7,46.9,17.4,3.25,2.0,Yes,Yes,At Risk
ST10316,20,Female,Data Science,69.7,75.5,79.2,65.9,3.1,3.51,4.0,Yes,Yes,Not At Risk
ST01654,24,Male,Computer Science,88.2,71.5,61.8,56.5,5.6,3.82,1.0,Yes,Yes,Not At Risk
ST09095,25,Male,Software Engineering,85.9,71.1,65.1,75.4,2.9,2.17,0.0,Yes,No,Not At Risk
ST04330,20,Male,Computer Science,82.7,84.9,91.0,50.9,5.7,2.1,2.0,Yes,No,Not At Risk
ST01078,21,Female,Computer Science,100.0,39.0,92.2,22.3,10.8,3.6,4.0,Yes,No,Not At Risk
ST03485,18,Male,Data Science,66.3,47.8,87.7,78.3,4.8,2.62,4.0,Yes,No,Not At Risk
ST01408,22,Male,Computer Science,90.5,75.8,51.5,76.7,9.8,2.12,2.0,Yes,No,Not At Risk
ST01362,21,Male,Software Engineering,67.0,70.9,46.8,40.1,15.2,3.65,10.0,Yes,Yes,Not At Risk
ST03831,25,Female,IT,74.3,43.4,64.0,29.4,4.4,2.82,4.0,Yes,Yes,Not At Risk
ST01802,19,Female,IT,72.4,72.0,66.0,74.4,4.4,3.14,6.0,Yes,No,Not At Risk
ST03225,22,Female,IT,91.9,81.1,63.7,51.5,5.3,3.64,1.0,No,Yes,Not At Risk
ST02159,20,Male,Software Engineering,92.4,76.2,62.0,34.0,3.5,2.63,3.0,Yes,No,Not At Risk
ST00763,24,Male,Computer Science,72.8,100.0,42.3,61.9,5.6,2.83,8.0,Yes,Yes,Not At Risk
ST08175,23,Male,IT,79.7,55.1,73.0,77.0,5.3,2.32,2.0,Yes,Yes,Not At Risk
ST07442,21,Male,IT,84.2,62.5,57.5,38.8,3.7,3.15,6.0,Yes,No,Not At Risk
ST02467,21,Male,Data Science,71.8,55.5,66.0,52.6,2.6,1.59,8.0,Yes,Yes,Not At Risk
ST08704,21,Female,Software Engineering,92.2,66.1,80.8,86.8,4.4,3.01,,Yes,Yes,Not At Risk
ST06970,24,Male,IT,82.4,75.9,61.3,67.9,4.5,2.62,3.0,Yes,No,Not At Risk
ST06572,19,Female,Data Science,81.6,85.6,74.8,59.7,6.6,2.2,4.0,Yes,No,Not At Risk
ST07566,24,Female,Software Engineering,77.8,49.4,89.8,81.0,2.4,3.31,6.0,Yes,No,Not At Risk
ST11370,19,Female,Data Science,73.3,60.5,71.8,63.4,6.6,3.3,4.0,Yes,No,Not At Risk
ST09062,18,Female,Computer Science,83.7,61.2,25.9,67.0,8.8,2.9,2.0,Yes,No,Not At Risk
ST03760,19,Male,IT,85.9,100.0,67.4,68.7,5.9,3.27,5.0,Yes,Yes,Not At Risk
ST08714,22,Female,Computer Science,100.0,59.2,68.0,50.3,3.4,2.36,4.0,Yes,Yes,Not At Risk
ST09595,24,Male,Data Science,93.2,65.1,62.6,57.5,4.6,3.57,2.0,Yes,Yes,Not At Risk
ST04184,20,Male,Computer Science,71.6,65.3,70.3,75.9,3.9,2.08,4.0,Yes,No,Not At Risk
ST05661,20,Male,Software Engineering,77.2,82.1,94.4,66.9,12.2,2.63,2.0,Yes,No,Not At Risk
ST06443,25,Female,Computer Science,85.0,69.3,74.9,62.4,7.0,3.12,5.0,Yes,No,Not At Risk
ST01214,25,Female,IT,99.2,64.8,45.9,62.1,2.5,2.52,5.0,Yes,Yes,Not At Risk
ST00797,19,Male,Software Engineering,75.8,52.9,57.7,25.6,6.3,2.89,2.0,Yes,No,Not At Risk
ST11753,19,Male,Data Science,79.8,74.8,38.6,65.7,5.2,2.72,3.0,Yes,Yes,Not At Risk
ST00726,21,Female,IT,72.7,60.8,93.9,94.0,6.2,3.24,6.0,Yes,No,Not At Risk
ST05689,22,Female,Computer Science,83.7,73.2,38.6,69.9,2.6,1.93,,Yes,No,Not At Risk
ST11472,21,Male,IT,95.6,64.2,92.5,85.2,2.8,3.0,5.0,Yes,No,Not At Risk
ST01700,24,Male,Data Science,91.3,63.2,39.9,76.0,5.4,2.47,5.0,Yes,No,Not At Risk
ST00543,20,Male,IT,85.6,80.3,55.7,69.9,5.0,3.87,3.0,Yes,No,Not At Risk
ST03181,24,Male,Software Engineering,51.8,49.9,64.5,63.7,2.9,3.31,3.0,No,Yes,Not At Risk
ST06769,25,Female,Computer Science,84.3,35.0,56.4,42.9,5.3,3.53,5.0,Yes,Yes,At Risk
ST05575,25,Male,Software Engineering,75.5,43.1,48.2,44.2,9.0,1.44,4.0,Yes,Yes,Not At Risk
ST02118,24,Female,Data Science,77.5,38.5,66.2,66.1,3.9,2.54,3.0,Yes,Yes,At Risk
ST00807,20,Female,Computer Science,89.7,65.7,52.0,35.9,10.0,3.47,4.0,No,No,Not At Risk
ST05179,22,Female,Data Science,95.3,54.5,81.7,64.2,3.8,3.62,3.0,Yes,Yes,Not At Risk
ST03699,18,Male,Software Engineering,63.9,60.2,66.1,47.9,6.7,2.9,2.0,Yes,Yes,Not At Risk
ST02046,25,Male,Software Engineering,75.9,75.0,68.7,67.1,4.3,2.22,3.0,Yes,No,Not At Risk
ST08447,22,Male,Data Science,80.8,61.9,37.1,30.5,2.7,1.93,6.0,Yes,Yes,Not At Risk
ST04862,18,Female,Software Engineering,99.1,67.9,90.3,65.6,3.2,2.65,6.0,Yes,No,Not At Risk
ST06064,25,Male,Software Engineering,69.3,70.0,76.1,76.5,4.6,4.0,6.0,Yes,No,Not At Risk
ST11042,18,Female,Software Engineering,92.2,64.3,67.8,62.5,4.3,3.57,6.0,Yes,No,Not At Risk
ST07063,23,Male,Software Engineering,79.4,86.8,75.7,42.7,7.2,2.7,4.0,Yes,Yes,Not At Risk
ST10761,23,Male,IT,77.0,64.2,55.5,36.4,5.7,2.79,3.0,Yes,No,Not At Risk
ST01527,23,Female,Data Science,82.7,79.8,88.8,59.9,8.8,4.0,4.0,Yes,No,Not At Risk
ST07620,24,Male,Software Engineering,80.7,100.0,47.5,57.4,3.8,4.0,3.0,Yes,Yes,Not At Risk
ST02737,18,Female,Computer Science,84.8,71.2,42.9,64.7,3.8,3.57,3.0,Yes,No,Not At Risk
ST07865,23,Male,IT,82.9,60.5,66.0,57.8,2.2,3.36,3.0,Yes,No,Not At Risk
ST10371,23,Female,Computer Science,74.5,84.0,67.4,58.1,4.6,2.62,3.0,Yes,No,Not At Risk
ST03511,25,Female,Software Engineering,100.0,62.0,56.7,55.4,7.0,2.85,3.0,Yes,No,Not At Risk
ST01118,25,Female,IT,67.7,60.7,66.1,78.4,3.8,3.59,3.0,Yes,No,Not At Risk
ST00403,22,Male,IT,89.7,16.6,89.2,40.3,8.9,3.06,6.0,Yes,No,At Risk
ST09507,24,Male,Computer Science,100.0,87.6,61.6,56.0,3.8,2.91,3.0,Yes,No,Not At Risk
ST09992,19,Male,IT,77.5,73.9,41.9,56.9,5.0,2.69,7.0,Yes,Yes,Not At Risk
ST03141,19,Female,Data Science,85.6,61.3,52.2,61.1,3.5,3.12,2.0,Yes,Yes,Not At Risk
ST04689,20,Female,Computer Science,69.8,84.3,45.5,71.5,6.2,2.53,5.0,Yes,Yes,Not At Risk
ST06319,20,Male,Software Engineering,98.4,71.2,75.6,52.1,9.7,2.04,6.0,Yes,Yes,Not At Risk
ST03864,19,Male,Computer Science,87.3,65.3,67.4,66.6,5.0,3.1,5.0,Yes,Yes,At Risk
ST08120,20,Female,Data Science,100.0,81.9,59.5,88.9,2.9,3.86,2.0,Yes,Yes,Not At Risk
ST06525,24,Female,Data Science,70.5,79.2,38.6,46.1,2.1,2.89,4.0,Yes,No,Not At Risk
ST07497,24,Male,Computer Science,73.4,73.1,47.2,52.6,10.0,3.29,3.0,Yes,No,Not At Risk
ST11817,24,Male,Data Science,71.7,67.9,43.2,56.5,11.5,3.71,4.0,Yes,No,At Risk
ST07072,19,Male,Data Science,84.2,86.2,76.5,56.3,5.2,2.3,1.0,Yes,No,Not At Risk
ST04263,20,Female,Data Science,99.7,59.7,44.7,79.4,10.3,2.55,5.0,Yes,Yes,Not At Risk
ST01262,22,Male,Computer Science,95.3,71.7,63.2,72.3,1.6,2.93,1.0,Yes,No,Not At Risk
ST04006,20,Female,Computer Science,69.1,64.3,75.0,70.8,2.9,2.52,4.0,,No,Not At Risk
ST06691,20,Female,Computer Science,83.9,80.9,72.8,63.5,2.0,2.29,6.0,Yes,No,Not At Risk
ST07208,19,Female,IT,100.0,83.8,33.5,79.6,4.3,3.25,3.0,Yes,Yes,Not At Risk
ST09696,23,Male,Data Science,90.0,89.0,76.1,,4.5,3.02,2.0,Yes,Yes,Not At Risk
ST01921,24,Male,Software Engineering,90.1,73.0,44.7,,6.3,2.04,3.0,Yes,No,Not At Risk
ST10169,18,Female,Software Engineering,66.6,70.0,53.4,79.7,9.1,2.8,5.0,Yes,Yes,Not At Risk
ST11784,21,Male,Computer Science,65.7,93.4,64.4,88.7,7.4,1.99,3.0,Yes,Yes,Not At Risk
ST04234,21,Female,Computer Science,68.3,59.8,81.4,55.9,0.7,3.51,4.0,Yes,No,At Risk
ST02345,23,Female,Computer Science,88.0,85.0,46.0,100.0,13.3,3.62,2.0,Yes,No,Not At Risk
ST07511,21,Male,Computer Science,51.0,60.8,76.6,75.5,4.4,2.65,6.0,Yes,Yes,Not At Risk
ST05688,22,Female,Data Science,70.6,75.8,70.5,54.1,11.0,3.29,3.0,Yes,Yes,Not At Risk
ST09715,24,Male,Computer Science,86.4,50.8,46.9,73.4,3.6,3.18,2.0,Yes,Yes,Not At Risk
ST00338,18,Female,Computer Science,93.1,82.7,71.1,53.6,5.2,2.86,6.0,Yes,Yes,Not At Risk
ST05987,23,Female,Software Engineering,95.2,81.0,89.8,72.1,7.4,2.06,7.0,Yes,Yes,Not At Risk
ST02268,22,Female,Computer Science,84.7,52.9,66.1,59.6,8.9,3.4,7.0,Yes,No,At Risk
ST07015,22,Female,IT,88.4,46.2,71.2,76.2,4.8,3.05,5.0,Yes,No,Not At Risk
ST11567,22,Female,Computer Science,74.8,82.7,55.5,55.6,7.3,2.28,1.0,No,Yes,Not At Risk
ST01666,19,Female,Data Science,81.6,58.7,63.0,38.4,1.3,3.62,4.0,Yes,Yes,Not At Risk
ST06657,24,Male,IT,78.0,63.8,57.9,87.9,5.1,2.93,6.0,No,Yes,Not At Risk
ST11664,24,Female,Computer Science,81.1,73.4,78.2,69.7,1.9,4.0,1.0,Yes,No,At Risk
ST00051,24,Male,IT,82.8,60.7,62.9,58.9,6.5,3.98,3.0,Yes,No,Not At Risk
ST08835,22,Female,IT,67.2,34.8,42.5,66.6,6.3,2.82,6.0,Yes,No,Not At Risk
ST03367,24,Male,IT,79.4,65.0,74.9,55.8,6.5,2.92,3.0,Yes,No,Not At Risk
ST03910,20,Male,Computer Science,80.7,83.2,56.9,62.5,10.6,2.63,3.0,No,No,Not At Risk
ST04707,25,Male,Computer Science,85.6,83.0,30.8,52.6,8.1,3.1,4.0,Yes,Yes,Not At Risk
ST08197,19,Female,Data Science,69.7,100.0,60.2,71.5,6.0,3.69,6.0,Yes,No,At Risk
ST08225,18,Female,Computer Science,97.8,81.8,69.7,62.5,7.0,3.16,5.0,Yes,No,Not At Risk
ST07619,22,Male,Data Science,96.6,85.9,62.5,44.2,9.3,3.51,8.0,Yes,Yes,Not At Risk
ST10195,24,Male,Software Engineering,93.3,26.2,72.8,55.3,6.3,2.89,7.0,Yes,No,Not At Risk
ST04943,22,female,Computer Science,69.3,63.4,62.3,59.2,3.9,1.69,5.0,Yes,No,At Risk
ST02559,25,Female,Computer Science,93.2,62.1,55.9,,9.3,3.71,4.0,Yes,No,Not At Risk
ST06183,22,Male,Computer Science,75.8,62.0,47.1,71.2,9.6,1.75,6.0,Yes,No,Not At Risk
ST00586,24,Female,Computer Science,89.2,91.9,100.0,43.6,5.3,2.19,8.0,Yes,No,Not At Risk
ST12000,20,Male,Computer Science,87.3,60.5,74.5,77.7,0.8,3.58,3.0,Yes,No,Not At Risk
ST02840,22,Male,Software Engineering,67.2,69.5,68.0,64.8,10.6,2.69,3.0,Yes,No,Not At Risk
ST08189,23,Female,Computer Science,66.4,62.7,65.4,73.3,3.2,2.67,1.0,Yes,No,Not At Risk
ST09391,20,Male,IT,76.7,59.7,98.2,67.4,3.6,3.44,8.0,Yes,No,Not At Risk
ST04431,19,Male,Computer Science,96.5,75.0,71.0,61.6,7.7,3.83,5.0,Yes,No,Not At Risk
ST09876,25,Female,IT,70.1,63.0,62.0,64.8,5.1,2.86,5.0,No,No,At Risk
ST07464,19,Female,IT,74.4,69.9,52.5,68.1,12.5,1.74,4.0,Yes,No,Not At Risk
ST01898,19,Male,Software Engineering,75.2,59.0,74.9,50.7,3.8,4.0,4.0,Yes,No,At Risk
ST01530,21,Female,Computer Science,85.4,95.6,42.7,76.0,9.0,3.13,1.0,Yes,Yes,Not At Risk
ST01984,18,female,Software Engineering,84.6,94.4,80.5,56.4,6.0,3.13,4.0,Yes,No,Not At Risk
ST08162,23,Female,IT,83.3,61.6,35.7,69.4,6.5,3.03,2.0,Yes,Yes,Not At Risk
ST08610,24,Male,Computer Science,71.3,33.2,83.0,57.9,2.7,2.94,9.0,Yes,No,At Risk
ST03872,20,Female,Computer Science,100.0,97.9,47.4,69.3,2.7,3.24,2.0,Yes,No,Not At Risk
ST09937,23,Female,Data Science,100.0,58.3,67.4,77.3,2.1,2.42,2.0,Yes,No,Not At Risk
ST07735,24,Male,Software Engineering,87.1,47.7,70.1,70.1,9.4,2.77,6.0,Yes,No,Not At Risk
ST10828,24,Male,Data Science,88.3,52.0,78.0,62.7,5.2,1.74,0.0,Yes,No,Not At Risk
ST09794,19,Female,Software Engineering,71.6,78.4,62.3,82.9,3.9,3.43,12.0,Yes,No,Not At Risk
ST07048,20,Female,Software Engineering,73.1,72.4,83.3,47.0,7.3,3.03,0.0,Yes,No,Not At Risk
ST05890,24,Male,Data Science,63.8,68.5,42.8,49.9,5.4,1.91,2.0,Yes,No,Not At Risk
ST09176,22,Female,Software Engineering,88.8,67.6,51.6,74.8,9.4,3.31,5.0,Yes,Yes,Not At Risk
ST02032,18,Male,Software Engineering,82.6,60.6,55.4,52.9,4.5,2.4,11.0,Yes,Yes,Not At Risk
ST09998,25,Male,Data Science,67.9,78.8,70.4,26.8,16.3,2.91,2.0,Yes,No,Not At Risk
ST11702,23,Male,IT,90.4,67.2,65.7,77.0,12.9,2.15,5.0,Yes,No,Not At Risk
ST06085,21,Male,Data Science,75.4,87.5,65.0,38.9,5.4,2.02,6.0,No,Yes,Not At Risk
ST00381,19,Male,Computer Science,92.0,46.9,51.5,47.3,6.6,2.93,4.0,Yes,Yes,At Risk
ST07177,24,Female,Data Science,78.8,64.6,33.9,,4.7,2.85,4.0,Yes,No,Not At Risk
ST05893,24,Male,Software Engineering,79.3,82.8,67.9,72.6,6.4,2.79,5.0,Yes,Yes,Not At Risk
ST08115,21,Female,Computer Science,80.2,78.4,95.4,80.4,0.5,2.68,4.0,Yes,Yes,Not At Risk
ST04773,22,Male,Computer Science,82.2,47.9,60.7,83.3,5.8,3.44,2.0,Yes,No,Not At Risk
ST09012,24,Female,Data Science,100.0,74.4,56.1,67.8,8.8,3.68,3.0,Yes,No,Not At Risk
ST05479,23,Female,Computer Science,73.4,100.0,71.2,63.8,13.7,2.48,3.0,Yes,No,Not At Risk
ST11818,18,Female,IT,66.7,62.5,64.6,97.7,9.3,1.84,8.0,Yes,No,Not At Risk
ST02696,23,Male,Software Engineering,46.8,56.7,60.0,69.4,2.9,3.45,1.0,Yes,No,At Risk
ST08124,23,Female,IT,82.2,100.0,44.6,71.1,3.4,3.57,2.0,Yes,No,Not At Risk
ST06393,25,Male,Computer Science,99.0,58.5,89.0,48.9,3.7,1.82,6.0,Yes,Yes,Not At Risk
ST04662,21,Female,Computer Science,84.2,56.2,67.6,65.8,5.0,2.55,5.0,Yes,No,At Risk
ST08542,18,Male,Data Science,71.2,85.6,58.4,61.5,6.9,1.58,5.0,Yes,No,Not At Risk
ST03139,21,Female,Data Science,64.1,58.0,78.1,63.9,2.2,3.68,8.0,Yes,Yes,Not At Risk
ST02566,20,Male,IT,68.1,64.6,65.6,36.8,3.7,3.27,5.0,Yes,No,Not At Risk
ST05425,21,Female,IT,73.2,79.1,38.4,51.8,6.9,3.22,7.0,Yes,No,Not At Risk
ST01681,22,Female,Data Science,86.5,73.8,48.1,50.1,1.6,3.54,3.0,Yes,No,Not At Risk
ST05010,25,Male,Computer Science,97.2,79.5,77.6,39.2,6.1,2.79,3.0,Yes,No,Not At Risk
ST10318,20,Female,IT,94.5,59.8,80.4,58.8,6.2,3.93,6.0,,No,Not At Risk
ST07740,23,Male,Data Science,94.9,77.4,77.4,34.1,5.5,1.61,2.0,Yes,No,At Risk
ST03984,25,Male,Computer Science,93.2,70.6,63.5,42.0,8.1,1.85,5.0,Yes,No,Not At Risk
ST08992,19,Male,Computer Science,74.1,63.3,62.3,45.4,3.7,2.85,4.0,Yes,No,At Risk
ST03359,18,Female,Software Engineering,84.1,68.4,90.1,35.7,2.9,3.0,4.0,Yes,No,Not At Risk
ST02263,23,Male,Software Engineering,79.3,77.8,67.8,60.1,5.4,2.76,4.0,Yes,No,Not At Risk
ST03034,21,Male,IT,76.0,67.1,59.9,74.5,4.8,3.02,4.0,Yes,No,Not At Risk
ST00069,18,female,Software Engineering,82.1,87.7,63.9,50.4,4.9,2.94,2.0,Yes,Yes,Not At Risk
ST06490,23,Female,Software Engineering,61.9,69.2,90.3,89.3,5.7,2.7,3.0,Yes,No,Not At Risk
ST10498,25,Male,Software Engineering,88.1,40.8,60.2,27.9,7.8,3.43,2.0,Yes,Yes,Not At Risk
ST09423,23,Male,Software Engineering,83.4,67.1,43.1,49.3,1.5,3.33,3.0,No,No,Not At Risk
ST10976,25,Male,IT,81.3,90.7,83.8,50.5,3.3,0.48,2.0,Yes,Yes,Not At Risk
ST00344,20,Male,IT,76.6,88.9,56.8,93.0,2.2,3.02,5.0,Yes,No,Not At Risk
ST11408,18,Male,Computer Science,88.5,59.9,84.9,72.5,5.4,2.74,5.0,Yes,No,Not At Risk
ST05643,24,Female,IT,61.7,86.1,68.2,32.5,3.4,3.32,2.0,Yes,Yes,At Risk
ST05850,22,Male,Computer Science,76.2,63.9,94.0,66.5,8.0,3.21,5.0,Yes,No,Not At Risk
ST00037,24,Male,Computer Science,96.3,59.1,72.7,53.4,2.5,2.4,3.0,Yes,Yes,Not At Risk
ST09767,19,Male,Computer Science,90.0,63.9,78.2,48.2,3.9,3.29,5.0,Yes,No,Not At Risk
ST07858,19,Male,IT,85.2,61.3,71.1,73.5,3.9,1.66,0.0,Yes,No,Not At Risk
ST02879,18,Female,Software Engineering,73.2,65.3,41.3,89.1,3.4,2.84,2.0,Yes,No,Not At Risk
ST11862,25,Female,Computer Science,84.4,67.0,89.7,39.5,10.4,2.71,5.0,Yes,No,Not At Risk
ST11897,19,Female,IT,75.7,74.1,70.3,57.1,2.9,2.36,2.0,Yes,Yes,Not At Risk
ST08048,20,Male,,74.3,61.3,74.5,53.4,4.0,3.26,4.0,Yes,Yes,Not At Risk
ST06259,19,Male,Data Science,63.5,42.5,85.6,64.1,2.1,2.96,5.0,No,Yes,At Risk
ST06109,22,Female,IT,86.8,52.6,53.9,88.0,6.2,2.66,2.0,Yes,No,Not At Risk
ST02113,23,Male,Computer Science,84.3,67.8,65.5,100.0,9.6,3.82,2.0,Yes,No,Not At Risk
ST01216,22,Male,Data Science,86.9,56.6,65.4,81.6,3.1,3.4,5.0,Yes,No,Not At Risk
ST06053,25,Male,Computer Science,83.9,70.2,62.4,73.4,8.7,3.67,1.0,Yes,Yes,Not At Risk
ST07517,20,Female,Software Engineering,83.7,88.3,34.8,78.1,10.1,2.6,3.0,Yes,No,Not At Risk
ST03265,23,Female,Computer Science,70.5,56.6,59.5,85.2,10.2,2.31,3.0,Yes,No,At Risk
ST09638,23,Male,Computer Science,82.7,84.1,62.4,68.2,13.1,1.84,5.0,Yes,Yes,Not At Risk
ST06524,18,Female,Computer Science,75.1,66.3,42.6,38.0,4.1,3.66,9.0,Yes,No,At Risk
ST04957,23,Male,Computer Science,93.2,77.3,76.2,57.6,4.3,3.09,7.0,Yes,Yes,Not At Risk
ST06653,20,Male,Data Science,88.1,62.7,74.6,71.8,2.4,3.27,4.0,Yes,Yes,Not At Risk
ST10708,20,Female,Computer Science,84.3,61.4,82.8,48.0,5.7,3.02,1.0,Yes,No,Not At Risk
ST08817,22,Female,,84.4,40.8,74.4,85.0,7.4,2.17,5.0,Yes,Yes,At Risk
ST03346,25,Female,Computer Science,73.1,84.2,54.9,77.0,16.1,2.13,4.0,Yes,Yes,Not At Risk
ST02620,18,Female,Software Engineering,78.1,96.0,59.9,62.0,6.8,2.82,3.0,Yes,No,Not At Risk
ST08957,23,Male,Data Science,70.6,62.1,68.3,100.0,4.8,2.13,1.0,Yes,No,Not At Risk
ST03837,23,Female,Software Engineering,84.3,58.4,42.6,49.6,22.6,3.29,3.0,Yes,Yes,Not At Risk
ST11089,24,Male,Software Engineering,86.9,71.4,60.0,41.5,8.6,3.46,5.0,Yes,Yes,At Risk
ST00660,21,Male,Data Science,80.2,63.0,57.1,69.2,7.9,2.61,6.0,Yes,No,Not At Risk
ST09112,18,Male,Computer Science,84.3,100.0,60.9,100.0,9.8,2.88,1.0,Yes,No,Not At Risk
ST07887,19,Male,IT,69.9,60.8,90.0,70.7,3.9,1.88,7.0,Yes,Yes,Not At Risk
ST05563,25,Male,Software Engineering,83.8,51.6,64.2,79.1,3.3,2.85,4.0,No,No,Not At Risk
ST10617,23,Female,Software Engineering,100.0,76.5,91.4,53.6,11.0,3.05,5.0,Yes,No,Not At Risk
ST10458,18,Male,Data Science,98.4,51.3,75.0,66.0,4.7,3.57,2.0,Yes,Yes,Not At Risk
ST01500,20,Male,Computer Science,87.2,66.7,63.2,51.4,12.1,3.47,4.0,Yes,Yes,Not At Risk
ST01822,23,Male,Software Engineering,85.3,48.1,58.4,67.7,1.8,3.42,5.0,Yes,Yes,Not At Risk
ST03845,18,Male,Computer Science,91.4,69.1,67.6,63.1,6.0,2.73,3.0,Yes,No,Not At Risk
ST09852,20,Male,Computer Science,87.3,73.4,61.9,61.3,7.8,3.52,4.0,Yes,No,Not At Risk
ST07400,21,Male,IT,79.1,68.2,100.0,77.3,5.4,2.81,4.0,Yes,Yes,Not At Risk
ST03995,21,Male,IT,73.3,65.6,60.8,92.8,12.2,3.17,4.0,Yes,No,Not At Risk
ST11186,18,Female,Computer Science,85.3,39.1,58.3,,11.1,2.49,4.0,Yes,No,Not At Risk
ST05513,20,Male,Computer Science,83.8,81.8,74.7,58.1,7.7,3.32,1.0,Yes,No,Not At Risk
ST07445,21,Female,Software Engineering,68.8,88.8,84.1,32.7,7.5,2.51,4.0,Yes,No,Not At Risk
ST03436,19,Male,Computer Science,91.0,74.7,73.8,61.8,5.8,2.09,3.0,Yes,No,Not At Risk
ST05938,20,Male,Data Science,98.0,74.3,67.7,59.6,5.4,2.55,5.0,Yes,No,Not At Risk
ST02136,25,Male,Computer Science,98.9,57.7,54.8,73.7,3.4,3.64,6.0,Yes,No,Not At Risk
ST00236,24,Female,Data Science,79.4,60.8,66.6,35.2,12.6,2.54,4.0,Yes,No,At Risk
ST09092,18,Male,IT,100.0,64.6,63.8,54.1,17.1,3.39,4.0,Yes,No,Not At Risk
ST09623,19,Female,Software Engineering,76.9,59.4,45.0,44.6,5.1,3.03,4.0,No,No,Not At Risk
ST11822,24,Male,IT,88.2,55.3,80.9,41.5,6.7,2.28,2.0,Yes,No,Not At Risk
ST05023,22,Male,Computer Science,100.0,83.1,43.2,96.1,7.3,3.38,2.0,Yes,No,Not At Risk
ST02334,18,Male,IT,88.8,57.8,79.0,58.2,3.5,1.76,7.0,Yes,No,Not At Risk
ST09697,25,Female,Data Science,100.0,56.1,76.5,49.0,7.0,2.13,6.0,Yes,No,At Risk
ST09397,20,Female,Data Science,84.2,66.3,87.7,79.9,5.6,2.95,4.0,Yes,Yes,Not At Risk
ST08312,20,Male,Computer Science,96.9,71.6,100.0,47.9,3.4,2.34,3.0,Yes,No,Not At Risk
ST11023,21,Female,IT,94.6,88.0,84.7,53.8,5.0,3.1,4.0,Yes,No,Not At Risk
ST02260,25,Female,Computer Science,90.4,71.9,93.8,69.1,7.1,2.69,2.0,Yes,No,Not At Risk
ST02234,19,Male,IT,81.4,83.2,71.6,46.7,8.1,3.75,4.0,Yes,No,Not At Risk
ST08171,22,Male,IT,93.2,100.0,69.0,68.2,2.3,2.37,1.0,Yes,Yes,Not At Risk
ST11170,19,Female,Software Engineering,86.0,87.0,98.6,65.1,6.8,2.47,5.0,Yes,Yes,Not At Risk
ST10643,20,Female,IT,90.9,87.3,55.5,98.1,2.7,3.95,6.0,Yes,No,Not At Risk
ST02832,25,Female,IT,85.6,64.8,73.3,50.0,5.9,1.98,2.0,Yes,No,Not At Risk
ST09817,22,Female,Data Science,70.0,56.7,69.3,60.2,1.4,3.01,4.0,Yes,Yes,Not At Risk
ST03808,23,Male,IT,84.0,62.9,52.4,51.4,1.8,2.24,4.0,Yes,No,Not At Risk
ST11986,22,Female,Data Science,84.4,75.3,42.4,71.7,3.3,2.76,3.0,Yes,No,Not At Risk
ST10503,21,Female,Software Engineering,75.9,98.6,53.5,68.3,2.8,2.56,2.0,Yes,No,Not At Risk
ST10045,19,Male,IT,100.0,56.6,73.2,37.7,5.4,2.94,3.0,Yes,Yes,At Risk
ST11584,21,Male,Data Science,80.6,64.1,76.4,78.0,4.9,3.18,4.0,Yes,No,Not At Risk
ST04509,19,Male,Data Science,82.8,79.6,57.6,,6.3,2.94,5.0,Yes,Yes,At Risk
ST04939,18,Female,Computer Science,79.9,77.6,68.1,100.0,8.3,2.74,4.0,Yes,Yes,Not At Risk
ST02732,24,Female,Data Science,79.1,69.5,71.8,50.9,10.7,3.42,4.0,Yes,No,Not At Risk
ST02758,22,Male,Software Engineering,100.0,42.3,82.9,64.8,2.9,2.63,4.0,Yes,Yes,Not At Risk
ST08742,25,Female,Computer Science,94.1,86.4,59.4,36.9,13.5,2.54,4.0,Yes,No,Not At Risk
ST04780,20,Female,IT,90.6,65.1,84.7,82.7,3.9,3.91,4.0,Yes,Yes,Not At Risk
ST11850,19,Female,Computer Science,91.8,89.1,67.7,58.5,1.4,3.21,4.0,Yes,No,Not At Risk
ST07603,19,Female,IT,63.7,97.9,63.9,73.7,4.4,2.6,2.0,Yes,No,Not At Risk
ST11964,20,Female,Computer Science,84.1,94.6,61.3,45.7,8.8,2.83,2.0,Yes,Yes,Not At Risk
ST09875,24,Female,IT,55.1,77.3,94.0,74.9,5.4,2.47,5.0,Yes,No,Not At Risk
ST06142,20,Male,Computer Science,62.1,70.6,66.5,64.5,8.0,2.01,6.0,Yes,Yes,Not At Risk
ST10711,21,Female,IT,85.2,65.8,65.7,74.1,2.5,1.39,4.0,Yes,Yes,At Risk
ST11231,19,Male,Data Science,89.4,74.2,44.2,54.9,11.2,2.41,5.0,Yes,No,Not At Risk
ST09719,23,Female,Data Science,100.0,60.1,46.8,54.2,18.4,3.74,8.0,No,No,At Risk
ST08490,23,Female,Computer Science,87.9,60.5,86.4,100.0,8.6,2.66,3.0,Yes,Yes,At Risk
ST06105,23,Female,Software Engineering,63.2,44.3,68.6,89.3,3.1,1.6,0.0,Yes,No,Not At Risk
ST02946,21,Male,Computer Science,100.0,60.7,46.1,66.6,3.2,2.26,3.0,Yes,No,Not At Risk
ST09754,25,Male,Data Science,99.5,53.6,53.0,74.9,9.8,2.54,4.0,Yes,No,Not At Risk
ST05961,22,Female,Data Science,74.1,75.7,55.2,52.1,3.5,2.74,5.0,Yes,Yes,Not At Risk
ST09886,23,Male,Data Science,46.3,69.2,81.8,62.7,2.1,1.7,0.0,Yes,No,Not At Risk
ST08846,19,Male,Computer Science,97.4,48.5,80.7,72.3,4.9,3.15,4.0,Yes,No,Not At Risk
ST00043,19,Female,Software Engineering,82.9,83.8,49.7,58.5,1.9,3.73,3.0,Yes,No,Not At Risk
ST03316,23,Female,Computer Science,80.9,92.5,50.2,39.4,4.8,2.94,2.0,Yes,Yes,Not At Risk
ST03134,18,Male,Software Engineering,86.9,86.8,63.6,72.5,12.0,3.44,4.0,Yes,Yes,Not At Risk
ST09212,20,Female,Data Science,86.3,64.1,57.9,71.4,1.8,2.89,4.0,Yes,No,Not At Risk
ST07702,22,Male,Computer Science,68.1,65.2,66.5,42.3,1.5,4.0,5.0,Yes,No,Not At Risk
ST01934,19,Male,Computer Science,62.9,74.4,72.8,38.0,1.8,3.14,3.0,Yes,No,Not At Risk
ST10422,25,Female,IT,65.9,68.8,61.8,54.5,9.7,3.29,1.0,Yes,Yes,At Risk
ST04951,22,Male,Computer Science,72.4,92.6,40.5,63.2,4.8,3.14,9.0,Yes,Yes,Not At Risk
ST02581,18,Male,Software Engineering,85.0,70.3,86.9,43.7,6.6,1.85,5.0,Yes,No,Not At Risk
ST03578,21,Male,IT,88.1,65.8,77.2,78.5,4.4,2.52,3.0,Yes,Yes,Not At Risk
ST11703,20,Female,IT,83.5,69.2,49.2,27.4,7.0,2.63,6.0,Yes,Yes,Not At Risk
ST00458,24,Male,Computer Science,91.2,76.5,44.7,68.9,3.5,3.16,1.0,Yes,No,Not At Risk
ST00649,25,Male,IT,94.4,45.6,54.5,67.1,11.1,2.16,2.0,Yes,No,Not At Risk
ST09346,20,Female,Computer Science,72.7,45.1,72.2,88.8,7.7,3.28,11.0,Yes,Yes,Not At Risk
ST00872,20,Female,IT,85.0,51.3,47.0,59.8,15.6,2.87,3.0,Yes,No,Not At Risk
ST01187,21,Male,Computer Science,100.0,40.7,66.0,29.9,4.6,2.69,2.0,Yes,No,At Risk
ST11379,23,Female,Computer Science,69.3,65.0,84.3,48.4,0.5,2.26,5.0,Yes,No,Not At Risk
ST08202,18,Male,Computer Science,95.8,79.7,76.5,83.2,3.8,3.48,5.0,Yes,No,Not At Risk
ST07926,24,Female,Computer Science,84.0,57.2,50.5,67.9,4.0,3.32,2.0,Yes,Yes,Not At Risk
ST10867,21,Male,IT,77.9,60.5,52.0,62.4,3.7,2.53,4.0,Yes,Yes,At Risk
ST08926,25,Male,IT,100.0,75.7,65.2,39.8,6.2,2.71,4.0,Yes,No,Not At Risk
ST04986,20,Male,IT,96.3,44.9,36.2,72.9,4.4,4.0,2.0,Yes,No,Not At Risk
ST04067,18,Female,IT,78.2,66.7,71.0,50.9,9.2,2.72,4.0,Yes,No,Not At Risk
ST07113,20,Female,Software Engineering,69.4,84.5,81.8,54.5,4.2,2.6,1.0,Yes,Yes,Not At Risk
ST04753,23,Female,IT,90.0,69.3,79.0,31.4,4.2,2.78,5.0,Yes,No,At Risk
ST02754,18,Female,IT,70.5,68.2,73.8,86.6,0.7,3.29,5.0,Yes,No,Not At Risk
ST10494,20,Female,Data Science,66.5,64.9,49.8,78.3,7.6,3.17,1.0,Yes,No,Not At Risk
ST00461,18,Female,IT,80.1,87.7,44.2,72.6,5.1,1.93,6.0,Yes,No,Not At Risk
ST03619,25,Female,Software Engineering,87.5,60.7,74.1,58.9,1.5,3.73,0.0,Yes,No,Not At Risk
ST04631,25,Female,Software Engineering,75.5,76.4,60.9,35.3,2.5,2.48,4.0,Yes,No,Not At Risk
ST11922,24,Male,Computer Science,98.7,43.4,65.3,56.8,6.0,2.59,6.0,Yes,No,Not At Risk
ST00449,23,Male,Data Science,89.3,71.8,78.2,51.0,3.3,2.25,3.0,Yes,Yes,Not At Risk
ST01485,25,Male,Computer Science,71.1,53.0,72.5,58.2,4.8,2.79,5.0,Yes,No,At Risk
ST06663,24,female,Data Science,67.8,65.3,36.8,87.4,4.7,4.0,1.0,Yes,Yes,At Risk
ST00549,21,Female,Computer Science,76.9,50.7,69.1,62.4,5.3,2.77,5.0,Yes,No,Not At Risk
ST03792,21,Female,Computer Science,86.5,96.2,83.2,60.7,4.2,2.9,5.0,Yes,No,Not At Risk
ST08546,23,Male,IT,82.1,66.7,80.1,35.2,2.6,2.38,1.0,Yes,Yes,Not At Risk
ST10542,18,Female,Data Science,100.0,63.7,89.7,64.5,7.8,2.86,2.0,Yes,Yes,Not At Risk
ST04890,20,Female,Computer Science,74.0,78.6,67.9,100.0,13.1,1.93,5.0,Yes,No,Not At Risk
ST11136,18,Female,Data Science,100.0,67.9,66.6,59.2,2.3,2.47,5.0,Yes,No,Not At Risk
ST00711,25,Female,IT,100.0,49.4,87.7,43.2,6.7,2.68,2.0,No,Yes,Not At Risk
ST11188,21,Female,IT,78.0,49.4,77.0,41.6,3.3,2.71,3.0,Yes,Yes,Not At Risk
ST09188,21,Male,Data Science,94.1,57.6,76.0,69.0,3.7,3.03,3.0,,Yes,Not At Risk
ST03424,25,Female,IT,60.2,56.5,61.2,78.1,4.5,3.0,1.0,Yes,No,Not At Risk
ST11003,21,Female,Data Science,83.8,75.5,62.3,46.2,6.4,3.64,2.0,Yes,No,Not At Risk
ST02627,25,Male,Computer Science,92.2,76.3,72.9,42.3,6.2,2.79,5.0,No,No,Not At Risk
ST00648,22,Male,Software Engineering,72.0,50.0,84.5,58.9,4.9,3.01,1.0,Yes,Yes,Not At Risk
ST00018,23,Female,Computer Science,87.3,70.9,48.2,59.2,8.1,4.0,2.0,Yes,Yes,Not At Risk
ST08819,24,Male,Computer Science,81.1,67.6,38.9,42.7,12.2,2.67,6.0,Yes,No,Not At Risk
ST04397,19,Male,IT,88.4,84.5,71.8,53.5,2.9,2.31,3.0,Yes,No,Not At Risk
ST02799,24,Female,Computer Science,79.7,65.2,65.4,66.7,3.9,3.14,5.0,Yes,No,Not At Risk
ST10920,24,Male,Computer Science,92.6,59.3,81.4,94.3,3.2,2.98,2.0,Yes,No,Not At Risk
ST11194,25,Male,IT,77.8,64.4,57.9,,8.4,2.68,7.0,Yes,No,Not At Risk
ST11965,23,Female,Data Science,94.9,89.4,67.9,41.1,6.9,3.04,4.0,Yes,No,Not At Risk
ST08345,20,Female,Computer Science,84.3,48.5,83.7,78.2,3.6,2.6,4.0,Yes,No,Not At Risk
ST10278,23,Female,Computer Science,67.6,77.5,65.4,79.0,6.1,2.33,,Yes,No,At Risk
ST01147,25,Female,Software Engineering,65.4,82.1,58.1,29.8,10.6,3.55,7.0,Yes,No,Not At Risk
ST08367,19,Male,IT,80.7,71.5,76.3,89.7,7.4,1.76,4.0,Yes,No,Not At Risk
ST09606,19,Female,Computer Science,94.2,72.1,44.8,51.4,8.5,3.64,6.0,Yes,No,Not At Risk
ST07917,18,Female,Software Engineering,93.4,44.8,60.3,87.2,5.5,3.07,1.0,Yes,No,Not At Risk
ST03098,22,Female,Software Engineering,85.8,65.6,73.7,67.1,6.5,2.51,2.0,Yes,Yes,Not At Risk
ST02491,19,Male,Data Science,68.0,70.1,58.4,91.6,8.5,3.38,6.0,Yes,No,Not At Risk
ST09266,20,Male,Computer Science,76.1,58.7,48.4,46.6,4.2,3.12,5.0,Yes,Yes,Not At Risk
ST00387,18,Female,Computer Science,100.0,78.4,76.2,72.2,2.1,3.1,5.0,Yes,No,Not At Risk
ST02655,20,Female,Computer Science,69.9,52.6,60.0,56.4,14.0,3.09,4.0,Yes,No,Not At Risk
ST07715,21,Female,Computer Science,94.1,53.3,61.2,80.7,3.7,3.61,3.0,Yes,Yes,Not At Risk
ST07542,21,Female,Data Science,77.5,66.4,72.6,99.3,4.3,3.8,7.0,Yes,No,Not At Risk
ST07818,24,Male,IT,68.6,48.0,65.9,14.8,3.0,3.21,5.0,Yes,No,At Risk
ST07895,25,Female,IT,74.7,53.0,58.1,92.8,8.2,2.2,0.0,Yes,Yes,Not At Risk
ST00473,19,Male,Data Science,77.5,88.7,63.6,55.6,3.9,3.71,5.0,Yes,Yes,Not At Risk
ST11432,22,Female,Computer Science,98.3,74.7,73.1,55.6,4.7,3.53,3.0,Yes,Yes,Not At Risk
ST02503,19,Male,Data Science,74.3,77.8,74.0,74.1,12.3,3.18,4.0,Yes,No,Not At Risk
ST07999,24,Female,Software Engineering,92.3,76.6,62.6,47.7,7.5,2.58,3.0,Yes,Yes,Not At Risk
ST07160,22,Male,Software Engineering,67.9,55.0,48.5,39.0,3.3,3.5,5.0,Yes,No,At Risk
ST03711,20,Female,Data Science,86.2,56.7,67.7,79.0,3.2,3.52,4.0,Yes,No,Not At Risk
ST09639,25,Female,Computer Science,91.8,76.2,61.6,66.7,12.0,2.18,5.0,Yes,No,Not At Risk
ST03003,21,Female,Data Science,62.2,92.0,63.1,69.7,5.9,3.05,4.0,Yes,No,Not At Risk
ST10794,22,Male,Software Engineering,73.1,77.3,70.8,63.3,5.7,2.02,4.0,Yes,No,At Risk
ST07973,20,Male,IT,82.3,76.0,71.4,39.3,6.5,2.09,0.0,Yes,No,Not At Risk
ST09409,21,Male,Software Engineering,86.9,63.4,76.4,84.0,5.2,1.84,3.0,Yes,No,Not At Risk
ST01979,19,Male,IT,75.7,81.4,92.7,73.5,3.5,2.35,4.0,Yes,No,Not At Risk
ST05400,21,Male,Software Engineering,70.6,83.0,72.5,47.6,7.0,3.5,4.0,Yes,No,Not At Risk
ST02703,22,Female,IT,70.3,60.5,60.5,62.3,4.4,1.55,4.0,,Yes,Not At Risk
ST01947,25,Female,Software Engineering,78.3,46.4,57.5,54.2,7.6,3.74,1.0,Yes,Yes,Not At Risk
ST00971,21,Female,Software Engineering,68.1,82.1,89.0,78.5,8.7,4.0,5.0,Yes,No,Not At Risk
ST02720,19,Female,Computer Science,83.7,62.0,60.2,86.7,4.1,2.64,0.0,Yes,Yes,Not At Risk
ST06235,24,Female,IT,66.0,60.7,51.9,60.7,3.9,3.56,6.0,Yes,Yes,At Risk
ST01462,22,Male,Software Engineering,78.1,42.5,54.5,80.1,2.5,3.01,2.0,Yes,Yes,Not At Risk
ST11377,24,Female,Software Engineering,76.8,61.7,33.8,77.0,0.7,2.2,4.0,Yes,Yes,Not At Risk
ST06599,23,Female,Computer Science,86.8,77.9,78.4,79.1,10.4,2.09,2.0,Yes,No,Not At Risk
ST09463,22,Female,Software Engineering,100.0,76.7,62.0,83.9,6.5,2.19,4.0,Yes,Yes,Not At Risk
ST05589,18,Male,Computer Science,83.0,48.4,87.2,97.6,4.7,1.97,2.0,No,Yes,Not At Risk
ST02616,24,Male,Computer Science,93.3,82.4,80.7,42.3,6.3,1.76,2.0,Yes,No,Not At Risk
ST09059,25,Male,Data Science,78.0,47.5,74.5,65.6,10.2,2.5,3.0,Yes,Yes,At Risk
ST09452,22,Female,Computer Science,75.9,67.7,64.6,42.4,1.8,2.31,5.0,Yes,No,Not At Risk
ST02813,20,Male,Software Engineering,56.0,46.8,53.4,42.4,10.4,3.2,3.0,Yes,No,Not At Risk
ST03014,18,Male,IT,96.9,68.7,73.8,97.8,3.7,2.01,4.0,Yes,No,Not At Risk
ST07627,19,Male,Computer Science,72.3,69.2,72.1,83.9,4.5,2.51,9.0,Yes,No,Not At Risk
ST05677,25,Female,IT,79.8,100.0,81.5,73.0,2.7,2.59,2.0,Yes,Yes,Not At Risk
ST07270,21,Male,Computer Science,81.4,63.9,64.4,84.8,3.8,2.84,6.0,Yes,Yes,At Risk
ST09626,20,female,Software Engineering,96.5,69.4,82.0,64.5,2.2,3.16,5.0,Yes,No,Not At Risk
ST04480,19,Female,Computer Science,78.3,62.7,62.2,40.1,4.1,2.25,9.0,Yes,Yes,Not At Risk
ST07717,20,Male,Computer Science,80.0,86.0,100.0,91.6,8.3,2.73,2.0,Yes,Yes,Not At Risk
ST11230,23,Female,IT,69.6,52.2,61.1,59.6,6.3,2.0,1.0,Yes,Yes,At Risk
ST05388,23,Female,Computer Science,75.5,60.3,70.1,45.0,4.2,4.0,1.0,Yes,No,Not At Risk
ST11270,18,Female,IT,66.7,91.3,77.7,40.9,3.8,2.18,6.0,Yes,No,Not At Risk
ST00435,25,Female,Software Engineering,81.8,61.2,84.5,100.0,0.7,2.76,3.0,Yes,Yes,Not At Risk
ST07915,25,Male,IT,88.1,71.0,49.4,68.2,9.1,2.02,4.0,Yes,Yes,Not At Risk
ST02643,18,Male,Data Science,77.4,65.0,73.7,76.9,2.8,3.33,3.0,Yes,No,At Risk
ST00803,24,Female,Software Engineering,82.8,93.1,96.0,66.3,1.3,2.28,5.0,Yes,No,Not At Risk
ST03687,25,Male,Computer Science,67.5,89.0,57.2,98.7,3.4,1.84,5.0,Yes,Yes,Not At Risk
ST05274,25,Female,,86.7,51.4,77.8,91.7,1.6,4.0,4.0,Yes,Yes,Not At Risk
ST01858,25,Male,Software Engineering,100.0,71.8,79.7,69.1,7.2,4.0,3.0,Yes,No,Not At Risk
ST01799,18,Male,IT,73.6,85.2,56.0,100.0,4.9,3.71,1.0,Yes,No,Not At Risk
ST00090,19,Male,IT,95.3,61.3,86.0,68.1,6.3,3.7,1.0,Yes,No,Not At Risk
ST05801,21,Male,Software Engineering,69.5,77.6,75.5,36.5,6.1,2.73,4.0,Yes,Yes,Not At Risk
ST07868,21,Male,IT,65.2,70.8,60.6,77.6,1.6,2.54,7.0,Yes,Yes,Not At Risk
ST11824,22,Male,Data Science,81.1,62.8,74.7,34.6,5.1,2.87,6.0,Yes,No,Not At Risk
ST07583,23,Female,IT,74.2,99.8,65.1,74.0,8.5,2.49,0.0,Yes,No,Not At Risk
ST00170,25,Male,Software Engineering,99.9,79.1,39.6,54.8,8.3,3.01,6.0,Yes,Yes,Not At Risk
ST02181,20,Male,IT,97.5,79.4,63.7,55.0,7.3,3.39,3.0,Yes,Yes,Not At Risk
ST03385,25,Male,Computer Science,92.7,80.5,74.5,71.1,4.2,3.31,3.0,Yes,Yes,Not At Risk
ST11798,20,Female,Computer Science,82.7,66.4,87.2,58.6,5.6,3.6,2.0,Yes,Yes,Not At Risk
ST11978,18,Male,IT,87.6,90.0,81.7,57.3,5.8,3.06,3.0,Yes,Yes,Not At Risk
ST07455,18,Male,Data Science,100.0,72.2,83.1,59.4,9.8,2.37,5.0,Yes,No,Not At Risk
ST06957,22,Female,IT,82.1,65.1,59.1,62.7,3.2,3.12,4.0,Yes,Yes,Not At Risk
ST11696,20,Male,Data Science,69.1,76.5,63.1,52.2,10.7,3.25,0.0,Yes,No,Not At Risk
ST02560,23,Female,Computer Science,99.6,69.0,36.4,49.2,4.5,3.33,3.0,No,No,Not At Risk
ST10312,20,Female,IT,79.5,78.3,93.2,83.2,4.9,3.4,4.0,Yes,Yes,Not At Risk
ST04542,25,Female,Computer Science,87.0,53.2,76.4,53.6,3.1,3.1,4.0,Yes,Yes,Not At Risk
ST08101,19,M,IT,87.5,38.2,62.1,71.2,13.2,2.08,6.0,Yes,No,At Risk
ST09147,19,Male,Software Engineering,77.1,53.3,84.7,72.3,1.8,2.89,2.0,Yes,Yes,Not At Risk
ST06759,18,Male,Computer Science,70.8,95.4,91.7,53.3,17.3,3.41,3.0,Yes,Yes,Not At Risk
ST10261,18,Male,Data Science,70.1,76.4,90.7,84.6,3.1,2.82,4.0,Yes,No,Not At Risk
ST01231,24,Female,Software Engineering,82.7,72.2,59.7,37.8,2.5,4.0,3.0,Yes,No,At Risk
ST04075,24,Male,Computer Science,82.0,55.6,74.3,47.0,1.3,2.58,11.0,Yes,Yes,Not At Risk
ST10393,21,Male,Software Engineering,79.5,62.5,71.6,83.6,2.7,2.83,3.0,Yes,No,Not At Risk
ST04694,22,Male,Computer Science,80.0,74.7,85.1,100.0,2.3,3.06,3.0,Yes,Yes,Not At Risk
ST04023,20,Female,IT,74.8,58.2,45.0,73.6,10.4,2.19,5.0,Yes,No,Not At Risk
ST06372,24,Female,IT,64.7,36.6,89.1,54.0,5.8,2.78,3.0,Yes,Yes,Not At Risk
ST05078,24,Female,Software Engineering,68.3,76.0,74.3,41.1,7.1,2.5,6.0,Yes,Yes,Not At Risk
ST09925,23,Male,Data Science,59.5,73.5,52.5,59.1,3.8,3.7,4.0,Yes,No,Not At Risk
ST06993,19,Female,Software Engineering,72.4,65.3,43.7,54.4,11.5,2.92,4.0,Yes,Yes,Not At Risk
ST02364,19,Male,Data Science,84.8,68.7,55.2,63.6,5.7,2.73,2.0,No,Yes,Not At Risk
ST09089,24,Male,Software Engineering,94.5,68.1,64.3,61.1,6.7,2.87,6.0,Yes,Yes,Not At Risk
ST04472,22,Male,Computer Science,63.8,72.6,51.9,80.9,7.2,2.54,6.0,Yes,No,Not At Risk
ST04732,18,Female,IT,88.3,67.6,88.6,51.0,2.7,2.52,5.0,Yes,Yes,At Risk
ST00065,23,Male,Computer Science,84.1,61.7,57.4,37.6,3.7,2.6,6.0,Yes,Yes,At Risk
ST09468,18,Male,Computer Science,80.7,77.1,89.6,78.3,1.7,2.54,0.0,Yes,No,Not At Risk
ST04005,24,Female,Computer Science,93.6,55.7,78.4,55.9,13.3,2.76,1.0,Yes,No,Not At Risk
ST08060,24,Male,Computer Science,87.2,81.3,60.7,56.9,8.5,3.58,0.0,Yes,Yes,Not At Risk
ST04321,24,Male,IT,59.8,61.9,67.8,34.1,1.7,2.48,4.0,Yes,No,At Risk
ST00474,21,Female,Computer Science,83.1,59.1,68.0,62.3,6.8,3.78,3.0,Yes,No,Not At Risk
ST10619,18,Female,Computer Science,99.5,72.1,76.5,51.2,6.6,2.71,4.0,Yes,No,Not At Risk
ST08969,25,Female,IT,74.5,66.2,32.0,73.0,8.7,3.15,8.0,Yes,Yes,Not At Risk
ST05397,19,Female,Software Engineering,77.8,78.7,60.9,70.5,7.0,3.96,8.0,Yes,No,Not At Risk
ST03086,22,Female,IT,93.2,49.6,85.9,,7.6,3.34,11.0,Yes,No,Not At Risk
ST01904,25,Male,Data Science,80.1,79.5,28.4,63.1,7.0,2.36,4.0,Yes,No,Not At Risk
ST07012,24,Male,Computer Science,73.5,58.0,44.1,94.9,7.0,3.08,6.0,Yes,Yes,Not At Risk
ST10611,25,Male,IT,87.4,95.7,57.4,47.4,5.0,2.21,5.0,Yes,Yes,Not At Risk
ST01101,21,Female,IT,79.0,87.3,55.0,43.2,4.1,2.95,4.0,Yes,No,Not At Risk
ST00470,20,Male,Computer Science,72.5,40.1,37.5,76.5,2.9,3.34,4.0,No,No,At Risk
ST07092,24,Male,Computer Science,92.6,68.6,88.9,69.2,4.0,2.55,3.0,Yes,No,Not At Risk
ST09906,21,Male,Data Science,79.3,61.6,59.2,84.1,8.3,3.36,1.0,Yes,No,At Risk
ST11912,19,Male,Computer Science,76.6,56.0,47.2,76.3,7.4,3.3,3.0,No,Yes,Not At Risk
ST11520,25,Female,Data Science,88.2,68.3,87.9,68.9,4.7,3.03,2.0,Yes,Yes,Not At Risk
ST01525,22,Female,Software Engineering,100.0,62.4,93.8,57.4,13.8,3.2,7.0,Yes,No,Not At Risk
ST08573,19,Female,Computer Science,83.8,53.6,100.0,37.5,2.7,4.0,1.0,Yes,No,At Risk
ST00739,20,Female,Software Engineering,75.8,64.1,84.9,55.1,2.0,3.07,2.0,Yes,No,At Risk
ST08938,23,Male,Software Engineering,71.4,84.1,53.4,79.1,4.7,3.81,2.0,Yes,Yes,Not At Risk
ST00526,24,Female,Software Engineering,88.6,62.3,50.3,93.1,2.2,1.97,3.0,Yes,No,Not At Risk
ST06002,21,Female,IT,65.4,48.1,75.8,62.8,10.9,3.02,6.0,Yes,Yes,Not At Risk
ST07595,21,Female,Software Engineering,81.0,54.9,71.7,80.9,14.4,2.6,1.0,Yes,No,Not At Risk
ST09362,20,Female,Computer Science,69.0,84.8,95.4,73.8,15.6,2.33,4.0,Yes,No,Not At Risk
ST08448,25,Female,Software Engineering,52.4,51.5,80.4,96.2,6.7,3.45,1.0,Yes,Yes,Not At Risk
ST05648,24,Male,Computer Science,73.6,58.8,44.9,62.8,2.7,3.15,5.0,Yes,No,At Risk
ST04355,18,Female,Computer Science,80.4,76.0,73.2,41.5,5.2,2.54,2.0,Yes,No,Not At Risk
ST09149,24,Male,IT,92.5,63.1,55.2,64.7,10.6,3.76,8.0,,No,Not At Risk
ST01050,18,Male,Data Science,100.0,57.0,53.7,32.2,12.2,2.79,5.0,Yes,No,Not At Risk
ST03506,24,Female,Software Engineering,70.9,66.9,65.6,8.3,1.7,1.78,5.0,Yes,No,Not At Risk
ST02659,18,Male,Data Science,96.4,67.8,69.5,84.2,4.0,4.0,4.0,Yes,Yes,Not At Risk
ST04202,20,Male,IT,57.3,79.4,47.8,31.6,9.8,3.35,2.0,Yes,Yes,Not At Risk
ST11069,21,Female,Data Science,85.2,63.7,73.6,41.0,4.6,3.31,3.0,Yes,Yes,Not At Risk
ST10836,22,Male,IT,68.6,71.2,55.0,65.2,4.2,2.12,2.0,Yes,No,Not At Risk
ST05333,23,Male,Software Engineering,86.8,72.0,76.1,73.1,12.8,2.27,3.0,Yes,No,Not At Risk
ST05436,25,Female,Computer Science,89.1,27.3,51.6,76.5,7.3,2.85,7.0,Yes,No,Not At Risk
ST02911,22,Male,Computer Science,89.8,74.0,91.2,,5.3,3.46,,Yes,Yes,Not At Risk
ST07461,21,Female,Computer Science,63.0,68.2,56.3,72.6,12.7,2.55,2.0,Yes,No,At Risk
ST06189,18,Female,,72.3,57.5,59.6,70.2,3.9,1.61,4.0,Yes,No,Not At Risk
ST11426,25,Male,Software Engineering,90.5,82.8,61.1,61.8,3.5,2.71,0.0,Yes,No,Not At Risk
ST05507,22,Female,IT,78.5,88.1,82.9,79.6,5.0,2.9,0.0,Yes,Yes,Not At Risk
ST01836,20,Female,Data Science,86.4,53.1,58.3,30.7,2.4,2.2,6.0,No,Yes,Not At Risk
ST03773,21,Male,Computer Science,81.7,89.2,64.9,70.1,3.9,1.92,5.0,Yes,No,Not At Risk
ST02602,20,Female,Data Science,89.0,43.0,84.8,100.0,20.2,2.68,2.0,Yes,No,Not At Risk
ST06803,25,Male,Data Science,94.1,62.8,86.5,35.7,2.5,2.45,3.0,Yes,No,Not At Risk
ST04340,21,Male,Computer Science,80.8,53.0,79.4,47.3,3.2,2.91,6.0,Yes,No,Not At Risk
ST04422,23,Male,Computer Science,75.1,83.5,88.4,72.3,5.1,2.63,5.0,Yes,No,Not At Risk
ST02086,23,Female,Software Engineering,65.5,73.5,94.9,100.0,2.9,3.89,4.0,Yes,Yes,Not At Risk
ST11816,20,Male,IT,78.5,52.9,42.2,57.2,17.1,2.48,5.0,Yes,No,Not At Risk
ST09694,25,Male,IT,99.1,63.6,46.2,81.5,5.9,2.47,5.0,Yes,Yes,Not At Risk
ST07791,24,Female,IT,68.5,100.0,86.1,27.6,2.6,2.26,4.0,Yes,Yes,At Risk
ST10799,18,Female,Data Science,82.7,82.8,61.9,53.0,5.7,4.0,3.0,Yes,Yes,Not At Risk
ST10407,20,Male,Computer Science,100.0,74.9,51.6,31.5,4.6,4.0,3.0,Yes,Yes,Not At Risk
ST08009,20,Female,Software Engineering,64.1,86.8,61.0,74.8,5.1,2.03,4.0,Yes,Yes,Not At Risk
ST00434,20,Male,Computer Science,71.4,49.5,54.3,65.6,8.4,2.86,2.0,Yes,Yes,Not At Risk
ST11446,21,Female,Computer Science,77.9,61.0,67.9,85.0,4.3,2.69,6.0,Yes,Yes,Not At Risk
ST07398,19,Male,Computer Science,91.8,61.0,77.3,39.9,1.4,2.89,6.0,Yes,Yes,Not At Risk
ST05245,22,Female,Software Engineering,99.2,79.3,60.9,65.2,3.5,2.94,7.0,Yes,Yes,Not At Risk
ST00521,22,Male,Computer Science,69.7,72.0,69.9,68.4,10.8,2.67,5.0,Yes,Yes,Not At Risk
ST02787,24,Male,Data Science,95.7,77.5,92.1,36.5,5.2,2.83,4.0,Yes,No,Not At Risk
ST04942,18,Male,Software Engineering,88.4,76.9,53.5,37.9,7.8,4.0,4.0,Yes,No,Not At Risk
ST01253,21,Female,Computer Science,85.3,57.1,49.4,65.5,4.8,2.07,5.0,Yes,No,Not At Risk
ST07728,23,Female,Data Science,81.3,64.0,64.7,59.4,6.2,3.36,4.0,Yes,No,Not At Risk
ST01791,24,Female,Data Science,45.8,63.0,39.9,52.0,3.2,2.75,3.0,Yes,No,At Risk
ST07070,21,Female,IT,100.0,80.9,69.2,46.6,7.0,2.37,6.0,Yes,No,Not At Risk
ST07215,20,Female,Computer Science,75.1,80.5,70.8,62.3,2.3,4.0,6.0,Yes,No,Not At Risk
ST06956,21,Male,IT,94.9,85.8,48.7,59.2,8.1,2.31,3.0,Yes,No,Not At Risk
ST03467,19,Male,Data Science,92.6,80.3,57.0,75.2,3.5,2.47,1.0,Yes,Yes,Not At Risk
ST07374,18,Male,IT,91.2,45.1,85.9,53.2,6.5,3.07,3.0,Yes,Yes,At Risk
ST06616,24,Male,Software Engineering,68.5,51.7,82.5,65.8,5.2,2.68,3.0,Yes,Yes,Not At Risk
ST03231,18,Male,IT,96.7,89.3,44.1,65.8,7.0,1.97,9.0,Yes,Yes,Not At Risk
ST05324,19,Female,Computer Science,78.7,84.6,90.0,61.5,9.9,2.4,2.0,Yes,No,Not At Risk
ST03358,24,Female,IT,100.0,58.1,55.7,54.7,12.0,2.42,2.0,Yes,No,Not At Risk
ST07264,25,Male,Computer Science,77.6,75.8,63.7,48.7,2.1,2.9,6.0,Yes,No,Not At Risk
ST10998,18,Female,Software Engineering,92.6,74.6,64.9,49.7,5.5,2.82,4.0,Yes,Yes,Not At Risk
ST08881,22,Male,Software Engineering,69.5,56.8,61.1,69.0,18.5,3.28,5.0,Yes,Yes,Not At Risk
ST05079,23,Male,Computer Science,82.1,62.9,56.1,79.7,9.8,3.52,9.0,Yes,Yes,Not At Risk
ST09108,18,Male,Computer Science,98.5,48.5,78.8,60.1,7.3,3.59,1.0,Yes,Yes,Not At Risk
ST11652,20,Male,Data Science,88.3,72.1,65.6,57.8,3.9,2.68,3.0,Yes,Yes,Not At Risk
ST02219,22,Female,Software Engineering,58.3,90.8,67.8,79.3,7.4,3.36,6.0,Yes,No,Not At Risk
ST01281,23,Female,Computer Science,63.4,65.9,66.7,50.7,4.3,3.11,4.0,Yes,No,Not At Risk
ST11344,23,Female,Computer Science,76.2,44.2,43.9,74.8,5.4,3.11,4.0,Yes,Yes,Not At Risk
ST11725,23,Male,Computer Science,81.7,41.9,76.9,44.3,7.2,4.0,8.0,Yes,No,At Risk
ST11153,21,Female,Computer Science,92.9,69.6,71.3,71.6,1.8,2.84,2.0,Yes,Yes,Not At Risk
ST10596,25,Female,,88.6,73.7,54.4,95.9,7.2,3.67,4.0,Yes,Yes,Not At Risk
ST10043,22,Male,Computer Science,89.0,50.3,43.6,42.8,10.0,2.7,5.0,Yes,No,Not At Risk
ST08275,20,Male,IT,100.0,59.7,38.7,65.1,3.3,3.72,5.0,Yes,Yes,Not At Risk
ST11565,24,Female,IT,85.9,84.6,69.1,56.6,2.8,3.76,7.0,Yes,No,Not At Risk
ST04499,18,Male,IT,92.3,62.0,100.0,72.1,7.1,3.51,3.0,Yes,No,Not At Risk
ST09091,21,Female,Computer Science,82.0,67.9,50.3,67.3,8.0,3.37,2.0,Yes,No,At Risk
ST05418,19,Female,Software Engineering,75.8,68.2,86.4,53.8,1.8,3.56,3.0,Yes,Yes,Not At Risk
ST09011,25,Male,Data Science,94.4,89.6,48.5,59.3,5.1,4.0,5.0,Yes,No,At Risk
ST00064,23,Male,Software Engineering,84.8,72.9,40.1,94.7,7.3,2.74,4.0,Yes,Yes,Not At Risk
ST03879,20,M,Computer Science,54.9,46.9,68.0,57.0,1.6,3.24,6.0,Yes,No,Not At Risk
ST01065,20,Female,Data Science,94.1,64.9,63.3,73.8,5.2,2.61,2.0,Yes,No,Not At Risk
ST06551,22,Female,Computer Science,86.7,48.1,56.0,35.4,2.7,3.02,3.0,Yes,No,Not At Risk
ST02044,20,Male,Computer Science,100.0,43.8,62.1,69.5,8.6,1.47,10.0,Yes,No,Not At Risk
ST10661,24,Male,Computer Science,69.9,57.7,60.7,64.2,6.1,2.62,4.0,Yes,No,Not At Risk
ST09616,21,Female,Computer Science,72.1,74.4,33.4,70.4,6.8,2.44,5.0,Yes,Yes,At Risk
ST09436,18,Male,IT,79.0,39.9,67.1,66.6,4.8,1.85,4.0,Yes,Yes,Not At Risk
ST11375,24,Male,Computer Science,72.6,46.3,60.5,52.5,4.6,2.69,3.0,Yes,No,Not At Risk
ST01996,24,Female,Computer Science,84.6,74.5,48.3,46.3,2.9,2.58,3.0,Yes,No,At Risk
ST01447,21,Female,Computer Science,59.7,77.5,93.2,78.2,2.1,2.8,2.0,Yes,No,Not At Risk
ST06336,23,Male,Software Engineering,83.4,70.8,67.9,57.1,7.8,3.87,3.0,Yes,Yes,Not At Risk
ST02614,24,Female,Software Engineering,87.6,51.4,58.9,68.4,8.3,3.48,4.0,Yes,Yes,Not At Risk
ST03866,18,Female,Software Engineering,79.5,70.4,84.7,52.1,5.0,3.02,2.0,Yes,No,Not At Risk
ST02652,18,Male,IT,80.9,53.2,64.5,34.7,9.4,3.12,5.0,Yes,Yes,Not At Risk
ST08066,20,Female,Computer Science,87.4,74.5,85.2,89.3,3.0,2.6,7.0,Yes,No,Not At Risk
ST05197,25,Male,IT,88.9,81.1,70.6,46.1,7.3,3.24,2.0,Yes,No,Not At Risk
ST04323,22,Male,IT,95.3,58.8,39.7,50.0,1.2,2.9,1.0,Yes,No,At Risk
ST09282,21,Male,Data Science,100.0,80.8,61.7,44.3,4.7,3.51,1.0,Yes,No,Not At Risk
ST06566,23,Male,Computer Science,76.0,67.6,72.9,66.3,7.1,3.63,10.0,Yes,Yes,Not At Risk
ST09902,20,Male,Computer Science,70.3,79.1,76.8,95.3,10.1,2.67,2.0,Yes,No,Not At Risk
ST06221,20,Female,IT,72.8,100.0,64.3,66.5,7.2,3.96,4.0,Yes,Yes,Not At Risk
ST11904,20,Female,IT,63.5,69.0,57.6,72.3,10.6,3.73,6.0,Yes,Yes,Not At Risk
ST11190,24,Male,Software Engineering,84.0,73.9,43.1,75.9,3.6,3.32,8.0,Yes,No,Not At Risk
ST04708,23,Male,Computer Science,71.8,94.2,57.5,56.1,10.6,2.54,4.0,Yes,No,Not At Risk
ST04714,19,Female,Computer Science,81.4,47.4,74.0,57.8,7.4,2.72,6.0,Yes,No,At Risk
ST01369,21,Male,Software Engineering,90.9,65.8,53.4,52.5,12.3,1.96,4.0,Yes,Yes,Not At Risk
ST07798,24,Female,Data Science,91.5,46.8,72.4,64.2,4.5,2.97,5.0,,Yes,Not At Risk
ST08803,24,Male,Computer Science,100.0,70.9,81.9,71.0,2.9,2.32,1.0,Yes,Yes,Not At Risk
ST01589,24,Female,Computer Science,89.4,86.3,87.5,61.7,5.4,3.65,2.0,Yes,No,Not At Risk
ST08792,23,Female,IT,67.9,69.3,68.6,56.4,7.8,3.0,2.0,Yes,Yes,Not At Risk
ST03717,24,Male,Software Engineering,96.2,59.2,68.5,94.7,4.6,2.51,2.0,No,Yes,Not At Risk
ST01331,22,Female,Computer Science,89.4,77.1,59.7,77.2,8.9,1.95,2.0,Yes,Yes,Not At Risk
ST06174,19,Female,IT,68.3,93.8,48.1,54.1,14.7,2.74,1.0,Yes,No,Not At Risk
ST01024,25,Male,,83.2,56.3,75.2,54.8,6.5,2.23,3.0,Yes,No,Not At Risk
ST05469,22,Male,Data Science,71.1,91.9,56.5,89.0,6.0,2.5,5.0,Yes,Yes,Not At Risk
ST02820,18,Female,Data Science,67.5,81.7,42.4,87.2,9.6,3.0,5.0,Yes,Yes,Not At Risk
ST03384,22,Female,Data Science,84.6,78.3,57.6,60.1,20.1,3.38,4.0,Yes,Yes,Not At Risk
ST01815,25,Male,Computer Science,98.2,80.9,69.9,65.8,2.5,2.6,3.0,Yes,Yes,Not At Risk
ST00805,22,Female,Computer Science,70.5,49.0,88.8,39.9,11.1,4.0,2.0,Yes,No,At Risk
ST02146,22,Female,Computer Science,78.4,70.0,59.8,96.6,5.7,2.93,3.0,Yes,No,Not At Risk
ST09538,20,Female,Software Engineering,67.6,69.0,98.2,78.7,10.1,3.13,5.0,Yes,No,At Risk
ST01579,22,Female,IT,77.9,72.1,78.2,57.1,2.1,2.08,6.0,Yes,No,Not At Risk
ST08602,19,Male,Software Engineering,90.0,81.5,49.2,65.1,7.9,2.6,4.0,Yes,Yes,Not At Risk
ST08139,22,Female,Computer Science,66.5,58.5,42.4,56.4,3.9,2.83,5.0,Yes,Yes,Not At Risk
ST11524,21,Male,Data Science,77.7,61.4,47.8,75.8,7.0,2.56,4.0,Yes,Yes,Not At Risk
ST00141,20,Male,IT,76.7,69.9,61.3,72.9,3.1,2.79,3.0,Yes,No,Not At Risk
ST11863,20,Male,Data Science,96.2,65.8,57.6,81.7,5.4,2.73,2.0,Yes,No,Not At Risk
ST04989,24,Female,Computer Science,71.1,53.9,59.4,39.2,2.3,3.33,5.0,Yes,Yes,At Risk
ST00692,23,Male,Data Science,90.4,67.0,45.0,78.1,1.2,2.49,4.0,Yes,No,Not At Risk
ST08637,20,Male,Computer Science,100.0,94.2,71.4,74.4,1.1,2.68,3.0,Yes,No,Not At Risk
ST04575,20,Female,Computer Science,66.9,40.8,73.6,77.3,3.4,3.21,7.0,Yes,Yes,Not At Risk
ST07845,18,Female,Computer Science,84.5,46.9,87.6,79.5,8.8,2.48,4.0,Yes,Yes,Not At Risk
ST00706,20,Female,Data Science,81.8,71.7,96.9,,5.4,2.74,3.0,Yes,Yes,Not At Risk
ST05587,19,Female,IT,83.6,60.3,78.7,64.4,4.1,4.0,4.0,Yes,Yes,Not At Risk
ST04744,20,Male,IT,80.8,66.4,75.7,54.1,6.3,1.62,1.0,Yes,No,Not At Risk
ST09737,20,Male,Software Engineering,77.4,66.5,55.0,65.4,7.2,3.07,2.0,Yes,No,Not At Risk
ST02446,19,Male,Software Engineering,100.0,65.8,60.0,90.7,6.1,2.1,5.0,Yes,No,Not At Risk
ST00936,22,Male,Data Science,65.9,63.6,71.4,39.0,2.6,2.94,7.0,Yes,No,Not At Risk
ST01209,19,Male,IT,77.8,64.5,79.1,85.0,6.8,3.83,0.0,Yes,No,Not At Risk
ST09801,23,Male,IT,84.4,52.7,54.7,70.7,9.3,1.49,8.0,Yes,No,Not At Risk
ST01273,23,Male,IT,82.4,72.6,74.3,71.5,6.3,2.92,1.0,Yes,Yes,Not At Risk
ST04455,21,Male,Software Engineering,81.2,69.3,58.6,45.7,3.2,2.33,5.0,Yes,Yes,Not At Risk
ST11189,19,Male,IT,87.7,88.9,56.4,71.8,3.2,2.84,5.0,Yes,Yes,Not At Risk
ST01843,18,Male,Computer Science,78.4,70.0,38.9,64.6,3.6,3.4,5.0,Yes,Yes,At Risk
ST10439,23,Male,Software Engineering,94.8,63.8,82.3,50.5,2.3,2.22,4.0,Yes,No,Not At Risk
ST11447,22,Male,Software Engineering,62.1,83.3,41.1,46.5,4.9,2.81,,Yes,No,Not At Risk
ST10938,21,Male,IT,98.7,62.6,60.4,71.4,2.8,3.03,4.0,Yes,No,Not At Risk
ST11215,19,Male,IT,89.0,78.0,53.8,100.0,5.1,1.69,1.0,Yes,No,Not At Risk
ST02957,18,Female,Computer Science,75.7,86.3,59.7,50.5,1.3,3.6,3.0,Yes,No,Not At Risk
ST04802,18,Male,Computer Science,89.8,68.9,51.8,64.6,7.4,4.0,8.0,Yes,Yes,Not At Risk
ST04478,24,Female,Computer Science,72.9,65.3,80.5,74.4,7.7,2.67,7.0,Yes,No,Not At Risk
ST07906,18,Female,Computer Science,82.0,62.9,100.0,72.0,7.0,3.33,0.0,,No,Not At Risk
ST08683,22,Male,IT,86.6,72.2,89.8,46.0,14.0,2.6,4.0,Yes,No,Not At Risk
ST06342,21,Male,Data Science,76.1,88.4,26.4,,7.9,2.46,1.0,Yes,No,Not At Risk
ST04532,18,Male,Computer Science,79.8,63.5,75.8,81.1,15.6,2.56,3.0,Yes,No,Not At Risk
ST03642,18,Male,IT,100.0,50.9,75.6,89.1,8.7,3.06,4.0,Yes,No,Not At Risk
ST06058,21,Female,Computer Science,100.0,56.0,76.9,72.1,8.2,2.94,5.0,Yes,No,At Risk
ST03914,24,Male,Computer Science,92.3,76.9,70.8,58.6,3.0,4.0,3.0,Yes,Yes,Not At Risk
ST05867,20,Female,IT,88.3,100.0,49.8,73.2,11.3,2.63,4.0,Yes,No,Not At Risk
ST09811,23,Female,Software Engineering,77.0,80.8,79.3,100.0,3.5,3.56,2.0,Yes,No,Not At Risk
ST04884,18,Male,Software Engineering,74.6,73.2,72.9,84.5,5.9,3.73,2.0,Yes,No,Not At Risk
ST07658,21,Male,Data Science,100.0,50.1,72.5,25.3,9.0,3.4,5.0,Yes,No,At Risk
ST08421,25,Male,Software Engineering,80.7,76.4,64.9,38.7,4.4,3.78,4.0,Yes,Yes,Not At Risk
ST00256,20,Male,Computer Science,75.6,68.0,56.6,63.8,7.6,3.18,6.0,Yes,No,Not At Risk
ST09224,19,Female,IT,99.0,74.5,61.1,68.7,4.5,2.23,6.0,Yes,No,Not At Risk
ST07666,21,Female,IT,78.1,67.5,60.5,100.0,4.4,3.56,4.0,Yes,No,Not At Risk
ST08263,25,Male,Software Engineering,100.0,57.0,44.8,64.0,4.2,2.55,4.0,Yes,Yes,Not At Risk
ST08968,20,Female,IT,78.7,50.1,68.0,97.2,2.4,2.58,4.0,Yes,No,Not At Risk
ST07149,18,Female,IT,83.7,68.9,73.3,38.4,4.1,3.37,6.0,Yes,Yes,At Risk
ST02129,20,Male,IT,81.2,70.3,75.8,70.6,3.4,2.61,2.0,Yes,No,At Risk
ST09315,24,Female,IT,75.5,52.9,65.5,72.3,4.9,2.96,4.0,Yes,No,Not At Risk
ST06771,25,Female,Data Science,68.2,36.4,85.4,70.8,18.1,2.6,3.0,Yes,No,Not At Risk
ST11166,19,Female,IT,75.3,54.6,88.8,75.6,7.9,3.26,3.0,Yes,Yes,Not At Risk
ST04215,21,Male,IT,96.9,65.6,86.4,56.3,7.5,2.8,3.0,Yes,Yes,Not At Risk
ST04256,22,Female,IT,81.9,65.7,45.7,46.8,3.7,3.25,3.0,Yes,No,Not At Risk
ST01697,20,Female,Data Science,85.7,74.0,58.8,81.8,3.0,3.36,3.0,Yes,No,Not At Risk
ST03505,22,Male,Software Engineering,72.5,42.0,45.7,59.4,3.1,3.43,6.0,Yes,No,At Risk
ST04151,18,Female,Software Engineering,53.2,79.0,37.5,67.0,9.8,2.81,2.0,Yes,No,Not At Risk
ST01760,24,Female,Computer Science,90.3,60.3,66.7,45.4,4.9,2.55,3.0,No,Yes,Not At Risk
ST03130,22,Female,Computer Science,86.6,70.9,74.0,90.3,3.5,4.0,3.0,Yes,No,Not At Risk
ST09364,21,Male,Data Science,84.5,82.1,64.0,40.4,10.3,2.34,8.0,Yes,No,Not At Risk
ST11100,23,Male,Computer Science,78.5,100.0,75.2,38.1,1.1,2.47,1.0,Yes,No,Not At Risk
ST01511,25,Male,Computer Science,84.0,47.3,59.2,54.9,3.5,3.14,7.0,Yes,Yes,Not At Risk
ST04793,19,Male,Data Science,61.7,83.8,86.6,51.1,1.7,1.56,9.0,Yes,No,Not At Risk
ST00130,22,Female,Computer Science,87.7,69.0,81.1,43.7,10.5,3.53,2.0,Yes,Yes,Not At Risk
ST01603,20,Male,Data Science,86.1,53.3,58.8,80.5,6.5,3.49,5.0,Yes,No,Not At Risk
ST03590,25,Male,Computer Science,82.2,82.0,70.5,82.9,8.5,2.8,5.0,No,Yes,Not At Risk
ST11727,25,Female,Software Engineering,81.4,42.0,84.1,75.3,6.1,2.83,,Yes,Yes,Not At Risk
ST01677,18,Female,Computer Science,86.0,75.3,73.0,58.1,8.2,3.24,5.0,Yes,No,Not At Risk
ST11116,25,Female,Computer Science,86.8,52.1,75.3,63.3,2.7,4.0,2.0,Yes,No,Not At Risk
ST05383,25,Female,IT,88.8,54.7,48.8,87.1,5.5,2.72,1.0,Yes,No,Not At Risk
ST11252,20,Male,,97.4,61.1,79.2,70.3,11.1,3.59,2.0,Yes,No,Not At Risk
ST01907,23,Female,Software Engineering,90.2,78.3,22.4,72.4,1.0,2.31,3.0,Yes,Yes,At Risk
ST03689,21,Female,IT,90.6,78.3,68.4,58.3,4.8,2.81,3.0,,No,Not At Risk
ST00548,22,Female,Computer Science,100.0,71.1,43.9,76.4,4.7,2.43,2.0,Yes,No,Not At Risk
ST07772,25,Female,Data Science,84.1,78.5,74.3,83.7,2.7,3.59,3.0,Yes,Yes,Not At Risk
ST09551,23,Female,Data Science,70.2,64.1,39.5,75.3,9.6,3.59,3.0,Yes,No,Not At Risk
ST02357,20,Male,IT,77.4,54.4,50.3,100.0,10.7,3.87,4.0,Yes,Yes,Not At Risk
ST01154,22,Male,Computer Science,80.7,54.0,55.9,54.9,8.9,2.19,6.0,Yes,No,Not At Risk
ST10170,20,Male,Computer Science,100.0,53.9,66.8,46.9,2.5,2.31,5.0,Yes,No,Not At Risk
ST08875,19,Male,Computer Science,93.1,34.6,54.5,53.3,5.3,2.63,7.0,Yes,Yes,Not At Risk
ST09186,20,Female,IT,76.3,53.2,97.6,42.2,5.1,2.46,3.0,Yes,Yes,Not At Risk
ST02776,22,Female,Software Engineering,100.0,84.6,61.9,81.4,4.5,2.54,6.0,Yes,Yes,Not At Risk
ST04684,20,Female,IT,70.2,68.5,61.1,71.0,11.2,2.26,6.0,Yes,No,At Risk
ST01165,18,Female,Computer Science,85.9,81.2,45.8,59.7,12.9,3.48,3.0,Yes,Yes,Not At Risk
ST10668,23,Male,Software Engineering,62.5,48.9,48.0,1.6,4.1,3.53,6.0,Yes,No,At Risk
ST11183,20,Female,Software Engineering,83.4,44.4,74.5,61.8,7.2,2.45,2.0,Yes,No,Not At Risk
ST06617,18,Male,Software Engineering,92.4,47.0,71.8,81.3,3.3,4.0,5.0,Yes,Yes,Not At Risk
ST02134,21,Male,Software Engineering,76.6,85.4,66.7,71.4,5.9,2.29,5.0,Yes,No,Not At Risk
ST04287,23,Female,IT,88.6,65.7,64.5,80.4,8.3,2.8,5.0,Yes,Yes,Not At Risk
ST02269,22,Female,Computer Science,74.5,68.8,87.7,60.5,9.2,1.85,4.0,Yes,Yes,At Risk
ST03756,21,Male,Software Engineering,61.0,63.4,60.1,57.2,8.5,3.38,2.0,Yes,Yes,At Risk
ST05964,21,Female,Computer Science,80.5,92.3,30.3,70.4,5.8,2.34,2.0,Yes,No,Not At Risk
ST04142,20,Male,Data Science,83.2,73.7,78.5,75.8,1.2,2.02,2.0,Yes,Yes,Not At Risk
ST09769,24,Male,Data Science,97.4,57.4,66.6,57.4,6.7,4.0,4.0,Yes,No,At Risk
ST07900,18,Female,IT,100.0,51.0,44.2,50.7,10.8,2.62,2.0,Yes,Yes,Not At Risk
ST02687,21,Male,Computer Science,75.0,69.5,78.8,58.1,6.7,2.29,3.0,Yes,No,Not At Risk
ST10985,24,Male,Software Engineering,70.0,70.9,61.7,76.5,11.2,1.96,6.0,Yes,Yes,Not At Risk
ST03683,25,Female,Computer Science,85.9,70.9,80.1,65.3,6.6,3.21,5.0,Yes,No,Not At Risk
ST00289,20,Male,IT,72.7,91.6,59.8,69.6,7.7,4.0,5.0,Yes,Yes,Not At Risk
ST07804,22,Female,Computer Science,80.2,77.0,70.2,64.7,1.1,2.75,4.0,Yes,No,Not At Risk
ST06797,25,Female,IT,81.8,56.9,71.0,88.5,5.8,2.32,4.0,Yes,No,At Risk
ST02194,25,Male,Computer Science,84.3,57.4,85.4,60.3,3.1,2.94,4.0,Yes,No,Not At Risk
ST01311,21,Female,Computer Science,84.9,62.4,65.8,69.4,8.2,2.54,6.0,Yes,Yes,Not At Risk
ST10652,24,Female,Computer Science,67.3,57.3,53.9,61.0,4.6,3.01,3.0,Yes,No,Not At Risk
ST04520,22,Male,,67.3,88.5,65.8,54.8,7.7,2.51,4.0,Yes,No,Not At Risk
ST06700,24,Male,Computer Science,98.5,70.4,53.8,63.6,4.1,2.5,1.0,Yes,Yes,Not At Risk
ST01294,22,Male,Software Engineering,88.1,67.1,84.4,49.6,9.7,2.58,3.0,Yes,Yes,Not At Risk
ST06884,24,Female,Computer Science,100.0,83.7,53.9,45.4,6.7,1.8,3.0,No,Yes,Not At Risk
ST08467,18,Male,Data Science,80.3,69.8,84.5,62.9,5.9,2.67,3.0,Yes,No,Not At Risk
ST02394,21,Male,Computer Science,85.1,71.3,51.6,49.2,11.0,2.6,2.0,Yes,No,Not At Risk
ST07332,21,Male,Computer Science,87.8,71.5,50.9,51.3,6.0,2.97,3.0,Yes,Yes,Not At Risk
ST08211,22,Female,Data Science,97.2,50.5,54.9,56.8,7.9,2.31,3.0,Yes,No,Not At Risk
ST10344,19,Male,IT,97.8,69.6,93.5,80.3,10.6,2.37,6.0,Yes,Yes,Not At Risk
ST07647,18,Male,Software Engineering,74.0,63.0,48.6,93.9,0.6,2.84,1.0,Yes,No,Not At Risk
ST05066,22,Male,Software Engineering,100.0,76.1,52.5,73.3,4.3,3.85,6.0,Yes,No,Not At Risk
ST05041,24,Female,Software Engineering,67.0,60.6,69.9,36.8,9.8,1.63,8.0,,No,Not At Risk
ST10872,25,Female,Software Engineering,61.2,61.5,68.5,34.6,9.4,3.36,1.0,Yes,Yes,At Risk
ST05679,24,Female,Computer Science,99.5,88.5,88.0,69.9,16.8,3.44,1.0,Yes,No,Not At Risk
ST04711,21,Male,IT,95.1,45.4,83.7,56.3,4.3,3.88,4.0,Yes,Yes,Not At Risk
ST07806,24,Male,Software Engineering,100.0,67.4,54.9,69.4,3.3,2.22,2.0,Yes,No,Not At Risk
ST04891,24,Female,Software Engineering,70.1,53.0,67.2,71.9,7.0,3.37,5.0,Yes,Yes,Not At Risk
ST06861,21,Female,Computer Science,74.7,70.3,73.2,47.9,4.4,3.25,0.0,Yes,No,Not At Risk
ST06673,20,Female,Software Engineering,73.1,45.0,69.7,65.3,5.2,2.66,,No,No,Not At Risk
ST01407,19,Male,Computer Science,96.5,59.6,76.0,85.4,2.0,2.62,4.0,Yes,No,Not At Risk
ST00838,25,Male,Computer Science,77.5,83.3,50.2,36.5,6.3,2.66,0.0,Yes,No,Not At Risk
ST02189,23,Male,Computer Science,85.0,79.5,63.4,100.0,4.1,2.82,3.0,Yes,No,Not At Risk
ST00520,18,Male,Data Science,88.4,56.9,79.6,58.4,7.8,3.4,5.0,No,No,Not At Risk
ST04691,19,Male,Computer Science,76.3,73.1,78.9,82.0,4.0,2.61,0.0,Yes,No,Not At Risk
ST06380,19,Female,Computer Science,95.1,68.7,73.8,60.0,0.5,2.17,3.0,Yes,Yes,Not At Risk
ST09884,19,Female,,78.6,91.5,82.2,47.9,8.9,1.43,7.0,Yes,Yes,At Risk
ST00147,18,Female,IT,87.7,64.4,88.2,53.8,1.8,3.26,5.0,,No,Not At Risk
ST04887,21,Female,Data Science,76.6,60.8,93.1,51.9,6.9,3.11,1.0,Yes,No,Not At Risk
ST07378,23,Male,Data Science,100.0,74.3,71.2,83.3,6.9,2.46,5.0,Yes,Yes,Not At Risk
ST01460,18,M,IT,88.0,73.7,67.0,86.2,4.1,3.17,4.0,No,No,Not At Risk
ST00063,24,Female,Software Engineering,69.3,72.6,70.9,53.2,5.1,2.65,7.0,Yes,No,Not At Risk
ST00875,18,Female,IT,94.2,42.1,69.1,34.1,7.4,3.27,9.0,Yes,Yes,Not At Risk
ST06077,24,Male,Software Engineering,86.4,53.6,54.1,70.8,6.6,2.39,5.0,Yes,No,At Risk
ST03223,25,Female,Computer Science,80.9,45.7,35.0,73.0,2.2,2.82,3.0,Yes,No,At Risk
ST03758,22,Male,Software Engineering,77.6,75.6,89.4,61.7,9.5,3.29,2.0,Yes,No,Not At Risk
ST10022,24,Female,Software Engineering,84.4,78.8,68.2,54.4,2.4,2.27,4.0,Yes,No,At Risk
ST06019,21,Male,IT,66.4,48.6,49.2,84.8,11.9,2.9,5.0,Yes,No,Not At Risk
ST00908,21,Female,IT,77.5,92.6,40.9,49.2,6.2,2.47,5.0,Yes,Yes,At Risk
ST01902,21,Female,Computer Science,68.7,24.6,58.2,86.9,9.3,2.3,2.0,Yes,Yes,At Risk
ST01317,18,Female,IT,87.7,71.9,74.0,80.3,4.0,3.36,8.0,Yes,No,Not At Risk
ST11225,22,Male,Software Engineering,100.0,34.6,94.8,31.6,3.5,2.65,5.0,Yes,No,Not At Risk
ST09018,24,Male,Computer Science,84.3,90.2,50.6,48.8,4.2,2.81,2.0,Yes,Yes,Not At Risk
ST07888,24,Male,Data Science,60.0,86.9,50.1,66.7,5.5,2.19,0.0,Yes,No,Not At Risk
ST02039,25,Male,Software Engineering,81.3,53.7,56.5,63.6,5.1,3.18,,Yes,No,Not At Risk
ST04757,19,Female,Computer Science,79.3,64.3,54.2,86.8,4.6,3.67,4.0,Yes,No,Not At Risk
ST05532,19,Male,Software Engineering,92.1,68.6,72.8,51.2,4.9,3.33,2.0,Yes,Yes,Not At Risk
ST08409,19,Female,IT,83.5,53.2,77.4,74.0,2.2,1.53,6.0,Yes,No,Not At Risk
ST00534,18,Male,Computer Science,66.0,81.5,64.3,81.6,1.8,2.91,2.0,Yes,No,Not At Risk
ST09447,20,Female,Computer Science,66.0,76.7,45.7,45.6,10.3,3.77,3.0,Yes,No,Not At Risk
ST07409,18,Male,Computer Science,88.0,39.6,72.9,51.9,3.2,3.58,4.0,Yes,Yes,At Risk
ST02277,22,Female,IT,63.7,93.3,55.3,85.5,4.0,4.0,2.0,Yes,No,Not At Risk
ST01764,22,Male,Software Engineering,77.4,73.6,82.1,81.9,11.9,2.99,5.0,Yes,Yes,Not At Risk
ST03728,21,Female,Software Engineering,77.1,77.6,93.8,56.0,2.5,1.77,1.0,Yes,Yes,Not At Risk
ST07608,21,Female,Software Engineering,88.1,83.6,61.4,88.7,10.2,4.0,4.0,Yes,Yes,Not At Risk
ST01464,23,Female,Computer Science,75.5,45.3,69.0,46.0,7.4,1.91,8.0,Yes,No,Not At Risk
ST05246,21,Male,IT,87.4,65.6,71.5,61.6,6.8,3.15,4.0,Yes,Yes,Not At Risk
ST11067,22,Female,Computer Science,89.9,59.1,55.2,58.6,15.6,3.33,7.0,Yes,Yes,Not At Risk
ST08801,21,Female,IT,95.6,74.3,68.6,,1.7,3.05,2.0,Yes,No,Not At Risk
ST07651,24,Male,Software Engineering,79.7,70.5,59.4,83.1,2.0,3.71,2.0,Yes,No,Not At Risk
ST10544,25,Male,Software Engineering,79.5,63.6,49.1,50.7,5.2,2.57,7.0,Yes,Yes,At Risk
ST08702,21,Male,Software Engineering,87.0,68.8,34.9,37.5,15.1,4.0,0.0,Yes,No,Not At Risk
ST07291,19,Female,Data Science,84.2,48.5,54.5,57.3,2.5,3.66,6.0,Yes,No,Not At Risk
ST11267,19,Male,Software Engineering,74.2,61.7,68.8,70.1,4.2,2.23,2.0,Yes,No,At Risk
ST01882,20,Female,Software Engineering,83.4,58.9,49.4,55.6,3.6,2.64,0.0,Yes,Yes,At Risk
ST06804,20,Male,IT,87.9,44.3,77.4,64.6,4.0,2.15,3.0,Yes,Yes,Not At Risk
ST11191,18,Female,Computer Science,64.8,68.2,60.1,65.7,3.3,2.13,1.0,No,Yes,Not At Risk
ST00509,21,Male,IT,86.0,84.8,56.1,53.3,6.3,2.83,6.0,Yes,Yes,Not At Risk
ST09536,25,Female,Software Engineering,72.8,53.0,66.0,63.6,5.1,3.76,7.0,Yes,No,Not At Risk
ST05895,23,Male,Software Engineering,75.4,58.4,100.0,93.0,9.1,3.5,4.0,Yes,Yes,Not At Risk
ST07369,18,Male,IT,73.7,72.4,79.5,54.7,5.2,1.38,4.0,Yes,Yes,Not At Risk
ST10023,19,Female,Data Science,89.3,69.5,75.8,82.9,2.5,4.0,5.0,Yes,No,Not At Risk
ST05344,19,Male,Computer Science,81.0,82.8,80.4,64.7,14.3,2.0,2.0,Yes,No,Not At Risk
ST03875,18,Female,Data Science,66.7,67.7,86.2,93.6,3.4,2.35,5.0,Yes,No,Not At Risk
ST04056,18,Male,Data Science,68.0,93.4,80.8,55.3,2.9,2.64,0.0,Yes,No,Not At Risk
ST08781,23,Female,Software Engineering,88.4,76.1,58.7,66.8,7.0,3.41,2.0,Yes,Yes,Not At Risk
ST06633,25,Female,Computer Science,58.4,59.1,68.2,69.4,6.1,2.01,5.0,Yes,No,Not At Risk
ST05302,20,Male,Data Science,95.3,100.0,48.4,49.1,4.7,2.81,2.0,Yes,Yes,Not At Risk
ST08182,18,Male,Data Science,86.2,54.0,77.0,71.6,5.5,2.94,3.0,Yes,Yes,Not At Risk
ST09031,23,Male,Software Engineering,87.6,61.9,90.9,78.4,5.9,3.06,7.0,Yes,Yes,Not At Risk
ST08260,18,Male,Data Science,67.1,77.9,32.8,65.1,3.4,3.33,6.0,Yes,Yes,At Risk
ST04168,24,Male,Software Engineering,95.4,92.0,43.5,67.7,9.3,2.2,7.0,Yes,No,Not At Risk
ST02474,22,Female,,85.5,52.4,59.2,27.5,2.2,1.68,1.0,Yes,Yes,At Risk
ST02298,18,Male,IT,73.9,50.2,94.8,47.5,6.1,2.25,1.0,Yes,No,Not At Risk
ST04803,25,Female,Computer Science,92.1,60.8,100.0,48.5,7.6,3.27,3.0,Yes,Yes,Not At Risk
ST06453,20,Female,IT,86.7,60.0,97.4,100.0,8.9,2.22,3.0,Yes,No,Not At Risk
ST00087,21,Male,Data Science,85.5,80.8,69.1,90.6,5.5,2.84,2.0,Yes,No,Not At Risk
ST00680,22,Male,Data Science,53.5,97.8,74.0,62.1,4.7,3.77,3.0,Yes,Yes,Not At Risk
ST06706,21,Male,IT,85.9,76.3,86.2,47.3,6.0,2.36,1.0,Yes,No,Not At Risk
ST03022,20,Male,Computer Science,86.4,74.3,67.4,79.2,1.9,3.3,7.0,Yes,No,Not At Risk
ST09631,19,Male,Computer Science,88.3,62.9,64.8,49.9,8.6,2.23,2.0,Yes,Yes,Not At Risk
ST07682,20,Male,Data Science,69.2,58.7,72.2,50.3,9.7,3.07,3.0,Yes,No,Not At Risk
ST08673,25,Female,Computer Science,75.1,74.2,77.6,65.3,8.9,2.15,,Yes,No,Not At Risk
ST11498,18,Female,Data Science,92.1,87.7,63.5,60.6,1.0,2.77,2.0,Yes,Yes,Not At Risk
ST02999,20,Female,IT,84.9,79.8,94.2,54.9,13.0,2.54,3.0,Yes,No,Not At Risk
ST02063,25,Female,Data Science,64.3,76.1,43.7,60.0,7.7,2.75,1.0,Yes,Yes,Not At Risk
ST02378,21,Female,Computer Science,68.3,80.2,51.2,76.5,10.7,2.29,6.0,Yes,No,Not At Risk
ST08890,25,Female,Data Science,75.6,73.6,61.5,41.3,4.3,2.95,,Yes,No,At Risk
ST06386,20,Male,Computer Science,93.7,69.7,64.1,100.0,8.6,3.52,5.0,Yes,Yes,Not At Risk
ST06198,20,Female,IT,81.7,54.3,69.1,90.2,9.7,1.95,3.0,Yes,Yes,Not At Risk
ST01298,25,Male,Software Engineering,76.8,52.1,63.4,42.3,3.2,2.24,4.0,Yes,Yes,Not At Risk
ST00275,18,Female,Software Engineering,63.7,69.4,69.5,61.8,5.3,3.9,2.0,Yes,Yes,Not At Risk
ST07096,23,Male,Computer Science,81.6,67.7,44.7,94.8,2.0,2.82,5.0,Yes,Yes,At Risk
ST00408,23,Female,Computer Science,88.4,72.4,77.1,85.5,3.3,3.22,7.0,Yes,Yes,Not At Risk
ST02176,24,Male,Software Engineering,61.8,68.6,96.4,67.2,11.3,2.79,2.0,Yes,Yes,Not At Risk
ST02726,20,Male,IT,83.1,82.4,68.1,69.4,4.7,3.35,8.0,Yes,No,Not At Risk
ST06988,20,Male,IT,76.5,81.5,70.3,85.2,3.4,3.86,3.0,Yes,No,Not At Risk
ST02806,24,Male,Software Engineering,94.9,62.3,83.4,39.3,2.9,3.02,4.0,No,Yes,Not At Risk
ST07312,24,Female,Computer Science,61.4,80.0,70.0,74.5,10.9,1.54,3.0,Yes,No,Not At Risk
ST07557,21,Male,IT,92.9,62.3,68.5,96.0,2.5,3.38,2.0,Yes,No,Not At Risk
ST00845,19,Male,Software Engineering,100.0,58.2,56.5,97.6,2.9,2.75,5.0,Yes,No,Not At Risk
ST09232,24,Male,Data Science,64.8,68.2,60.2,68.1,0.5,2.73,7.0,Yes,No,Not At Risk
ST11331,22,Male,Computer Science,100.0,65.2,67.6,49.1,3.6,1.99,3.0,Yes,Yes,Not At Risk
ST10081,25,Female,Computer Science,95.3,85.4,44.9,75.2,4.5,2.89,3.0,Yes,Yes,Not At Risk
ST08414,25,Female,Software Engineering,87.5,89.6,58.0,37.0,5.1,1.9,6.0,Yes,No,Not At Risk
ST06444,21,Male,IT,96.6,61.3,58.6,62.9,4.5,2.95,3.0,Yes,Yes,Not At Risk
ST08660,24,Female,Computer Science,93.9,71.2,48.6,63.6,4.2,3.22,8.0,Yes,No,Not At Risk
ST05824,25,Male,IT,77.1,86.1,76.9,51.7,3.8,3.19,5.0,Yes,Yes,Not At Risk
ST01157,18,Female,Data Science,76.7,69.2,65.5,100.0,3.3,1.55,3.0,Yes,No,Not At Risk
ST05395,19,Male,Computer Science,79.0,66.2,56.0,46.6,9.9,2.2,2.0,Yes,Yes,Not At Risk
ST09938,19,Female,Computer Science,75.4,64.7,76.8,61.9,5.5,3.54,1.0,Yes,No,Not At Risk
ST02294,22,Male,Software Engineering,84.9,71.1,70.4,70.1,3.5,2.46,3.0,Yes,Yes,Not At Risk
ST02024,20,Male,Computer Science,100.0,56.6,35.3,63.6,9.0,3.11,1.0,Yes,Yes,Not At Risk
ST10033,25,Female,Software Engineering,75.8,59.5,68.3,60.9,2.1,3.7,1.0,Yes,No,Not At Risk
ST05466,22,Female,Software Engineering,88.5,71.3,43.8,63.6,4.6,3.65,3.0,Yes,Yes,Not At Risk
ST09138,18,female,Data Science,74.4,78.7,45.6,67.8,7.9,2.21,5.0,Yes,No,Not At Risk
ST02367,19,Male,Data Science,75.4,56.2,51.2,82.4,2.9,2.84,5.0,Yes,No,Not At Risk
ST01571,20,Male,IT,76.5,88.8,60.1,69.8,14.2,2.91,4.0,Yes,Yes,Not At Risk
ST05787,23,Male,Data Science,87.5,75.4,91.3,82.7,4.4,3.6,3.0,Yes,Yes,Not At Risk
ST04637,20,Male,Computer Science,80.2,91.1,70.8,,5.9,3.15,5.0,Yes,Yes,Not At Risk
ST11834,24,Female,Computer Science,75.6,58.1,85.9,77.3,17.0,1.72,3.0,Yes,Yes,Not At Risk
ST02738,25,Male,Software Engineering,75.2,68.3,60.0,72.2,1.1,3.53,0.0,,Yes,Not At Risk
ST00563,24,Female,Computer Science,68.9,62.8,54.6,69.2,4.0,3.25,5.0,Yes,Yes,Not At Risk
ST07380,22,Female,Software Engineering,100.0,77.1,89.2,34.3,8.6,3.1,,Yes,No,Not At Risk
ST06763,19,Female,Software Engineering,87.4,64.0,63.7,66.2,7.8,3.0,4.0,Yes,Yes,Not At Risk
ST04964,23,Female,Software Engineering,100.0,76.5,57.3,64.1,2.5,3.0,1.0,Yes,Yes,Not At Risk
ST10168,23,Female,Computer Science,88.3,56.8,80.3,78.7,2.3,1.56,7.0,Yes,No,Not At Risk
ST05427,23,Female,Computer Science,81.1,58.9,59.3,66.2,7.7,3.31,9.0,Yes,No,At Risk
ST00568,19,Male,IT,100.0,89.2,58.7,60.5,7.8,3.67,2.0,Yes,Yes,Not At Risk
ST03855,22,Male,Data Science,100.0,75.0,83.1,54.2,2.6,3.19,2.0,Yes,No,Not At Risk
ST07617,19,Male,Data Science,78.2,78.4,40.6,33.6,2.6,2.98,4.0,Yes,Yes,Not At Risk
ST11600,20,Male,Computer Science,82.2,96.9,60.6,70.9,6.3,2.51,,Yes,Yes,Not At Risk
ST02831,22,Male,Software Engineering,100.0,81.6,60.0,38.7,3.5,2.95,6.0,Yes,No,Not At Risk
ST01474,25,Female,Software Engineering,91.3,69.8,50.4,54.3,13.2,3.93,12.0,Yes,No,Not At Risk
ST00841,18,Female,Software Engineering,92.1,58.6,67.9,100.0,8.3,2.79,1.0,Yes,Yes,Not At Risk
ST11911,20,Male,Computer Science,70.3,99.7,60.5,69.9,2.6,3.21,4.0,Yes,Yes,Not At Risk
ST10831,19,Male,Data Science,57.9,66.3,36.0,55.4,9.7,2.84,6.0,Yes,No,At Risk
ST00396,21,Female,Software Engineering,90.8,76.8,66.5,63.7,9.4,1.58,3.0,Yes,No,Not At Risk
ST05019,19,Male,Computer Science,74.8,54.9,60.8,85.0,5.9,2.65,2.0,Yes,No,Not At Risk
ST08730,18,Male,Computer Science,87.9,60.0,80.3,80.0,3.2,3.89,7.0,Yes,No,Not At Risk
ST05178,24,Male,,91.1,81.7,57.8,34.9,11.3,2.63,7.0,Yes,Yes,Not At Risk
ST02590,23,Male,Software Engineering,68.5,72.2,55.9,70.8,4.2,3.09,2.0,Yes,Yes,At Risk
ST03651,22,Male,IT,77.1,67.3,63.4,54.9,7.8,2.99,7.0,Yes,Yes,At Risk
ST06449,25,Female,IT,74.9,57.0,77.2,70.5,2.2,2.69,2.0,Yes,No,Not At Risk
ST01095,18,Female,Computer Science,69.3,42.4,94.6,80.0,7.5,2.9,5.0,Yes,No,Not At Risk
ST09878,22,Female,Software Engineering,70.2,41.7,33.9,60.7,7.5,2.92,1.0,Yes,Yes,Not At Risk
ST06665,25,Male,Data Science,89.3,64.7,36.9,77.5,10.6,3.45,9.0,Yes,Yes,Not At Risk
ST01225,22,Male,Computer Science,75.1,66.2,91.7,87.7,4.7,3.02,3.0,Yes,Yes,At Risk
ST10970,21,Male,IT,92.4,80.2,87.8,71.8,4.7,3.86,2.0,Yes,No,Not At Risk
ST07032,22,Male,IT,95.7,69.8,48.6,63.3,4.7,3.2,3.0,Yes,No,Not At Risk
ST03067,18,Male,Software Engineering,70.8,90.3,77.6,54.7,11.6,2.95,3.0,Yes,No,Not At Risk
ST00972,22,Female,Computer Science,100.0,61.6,94.1,23.2,5.7,3.43,2.0,Yes,No,Not At Risk
ST06561,25,female,Computer Science,66.5,75.0,39.8,91.4,9.5,1.88,5.0,Yes,No,At Risk
ST04785,23,Male,Computer Science,94.1,72.4,68.9,55.5,7.3,3.77,1.0,Yes,Yes,Not At Risk
ST03503,20,Female,Computer Science,71.2,63.4,96.2,50.9,3.5,2.36,1.0,Yes,No,Not At Risk
ST10409,20,Female,Computer Science,77.7,97.4,48.3,54.4,4.8,2.19,1.0,Yes,No,Not At Risk
ST05860,24,Male,Computer Science,81.3,76.5,64.6,74.9,6.8,3.59,6.0,Yes,No,Not At Risk
ST07970,22,Male,Data Science,81.6,53.5,48.0,75.8,3.9,3.04,2.0,Yes,Yes,Not At Risk
ST07058,25,Female,Software Engineering,78.5,66.5,77.5,67.0,7.0,2.16,6.0,Yes,No,Not At Risk
ST03258,22,Female,Software Engineering,90.1,63.9,37.7,84.0,3.0,2.41,2.0,Yes,Yes,Not At Risk
ST00818,19,Male,Software Engineering,77.8,74.9,84.2,90.1,3.7,3.01,4.0,Yes,No,Not At Risk
ST06785,23,Female,Computer Science,85.6,53.0,79.0,,11.7,2.57,7.0,Yes,No,Not At Risk
ST09522,21,Female,Software Engineering,91.5,74.5,52.7,68.9,3.4,1.95,3.0,No,No,Not At Risk
ST06033,22,Male,Software Engineering,83.2,37.7,62.8,75.7,7.8,2.4,3.0,Yes,No,Not At Risk
ST08643,19,Female,IT,84.8,74.8,47.8,53.0,3.7,2.86,,Yes,Yes,Not At Risk
ST03020,21,Male,Software Engineering,93.3,68.6,45.5,47.3,13.3,3.24,2.0,Yes,No,Not At Risk
ST04516,22,Male,Computer Science,90.0,68.6,84.9,,11.3,2.1,3.0,Yes,Yes,At Risk
ST00287,19,Male,Software Engineering,91.2,70.0,75.2,97.3,1.1,3.0,4.0,Yes,Yes,Not At Risk
ST01869,20,Female,Software Engineering,76.2,65.0,65.2,32.3,4.3,2.37,1.0,No,Yes,At Risk
ST07839,21,Male,Computer Science,73.6,54.0,58.8,23.5,5.5,3.02,8.0,Yes,Yes,At Risk
ST09958,19,Male,Data Science,82.6,54.3,84.8,59.1,8.9,3.45,5.0,Yes,No,Not At Risk
ST03052,25,Male,Computer Science,73.5,70.5,73.1,31.5,3.8,2.46,1.0,Yes,No,Not At Risk
ST00096,24,Male,Data Science,92.8,80.1,85.6,54.4,4.9,2.62,2.0,Yes,No,Not At Risk
ST08285,20,Female,Computer Science,72.6,77.9,77.7,72.0,3.1,1.98,4.0,Yes,No,Not At Risk
ST10152,21,Female,Software Engineering,86.7,80.1,66.6,75.6,6.5,2.47,4.0,Yes,Yes,Not At Risk
ST09456,18,Male,Computer Science,88.1,79.1,89.1,51.2,1.3,1.92,1.0,Yes,No,Not At Risk
ST09296,18,Female,Data Science,76.2,80.0,82.4,68.3,3.1,2.82,4.0,Yes,No,Not At Risk
ST02609,22,Female,Software Engineering,67.4,66.4,79.6,57.0,6.5,3.31,3.0,Yes,Yes,Not At Risk
ST00191,23,Male,Data Science,87.0,74.0,59.3,48.0,8.4,2.66,6.0,Yes,No,Not At Risk
ST07010,22,Female,IT,84.4,52.2,71.3,37.7,7.1,3.7,5.0,Yes,No,At Risk
ST06367,23,Male,IT,71.0,74.1,62.7,78.8,4.0,3.02,6.0,Yes,Yes,At Risk
ST03681,19,Female,Software Engineering,80.3,56.6,53.7,76.8,0.7,3.42,2.0,No,No,Not At Risk
ST00181,23,Male,IT,74.4,27.5,52.2,93.5,7.4,1.69,1.0,,Yes,Not At Risk
ST03987,23,Male,Software Engineering,87.1,78.5,88.4,55.0,3.9,2.07,3.0,Yes,No,Not At Risk
ST03171,22,Male,Software Engineering,80.8,89.2,89.0,62.7,9.7,2.13,,Yes,Yes,Not At Risk
ST11253,24,Female,Software Engineering,67.2,88.0,63.2,72.8,11.5,2.05,3.0,Yes,No,Not At Risk
ST00086,22,Male,IT,85.2,53.7,56.7,34.6,1.9,3.3,5.0,Yes,No,At Risk
ST08636,24,Male,IT,94.0,58.0,42.9,46.2,3.9,3.63,4.0,Yes,Yes,Not At Risk
ST03323,21,Female,IT,73.0,52.1,71.5,76.8,6.4,3.43,4.0,Yes,Yes,Not At Risk
ST02935,18,Female,Computer Science,86.6,77.6,64.6,100.0,8.1,2.78,7.0,Yes,No,Not At Risk
ST01537,24,Female,Software Engineering,79.4,64.8,73.5,68.9,4.6,3.78,1.0,Yes,Yes,Not At Risk
ST07776,19,Male,Software Engineering,100.0,82.8,63.1,90.6,6.7,2.35,4.0,Yes,No,Not At Risk
ST01541,22,Female,Data Science,75.0,80.8,48.8,63.9,4.9,4.0,4.0,Yes,Yes,Not At Risk
ST05495,18,Male,IT,79.5,56.3,89.3,75.9,9.8,3.61,3.0,No,Yes,Not At Risk
ST08245,24,Female,Software Engineering,98.3,44.7,78.3,75.1,8.1,2.44,3.0,Yes,Yes,Not At Risk
ST04049,20,Male,Data Science,83.1,71.1,41.9,59.6,9.1,3.36,1.0,Yes,No,Not At Risk
ST03016,22,Male,Software Engineering,78.6,95.6,47.8,81.2,14.3,1.73,1.0,Yes,Yes,Not At Risk
ST03105,23,Female,Software Engineering,93.9,65.4,75.2,73.2,4.9,3.03,6.0,Yes,No,Not At Risk
ST06339,25,Female,IT,72.5,79.6,52.6,65.4,3.5,3.81,1.0,Yes,Yes,Not At Risk
ST10039,18,Male,Computer Science,88.2,71.3,100.0,85.8,4.7,2.03,1.0,No,No,Not At Risk
ST04135,24,Male,Computer Science,83.1,57.6,58.4,50.2,8.0,3.03,5.0,Yes,Yes,Not At Risk
ST08380,21,Female,Computer Science,81.3,70.4,77.6,76.3,3.2,1.86,4.0,Yes,Yes,Not At Risk
ST02619,19,Female,Computer Science,92.5,79.3,68.0,71.0,5.3,3.25,6.0,Yes,Yes,Not At Risk
ST02534,22,Male,IT,92.7,58.6,70.3,58.7,4.2,3.33,8.0,Yes,No,Not At Risk
ST08393,19,Female,IT,84.6,92.1,72.5,70.4,5.9,2.81,5.0,Yes,No,Not At Risk
ST04304,23,Female,IT,85.8,62.0,55.9,69.6,12.7,2.0,5.0,Yes,Yes,Not At Risk
ST11290,19,Male,Data Science,89.4,61.0,63.0,66.5,5.6,2.93,6.0,Yes,No,Not At Risk
ST11357,23,Female,Software Engineering,50.6,70.2,45.8,83.5,4.6,2.29,5.0,Yes,Yes,Not At Risk
ST03894,21,Female,Computer Science,100.0,74.4,68.8,63.5,2.3,2.54,3.0,Yes,No,Not At Risk
ST00429,24,Male,IT,83.5,70.0,67.2,83.5,4.4,3.22,3.0,Yes,No,Not At Risk
ST03201,23,Male,IT,93.7,61.1,64.4,83.5,3.6,2.46,6.0,Yes,No,Not At Risk
ST11474,19,Male,IT,80.5,68.4,57.1,61.5,2.4,2.73,3.0,Yes,No,Not At Risk
ST02750,23,Male,Data Science,81.1,55.8,92.5,36.1,4.4,2.93,7.0,Yes,No,Not At Risk
ST06062,22,Male,Software Engineering,70.7,53.1,80.2,85.1,2.1,4.0,1.0,Yes,No,At Risk
ST05580,21,Male,Software Engineering,77.5,94.3,48.7,34.9,11.1,3.3,4.0,Yes,Yes,Not At Risk
ST05429,18,Female,Data Science,87.3,77.5,67.0,62.8,4.9,1.88,7.0,Yes,No,Not At Risk
ST01574,24,Male,Software Engineering,93.7,72.3,72.8,57.1,6.3,2.88,5.0,Yes,Yes,Not At Risk
ST02034,22,Female,IT,80.9,76.0,61.7,64.9,2.5,4.0,5.0,Yes,Yes,Not At Risk
ST09518,24,Male,Software Engineering,71.0,63.5,62.1,55.9,2.8,2.97,5.0,Yes,Yes,Not At Risk
ST08492,24,Female,Computer Science,78.2,51.2,66.9,61.1,14.1,3.07,1.0,Yes,No,Not At Risk
ST09237,25,Female,Computer Science,67.6,63.4,69.2,82.9,4.8,3.76,6.0,Yes,No,Not At Risk
ST05060,22,Female,Software Engineering,69.7,66.8,57.3,68.1,7.2,1.44,3.0,Yes,No,At Risk
ST00539,20,Female,IT,79.4,60.3,38.6,67.1,2.4,2.53,7.0,Yes,Yes,Not At Risk
ST05793,22,Male,Software Engineering,66.0,51.7,51.4,71.4,2.9,2.37,3.0,Yes,No,Not At Risk
ST06570,22,Female,Data Science,67.7,58.9,72.5,82.8,2.1,2.38,4.0,Yes,No,At Risk
ST01396,18,Female,Software Engineering,85.6,75.5,98.8,66.0,5.4,2.41,1.0,Yes,No,Not At Risk
ST08389,20,Female,Software Engineering,80.8,73.3,74.3,34.6,13.1,2.46,2.0,Yes,Yes,At Risk
ST09005,23,Male,Computer Science,84.5,75.4,58.6,68.8,4.3,2.71,5.0,Yes,Yes,Not At Risk
ST09466,25,Female,Computer Science,67.3,68.7,80.1,70.5,1.9,1.89,,Yes,Yes,Not At Risk
ST08226,25,Male,,67.6,51.6,67.0,47.3,13.1,2.54,5.0,Yes,Yes,Not At Risk
ST01207,21,Female,Software Engineering,74.5,59.5,46.9,49.2,4.3,3.1,4.0,Yes,No,At Risk
ST08128,23,Female,IT,80.4,33.7,61.3,62.1,2.8,3.28,3.0,Yes,Yes,At Risk
ST01185,18,Female,Computer Science,93.4,85.5,53.5,76.4,9.3,3.05,3.0,Yes,No,Not At Risk
ST07913,18,Male,IT,85.8,68.6,66.9,71.4,24.9,3.64,0.0,Yes,No,Not At Risk
ST00044,21,Male,IT,74.1,66.7,80.1,84.6,3.2,2.69,6.0,Yes,No,Not At Risk
ST05135,25,Male,Computer Science,71.1,62.1,77.6,71.0,3.1,2.77,6.0,Yes,No,Not At Risk
ST10404,22,Female,IT,62.0,82.1,48.7,66.9,4.4,1.96,4.0,Yes,No,Not At Risk
ST00722,18,Female,Software Engineering,81.6,91.8,79.8,64.3,8.6,2.84,3.0,Yes,No,Not At Risk
ST04763,20,Male,IT,62.8,89.4,75.4,69.6,4.8,3.01,2.0,Yes,No,Not At Risk
ST07095,22,Female,Data Science,91.4,96.7,89.6,41.0,6.4,3.01,3.0,Yes,No,Not At Risk
ST00223,18,Male,Software Engineering,92.8,50.7,69.3,71.3,4.9,2.44,3.0,Yes,Yes,Not At Risk
ST09429,23,Female,Software Engineering,99.9,61.3,62.4,81.3,6.9,2.36,4.0,Yes,No,Not At Risk
ST11724,19,Male,Software Engineering,76.8,68.4,67.4,72.6,9.5,2.33,3.0,Yes,Yes,At Risk
ST08392,18,Female,Computer Science,93.3,44.6,58.3,,5.3,2.44,6.0,Yes,No,At Risk
ST11662,25,Female,Computer Science,59.0,69.7,78.5,81.9,1.4,2.78,4.0,Yes,No,Not At Risk
ST08292,25,Male,Software Engineering,75.1,66.6,84.9,83.8,15.3,3.11,6.0,Yes,Yes,Not At Risk
ST07020,21,Male,Computer Science,81.5,52.8,76.8,71.2,6.1,2.44,5.0,Yes,No,Not At Risk
ST03672,20,Male,Computer Science,87.3,98.6,83.4,25.2,4.1,2.86,1.0,Yes,Yes,Not At Risk
ST04776,21,Female,Data Science,58.2,61.0,68.3,80.0,16.1,1.85,7.0,Yes,No,Not At Risk
ST04598,21,Female,Software Engineering,78.0,61.2,87.7,79.5,1.7,4.0,,,Yes,Not At Risk
ST06414,19,Male,Software Engineering,83.4,67.6,64.4,66.4,6.4,2.78,4.0,Yes,Yes,Not At Risk
ST09069,21,Female,Data Science,93.8,67.1,68.6,62.1,5.0,4.0,5.0,Yes,No,Not At Risk
ST05977,23,Female,Software Engineering,68.7,62.4,69.0,60.8,16.5,2.63,8.0,Yes,Yes,Not At Risk
ST02422,22,Female,IT,63.9,67.1,81.6,44.5,7.1,4.0,1.0,Yes,No,Not At Risk
ST05043,21,Male,Software Engineering,75.9,67.9,74.2,78.2,4.0,3.38,3.0,Yes,Yes,Not At Risk
ST09073,21,Female,Computer Science,94.8,71.8,90.8,48.9,8.1,2.8,7.0,Yes,Yes,Not At Risk
ST09194,18,Female,IT,92.3,53.7,61.9,79.1,6.1,2.14,5.0,Yes,Yes,Not At Risk
ST01480,22,Male,Data Science,96.1,60.3,71.7,69.6,10.0,2.07,5.0,Yes,No,Not At Risk
ST04187,21,Male,Data Science,75.5,93.2,78.6,70.1,5.7,4.0,5.0,Yes,Yes,Not At Risk
ST10346,19,Male,Computer Science,80.4,59.2,80.7,59.2,7.1,1.93,4.0,Yes,No,Not At Risk
ST04556,18,Female,IT,86.8,40.7,51.6,70.7,10.4,2.57,,Yes,Yes,Not At Risk
ST04801,25,Female,IT,86.1,43.1,75.3,51.1,3.5,1.71,2.0,Yes,No,Not At Risk
ST02362,21,Female,Computer Science,77.5,57.1,71.5,76.1,4.5,2.31,5.0,Yes,No,Not At Risk
ST08071,24,Female,Data Science,84.7,86.7,94.7,66.0,2.8,3.66,2.0,Yes,Yes,Not At Risk
ST06580,18,Male,IT,68.8,68.4,71.0,80.8,2.9,2.71,2.0,Yes,No,At Risk
ST03850,19,Male,Data Science,85.8,40.1,68.9,58.6,6.7,3.98,6.0,Yes,Yes,Not At Risk
ST00049,18,Male,Computer Science,67.4,58.6,63.2,73.3,18.4,2.4,3.0,Yes,No,Not At Risk
ST08077,18,Female,Data Science,82.7,51.0,35.1,77.4,13.4,3.18,1.0,Yes,Yes,Not At Risk
ST00502,19,Female,Computer Science,100.0,78.4,76.6,63.4,11.9,2.88,4.0,Yes,Yes,Not At Risk
ST05697,18,Female,IT,90.9,69.1,43.9,56.5,1.7,3.21,5.0,Yes,No,Not At Risk
ST04378,23,Male,Software Engineering,74.6,46.6,73.7,84.3,7.3,3.94,8.0,Yes,No,Not At Risk
ST05529,25,Male,Data Science,67.5,72.2,63.4,51.3,2.9,3.18,2.0,Yes,Yes,Not At Risk
ST07586,25,Female,Software Engineering,83.3,65.1,54.2,88.0,10.3,3.21,4.0,Yes,No,Not At Risk
ST08298,25,Female,Data Science,69.0,63.3,100.0,79.4,4.8,3.25,0.0,Yes,Yes,Not At Risk
ST10996,20,Male,Computer Science,82.6,77.6,84.6,84.2,14.3,3.16,2.0,Yes,Yes,Not At Risk
ST10555,19,Female,Computer Science,78.8,76.8,57.6,76.8,3.0,2.53,5.0,Yes,No,At Risk
ST00436,21,Female,Computer Science,90.8,65.8,71.7,65.3,4.9,1.62,6.0,Yes,Yes,Not At Risk
ST09755,24,Female,Computer Science,81.8,74.9,73.1,62.2,4.0,3.05,3.0,Yes,No,Not At Risk
ST11327,21,Male,Software Engineering,67.9,63.5,73.6,85.0,6.1,1.91,3.0,Yes,No,Not At Risk
ST08639,24,Female,IT,87.6,73.8,66.8,60.1,7.2,2.23,4.0,Yes,No,Not At Risk
ST07991,22,Female,Data Science,82.1,82.4,73.9,87.2,3.4,2.95,8.0,Yes,Yes,Not At Risk
ST04676,19,Female,Computer Science,79.0,56.7,53.8,80.0,7.8,2.98,0.0,Yes,Yes,Not At Risk
ST01245,24,Male,Computer Science,92.9,49.8,81.4,79.4,3.9,3.45,6.0,Yes,No,Not At Risk
ST00923,19,Male,IT,100.0,80.1,68.1,99.6,3.1,2.67,8.0,Yes,No,Not At Risk
ST04905,19,Male,Computer Science,98.3,78.7,52.1,59.0,3.9,2.72,4.0,No,No,Not At Risk
ST03611,19,M,IT,74.0,82.6,51.0,76.0,5.4,2.1,2.0,Yes,Yes,Not At Risk
ST11281,23,Female,Software Engineering,89.3,85.3,67.7,66.1,4.4,1.81,5.0,Yes,No,Not At Risk
ST00640,24,Female,Computer Science,93.1,87.9,80.4,35.3,9.3,3.37,2.0,Yes,No,Not At Risk
ST03869,21,Female,Computer Science,81.6,89.7,75.4,64.2,1.9,3.79,2.0,Yes,Yes,Not At Risk
ST05582,23,Male,Software Engineering,83.9,49.8,40.8,81.2,8.4,3.03,3.0,Yes,Yes,At Risk
ST02556,24,Male,Software Engineering,83.7,43.9,66.8,45.6,5.4,2.36,0.0,Yes,Yes,At Risk
ST05404,22,Male,Software Engineering,100.0,36.1,77.1,56.4,8.0,2.17,,Yes,Yes,Not At Risk
ST02148,22,Female,Software Engineering,75.5,48.8,26.9,63.2,4.5,3.21,5.0,Yes,No,Not At Risk
ST09044,21,Male,Data Science,84.3,83.4,86.4,86.1,4.5,3.14,4.0,Yes,No,Not At Risk
ST06912,21,Female,IT,74.3,96.9,75.3,79.1,2.4,2.64,6.0,Yes,No,Not At Risk
ST11714,22,Male,Data Science,83.4,57.1,67.8,85.6,7.9,3.32,3.0,Yes,Yes,Not At Risk
ST01351,18,Female,Computer Science,74.0,44.3,71.5,85.4,5.6,2.54,1.0,Yes,No,At Risk
ST03289,18,Female,Computer Science,78.0,79.7,70.1,43.7,4.1,2.75,3.0,Yes,No,At Risk
ST02018,23,Male,Computer Science,73.5,58.6,65.1,63.4,1.0,2.65,3.0,Yes,No,At Risk
ST04723,23,Female,Software Engineering,71.3,51.8,27.6,78.7,6.9,3.68,7.0,Yes,No,Not At Risk
ST02000,19,Female,Computer Science,86.2,82.4,68.8,55.7,2.9,2.51,7.0,Yes,No,Not At Risk
ST09057,21,Female,Computer Science,74.8,77.5,82.2,72.5,9.4,2.68,1.0,Yes,Yes,Not At Risk
ST06440,19,Female,Software Engineering,100.0,57.5,84.2,47.3,7.4,3.42,8.0,No,Yes,Not At Risk
ST04979,20,Male,Computer Science,74.6,73.3,99.3,,13.6,2.82,3.0,Yes,Yes,Not At Risk
ST08339,18,Female,Software Engineering,76.0,65.4,74.9,64.9,14.1,2.74,6.0,Yes,Yes,Not At Risk
ST09396,24,Female,Computer Science,82.3,53.3,67.4,46.9,2.4,2.81,2.0,Yes,No,At Risk
ST05701,22,Female,Computer Science,70.4,44.6,75.4,71.9,6.7,2.55,1.0,No,No,Not At Risk
ST04405,19,Female,Software Engineering,89.1,89.4,69.1,59.5,9.8,2.31,3.0,Yes,Yes,Not At Risk
ST08289,19,Female,Computer Science,53.1,57.3,64.5,41.6,16.3,3.01,9.0,Yes,Yes,Not At Risk
ST11943,24,Male,IT,80.9,59.6,25.1,56.3,3.0,2.3,5.0,Yes,No,Not At Risk
ST06204,22,Male,Software Engineering,100.0,56.0,59.5,49.9,3.1,2.76,5.0,Yes,Yes,Not At Risk
ST09301,20,Male,Computer Science,80.6,43.8,74.8,35.9,5.9,4.0,6.0,Yes,Yes,At Risk
ST02836,19,Male,IT,81.0,65.7,62.3,61.4,0.9,3.18,4.0,No,No,Not At Risk
ST07869,22,Male,Computer Science,66.6,80.8,67.9,32.1,6.2,2.11,4.0,Yes,No,At Risk
ST10848,24,Male,Software Engineering,53.5,51.6,87.0,78.4,8.0,4.0,5.0,Yes,No,Not At Risk
ST02681,23,Male,Software Engineering,79.2,68.6,52.5,75.0,2.7,1.93,3.0,Yes,No,Not At Risk
ST04122,18,Male,IT,65.4,71.2,94.5,62.0,3.5,2.3,7.0,Yes,Yes,At Risk
ST05517,21,Male,Computer Science,78.6,47.4,53.4,78.8,3.9,2.35,1.0,Yes,No,Not At Risk
ST09796,19,Female,IT,78.3,75.5,43.8,38.8,4.8,2.63,4.0,Yes,Yes,Not At Risk
ST04587,20,Female,Computer Science,79.9,70.9,66.9,65.6,3.5,2.4,3.0,Yes,No,At Risk
ST06154,25,Female,IT,68.5,49.8,87.7,67.3,5.1,2.33,5.0,Yes,Yes,Not At Risk
ST05044,20,Male,IT,72.6,61.1,69.0,,4.7,3.34,6.0,Yes,No,Not At Risk
ST11429,24,Female,IT,94.0,99.2,50.5,48.6,3.4,2.78,5.0,Yes,No,Not At Risk
ST08738,22,Male,,71.2,68.8,82.9,81.0,2.1,3.0,5.0,Yes,Yes,At Risk
ST00981,23,Male,IT,100.0,69.1,77.6,69.9,9.4,3.08,5.0,Yes,No,Not At Risk
ST08570,20,Female,Computer Science,91.9,67.2,74.4,56.9,5.6,2.77,4.0,No,No,Not At Risk
ST09088,21,Male,Software Engineering,69.4,69.4,63.1,73.1,7.4,3.02,7.0,Yes,Yes,Not At Risk
ST07381,25,Female,IT,89.9,82.2,54.9,50.8,10.2,2.71,2.0,Yes,No,Not At Risk
ST03056,24,Male,IT,68.3,61.4,60.4,64.8,3.6,2.61,2.0,Yes,No,Not At Risk
ST11586,23,Female,IT,58.7,100.0,47.9,67.9,3.4,2.81,4.0,Yes,No,Not At Risk
ST05571,20,Female,Computer Science,81.6,71.7,75.3,64.8,6.5,1.34,7.0,Yes,No,At Risk
ST00897,22,Female,Computer Science,77.2,65.8,48.9,58.7,7.0,3.98,5.0,Yes,Yes,Not At Risk
ST02359,25,Female,Software Engineering,100.0,62.7,92.5,91.5,7.4,3.3,4.0,Yes,No,Not At Risk
ST07986,21,Male,Data Science,75.4,63.0,62.1,60.4,2.1,2.49,6.0,Yes,Yes,Not At Risk
ST09704,19,Male,Computer Science,100.0,75.1,66.8,44.5,5.3,3.21,4.0,Yes,No,Not At Risk
ST01352,24,Female,Software Engineering,77.4,69.8,52.1,59.5,4.4,2.91,3.0,No,No,Not At Risk
ST11636,19,Male,IT,86.2,77.5,60.1,63.9,12.6,2.9,5.0,Yes,No,Not At Risk
ST01348,25,Male,Computer Science,75.3,54.6,70.4,27.9,6.3,3.17,5.0,Yes,Yes,At Risk
ST02398,23,Male,IT,82.9,51.5,60.7,86.9,3.6,1.97,6.0,Yes,No,At Risk
ST04523,21,Female,Computer Science,82.4,65.8,93.3,40.4,4.0,2.8,2.0,Yes,Yes,Not At Risk
ST03749,20,Female,Software Engineering,100.0,76.1,78.3,55.1,3.2,2.58,7.0,Yes,No,Not At Risk
ST09145,24,Female,IT,87.0,67.6,49.1,67.4,8.8,3.31,4.0,Yes,No,Not At Risk
ST04746,20,Male,Computer Science,91.0,81.0,42.1,80.6,2.9,2.47,3.0,Yes,Yes,Not At Risk
ST05724,18,Female,Software Engineering,89.3,80.9,62.3,54.1,1.9,2.36,8.0,Yes,Yes,Not At Risk
ST03878,23,Male,Software Engineering,88.9,64.4,74.3,35.8,1.5,3.14,0.0,Yes,Yes,Not At Risk
ST04493,25,Female,IT,80.4,98.7,91.5,51.9,2.8,3.66,3.0,Yes,No,Not At Risk
ST10829,23,Female,Computer Science,61.0,89.4,69.8,56.9,11.8,1.79,3.0,Yes,No,Not At Risk
ST05660,19,Male,Computer Science,77.6,73.5,84.4,84.3,6.2,2.4,3.0,No,Yes,Not At Risk
ST04898,18,Male,IT,75.0,87.2,38.9,100.0,1.3,2.1,4.0,No,Yes,Not At Risk
ST01232,19,Male,Computer Science,74.6,48.2,69.3,69.4,7.5,4.0,8.0,Yes,Yes,Not At Risk
ST11512,24,Male,Computer Science,85.5,67.1,84.3,53.5,1.7,3.59,3.0,Yes,Yes,Not At Risk
ST04092,19,Male,Computer Science,70.4,60.8,80.9,81.3,4.5,3.66,1.0,Yes,No,Not At Risk
ST00182,23,Male,Computer Science,87.4,66.8,61.6,40.3,4.7,2.84,4.0,Yes,No,Not At Risk
ST05510,20,Female,IT,87.6,60.3,63.9,70.4,3.3,3.29,8.0,Yes,No,Not At Risk
ST02333,20,Male,Software Engineering,89.2,89.4,76.5,59.8,11.6,1.79,3.0,Yes,Yes,Not At Risk
ST10747,18,Female,Computer Science,100.0,62.5,64.7,62.1,1.6,2.49,4.0,Yes,No,Not At Risk
ST04104,21,Female,Software Engineering,100.0,45.8,88.5,68.9,3.7,3.01,3.0,Yes,Yes,Not At Risk
ST11881,25,Male,Software Engineering,69.9,90.4,69.0,93.6,2.8,3.14,3.0,Yes,Yes,At Risk
ST07688,20,Female,Software Engineering,79.4,99.4,54.5,73.8,1.3,3.71,2.0,Yes,Yes,Not At Risk
ST08154,20,Male,IT,89.3,91.6,94.2,31.2,3.3,3.54,3.0,Yes,No,At Risk
ST01595,18,Male,IT,95.1,74.2,100.0,42.3,7.2,3.76,2.0,Yes,No,Not At Risk
ST01536,19,Female,Computer Science,88.2,50.5,70.3,49.9,8.1,2.52,3.0,Yes,No,At Risk
ST03504,24,Male,Computer Science,76.8,80.7,69.8,72.0,6.2,3.05,3.0,Yes,No,Not At Risk
ST09393,19,Female,Data Science,68.2,47.1,69.8,61.9,2.7,3.56,2.0,Yes,No,Not At Risk
ST06504,20,Male,Software Engineering,70.5,100.0,59.7,66.1,4.0,3.05,6.0,Yes,No,Not At Risk
ST05567,22,Female,IT,77.3,61.0,83.7,58.0,14.1,3.21,6.0,Yes,No,Not At Risk
ST03718,19,Female,Data Science,96.3,92.2,58.8,79.4,16.0,2.86,5.0,Yes,No,Not At Risk
ST08949,22,Female,Software Engineering,89.5,53.3,96.3,79.3,4.4,2.82,0.0,Yes,Yes,Not At Risk
ST08911,21,Female,Data Science,77.7,66.4,75.8,68.1,1.3,2.61,6.0,Yes,No,Not At Risk
ST05670,20,Male,Computer Science,73.9,70.3,51.2,33.7,8.2,3.29,7.0,Yes,No,Not At Risk
ST01664,21,Female,IT,66.7,66.7,74.4,100.0,2.8,1.83,3.0,Yes,No,Not At Risk
ST10108,21,Male,IT,90.2,67.5,76.1,57.9,13.5,2.88,1.0,Yes,No,Not At Risk
ST04510,20,Male,IT,78.7,47.1,100.0,54.3,7.2,4.0,5.0,Yes,Yes,Not At Risk
ST03727,20,Male,Software Engineering,69.5,70.9,60.9,55.3,10.4,2.25,9.0,Yes,No,Not At Risk
ST00276,24,Male,Computer Science,79.5,82.6,67.1,68.4,2.9,3.5,2.0,Yes,No,At Risk
ST01353,20,Male,Computer Science,70.1,62.8,68.1,63.8,3.3,3.88,6.0,Yes,Yes,At Risk
ST08851,18,Female,Data Science,80.4,54.6,55.5,75.7,4.6,2.94,5.0,Yes,No,Not At Risk
ST02719,23,Male,Computer Science,70.7,56.3,51.5,85.7,16.5,2.93,5.0,Yes,No,Not At Risk
ST05206,21,Female,Data Science,55.1,49.9,65.1,57.2,4.2,2.22,5.0,Yes,No,Not At Risk
ST04687,22,Female,Data Science,84.4,64.8,70.5,50.7,5.6,2.83,2.0,Yes,Yes,Not At Risk
ST09295,20,Male,Computer Science,86.2,58.8,80.7,69.3,5.9,4.0,1.0,Yes,No,Not At Risk
ST11661,21,Female,IT,79.3,60.0,40.5,61.8,3.9,2.74,2.0,,No,Not At Risk
ST00243,18,Male,Computer Science,66.7,68.9,100.0,45.6,4.1,3.36,3.0,Yes,No,Not At Risk
ST11497,20,Male,IT,72.2,65.4,44.7,86.7,2.4,2.28,5.0,Yes,No,Not At Risk
ST03125,24,Male,Computer Science,100.0,73.9,72.8,53.8,3.0,3.06,2.0,Yes,No,Not At Risk
ST09119,23,Male,Computer Science,79.3,74.8,92.9,50.5,7.6,2.39,5.0,Yes,No,Not At Risk
ST00372,20,Female,Computer Science,75.7,60.8,61.6,79.7,6.3,3.5,4.0,Yes,Yes,Not At Risk
ST00441,21,Female,Software Engineering,83.3,73.9,59.7,31.5,3.6,2.33,7.0,Yes,No,Not At Risk
ST10903,22,Female,Software Engineering,81.1,100.0,86.0,81.8,3.3,2.21,6.0,Yes,No,Not At Risk
ST05505,23,Female,Software Engineering,65.0,72.4,67.2,71.4,1.3,2.59,4.0,Yes,Yes,Not At Risk
ST04865,21,Female,Software Engineering,54.2,67.1,44.6,78.8,5.0,3.45,9.0,Yes,Yes,Not At Risk
ST01825,18,Female,Software Engineering,94.4,52.2,57.1,89.9,1.3,2.14,4.0,Yes,No,Not At Risk
ST06611,21,Male,Computer Science,88.6,85.1,83.2,68.9,2.4,2.5,5.0,Yes,No,Not At Risk
ST06918,20,Female,Computer Science,100.0,44.6,89.5,73.5,6.5,2.36,5.0,Yes,No,Not At Risk
ST08491,24,Male,Data Science,77.2,68.0,38.9,41.5,6.8,3.06,6.0,Yes,No,Not At Risk
ST02286,19,Male,IT,87.1,47.7,66.9,57.8,0.7,3.38,5.0,Yes,No,Not At Risk
ST08530,19,Male,IT,81.3,62.5,20.0,64.5,0.7,2.63,5.0,Yes,No,Not At Risk
ST01757,25,Female,Software Engineering,69.8,57.2,96.3,78.1,13.6,2.42,1.0,Yes,Yes,Not At Risk
ST01472,21,Male,IT,90.5,69.7,77.4,39.7,3.7,2.37,2.0,Yes,No,Not At Risk
ST10752,21,Male,Software Engineering,91.3,95.0,96.2,61.1,3.8,2.72,5.0,Yes,No,Not At Risk
ST04188,22,Male,IT,70.8,84.7,89.6,70.1,10.6,2.94,5.0,Yes,Yes,Not At Risk
ST05296,21,Female,Computer Science,78.2,77.9,70.0,55.1,2.5,2.14,3.0,Yes,Yes,Not At Risk
ST08607,20,Female,IT,100.0,65.7,100.0,74.0,4.0,3.5,2.0,Yes,No,Not At Risk
ST07862,24,Female,Software Engineering,95.5,54.4,47.2,68.8,4.1,2.42,4.0,Yes,No,Not At Risk
ST02530,21,Male,IT,87.6,81.1,54.1,57.8,5.1,3.12,2.0,Yes,No,Not At Risk
ST02927,19,Female,Computer Science,63.9,48.0,62.9,82.1,2.7,3.4,4.0,No,No,At Risk
ST02963,24,Female,Data Science,93.7,70.5,84.9,49.6,2.8,2.62,6.0,Yes,No,Not At Risk
ST02247,19,Male,IT,81.4,60.0,59.3,76.1,7.8,3.78,0.0,Yes,Yes,Not At Risk
ST06671,25,Male,Data Science,88.4,93.9,57.6,52.2,12.2,2.8,5.0,Yes,No,Not At Risk
ST06111,23,Male,IT,73.7,75.3,65.1,42.4,5.8,3.3,4.0,Yes,Yes,Not At Risk
ST11034,24,Male,Software Engineering,94.8,69.8,49.1,86.1,2.8,3.19,2.0,Yes,No,Not At Risk
ST06667,22,Male,IT,79.0,80.1,88.6,68.0,6.4,2.86,2.0,Yes,Yes,Not At Risk
ST06716,18,Male,Data Science,83.9,48.2,41.8,77.9,6.3,2.23,4.0,Yes,No,Not At Risk
ST11079,24,Male,IT,73.3,85.4,76.3,55.1,6.0,2.93,5.0,Yes,No,Not At Risk
ST09557,24,Male,Computer Science,92.3,52.4,79.1,70.3,9.1,2.34,6.0,Yes,No,Not At Risk
ST08316,22,Male,Computer Science,97.7,61.8,74.1,78.2,5.9,2.75,7.0,Yes,Yes,Not At Risk
ST01492,20,Male,Software Engineering,91.3,62.7,59.6,42.8,1.7,2.19,2.0,No,Yes,Not At Risk
ST10698,21,Female,Computer Science,96.6,61.0,79.4,60.7,4.3,2.56,3.0,Yes,Yes,Not At Risk
ST06123,25,Male,Computer Science,87.0,65.4,98.6,76.1,0.9,3.97,5.0,Yes,No,Not At Risk
ST09940,18,Female,IT,85.2,57.7,73.0,66.0,4.5,3.4,6.0,Yes,No,Not At Risk
ST03282,18,Male,Computer Science,78.6,82.7,74.0,10.9,7.0,3.5,4.0,Yes,Yes,At Risk
ST01796,21,Male,Computer Science,95.4,73.2,56.4,,4.6,3.12,3.0,Yes,No,Not At Risk
ST02715,21,Male,Computer Science,100.0,57.2,88.8,76.7,6.1,2.73,5.0,Yes,No,Not At Risk
ST05965,25,Male,Computer Science,100.0,90.3,56.3,81.1,3.0,2.46,1.0,Yes,Yes,Not At Risk
ST05104,20,Male,Software Engineering,97.3,65.7,81.4,67.9,2.3,2.75,4.0,Yes,No,Not At Risk
ST09046,24,Female,Computer Science,100.0,53.1,56.0,46.4,4.2,2.29,2.0,Yes,No,Not At Risk
ST04502,21,Female,Data Science,86.1,35.8,68.1,75.1,5.5,3.24,3.0,Yes,Yes,Not At Risk
ST00647,21,Male,Computer Science,97.3,64.9,71.5,63.4,3.0,2.52,5.0,Yes,No,At Risk
ST09421,21,Male,Software Engineering,71.4,63.0,61.1,71.3,4.7,3.45,5.0,Yes,Yes,Not At Risk
ST08001,18,Female,IT,100.0,78.8,82.6,63.6,5.5,2.57,4.0,Yes,Yes,Not At Risk
ST04318,23,Female,Data Science,91.2,58.1,72.9,50.9,3.2,2.63,6.0,Yes,No,Not At Risk
ST01694,19,Female,Software Engineering,81.1,71.7,61.5,39.9,8.5,3.7,4.0,Yes,No,Not At Risk
ST10051,21,Male,,64.8,76.5,67.5,59.7,6.1,2.77,1.0,Yes,Yes,Not At Risk
ST04266,25,Female,Data Science,77.3,86.6,72.3,52.3,5.9,2.5,2.0,Yes,No,At Risk
ST08723,18,Female,IT,59.0,50.7,60.8,80.8,8.3,2.26,3.0,Yes,Yes,Not At Risk
ST02410,22,Male,Data Science,82.5,40.5,61.0,87.1,1.6,1.95,4.0,Yes,No,Not At Risk
ST07107,21,Female,IT,91.0,84.2,69.7,46.1,10.6,2.96,7.0,Yes,No,Not At Risk
ST09701,23,Female,Software Engineering,84.6,65.3,37.3,61.4,2.8,2.53,7.0,Yes,Yes,Not At Risk
ST06872,25,Female,Computer Science,63.9,84.0,77.6,37.2,7.5,3.41,1.0,Yes,No,Not At Risk
ST03497,25,Male,IT,87.3,47.2,75.4,85.8,4.1,2.66,6.0,Yes,No,Not At Risk
ST11613,23,Male,IT,86.9,68.0,64.7,24.3,11.0,3.91,1.0,Yes,Yes,Not At Risk
ST08986,24,Male,Data Science,80.0,66.5,72.9,58.0,1.9,4.0,8.0,Yes,No,Not At Risk
ST05317,24,Male,Software Engineering,83.1,83.4,40.6,36.1,9.5,3.23,8.0,Yes,Yes,Not At Risk
ST06063,19,Female,IT,84.9,71.8,83.6,96.2,7.4,2.05,3.0,Yes,No,Not At Risk
ST10532,18,Female,Computer Science,76.7,60.0,58.0,64.2,7.2,3.26,6.0,Yes,Yes,At Risk
ST05106,20,Female,Computer Science,89.9,52.9,39.6,66.1,7.7,2.36,1.0,Yes,Yes,At Risk
ST07684,20,Male,IT,78.6,80.4,82.7,57.5,7.4,3.03,8.0,Yes,Yes,Not At Risk
ST09889,24,Male,Computer Science,100.0,59.4,45.4,,6.4,2.08,1.0,Yes,Yes,Not At Risk
ST03561,18,Male,Software Engineering,75.9,100.0,67.2,41.2,3.2,2.31,3.0,Yes,No,Not At Risk
ST10085,20,Male,Software Engineering,82.2,70.6,50.4,66.9,5.9,3.5,,Yes,No,Not At Risk
ST06990,21,Female,Data Science,46.5,56.3,88.7,73.4,6.9,2.75,5.0,Yes,No,Not At Risk
ST07221,19,Male,Software Engineering,78.1,68.8,75.6,67.7,1.5,1.79,4.0,Yes,Yes,Not At Risk
ST01582,25,Male,Data Science,75.0,62.1,76.4,58.9,7.1,2.87,6.0,Yes,No,Not At Risk
ST02889,18,Male,IT,78.5,80.0,82.2,47.2,7.8,2.18,4.0,Yes,No,Not At Risk
ST00075,21,Male,Software Engineering,100.0,85.9,52.4,42.7,7.2,2.38,4.0,Yes,Yes,Not At Risk
ST03865,20,Male,Software Engineering,69.1,79.1,68.6,68.0,15.0,2.5,2.0,No,No,Not At Risk
ST06360,24,Male,Data Science,57.0,87.2,75.8,44.9,8.0,3.33,3.0,Yes,No,At Risk
ST02420,24,Female,Computer Science,100.0,42.6,55.0,81.4,3.5,3.48,7.0,Yes,No,Not At Risk
ST00110,25,Female,Data Science,93.2,59.7,58.0,68.0,1.2,3.34,1.0,,No,Not At Risk
ST10573,23,Female,IT,95.9,63.1,77.8,65.0,6.8,3.13,5.0,Yes,No,Not At Risk
ST06727,23,Female,Computer Science,81.7,51.7,66.8,40.2,6.4,3.03,4.0,Yes,No,Not At Risk
ST10186,18,Male,Data Science,68.4,63.7,55.4,51.6,6.8,2.05,5.0,Yes,Yes,At Risk
ST07770,24,Male,Computer Science,93.4,72.7,70.2,85.2,11.3,2.83,2.0,Yes,No,At Risk
ST09918,18,Male,Computer Science,92.2,72.2,70.2,43.7,4.9,3.59,3.0,Yes,No,Not At Risk
ST06047,21,Male,Software Engineering,97.1,72.1,90.5,52.9,3.2,2.66,2.0,Yes,Yes,Not At Risk
ST01377,25,Male,Computer Science,82.3,79.2,75.9,71.5,4.3,3.54,7.0,Yes,No,At Risk
ST08884,22,Male,Computer Science,76.9,63.9,70.2,33.7,6.5,2.76,2.0,Yes,Yes,Not At Risk
ST03270,18,Male,IT,87.5,67.3,32.9,61.7,15.9,3.14,0.0,Yes,Yes,Not At Risk
ST05389,22,Female,Data Science,57.3,65.8,61.3,54.0,2.8,2.42,2.0,Yes,No,At Risk
ST03811,23,Female,Data Science,75.2,93.3,82.4,78.9,6.2,2.73,4.0,No,No,Not At Risk
ST08303,18,Male,Data Science,87.0,76.8,61.8,71.6,5.2,2.02,3.0,Yes,No,At Risk
ST00585,20,Male,Data Science,89.1,50.6,64.5,23.5,1.6,3.41,5.0,No,Yes,Not At Risk
ST07550,22,Female,IT,80.9,85.4,64.3,78.5,2.5,2.84,2.0,Yes,Yes,Not At Risk
ST10699,21,Male,IT,95.0,79.3,60.2,60.6,7.8,2.0,7.0,Yes,No,Not At Risk
ST01715,24,Male,Software Engineering,87.7,66.6,47.7,92.1,1.6,3.02,2.0,Yes,No,Not At Risk
ST04657,25,Male,IT,100.0,58.7,49.7,44.4,7.6,2.82,4.0,Yes,No,Not At Risk
ST07197,18,Female,Data Science,64.8,68.2,73.2,31.7,8.0,2.51,3.0,Yes,No,At Risk
ST10664,19,Male,IT,100.0,70.5,63.8,88.7,6.3,2.79,4.0,Yes,No,Not At Risk
ST10258,18,Male,Computer Science,97.4,65.9,65.7,82.5,15.1,2.77,3.0,Yes,Yes,Not At Risk
ST08934,25,Female,Data Science,72.6,65.0,74.3,90.0,4.8,3.07,2.0,Yes,No,Not At Risk
ST05089,24,Male,IT,73.0,63.4,61.1,75.4,7.1,2.12,3.0,Yes,Yes,Not At Risk
ST04974,20,Male,Computer Science,76.2,88.7,81.0,67.8,5.0,2.47,3.0,Yes,No,Not At Risk
ST06311,25,Male,Computer Science,84.5,69.2,75.3,98.6,2.8,2.93,4.0,Yes,Yes,Not At Risk
ST10543,20,Male,Computer Science,88.3,76.0,69.9,75.5,1.1,2.6,3.0,Yes,No,Not At Risk
ST06195,25,Female,Computer Science,83.6,40.8,28.2,75.3,5.9,2.69,2.0,No,No,Not At Risk
ST00779,24,Female,Computer Science,77.1,50.2,61.5,69.9,5.3,3.33,4.0,Yes,No,Not At Risk
ST09846,20,Female,Data Science,78.0,58.5,57.4,52.8,5.1,3.62,4.0,Yes,No,At Risk
ST06896,19,Female,IT,84.8,77.5,44.0,61.4,5.0,2.86,2.0,Yes,No,Not At Risk
ST05277,23,Male,Computer Science,77.7,58.6,51.2,41.0,6.9,2.45,5.0,Yes,Yes,Not At Risk
ST10232,20,Male,Software Engineering,78.3,85.5,66.2,71.5,1.6,2.63,3.0,Yes,Yes,Not At Risk
ST01556,19,Male,IT,90.4,51.7,71.5,46.8,8.4,3.42,5.0,Yes,No,Not At Risk
ST11700,24,Female,Data Science,96.4,57.5,70.8,67.6,14.7,2.98,7.0,Yes,No,Not At Risk
ST10783,24,Male,IT,93.0,92.4,71.2,72.2,6.7,2.9,3.0,Yes,No,Not At Risk
ST07143,23,Female,IT,92.6,81.9,50.9,53.0,4.5,2.49,7.0,Yes,No,Not At Risk
ST10449,19,Female,Data Science,74.3,75.5,66.9,58.2,4.2,3.19,1.0,Yes,No,Not At Risk
ST04350,21,Male,IT,70.9,85.5,77.1,64.1,5.8,2.24,4.0,Yes,Yes,Not At Risk
ST03702,25,Female,Software Engineering,74.4,87.6,66.1,54.3,6.6,3.02,2.0,Yes,No,Not At Risk
ST03271,24,Female,Software Engineering,82.8,49.4,76.1,58.0,2.0,3.26,4.0,Yes,Yes,Not At Risk
ST05099,19,Male,Data Science,89.5,51.2,90.5,70.6,9.2,3.06,3.0,Yes,Yes,Not At Risk
ST08238,24,Male,Software Engineering,61.0,60.1,67.9,78.5,7.3,3.24,3.0,Yes,No,Not At Risk
ST01941,23,Male,IT,79.2,44.4,55.8,56.5,8.8,2.3,7.0,Yes,No,At Risk
ST02524,25,Female,IT,100.0,76.5,63.3,55.2,3.4,2.28,4.0,Yes,No,Not At Risk
ST07305,18,Female,Data Science,76.9,86.0,78.2,30.8,4.5,3.11,4.0,Yes,No,At Risk
ST11311,21,Male,Software Engineering,73.8,76.1,60.5,42.5,9.7,2.86,4.0,Yes,No,At Risk
ST09042,20,Female,Software Engineering,80.5,49.5,54.4,80.0,3.9,2.81,5.0,No,Yes,Not At Risk
ST05145,25,Male,Computer Science,71.6,70.5,84.7,84.6,2.3,2.89,3.0,Yes,Yes,At Risk
ST02890,25,Female,Computer Science,85.0,81.7,78.1,66.2,0.5,2.23,2.0,Yes,Yes,Not At Risk
ST10739,22,Male,Computer Science,90.8,100.0,73.0,65.6,3.1,3.26,3.0,Yes,No,Not At Risk
ST01084,19,Male,Software Engineering,79.7,96.0,78.2,56.2,8.0,2.48,5.0,Yes,No,Not At Risk
ST02484,20,Male,IT,83.2,45.7,65.6,74.4,12.4,2.73,4.0,Yes,No,Not At Risk
ST04095,21,Male,Data Science,80.1,55.3,74.8,74.5,4.7,2.21,2.0,Yes,No,Not At Risk
ST05560,24,Female,Data Science,100.0,68.6,53.1,70.7,2.1,2.09,2.0,Yes,No,Not At Risk
ST03248,25,Male,Software Engineering,75.9,72.6,53.0,69.4,5.1,1.6,3.0,Yes,Yes,Not At Risk
ST07774,20,Female,IT,87.3,81.6,86.6,83.7,1.2,3.02,4.0,Yes,Yes,Not At Risk
ST10285,22,Female,Data Science,84.9,41.4,69.8,51.0,3.0,2.64,4.0,No,No,At Risk
ST06549,24,Female,IT,80.2,87.1,84.5,100.0,0.7,2.61,6.0,Yes,Yes,Not At Risk
ST11476,23,Male,Data Science,73.4,93.2,85.8,58.1,5.1,3.34,5.0,Yes,Yes,At Risk
ST02663,20,Male,IT,55.5,65.3,70.1,62.6,2.5,2.37,2.0,Yes,No,Not At Risk
ST00278,22,Male,Software Engineering,71.1,63.2,82.0,64.1,1.1,2.98,4.0,Yes,No,Not At Risk
ST04572,19,Female,Software Engineering,77.4,52.8,69.2,80.2,2.9,2.39,5.0,Yes,No,Not At Risk
ST04605,18,Female,Computer Science,75.0,84.4,65.3,82.1,2.2,2.82,5.0,Yes,No,Not At Risk
ST01526,20,Male,Software Engineering,93.6,71.0,73.6,57.6,4.6,3.53,3.0,Yes,Yes,Not At Risk
ST08405,24,Male,Computer Science,94.3,63.1,46.7,76.9,7.7,1.92,8.0,Yes,Yes,Not At Risk
ST01022,23,Male,Computer Science,76.1,58.1,90.0,75.9,6.2,3.76,2.0,Yes,Yes,Not At Risk
ST02743,20,Female,Data Science,74.9,54.7,51.5,35.5,2.3,2.11,6.0,Yes,No,At Risk
ST05226,20,Male,IT,100.0,77.2,36.8,61.0,6.2,3.23,3.0,Yes,No,Not At Risk
ST02788,23,Male,Computer Science,84.7,45.3,44.3,33.3,7.1,2.02,4.0,Yes,Yes,Not At Risk
ST08891,20,M,Computer Science,75.1,83.0,59.8,57.9,9.5,2.78,,Yes,Yes,At Risk
ST10193,20,Male,IT,90.2,59.9,62.4,53.9,5.0,2.13,3.0,No,Yes,Not At Risk
ST08696,25,Female,Data Science,47.5,47.8,61.0,81.0,5.8,3.41,5.0,Yes,No,Not At Risk
ST06113,23,Female,Computer Science,100.0,43.0,71.8,46.0,2.9,2.75,6.0,Yes,Yes,Not At Risk
ST05520,25,Female,IT,85.4,64.0,66.1,77.2,5.5,1.91,4.0,Yes,No,Not At Risk
ST11323,24,Male,IT,87.1,59.9,74.8,81.1,4.4,2.84,3.0,Yes,No,Not At Risk
ST00579,21,Female,Software Engineering,88.9,36.6,62.2,56.2,3.2,2.69,4.0,Yes,Yes,Not At Risk
ST09216,22,Female,Computer Science,83.7,96.8,78.9,52.4,2.5,4.0,3.0,Yes,Yes,Not At Risk
ST02249,19,Female,IT,81.6,74.4,76.9,71.7,4.7,4.0,2.0,Yes,Yes,At Risk
ST05168,21,Male,Software Engineering,81.7,62.4,60.7,90.2,10.1,2.66,2.0,Yes,No,Not At Risk
ST08837,18,Male,Computer Science,70.3,62.9,72.3,64.4,4.1,2.6,5.0,No,Yes,Not At Risk
ST03156,24,Male,Computer Science,96.0,67.2,81.1,59.5,5.9,2.37,7.0,Yes,Yes,Not At Risk
ST09017,18,Female,Data Science,87.6,100.0,64.6,42.1,4.2,3.39,4.0,Yes,Yes,Not At Risk
ST01416,23,Male,Computer Science,75.5,62.9,95.1,74.3,3.9,3.39,8.0,Yes,No,Not At Risk
ST11354,23,Male,IT,79.5,71.4,58.6,91.4,1.2,2.41,4.0,Yes,No,Not At Risk
ST10467,22,Male,IT,78.9,91.0,74.8,72.0,1.5,2.54,2.0,Yes,Yes,Not At Risk
ST11624,21,Male,IT,63.1,87.7,30.3,97.6,3.0,2.95,3.0,Yes,No,Not At Risk
ST11506,19,Female,Software Engineering,84.0,62.0,67.7,53.7,6.0,3.57,2.0,Yes,Yes,Not At Risk
ST09531,25,Female,IT,98.8,66.8,60.1,66.5,3.8,3.72,5.0,Yes,Yes,At Risk
ST03233,21,Male,IT,73.7,54.8,57.2,51.5,10.9,1.74,7.0,Yes,No,Not At Risk
ST11014,18,Male,Computer Science,83.2,64.1,67.0,64.5,1.8,3.63,5.0,Yes,Yes,At Risk
ST07349,24,Female,Computer Science,96.9,62.9,40.5,79.8,6.9,2.87,4.0,Yes,No,Not At Risk
ST05309,19,Male,Data Science,87.5,80.4,69.2,35.3,2.3,1.94,5.0,Yes,Yes,Not At Risk
ST01704,24,Female,Data Science,92.2,54.5,80.1,54.7,7.1,3.13,5.0,Yes,Yes,Not At Risk
ST03239,18,Male,Computer Science,80.5,74.4,79.3,71.4,3.8,3.28,8.0,Yes,Yes,Not At Risk
ST11611,20,Male,Data Science,81.3,72.3,75.8,53.9,4.0,3.24,7.0,Yes,Yes,Not At Risk
ST08763,24,Male,Data Science,80.5,74.1,75.2,56.8,7.7,3.14,5.0,Yes,Yes,Not At Risk
ST05149,23,Male,IT,81.1,51.0,89.1,57.8,9.9,3.53,5.0,Yes,No,Not At Risk
ST07263,22,Male,IT,95.6,100.0,53.3,52.7,1.7,2.7,3.0,Yes,No,Not At Risk
ST05452,20,Male,Software Engineering,68.2,86.5,76.9,51.9,9.3,3.53,5.0,Yes,No,Not At Risk
ST07718,23,Male,IT,83.1,52.5,42.2,54.4,4.0,3.43,2.0,Yes,Yes,Not At Risk
ST11204,20,Male,Computer Science,82.6,38.7,41.3,93.2,9.9,2.05,7.0,Yes,No,Not At Risk
ST08382,25,Female,IT,96.4,60.5,51.3,65.1,2.9,2.33,4.0,Yes,Yes,Not At Risk
ST01195,18,Female,Data Science,74.4,83.3,52.2,72.4,11.2,3.15,1.0,Yes,Yes,Not At Risk
ST01082,21,Male,Software Engineering,89.6,61.7,55.1,56.2,7.5,2.46,1.0,Yes,No,Not At Risk
ST07054,25,Male,Software Engineering,89.4,53.4,68.4,64.4,4.7,1.41,1.0,Yes,Yes,At Risk
ST07034,25,Male,Software Engineering,88.3,61.6,65.9,77.1,2.5,3.17,3.0,Yes,Yes,Not At Risk
ST06907,23,Male,Computer Science,87.5,65.8,31.4,58.1,3.1,3.39,1.0,Yes,No,Not At Risk
ST11111,21,Female,Computer Science,91.2,69.1,89.4,40.4,4.9,1.22,10.0,Yes,No,Not At Risk
ST08188,19,Female,IT,67.5,80.9,59.6,92.0,8.4,2.75,4.0,No,Yes,Not At Risk
ST06739,18,Female,IT,71.4,95.4,43.1,73.7,4.0,3.08,4.0,Yes,No,Not At Risk
ST04016,19,Female,Computer Science,90.5,53.5,68.4,68.3,8.2,2.27,2.0,Yes,No,Not At Risk
ST00457,22,Male,Computer Science,100.0,60.2,56.9,40.0,1.9,3.2,3.0,Yes,Yes,Not At Risk
ST07677,23,Male,Computer Science,84.2,69.7,74.0,59.7,4.9,2.96,6.0,Yes,Yes,Not At Risk
ST09166,24,Male,Computer Science,69.9,40.5,87.4,60.5,2.4,3.51,5.0,Yes,No,Not At Risk
ST09251,18,Male,Software Engineering,88.6,40.6,81.2,55.9,4.1,2.62,,Yes,No,Not At Risk
ST07348,23,Male,Software Engineering,87.4,78.4,53.7,31.1,3.3,3.1,5.0,Yes,No,Not At Risk
ST10843,19,Male,Data Science,90.5,54.6,55.8,56.0,4.5,2.45,9.0,Yes,Yes,Not At Risk
ST10235,23,Female,Data Science,93.9,71.3,76.6,56.3,2.6,1.59,4.0,Yes,No,Not At Risk
ST05901,24,Male,Computer Science,94.0,71.3,75.2,60.8,3.9,2.74,2.0,Yes,Yes,Not At Risk
ST08487,19,Female,Computer Science,72.2,50.2,93.0,69.1,2.1,2.99,3.0,Yes,No,Not At Risk
ST10902,18,Female,IT,100.0,59.2,46.0,57.7,1.8,2.95,6.0,,Yes,Not At Risk
ST06357,20,Female,IT,87.0,83.3,61.4,64.7,4.4,3.07,2.0,Yes,No,Not At Risk
ST11031,20,Male,IT,77.1,81.8,45.1,37.9,8.2,2.55,4.0,Yes,No,Not At Risk
ST05696,21,Male,Computer Science,82.6,57.4,60.6,70.0,2.1,3.22,4.0,Yes,Yes,Not At Risk
ST06467,24,Female,Computer Science,92.7,45.1,63.4,67.0,6.6,3.38,5.0,Yes,No,Not At Risk
ST09803,18,Female,Computer Science,89.2,84.1,83.8,75.6,3.0,2.84,7.0,Yes,No,Not At Risk
ST09478,19,Male,IT,72.6,80.5,92.9,84.1,4.5,3.58,6.0,,No,Not At Risk
ST08560,20,Male,Computer Science,78.1,81.4,55.6,56.6,4.1,3.44,5.0,Yes,Yes,Not At Risk
ST02119,18,Male,IT,89.8,58.0,52.9,73.6,6.1,2.67,2.0,Yes,No,Not At Risk
ST02432,22,Female,Data Science,75.4,76.0,76.1,45.2,3.7,2.58,3.0,Yes,No,At Risk
ST07714,24,Female,IT,89.8,83.5,70.1,100.0,15.1,2.75,7.0,Yes,Yes,Not At Risk
ST01850,19,Female,Computer Science,70.3,47.8,81.5,74.5,8.3,3.48,2.0,Yes,Yes,Not At Risk
ST00737,22,Female,IT,70.6,69.7,74.7,68.3,9.3,1.65,5.0,Yes,Yes,Not At Risk
ST10305,21,Male,Data Science,98.7,90.8,49.3,76.9,10.6,3.32,4.0,Yes,Yes,Not At Risk
ST06513,22,Male,Computer Science,77.9,89.1,67.9,73.8,12.1,2.54,8.0,Yes,No,Not At Risk
ST02427,21,Female,Software Engineering,60.4,62.9,56.2,53.1,0.9,2.77,5.0,Yes,No,Not At Risk
ST08354,22,Male,Computer Science,74.5,84.5,87.0,42.0,2.8,2.37,5.0,Yes,Yes,Not At Risk
ST04494,18,Male,IT,100.0,89.0,71.0,65.9,7.3,3.24,2.0,Yes,Yes,Not At Risk
ST02140,23,Male,Computer Science,70.2,76.5,79.6,28.7,5.3,3.02,3.0,Yes,Yes,At Risk
ST01137,25,Male,,96.1,67.2,56.8,67.9,7.2,2.87,5.0,Yes,No,Not At Risk
ST02166,21,Male,IT,78.3,78.4,73.6,21.9,0.7,2.83,5.0,Yes,No,At Risk
ST03400,25,Female,Computer Science,66.1,83.1,84.7,56.3,11.4,3.47,4.0,Yes,No,Not At Risk
ST09384,21,Female,Software Engineering,81.8,51.7,70.5,65.5,5.0,3.81,3.0,Yes,Yes,Not At Risk
ST09156,25,Female,Software Engineering,70.1,62.2,29.2,80.9,9.1,2.44,4.0,Yes,No,At Risk
ST04021,19,Male,Computer Science,63.7,69.6,84.0,67.0,4.4,1.71,1.0,Yes,Yes,Not At Risk
ST07795,25,Male,Software Engineering,93.5,55.2,41.9,85.3,1.9,2.32,4.0,Yes,No,Not At Risk
ST07141,21,Male,Computer Science,60.3,68.7,100.0,57.2,9.0,3.57,3.0,Yes,Yes,Not At Risk
ST08361,19,Female,Computer Science,71.3,38.3,76.5,85.6,11.0,2.05,5.0,Yes,No,Not At Risk
ST10157,25,Female,Computer Science,86.7,41.4,41.4,51.7,4.2,3.28,4.0,Yes,Yes,Not At Risk
ST10657,18,Male,Data Science,69.3,41.0,41.9,50.5,3.8,2.53,2.0,Yes,Yes,Not At Risk
ST08678,25,Male,Software Engineering,70.9,69.1,58.1,54.5,1.6,1.48,2.0,,Yes,Not At Risk
ST09643,21,Male,Computer Science,83.3,37.8,44.8,86.0,6.1,1.95,1.0,No,No,Not At Risk
ST04514,25,Male,Data Science,78.4,58.3,84.1,54.6,6.0,2.67,8.0,Yes,Yes,Not At Risk
ST06462,22,Female,Computer Science,73.9,47.7,52.1,48.2,4.3,1.93,4.0,Yes,Yes,Not At Risk
ST03839,19,Female,Computer Science,69.9,78.5,35.1,80.1,4.2,2.46,2.0,Yes,No,Not At Risk
ST04374,20,Male,Data Science,100.0,57.0,66.9,62.9,6.2,2.99,4.0,Yes,Yes,Not At Risk
ST01439,22,Male,Computer Science,76.9,68.0,64.9,75.2,3.2,2.39,3.0,Yes,Yes,Not At Risk
ST09957,24,Female,Computer Science,73.8,64.7,58.9,71.7,5.5,3.04,3.0,Yes,No,Not At Risk
ST07376,23,Male,Software Engineering,76.3,38.9,75.0,38.1,3.1,3.09,,Yes,Yes,At Risk
ST10824,19,Male,Data Science,62.8,90.8,75.5,64.7,10.2,1.57,3.0,Yes,Yes,Not At Risk
ST06231,20,Male,IT,82.9,53.9,38.5,35.5,5.9,2.92,5.0,Yes,No,Not At Risk
ST00048,20,Male,Software Engineering,76.9,85.8,61.2,55.7,5.2,4.0,3.0,Yes,Yes,Not At Risk
ST10177,19,Female,Data Science,82.4,76.6,60.1,82.4,7.4,1.97,3.0,Yes,No,Not At Risk
ST06362,24,Female,Computer Science,65.3,53.3,72.2,85.7,1.1,2.09,5.0,Yes,Yes,At Risk
ST05162,23,Female,Software Engineering,76.7,53.8,64.7,66.4,9.7,2.81,2.0,Yes,No,Not At Risk
ST11209,24,Male,Computer Science,95.9,46.5,78.8,33.0,8.4,2.72,4.0,Yes,Yes,At Risk
ST06008,22,Female,Software Engineering,77.5,68.3,61.2,67.1,2.7,2.32,1.0,Yes,No,Not At Risk
ST09267,24,Female,Software Engineering,76.5,62.5,84.0,55.9,10.6,3.7,2.0,Yes,Yes,At Risk
ST11163,23,Female,Computer Science,84.7,57.7,44.3,67.8,2.1,2.27,4.0,Yes,Yes,Not At Risk
ST06709,23,Female,Software Engineering,62.9,72.0,60.9,60.8,2.8,2.68,4.0,Yes,No,At Risk
ST02283,20,Male,Computer Science,84.2,93.3,74.9,55.7,12.3,3.26,4.0,Yes,Yes,Not At Risk
ST05489,23,Female,Computer Science,100.0,56.6,63.4,69.0,14.2,4.0,5.0,Yes,No,Not At Risk
ST09851,21,Female,IT,95.7,50.3,49.6,71.1,4.1,3.93,5.0,Yes,Yes,Not At Risk
ST01043,20,Female,IT,88.0,76.2,49.9,75.7,6.2,2.46,4.0,Yes,No,Not At Risk
ST01424,25,Female,Software Engineering,100.0,68.1,42.1,61.5,3.5,2.76,6.0,Yes,No,Not At Risk
ST06943,21,Male,Computer Science,78.0,44.8,78.2,68.9,8.5,3.32,3.0,Yes,No,Not At Risk
ST02387,20,Female,Data Science,95.4,74.9,73.7,75.7,1.6,3.09,4.0,Yes,Yes,Not At Risk
ST09966,24,Male,Computer Science,100.0,37.3,71.9,76.9,6.3,2.42,3.0,Yes,Yes,Not At Risk
ST07006,25,Male,,99.3,73.0,94.4,91.9,9.1,3.31,1.0,Yes,Yes,Not At Risk
ST08620,20,Male,Software Engineering,90.0,97.5,49.1,36.8,2.0,2.98,4.0,Yes,No,Not At Risk
ST02492,19,Female,Software Engineering,75.2,100.0,61.4,60.7,1.0,2.47,3.0,Yes,Yes,Not At Risk
ST01637,18,Male,Computer Science,100.0,65.2,51.6,67.8,13.5,3.07,7.0,Yes,No,Not At Risk
ST05760,19,Female,Computer Science,72.3,73.1,60.1,,5.9,2.96,2.0,Yes,No,Not At Risk
ST07778,24,Male,IT,88.9,61.0,60.2,63.0,4.7,3.36,3.0,Yes,Yes,Not At Risk
ST01211,18,Female,IT,100.0,76.8,59.2,76.4,1.6,1.74,5.0,Yes,No,Not At Risk
ST09908,21,Female,IT,77.7,79.3,38.0,56.4,4.2,2.26,5.0,Yes,No,At Risk
ST08118,22,Male,Computer Science,74.4,65.4,66.9,98.4,2.3,3.29,6.0,Yes,Yes,Not At Risk
ST00450,18,Female,IT,85.1,65.9,71.1,69.7,1.8,2.62,6.0,Yes,No,Not At Risk
ST10646,23,Female,Computer Science,77.2,47.4,53.0,74.0,2.6,3.85,3.0,Yes,No,At Risk
ST00465,25,Female,Software Engineering,69.9,73.9,41.9,79.8,6.9,2.24,4.0,Yes,Yes,Not At Risk
ST09895,18,Male,Software Engineering,88.8,58.8,85.1,72.4,4.8,2.75,3.0,No,No,Not At Risk
ST01250,24,Female,Data Science,82.6,46.4,48.7,60.6,2.7,2.72,5.0,No,No,At Risk
ST03963,24,Male,Data Science,93.7,59.8,76.4,73.9,8.4,3.29,1.0,Yes,Yes,Not At Risk
ST03731,22,Female,Software Engineering,78.7,72.5,70.7,37.5,11.2,4.0,5.0,Yes,No,Not At Risk
ST04193,23,Female,IT,77.1,83.4,76.7,89.3,7.9,2.39,3.0,Yes,No,Not At Risk
ST05908,23,Male,Computer Science,73.9,74.7,52.8,47.8,8.9,2.24,5.0,Yes,Yes,Not At Risk
ST04241,23,Male,Computer Science,69.6,48.5,74.4,59.6,3.0,2.82,5.0,Yes,No,Not At Risk
ST04937,22,Male,Computer Science,86.7,71.6,29.8,80.8,4.5,2.36,2.0,Yes,No,Not At Risk
ST08842,19,Male,Data Science,100.0,100.0,59.6,68.1,10.6,2.01,3.0,Yes,Yes,Not At Risk
ST02276,24,Female,Software Engineering,73.5,58.3,54.3,40.5,3.7,1.81,7.0,Yes,No,At Risk
ST03069,18,Male,IT,100.0,42.5,85.1,65.4,2.0,2.43,3.0,Yes,No,Not At Risk
ST02015,18,Male,Computer Science,83.5,86.3,72.5,52.8,16.0,4.0,4.0,Yes,No,Not At Risk
ST11747,21,Female,Computer Science,79.8,89.9,69.0,80.4,3.6,3.07,5.0,Yes,Yes,Not At Risk
ST05636,24,Male,Computer Science,100.0,77.7,83.5,62.0,4.7,3.47,3.0,Yes,No,Not At Risk
ST10890,19,Male,Software Engineering,77.4,51.9,46.3,76.8,7.0,2.86,4.0,Yes,Yes,Not At Risk
ST03547,24,Female,IT,97.4,74.9,56.9,57.1,7.2,3.09,1.0,Yes,No,Not At Risk
ST03196,18,Female,Computer Science,82.8,73.7,88.2,41.3,8.1,3.38,2.0,Yes,Yes,Not At Risk
ST04596,24,Female,Software Engineering,67.2,52.1,78.9,76.6,6.2,2.67,8.0,Yes,Yes,At Risk
ST03977,25,Male,Computer Science,87.8,76.0,63.8,93.7,10.4,1.82,9.0,Yes,No,Not At Risk
ST09890,24,Male,Computer Science,88.0,70.0,70.1,68.9,10.4,2.97,4.0,Yes,No,Not At Risk
ST04758,23,Male,Computer Science,100.0,53.0,66.0,27.1,4.1,2.86,4.0,Yes,No,Not At Risk
ST03662,21,Female,Data Science,63.9,50.9,72.3,67.3,3.3,3.76,5.0,Yes,No,Not At Risk
ST02965,20,Female,Computer Science,77.9,53.5,63.5,71.3,2.3,2.92,4.0,Yes,Yes,Not At Risk
ST09351,22,Female,IT,100.0,68.8,85.1,94.4,3.8,2.57,5.0,Yes,Yes,Not At Risk
ST05323,23,Female,Software Engineering,83.4,64.6,62.6,57.5,3.7,3.0,3.0,Yes,Yes,Not At Risk
ST06093,18,Female,Software Engineering,91.3,87.1,73.9,66.8,4.5,3.19,3.0,Yes,Yes,Not At Risk
ST00420,23,Male,IT,91.7,45.0,73.4,61.8,4.0,3.99,5.0,Yes,No,Not At Risk
ST01506,24,Male,IT,84.3,43.1,42.1,73.0,6.8,2.65,5.0,,No,Not At Risk
ST08088,23,Female,IT,81.6,100.0,85.8,18.5,12.4,3.8,3.0,Yes,Yes,Not At Risk
ST09786,22,Male,Computer Science,61.7,68.1,74.5,48.2,7.8,3.26,5.0,Yes,No,Not At Risk
ST01647,22,Male,Computer Science,93.7,73.4,67.6,61.2,5.2,3.27,5.0,Yes,Yes,Not At Risk
ST03000,25,Female,IT,64.8,50.7,41.4,62.0,9.1,3.67,3.0,Yes,No,Not At Risk
ST07449,22,Female,Data Science,71.4,69.3,69.3,50.7,9.5,2.44,6.0,,No,Not At Risk
ST04586,20,Male,Computer Science,77.6,77.3,71.3,68.7,4.6,2.66,0.0,Yes,No,Not At Risk
ST07367,19,Male,Software Engineering,74.6,68.6,53.4,,6.3,3.26,7.0,Yes,No,At Risk
ST02607,21,Male,IT,67.5,80.2,63.1,48.0,3.1,2.67,3.0,Yes,No,At Risk
ST01749,25,Female,IT,89.6,77.0,56.4,90.5,1.1,3.95,4.0,Yes,No,Not At Risk
ST04872,22,Female,Software Engineering,97.3,77.4,59.3,43.1,5.5,3.18,1.0,Yes,No,Not At Risk
ST11495,23,Male,Software Engineering,92.9,68.9,36.6,74.2,6.4,3.39,8.0,Yes,Yes,Not At Risk
ST05839,22,Male,Software Engineering,80.6,47.2,87.8,11.8,4.0,2.74,2.0,Yes,Yes,At Risk
ST00220,25,Female,Computer Science,72.6,63.0,56.8,52.8,5.2,3.5,3.0,Yes,No,Not At Risk
ST08980,23,Male,IT,78.0,59.1,70.7,53.6,9.5,3.86,5.0,Yes,Yes,At Risk
ST07083,23,Male,Software Engineering,64.8,44.3,59.7,45.6,3.7,2.86,6.0,Yes,Yes,Not At Risk
ST10222,19,Male,Computer Science,68.8,83.3,58.2,80.8,7.0,3.59,4.0,Yes,Yes,Not At Risk
ST10789,24,Male,IT,64.9,61.4,54.3,56.7,2.0,3.77,5.0,Yes,No,Not At Risk
ST07081,23,Male,Software Engineering,76.0,97.8,71.5,73.0,5.6,3.28,5.0,Yes,Yes,Not At Risk
ST04777,22,Male,Computer Science,75.9,49.8,61.1,61.3,1.9,2.69,6.0,Yes,No,Not At Risk
ST04143,18,Male,Computer Science,67.6,67.8,24.6,34.2,11.8,2.81,7.0,Yes,Yes,At Risk
ST10057,21,Male,IT,64.0,78.4,62.6,65.3,2.7,2.82,4.0,Yes,No,Not At Risk
ST08015,21,Female,Computer Science,100.0,86.9,83.4,67.7,9.6,2.4,3.0,Yes,No,Not At Risk
ST04454,18,Male,Computer Science,82.6,52.8,55.1,98.0,1.2,3.74,2.0,Yes,No,At Risk
ST04244,22,Female,Computer Science,77.0,71.7,39.2,73.2,2.2,4.0,5.0,Yes,No,Not At Risk
ST00097,25,Female,IT,69.5,67.3,47.4,,2.7,2.7,5.0,Yes,No,Not At Risk
ST09127,22,Female,Software Engineering,78.7,79.4,86.8,91.4,3.1,2.44,6.0,Yes,No,Not At Risk
ST06843,23,Male,Computer Science,59.6,51.8,81.4,36.7,7.6,3.93,3.0,Yes,No,Not At Risk
ST03768,18,Female,,84.0,65.0,52.9,91.5,2.3,3.99,4.0,Yes,No,Not At Risk
ST09273,25,Male,IT,83.9,79.7,62.9,65.4,8.4,3.46,2.0,Yes,No,Not At Risk
ST04280,24,Male,IT,84.9,80.1,40.6,44.4,5.4,1.97,6.0,Yes,Yes,At Risk
ST09110,21,Male,Computer Science,77.7,56.5,43.2,51.5,2.3,2.92,2.0,,No,At Risk
ST10418,20,Male,Data Science,68.0,87.2,69.2,100.0,5.0,1.68,10.0,Yes,No,Not At Risk
ST01994,22,Female,Data Science,73.9,70.3,80.8,54.5,16.6,3.1,4.0,Yes,No,Not At Risk
ST10311,19,Female,Data Science,97.3,62.2,66.4,54.7,4.1,4.0,4.0,Yes,Yes,Not At Risk
ST07501,19,Male,IT,71.7,67.4,52.6,49.2,5.9,2.85,5.0,Yes,No,Not At Risk
ST00250,20,Female,Computer Science,87.7,67.0,74.9,75.1,5.0,2.69,4.0,Yes,No,Not At Risk
ST11827,19,Male,Computer Science,57.8,72.4,48.6,80.6,6.1,2.21,6.0,No,No,At Risk
ST09559,21,Female,Computer Science,88.2,52.9,67.5,59.2,5.9,2.59,7.0,Yes,Yes,At Risk
ST01565,24,Female,Software Engineering,67.4,79.4,89.7,53.9,5.2,2.75,3.0,Yes,No,Not At Risk
ST06084,21,Male,Software Engineering,85.5,50.7,76.8,61.4,8.5,2.84,2.0,No,No,Not At Risk
ST04285,24,Male,Computer Science,87.6,65.5,79.1,66.8,3.2,2.67,2.0,Yes,No,Not At Risk
ST01778,24,Male,IT,72.8,63.7,29.6,54.5,6.8,2.96,4.0,Yes,Yes,Not At Risk
ST07558,19,Male,Computer Science,88.0,72.9,71.4,73.1,16.2,1.8,0.0,Yes,No,Not At Risk
ST00996,20,Male,Computer Science,84.0,78.5,61.4,68.2,7.0,3.44,1.0,Yes,Yes,Not At Risk
ST02983,23,Female,Computer Science,81.5,58.6,72.3,76.2,3.8,2.23,3.0,Yes,Yes,At Risk
ST03801,23,Female,Computer Science,95.9,58.8,72.3,38.3,8.1,2.37,5.0,Yes,Yes,Not At Risk
ST06796,20,Male,Software Engineering,67.4,84.7,75.2,56.8,11.9,2.19,4.0,Yes,Yes,At Risk
ST03330,19,Female,Software Engineering,80.8,68.4,97.2,79.2,7.8,3.03,3.0,Yes,Yes,Not At Risk
ST07433,20,Male,Data Science,89.1,72.8,46.3,71.9,1.6,2.72,1.0,Yes,No,Not At Risk
ST01653,22,Male,Software Engineering,90.7,76.6,100.0,53.9,2.6,2.57,5.0,Yes,Yes,Not At Risk
ST07712,21,Female,Computer Science,73.8,80.8,62.0,42.8,4.3,3.92,11.0,No,Yes,At Risk
ST00910,21,Male,IT,84.9,44.0,91.4,43.7,12.4,2.67,2.0,Yes,No,At Risk
ST07261,24,Female,IT,78.9,81.7,48.0,64.1,6.4,3.16,6.0,Yes,No,Not At Risk
ST09471,19,Female,IT,84.3,54.6,74.4,80.6,10.0,3.54,0.0,Yes,Yes,Not At Risk
ST04235,20,Male,IT,63.3,50.6,74.0,56.0,11.1,4.0,7.0,Yes,No,At Risk
ST03964,20,Male,Software Engineering,69.7,85.0,48.2,42.7,2.9,1.91,4.0,Yes,Yes,Not At Risk
ST09026,24,Male,IT,65.4,65.7,68.3,64.1,9.0,2.91,3.0,Yes,No,Not At Risk
ST03210,25,Female,Data Science,66.4,96.5,61.8,85.0,4.1,3.16,5.0,Yes,No,Not At Risk
ST09111,23,Female,Computer Science,62.1,36.3,81.5,60.5,6.5,2.71,4.0,Yes,No,At Risk
ST10117,25,Male,Data Science,93.0,57.3,74.1,40.0,9.1,3.21,5.0,Yes,No,At Risk
ST00614,21,Male,Computer Science,76.2,70.8,52.3,49.6,7.3,3.61,4.0,Yes,No,Not At Risk
ST03046,18,Male,Data Science,87.4,74.9,78.8,58.5,8.4,3.48,1.0,Yes,No,Not At Risk
ST08833,25,Female,Software Engineering,57.9,67.7,72.8,62.2,5.1,3.54,4.0,No,Yes,Not At Risk
ST01730,21,Female,Computer Science,70.9,58.6,81.8,75.3,5.2,2.79,2.0,Yes,Yes,Not At Risk
ST11407,24,Male,Data Science,62.3,84.0,68.0,55.7,3.3,3.24,4.0,Yes,No,Not At Risk
ST01983,21,Male,Computer Science,94.5,66.7,86.9,37.4,8.1,2.51,3.0,Yes,No,Not At Risk
ST10658,25,Female,IT,96.1,100.0,60.0,67.3,10.6,2.91,9.0,Yes,Yes,Not At Risk
ST05618,19,Male,,68.4,79.2,48.9,100.0,3.4,3.04,1.0,Yes,Yes,Not At Risk
ST11126,23,Female,Computer Science,100.0,45.3,65.2,89.3,2.8,3.14,1.0,Yes,Yes,Not At Risk
ST00566,24,Male,Software Engineering,98.4,63.0,32.9,87.7,2.5,3.74,2.0,Yes,Yes,At Risk
ST05372,21,Female,IT,91.5,50.2,95.3,58.7,3.7,3.14,3.0,Yes,No,Not At Risk
ST01633,18,Male,Data Science,100.0,76.2,75.0,48.6,2.7,2.55,5.0,No,No,Not At Risk
ST06373,25,Female,Software Engineering,82.0,90.7,66.0,65.4,9.3,2.45,6.0,Yes,No,Not At Risk
ST01405,23,Female,Computer Science,65.5,83.3,55.3,63.9,1.3,3.22,3.0,Yes,No,At Risk
ST03594,24,Male,Computer Science,65.6,44.9,62.3,89.2,2.6,2.14,3.0,Yes,No,Not At Risk
ST06206,22,Male,Software Engineering,91.8,58.7,59.1,52.7,4.7,3.95,3.0,Yes,Yes,At Risk
ST06875,21,Female,Data Science,82.7,47.3,68.7,89.0,5.0,2.32,9.0,Yes,Yes,Not At Risk
ST01873,24,Female,Software Engineering,90.7,59.3,48.2,89.6,5.4,2.87,4.0,Yes,Yes,Not At Risk
ST05115,23,Female,Computer Science,95.1,77.5,48.1,54.3,5.1,3.44,4.0,Yes,No,Not At Risk
ST06987,25,Female,Computer Science,72.7,52.8,64.3,71.3,5.0,3.78,2.0,Yes,No,Not At Risk
ST08416,18,Male,Computer Science,95.2,78.1,78.6,100.0,2.9,3.29,6.0,Yes,No,Not At Risk
ST08769,22,Male,Software Engineering,96.7,62.8,16.8,80.7,1.3,3.15,4.0,Yes,No,Not At Risk
ST05909,19,Female,IT,77.6,76.6,40.8,66.7,3.7,2.9,1.0,Yes,No,Not At Risk
ST03280,25,Female,IT,82.5,79.1,70.4,69.8,3.6,2.58,2.0,Yes,Yes,Not At Risk
ST08095,24,Male,Computer Science,86.6,82.8,44.4,,6.8,2.66,9.0,Yes,Yes,Not At Risk
ST08713,20,Female,Data Science,62.3,57.5,49.7,83.7,5.0,3.25,2.0,Yes,Yes,At Risk
ST03876,23,Female,Software Engineering,86.8,36.0,63.1,50.8,6.2,2.61,4.0,Yes,No,Not At Risk
ST02846,25,Male,Data Science,77.8,74.0,41.1,72.9,7.4,2.99,2.0,Yes,No,Not At Risk
ST03813,23,Female,Computer Science,84.1,40.7,65.3,52.6,7.5,3.33,5.0,Yes,Yes,Not At Risk
ST03006,19,Female,IT,92.4,50.5,68.9,53.3,2.8,3.62,3.0,No,No,Not At Risk
ST04527,21,Female,IT,92.3,68.2,69.8,66.0,9.6,2.76,7.0,Yes,Yes,Not At Risk
ST00184,22,Male,Data Science,93.9,56.1,65.3,56.1,3.0,2.75,6.0,Yes,Yes,Not At Risk
ST03509,19,Female,IT,60.0,68.5,55.5,71.1,10.7,2.26,5.0,Yes,Yes,Not At Risk
ST00718,19,Male,Computer Science,87.3,77.3,66.9,69.1,5.9,3.79,3.0,Yes,No,Not At Risk
ST10977,19,Male,Software Engineering,78.0,70.0,42.3,64.5,8.6,1.02,8.0,Yes,Yes,Not At Risk
ST09218,18,Male,Computer Science,80.4,50.8,63.9,54.5,3.4,2.67,2.0,Yes,Yes,Not At Risk
ST03763,23,Male,Data Science,97.9,67.9,55.6,62.0,3.9,1.9,5.0,Yes,No,Not At Risk
ST09104,19,Male,Computer Science,70.1,86.0,53.7,63.7,1.5,3.18,5.0,Yes,No,Not At Risk
ST05592,19,Male,Computer Science,75.9,72.3,40.9,75.2,4.0,3.11,7.0,Yes,Yes,Not At Risk
ST03360,25,Female,IT,96.9,55.2,63.9,74.3,2.5,3.8,6.0,Yes,Yes,Not At Risk
ST10150,20,Male,Computer Science,61.2,61.0,77.0,71.8,7.7,2.2,6.0,Yes,No,Not At Risk
ST08373,22,Female,Data Science,61.3,54.3,64.9,50.0,3.1,3.26,4.0,Yes,No,Not At Risk
ST01052,19,Male,Software Engineering,88.1,88.3,55.1,,6.2,2.87,4.0,No,No,Not At Risk
ST09919,23,Female,Software Engineering,56.0,74.0,80.0,88.8,7.1,2.63,1.0,Yes,Yes,Not At Risk
ST00970,25,Female,Computer Science,100.0,77.0,59.2,53.4,4.5,3.57,4.0,Yes,No,Not At Risk
ST05949,21,Male,IT,63.3,87.7,49.5,90.6,6.2,3.0,3.0,Yes,No,Not At Risk
ST00352,25,Female,Software Engineering,79.3,66.0,65.4,57.0,1.0,2.8,1.0,Yes,No,Not At Risk
ST09564,23,Male,Data Science,90.7,83.7,44.9,66.1,4.0,3.88,4.0,No,Yes,Not At Risk
ST06807,19,Male,Data Science,93.8,86.5,70.3,51.2,3.2,2.69,1.0,Yes,Yes,Not At Risk
ST03158,21,Male,Computer Science,70.5,78.6,64.3,83.2,8.2,1.48,5.0,Yes,Yes,Not At Risk
ST05635,21,Male,IT,57.7,70.3,79.3,60.2,2.9,4.0,3.0,Yes,No,Not At Risk
ST07988,20,Female,Computer Science,91.0,69.6,60.6,62.3,10.9,3.89,4.0,Yes,No,Not At Risk
ST10050,24,Female,Data Science,83.7,73.9,70.7,84.7,10.0,1.35,5.0,Yes,Yes,Not At Risk
ST00154,20,Male,IT,84.8,80.4,67.1,51.5,9.6,3.27,4.0,Yes,Yes,Not At Risk
ST01853,22,Female,Computer Science,69.3,80.0,79.7,79.7,6.8,3.32,5.0,Yes,No,Not At Risk
ST00280,22,Male,Computer Science,69.5,67.1,71.5,48.8,1.3,3.18,5.0,Yes,Yes,Not At Risk
ST09473,25,Male,Data Science,91.0,39.8,55.1,71.4,22.6,2.09,4.0,Yes,Yes,Not At Risk
ST11152,18,Female,Computer Science,92.9,83.5,38.8,66.1,10.0,3.81,2.0,Yes,Yes,Not At Risk
ST09388,20,Male,Computer Science,76.7,79.3,55.6,63.0,13.2,3.33,5.0,Yes,No,Not At Risk
ST00786,24,Female,IT,78.0,55.1,85.4,55.6,5.3,2.23,6.0,Yes,Yes,Not At Risk
ST08931,21,Male,IT,75.5,43.5,92.4,78.2,2.6,1.76,8.0,No,No,At Risk
ST02960,19,Male,Computer Science,65.7,74.9,76.7,63.3,10.6,2.55,6.0,Yes,Yes,Not At Risk
ST06734,20,Male,Data Science,86.8,78.6,48.1,50.9,7.4,3.08,3.0,Yes,No,Not At Risk
ST00042,20,Male,IT,87.3,62.4,46.0,92.4,10.8,3.87,1.0,Yes,Yes,Not At Risk
ST01718,23,M,IT,80.8,56.6,58.6,62.3,3.1,2.6,2.0,No,No,Not At Risk
ST07597,25,Female,IT,80.5,78.3,51.0,81.7,5.5,2.13,4.0,Yes,No,Not At Risk
ST02625,24,Female,Software Engineering,100.0,62.5,63.8,91.6,11.3,3.08,7.0,Yes,Yes,Not At Risk
ST03096,25,Male,Software Engineering,54.3,74.3,83.1,33.9,4.2,2.39,5.0,Yes,No,At Risk
ST05799,21,Female,Software Engineering,82.4,74.4,46.9,38.3,5.6,2.71,2.0,Yes,Yes,Not At Risk
ST06604,22,Male,IT,64.9,53.2,58.4,82.1,2.7,2.51,7.0,Yes,Yes,Not At Risk
ST04912,25,Female,IT,76.9,60.0,53.8,41.8,7.3,2.12,3.0,Yes,Yes,Not At Risk
ST05105,23,Male,IT,71.7,65.0,68.4,27.0,9.2,2.63,,Yes,Yes,Not At Risk
ST01499,23,Male,Computer Science,56.3,84.5,72.5,61.2,5.4,2.44,4.0,Yes,No,Not At Risk
ST08754,18,Male,Software Engineering,53.9,83.0,52.4,41.1,10.2,3.4,2.0,Yes,Yes,Not At Risk
ST04129,24,Female,Software Engineering,75.0,70.7,62.5,74.0,5.9,3.28,4.0,Yes,No,Not At Risk
ST10569,18,Male,Data Science,77.5,69.5,57.0,43.1,2.8,2.99,4.0,Yes,No,Not At Risk
ST05318,20,Male,IT,49.2,72.1,66.4,49.4,7.6,2.01,4.0,Yes,Yes,Not At Risk
ST02940,24,Female,Software Engineering,70.4,53.7,67.6,46.3,5.2,3.25,3.0,Yes,No,At Risk
ST09318,24,Male,Data Science,72.1,79.4,56.8,98.0,11.6,3.04,4.0,Yes,No,Not At Risk
ST09084,24,Female,Data Science,100.0,53.9,82.7,66.9,6.6,3.14,4.0,Yes,Yes,Not At Risk
ST10909,25,Female,IT,100.0,33.5,49.9,71.0,3.1,3.68,6.0,Yes,No,Not At Risk
ST03926,25,Female,Computer Science,91.1,63.2,81.2,96.6,3.9,3.38,1.0,Yes,No,Not At Risk
ST06893,24,Male,IT,97.4,81.2,68.3,44.8,3.7,2.54,7.0,Yes,Yes,Not At Risk
ST11119,22,Female,Computer Science,71.6,55.1,88.1,43.5,5.4,2.67,2.0,Yes,No,Not At Risk
ST10004,19,Male,Data Science,72.9,64.0,75.8,91.0,13.9,2.92,2.0,Yes,No,Not At Risk
ST05653,21,Female,Software Engineering,73.7,97.3,66.0,71.3,7.7,2.12,,Yes,No,Not At Risk
ST09292,25,Female,Computer Science,65.6,92.9,80.4,78.4,2.4,2.89,1.0,No,No,Not At Risk
ST10224,24,Male,Computer Science,92.3,39.5,80.0,68.3,4.7,2.66,,Yes,Yes,Not At Risk
ST11675,18,Female,Software Engineering,79.0,70.3,63.2,60.9,6.0,2.35,2.0,Yes,No,Not At Risk
ST11305,19,Male,IT,98.4,52.8,79.6,70.7,5.9,3.2,4.0,Yes,No,Not At Risk
ST04927,20,Female,IT,64.9,56.9,67.9,78.5,5.9,1.64,3.0,Yes,No,At Risk
ST03935,20,Female,Software Engineering,59.4,71.2,80.2,68.8,13.9,2.94,0.0,Yes,No,Not At Risk
ST05565,20,Male,IT,80.9,59.7,58.2,76.5,11.1,2.59,3.0,Yes,Yes,Not At Risk
ST08912,25,Female,IT,64.5,70.0,56.0,78.3,7.5,3.14,5.0,Yes,No,Not At Risk
ST07821,23,Female,Computer Science,77.4,87.7,64.7,57.2,5.9,4.0,1.0,Yes,Yes,Not At Risk
ST10082,25,Male,Computer Science,73.5,71.4,79.0,66.2,10.5,3.3,5.0,Yes,Yes,At Risk
ST09081,21,female,Data Science,70.9,49.6,66.2,72.0,6.5,4.0,5.0,Yes,Yes,Not At Risk
ST02947,24,Female,Software Engineering,48.9,82.7,52.8,87.1,3.0,1.32,4.0,Yes,Yes,Not At Risk
ST05347,21,Male,Computer Science,70.3,47.3,55.8,57.9,15.0,2.6,8.0,Yes,Yes,At Risk
ST05871,20,Female,Computer Science,88.9,56.2,69.6,59.6,5.3,3.1,4.0,Yes,Yes,Not At Risk
ST11229,19,Male,Software Engineering,78.1,70.1,47.3,76.6,3.8,3.81,4.0,Yes,Yes,Not At Risk
ST01980,18,Female,Data Science,60.5,68.3,91.9,55.4,5.0,2.46,2.0,Yes,No,At Risk
ST10854,20,Female,Software Engineering,59.2,76.0,63.3,48.1,6.9,3.04,2.0,Yes,Yes,Not At Risk
ST11998,18,Female,IT,100.0,53.0,62.7,41.7,14.4,3.48,2.0,Yes,No,Not At Risk
ST10918,25,Female,Data Science,77.2,70.4,63.6,51.4,2.8,2.22,2.0,Yes,No,Not At Risk
ST02082,24,Male,Computer Science,77.6,85.3,96.7,56.8,4.1,3.13,1.0,Yes,No,Not At Risk
ST07508,24,Female,Software Engineering,75.4,65.6,77.0,69.4,9.1,4.0,3.0,Yes,Yes,Not At Risk
ST09268,20,Male,Software Engineering,81.6,56.4,57.3,,5.4,2.39,4.0,Yes,Yes,Not At Risk
ST00211,23,Male,Software Engineering,88.8,98.3,56.3,74.9,7.4,2.37,6.0,Yes,No,Not At Risk
ST09496,19,Male,IT,53.9,75.1,68.1,73.2,2.4,2.25,6.0,No,No,At Risk
ST04008,22,Female,Computer Science,82.7,97.4,71.6,65.3,4.6,3.63,4.0,Yes,Yes,Not At Risk
ST02173,25,Male,IT,99.2,41.0,85.2,22.7,6.2,2.99,4.0,Yes,Yes,Not At Risk
ST04239,24,Female,Data Science,80.9,46.2,76.0,77.5,15.1,3.19,6.0,Yes,No,Not At Risk
ST05203,19,Male,IT,80.3,84.9,35.6,49.5,4.0,3.17,3.0,Yes,No,Not At Risk
ST04972,25,Male,Software Engineering,79.6,71.8,77.3,59.5,3.6,2.06,9.0,Yes,No,Not At Risk
ST01811,19,Female,IT,63.0,64.5,85.5,60.9,8.5,2.28,4.0,Yes,Yes,At Risk
ST06233,25,Male,IT,78.0,40.9,80.0,62.3,2.2,2.61,2.0,Yes,No,Not At Risk
ST01079,18,Male,Software Engineering,80.5,77.4,41.6,65.0,4.5,2.6,3.0,Yes,No,Not At Risk
ST07633,18,Female,,72.7,61.8,88.7,82.6,2.3,2.69,6.0,Yes,Yes,At Risk
ST11092,21,Male,IT,64.3,58.0,60.9,72.9,4.9,2.61,3.0,Yes,No,At Risk
ST04618,20,Male,Computer Science,100.0,61.1,65.0,68.1,3.6,2.38,6.0,Yes,Yes,Not At Risk
ST06403,24,Male,Software Engineering,86.7,57.7,35.9,38.8,13.4,3.26,1.0,Yes,Yes,Not At Risk
ST02539,21,Male,Software Engineering,79.8,100.0,80.1,68.8,4.6,3.12,2.0,Yes,Yes,Not At Risk
ST02301,24,Female,IT,70.1,76.0,63.1,70.0,2.9,2.91,4.0,Yes,Yes,Not At Risk
ST01628,21,Male,Software Engineering,74.0,60.3,46.9,80.1,5.4,2.57,5.0,,Yes,At Risk
ST09691,22,Female,IT,86.8,48.2,39.2,86.8,1.5,1.87,5.0,Yes,Yes,Not At Risk
ST07751,18,Female,IT,87.4,80.5,63.1,42.1,11.3,2.9,1.0,Yes,No,Not At Risk
ST04354,20,Male,IT,83.0,81.1,61.6,55.0,4.3,1.4,8.0,Yes,Yes,Not At Risk
ST11002,23,Female,IT,100.0,67.3,52.6,87.5,11.7,2.54,1.0,Yes,Yes,Not At Risk
ST07709,25,Male,Computer Science,65.7,87.8,74.6,51.8,3.2,3.02,3.0,Yes,No,At Risk
ST10492,22,Male,IT,81.4,72.0,47.3,77.2,3.2,3.42,4.0,Yes,No,Not At Risk
ST11617,23,Female,Computer Science,59.3,64.4,43.7,78.8,3.8,2.24,4.0,Yes,Yes,Not At Risk
ST11483,25,Female,Computer Science,93.2,34.3,79.3,66.4,6.1,2.61,2.0,Yes,Yes,Not At Risk
ST00658,22,Female,IT,75.6,76.5,65.0,67.5,6.5,2.47,3.0,Yes,Yes,Not At Risk
ST01180,24,Male,Computer Science,70.6,60.8,69.8,78.8,5.0,3.44,3.0,Yes,No,Not At Risk
ST03222,24,Female,IT,83.6,63.5,72.8,61.0,15.0,2.94,5.0,Yes,Yes,Not At Risk
ST02043,24,Male,IT,52.1,54.1,47.4,78.1,10.9,4.0,2.0,Yes,No,At Risk
ST05280,21,Male,Data Science,77.9,72.1,57.4,33.6,3.6,4.0,6.0,Yes,No,Not At Risk
ST10729,19,Male,IT,59.7,72.1,39.5,55.0,4.8,3.13,2.0,No,No,At Risk
ST04390,21,Female,IT,95.7,45.8,56.7,41.6,3.0,2.51,3.0,Yes,No,Not At Risk
ST00930,22,Male,Computer Science,100.0,71.4,51.1,57.1,1.1,2.95,7.0,Yes,Yes,Not At Risk
ST04962,21,Female,Computer Science,96.9,44.6,41.6,56.3,5.4,3.27,5.0,Yes,No,Not At Risk
ST07652,21,Female,IT,63.9,48.2,31.4,53.2,10.3,3.55,4.0,Yes,No,At Risk
ST01423,21,Male,Computer Science,97.6,52.9,63.6,52.8,8.7,2.51,3.0,Yes,No,Not At Risk
ST11557,20,Female,Software Engineering,80.8,96.0,45.2,69.0,5.0,3.53,4.0,Yes,No,Not At Risk
ST03361,23,Female,Computer Science,74.5,19.7,70.4,59.3,11.2,2.65,3.0,Yes,Yes,Not At Risk
ST09667,18,Male,Computer Science,68.7,76.5,61.6,70.0,6.4,3.29,3.0,Yes,Yes,Not At Risk
ST00113,19,Male,Software Engineering,98.1,27.4,42.9,83.8,4.1,4.0,2.0,Yes,Yes,Not At Risk
ST08984,18,Female,Software Engineering,76.6,79.8,61.8,68.5,7.7,1.82,3.0,Yes,Yes,Not At Risk
ST11110,24,Male,Data Science,67.4,73.6,67.9,61.0,5.6,2.82,7.0,Yes,Yes,Not At Risk
ST05595,25,Female,Data Science,76.5,99.9,76.6,63.2,13.5,2.79,5.0,Yes,Yes,Not At Risk
ST08767,20,Male,Data Science,100.0,53.6,65.9,46.6,6.6,2.21,7.0,Yes,No,Not At Risk
ST09815,23,Female,Software Engineering,95.8,56.8,64.3,62.8,11.0,3.77,5.0,Yes,Yes,Not At Risk
ST08056,24,Female,Software Engineering,80.4,69.9,78.3,53.9,6.0,4.0,8.0,Yes,Yes,Not At Risk
ST08795,24,Female,Computer Science,79.1,88.8,83.8,56.5,2.8,3.24,2.0,Yes,Yes,Not At Risk
ST10386,22,Male,Software Engineering,58.8,100.0,60.1,59.9,2.0,3.55,5.0,Yes,Yes,Not At Risk
ST08307,23,Male,Computer Science,100.0,79.1,55.1,73.3,3.0,2.7,7.0,Yes,Yes,Not At Risk
ST03629,23,Female,Data Science,90.9,49.7,64.4,61.7,5.2,3.64,2.0,Yes,No,Not At Risk
ST08915,20,Female,Data Science,74.2,48.3,48.9,48.0,15.8,2.92,2.0,Yes,Yes,Not At Risk
ST10610,22,Female,Computer Science,71.5,54.2,74.0,68.8,4.6,2.42,7.0,Yes,Yes,At Risk
ST08366,18,Male,Computer Science,99.7,57.5,57.4,64.6,11.4,3.51,7.0,Yes,No,Not At Risk
ST07899,18,Male,Software Engineering,84.3,60.1,70.9,42.5,2.6,3.13,1.0,Yes,Yes,Not At Risk
ST00833,19,Female,Computer Science,75.7,78.3,69.6,72.1,8.8,2.72,5.0,Yes,Yes,Not At Risk
ST10398,18,Female,Data Science,98.7,82.3,81.6,53.3,1.3,3.92,5.0,No,Yes,Not At Risk
ST10319,21,Female,IT,97.7,49.1,32.3,85.1,2.4,2.99,4.0,Yes,Yes,Not At Risk
ST11000,21,Male,Computer Science,93.2,71.3,16.6,83.2,5.7,3.06,5.0,Yes,Yes,Not At Risk
ST10146,20,Female,IT,100.0,100.0,91.9,60.2,1.1,2.24,2.0,Yes,No,Not At Risk
ST10934,25,Female,IT,84.7,57.0,67.6,54.7,7.2,2.89,2.0,Yes,No,Not At Risk
ST11325,21,Female,Software Engineering,72.7,75.3,64.2,66.7,6.6,2.79,4.0,Yes,Yes,Not At Risk
ST07607,19,Male,Computer Science,99.0,42.8,69.7,74.5,7.7,2.71,2.0,Yes,Yes,Not At Risk
ST07660,22,Male,Software Engineering,75.2,100.0,75.9,84.9,5.4,4.0,3.0,Yes,Yes,Not At Risk
ST05591,21,Male,Computer Science,73.3,53.2,51.3,84.9,2.4,3.32,3.0,Yes,Yes,Not At Risk
ST01018,23,Female,Computer Science,87.8,27.0,48.5,50.2,3.6,3.07,4.0,Yes,No,Not At Risk
ST05435,25,Male,Computer Science,73.3,60.9,52.6,54.9,2.3,3.43,4.0,Yes,Yes,At Risk
ST03730,18,Female,Software Engineering,85.4,63.8,95.0,51.4,13.3,2.18,9.0,Yes,No,Not At Risk
ST07639,19,Female,Computer Science,60.3,43.9,68.4,57.4,2.4,2.64,3.0,Yes,No,At Risk
ST10166,20,Female,Computer Science,95.5,79.5,74.8,89.4,7.5,3.94,6.0,Yes,No,Not At Risk
ST10427,20,Female,Computer Science,74.3,75.4,55.7,53.1,3.5,3.45,4.0,Yes,Yes,Not At Risk
ST07428,18,Female,Computer Science,80.4,96.9,84.7,34.5,4.5,3.96,5.0,Yes,Yes,Not At Risk
ST05716,19,Male,Data Science,97.4,43.2,91.7,72.0,6.6,2.36,5.0,Yes,Yes,Not At Risk
ST11605,24,Female,Data Science,89.0,73.8,60.0,48.7,3.9,3.25,5.0,Yes,Yes,Not At Risk
ST00382,25,Male,Computer Science,77.0,70.2,91.8,75.7,3.1,2.7,0.0,Yes,No,Not At Risk
ST08350,21,Female,Software Engineering,80.9,78.1,82.1,47.9,2.2,3.0,3.0,Yes,Yes,Not At Risk
ST03818,18,Male,Software Engineering,87.3,70.5,72.8,75.0,1.7,2.5,4.0,Yes,No,Not At Risk
ST09222,22,Male,Computer Science,93.8,65.3,72.4,65.8,2.5,3.86,6.0,Yes,No,Not At Risk
ST06683,20,Female,IT,73.1,82.1,52.4,71.3,6.7,2.27,2.0,Yes,No,Not At Risk
ST05330,20,Female,IT,80.7,65.0,89.2,67.9,5.1,2.37,6.0,Yes,No,Not At Risk
ST11547,25,Male,Computer Science,93.5,63.3,52.5,50.5,4.5,2.05,5.0,Yes,No,Not At Risk
ST09724,18,Female,Computer Science,65.4,57.3,70.5,100.0,2.5,3.43,2.0,Yes,No,Not At Risk
ST02421,23,Male,Computer Science,80.2,90.9,42.9,62.9,9.6,2.34,4.0,Yes,No,Not At Risk
ST11848,25,Female,IT,84.2,64.5,50.1,81.1,12.0,2.38,3.0,Yes,Yes,Not At Risk
ST00672,23,Female,Software Engineering,80.9,66.9,19.6,38.1,3.3,3.79,4.0,Yes,Yes,At Risk
ST05786,24,Female,Software Engineering,95.1,98.6,57.3,50.5,9.5,3.45,2.0,Yes,Yes,Not At Risk
ST11751,23,Female,Software Engineering,72.9,49.0,48.3,77.0,3.2,4.0,5.0,Yes,Yes,Not At Risk
ST02751,19,Female,Data Science,100.0,56.8,65.2,32.9,7.8,2.98,3.0,Yes,No,At Risk
ST02030,23,Male,IT,89.1,73.5,89.3,46.7,6.0,2.26,3.0,Yes,No,At Risk
ST08210,24,Female,Software Engineering,94.7,78.3,60.0,56.1,5.2,3.29,8.0,Yes,No,Not At Risk
ST11630,22,Male,Computer Science,93.6,57.4,63.3,49.1,6.3,1.3,3.0,Yes,No,Not At Risk
ST01017,19,Male,Software Engineering,65.8,61.4,85.2,92.6,3.1,2.72,1.0,Yes,No,Not At Risk
ST08196,22,Female,Computer Science,97.2,73.1,91.9,46.7,5.8,3.63,6.0,Yes,No,Not At Risk
ST08540,19,Female,IT,99.2,88.0,62.5,82.1,0.9,2.23,6.0,Yes,No,Not At Risk
ST02642,23,Female,IT,57.3,46.7,100.0,87.5,3.2,2.83,5.0,No,Yes,Not At Risk
ST06324,20,Female,Computer Science,85.1,76.0,64.8,100.0,5.5,2.46,4.0,Yes,No,Not At Risk
ST09572,25,Male,Data Science,83.4,67.1,75.4,52.8,3.1,2.5,1.0,Yes,Yes,At Risk
ST07289,20,Male,Software Engineering,60.2,69.5,57.1,76.5,4.1,2.75,5.0,Yes,No,Not At Risk
ST07944,18,Male,Data Science,100.0,69.4,75.8,43.5,4.9,3.18,7.0,Yes,No,Not At Risk
ST03748,22,Female,Computer Science,88.9,61.5,98.8,71.4,2.5,3.23,4.0,Yes,No,Not At Risk
ST05649,22,Male,Software Engineering,82.7,87.0,57.6,72.7,8.7,3.39,3.0,Yes,Yes,Not At Risk
ST01607,18,Male,IT,87.0,41.4,50.7,81.8,1.3,2.24,7.0,Yes,No,Not At Risk
ST06219,24,Female,IT,85.7,70.4,52.8,72.8,10.6,3.57,1.0,Yes,No,Not At Risk
ST00098,24,Female,Software Engineering,93.7,54.5,76.3,86.3,6.7,2.56,3.0,Yes,Yes,Not At Risk
ST07363,20,Female,Computer Science,86.6,57.0,95.4,87.7,3.5,4.0,4.0,Yes,No,Not At Risk
ST08711,21,Female,Software Engineering,72.0,93.5,74.2,70.3,4.8,3.31,2.0,Yes,Yes,Not At Risk
ST08937,21,Female,Computer Science,73.2,74.3,73.1,77.4,8.2,3.17,3.0,No,No,Not At Risk
ST01657,25,Male,Computer Science,88.9,71.2,74.9,40.4,2.8,1.83,5.0,No,No,Not At Risk
ST05408,19,Female,IT,78.3,58.7,67.0,83.7,6.0,3.06,3.0,Yes,No,Not At Risk
ST11903,20,Male,Software Engineering,71.0,91.3,79.1,58.5,1.2,2.67,,Yes,Yes,Not At Risk
ST02908,24,Female,Data Science,68.2,59.2,78.8,84.1,3.8,2.98,,Yes,No,Not At Risk
ST07321,25,Male,Data Science,58.9,84.8,50.4,86.5,2.4,2.24,4.0,Yes,Yes,Not At Risk
ST07723,24,Female,Data Science,93.2,76.6,69.5,60.6,2.2,3.98,5.0,Yes,No,Not At Risk
ST07690,19,Male,Software Engineering,70.5,50.9,70.0,59.1,4.2,4.0,2.0,Yes,No,Not At Risk
ST04000,21,Female,IT,62.0,55.4,46.1,57.1,7.5,2.32,5.0,Yes,No,Not At Risk
ST09228,20,Male,Computer Science,81.2,54.5,38.6,78.6,4.6,4.0,7.0,Yes,No,Not At Risk
ST05800,25,Female,IT,82.2,69.2,88.1,78.7,0.9,3.72,4.0,Yes,No,Not At Risk
ST04628,22,Male,Data Science,84.8,69.6,47.6,58.6,10.3,1.55,4.0,Yes,No,Not At Risk
ST05577,21,Male,Data Science,88.8,62.4,63.0,13.2,11.7,2.32,4.0,Yes,No,Not At Risk
ST06137,19,Female,Computer Science,85.4,77.2,75.3,50.9,2.7,3.23,3.0,Yes,Yes,At Risk
ST10191,24,Female,Software Engineering,55.4,58.6,64.1,39.7,3.7,2.59,4.0,Yes,No,At Risk
ST01356,24,Male,Data Science,83.2,65.9,58.5,42.9,10.6,3.98,1.0,Yes,Yes,Not At Risk
ST06353,24,Female,Software Engineering,79.1,61.5,61.8,72.9,4.8,1.98,9.0,Yes,No,Not At Risk
ST06894,20,Female,Data Science,80.5,66.6,66.3,93.0,9.5,2.62,5.0,Yes,Yes,Not At Risk
ST03602,23,Female,Software Engineering,73.9,61.4,51.0,70.4,6.0,3.87,3.0,Yes,Yes,Not At Risk
ST04648,21,Female,,88.3,66.2,87.9,92.2,4.1,1.82,3.0,Yes,No,Not At Risk
ST07300,25,Female,Computer Science,74.3,70.3,54.6,50.3,5.7,2.35,6.0,Yes,Yes,Not At Risk
ST09776,20,Female,Computer Science,79.2,83.2,58.9,83.3,9.0,3.39,2.0,Yes,No,Not At Risk
ST05343,20,Male,IT,70.8,64.9,77.7,51.9,1.8,1.48,7.0,Yes,Yes,Not At Risk
ST09891,20,Male,Computer Science,99.3,73.5,80.3,49.3,5.8,2.62,4.0,Yes,Yes,Not At Risk
ST07504,19,M,Software Engineering,59.0,65.2,72.9,83.3,8.7,3.62,8.0,Yes,No,Not At Risk
ST06725,23,Male,Computer Science,90.4,74.5,74.0,72.9,14.9,3.25,1.0,Yes,Yes,Not At Risk
ST04941,19,Male,Computer Science,57.5,66.9,54.9,68.1,1.5,3.43,4.0,Yes,No,Not At Risk
ST01155,25,Female,Computer Science,71.8,47.0,57.0,73.6,6.9,2.69,7.0,No,No,Not At Risk
ST07838,22,Male,Computer Science,100.0,91.4,78.5,66.9,7.1,3.36,3.0,Yes,Yes,Not At Risk
ST05876,21,Female,IT,78.7,81.4,65.4,81.0,8.3,2.08,4.0,Yes,No,Not At Risk
ST05430,22,Male,IT,81.5,72.3,50.3,59.3,9.0,2.67,6.0,Yes,No,Not At Risk
ST06468,20,Male,Data Science,97.2,60.1,59.5,52.0,8.5,2.38,3.0,Yes,Yes,Not At Risk
ST03478,22,Male,Computer Science,100.0,91.1,64.8,54.7,12.0,4.0,4.0,Yes,No,Not At Risk
ST11844,21,Female,Data Science,76.7,47.3,59.3,77.8,12.4,1.86,2.0,Yes,No,Not At Risk
ST06156,19,Female,Data Science,89.0,89.6,59.0,56.5,4.0,2.54,4.0,Yes,No,Not At Risk
ST11437,19,Female,Software Engineering,87.4,74.0,85.4,81.1,2.2,2.95,6.0,Yes,Yes,Not At Risk
ST02363,23,Female,IT,72.7,98.1,76.9,27.0,9.4,2.97,9.0,No,No,Not At Risk
ST05492,21,Female,Computer Science,79.0,58.8,59.0,73.0,12.6,2.88,7.0,Yes,No,Not At Risk
ST11684,25,Male,Data Science,81.9,81.6,46.1,62.7,8.3,2.61,2.0,Yes,Yes,Not At Risk
ST09206,20,Male,Computer Science,79.3,42.5,62.5,54.5,9.0,2.55,6.0,Yes,No,Not At Risk
ST08074,20,Male,IT,92.4,79.4,53.6,77.3,9.0,4.0,6.0,Yes,No,Not At Risk
ST06686,23,Female,Computer Science,100.0,94.6,66.2,53.0,11.5,3.99,4.0,Yes,No,Not At Risk
ST00078,24,Female,Software Engineering,100.0,77.5,64.1,61.0,5.3,4.0,1.0,Yes,Yes,Not At Risk
ST02403,19,Female,IT,70.3,60.5,56.7,27.3,10.9,3.84,4.0,Yes,Yes,Not At Risk
ST08256,20,Female,Data Science,90.5,96.5,84.2,28.1,7.8,1.99,2.0,Yes,Yes,Not At Risk
ST06738,18,Male,Computer Science,84.1,72.8,61.0,46.9,2.7,2.93,5.0,Yes,Yes,At Risk
ST04342,18,Male,IT,80.0,55.2,71.1,73.7,5.7,2.62,1.0,Yes,Yes,Not At Risk
ST07254,18,Female,Software Engineering,85.9,73.4,74.5,78.6,6.1,2.53,4.0,No,Yes,Not At Risk
ST11389,19,Male,Data Science,100.0,75.7,68.0,55.2,2.2,3.4,7.0,Yes,No,Not At Risk
ST06581,25,Male,IT,75.4,71.8,52.1,78.8,9.9,2.74,4.0,No,No,Not At Risk
ST05176,21,Female,Computer Science,88.2,90.9,70.3,81.6,4.8,2.05,4.0,Yes,Yes,Not At Risk
ST01066,20,Male,IT,54.8,88.9,87.1,43.6,5.0,3.04,4.0,Yes,No,At Risk
ST10485,21,Female,Software Engineering,75.1,75.8,82.2,85.7,5.5,3.81,1.0,Yes,No,Not At Risk
ST00384,18,Female,Data Science,66.4,81.8,53.2,60.9,6.6,2.49,6.0,Yes,Yes,Not At Risk
ST07313,19,Female,Software Engineering,92.9,81.2,81.9,82.4,17.4,2.16,6.0,Yes,No,Not At Risk
ST02868,22,Male,Computer Science,92.8,49.5,73.7,32.6,5.2,1.77,9.0,Yes,Yes,Not At Risk
ST07737,23,Female,Computer Science,72.8,64.6,74.2,38.0,10.7,2.37,4.0,Yes,No,Not At Risk
ST09782,20,Male,Software Engineering,87.6,75.2,86.2,74.8,3.2,3.47,3.0,Yes,No,Not At Risk
ST04949,23,Male,Software Engineering,96.5,51.6,64.7,71.3,8.7,2.67,2.0,Yes,Yes,Not At Risk
ST03721,18,Female,Data Science,95.2,100.0,65.0,84.5,2.2,3.27,4.0,Yes,Yes,Not At Risk
ST05542,21,Female,Software Engineering,82.6,59.8,71.7,88.0,8.3,1.72,7.0,Yes,No,Not At Risk
ST06693,22,Male,Computer Science,79.2,64.5,68.8,81.6,6.1,2.3,2.0,Yes,No,Not At Risk
ST11673,24,Male,Computer Science,81.7,70.5,46.9,40.0,1.8,3.74,6.0,Yes,No,Not At Risk
ST00651,19,Male,IT,100.0,39.6,66.2,43.2,10.7,2.85,6.0,Yes,Yes,Not At Risk
ST11880,18,Male,Data Science,72.0,64.6,56.6,72.7,4.1,2.3,2.0,Yes,No,Not At Risk
ST10720,19,Male,Software Engineering,87.5,100.0,50.4,67.5,8.3,3.84,4.0,Yes,No,Not At Risk
ST10223,20,Female,Computer Science,89.7,69.1,62.1,54.0,6.9,3.2,2.0,Yes,Yes,Not At Risk
ST06099,25,Female,Computer Science,93.9,68.7,72.6,38.2,3.9,3.52,0.0,Yes,Yes,Not At Risk
ST02261,20,Male,Software Engineering,76.9,36.0,62.2,44.2,9.9,3.31,4.0,Yes,No,Not At Risk
ST06245,19,Female,Software Engineering,47.9,100.0,73.8,83.2,13.6,4.0,5.0,Yes,Yes,Not At Risk
ST05565,20,Male,IT,80.9,59.7,58.2,76.5,11.1,2.59,3.0,Yes,Yes,Not At Risk
ST05518,24,Female,IT,66.7,86.7,64.8,25.6,3.8,2.38,7.0,Yes,Yes,At Risk
ST04177,20,Female,Software Engineering,76.7,59.1,55.4,25.3,7.6,2.66,2.0,Yes,No,Not At Risk
ST05815,19,Female,Software Engineering,79.3,60.5,80.1,42.1,11.7,3.07,4.0,Yes,Yes,At Risk
ST04332,18,Male,Software Engineering,60.5,61.8,68.7,55.0,4.0,2.77,7.0,Yes,No,Not At Risk
ST01247,23,Male,Software Engineering,85.9,54.3,45.3,62.1,6.7,3.54,6.0,Yes,Yes,Not At Risk
ST01496,21,Male,Data Science,91.0,44.5,80.2,42.8,6.6,3.36,5.0,Yes,No,Not At Risk
ST11438,20,Male,Data Science,74.6,52.2,65.0,57.2,6.7,2.06,10.0,No,Yes,At Risk
ST01656,18,Male,IT,82.0,89.9,77.7,70.2,14.2,2.68,7.0,Yes,Yes,Not At Risk
ST02853,18,Female,Software Engineering,73.0,85.2,70.3,65.1,7.2,3.17,5.0,Yes,No,Not At Risk
ST00359,24,Female,Software Engineering,100.0,50.7,60.4,62.7,5.4,3.09,3.0,Yes,No,Not At Risk
ST08147,21,Female,Computer Science,78.7,47.3,51.4,32.3,3.3,3.24,3.0,No,Yes,At Risk
ST02105,24,Female,Software Engineering,86.2,60.6,69.5,54.1,1.9,2.75,3.0,Yes,Yes,Not At Risk
ST11939,21,Male,Software Engineering,86.2,47.9,71.7,74.7,7.9,2.79,4.0,Yes,Yes,Not At Risk
ST11462,25,Female,Computer Science,67.0,77.1,73.0,68.3,8.2,2.95,5.0,No,Yes,Not At Risk
ST04877,23,M,IT,69.4,55.5,41.6,64.8,3.1,2.77,,Yes,No,Not At Risk
ST02693,24,Female,Data Science,88.6,92.1,56.7,69.1,10.4,3.08,6.0,Yes,No,Not At Risk
ST04262,19,Male,Computer Science,92.8,36.0,83.1,81.3,3.6,1.96,6.0,Yes,Yes,Not At Risk
ST08522,25,Female,IT,73.2,71.7,75.9,49.9,7.3,1.91,2.0,Yes,Yes,Not At Risk
ST04258,18,Male,,84.4,65.0,64.4,58.2,12.8,2.77,2.0,Yes,No,At Risk
ST06650,25,Male,Computer Science,100.0,74.8,48.7,71.5,3.2,1.02,3.0,Yes,Yes,Not At Risk
ST06279,25,Female,Computer Science,68.6,84.7,63.5,41.3,2.1,2.24,3.0,Yes,No,At Risk
ST10095,19,Female,Data Science,66.5,37.0,52.1,70.1,6.0,3.46,1.0,Yes,Yes,Not At Risk
ST02859,22,Male,Computer Science,67.1,73.6,83.2,86.3,12.2,2.5,3.0,Yes,No,Not At Risk
ST04632,20,Female,,82.3,63.0,48.8,68.1,2.8,4.0,5.0,Yes,No,Not At Risk
ST06696,18,Female,Software Engineering,89.1,73.0,86.3,63.7,6.6,2.67,6.0,No,Yes,Not At Risk
ST06180,23,Male,IT,86.3,79.4,64.2,75.9,1.2,2.92,2.0,Yes,No,Not At Risk
ST05843,22,Male,Computer Science,61.7,57.2,85.8,70.8,5.8,3.41,2.0,Yes,No,Not At Risk
ST04223,20,Female,Software Engineering,89.9,46.9,51.7,72.1,5.0,3.0,6.0,Yes,Yes,Not At Risk
ST04540,25,Female,Data Science,79.5,74.8,76.6,51.8,1.0,2.24,1.0,Yes,No,Not At Risk
ST11855,24,Male,Data Science,74.7,66.3,68.1,57.7,7.8,3.2,2.0,Yes,Yes,Not At Risk
ST07193,19,Female,IT,74.3,78.1,65.4,73.2,3.1,2.11,4.0,Yes,No,Not At Risk
ST09123,22,Male,Software Engineering,100.0,57.9,59.0,56.6,4.2,1.46,5.0,Yes,No,Not At Risk
ST08694,21,Female,Computer Science,92.1,62.0,65.3,79.6,4.1,2.35,4.0,Yes,No,Not At Risk
ST10807,20,Female,IT,74.7,77.9,61.5,68.6,4.2,2.42,5.0,Yes,Yes,Not At Risk
ST09398,21,Male,Software Engineering,60.3,62.2,55.6,92.9,8.9,3.18,2.0,Yes,Yes,Not At Risk
ST06226,24,Female,Data Science,88.5,78.7,42.1,64.3,8.4,2.91,4.0,Yes,No,Not At Risk
ST06980,21,Male,Computer Science,85.9,65.7,45.3,63.5,2.3,2.88,4.0,Yes,Yes,Not At Risk
ST05047,20,Female,IT,88.9,68.5,57.0,77.3,3.7,1.94,4.0,Yes,No,Not At Risk
ST00369,22,Female,Computer Science,100.0,63.3,98.3,64.8,3.1,3.86,6.0,Yes,No,Not At Risk
ST11645,25,Male,Computer Science,67.0,73.9,62.3,66.0,10.3,1.94,1.0,Yes,No,Not At Risk
ST06929,22,Female,Software Engineering,91.5,94.7,30.1,82.9,8.1,2.36,5.0,Yes,No,Not At Risk
ST11531,21,Male,IT,73.7,76.4,63.9,47.2,8.5,1.86,6.0,Yes,Yes,Not At Risk
ST09857,18,Female,Computer Science,84.2,51.0,68.2,39.3,1.9,3.98,1.0,Yes,No,Not At Risk
ST07910,22,Male,Data Science,78.3,44.7,81.1,49.5,7.2,2.69,1.0,Yes,No,Not At Risk
ST09279,18,Female,Data Science,66.3,58.4,72.9,54.9,4.1,1.91,5.0,Yes,Yes,At Risk
ST01399,20,Female,Data Science,79.8,66.8,69.1,73.2,2.9,3.46,3.0,No,No,Not At Risk
ST07826,24,Male,Computer Science,84.4,74.0,55.0,60.2,7.1,2.89,7.0,Yes,No,Not At Risk
ST03379,24,Male,Data Science,87.7,67.4,59.2,54.3,6.7,4.0,4.0,Yes,No,Not At Risk
ST00171,25,Female,Data Science,100.0,47.7,66.0,10.4,8.4,2.48,5.0,Yes,No,At Risk
ST02430,20,Female,IT,83.5,58.5,75.7,85.0,12.9,2.1,5.0,Yes,No,Not At Risk
ST02948,18,Female,Data Science,72.0,53.2,69.0,30.3,10.3,3.32,5.0,Yes,No,Not At Risk
ST07162,19,Female,Software Engineering,92.9,85.9,49.5,58.4,6.9,2.7,5.0,Yes,No,Not At Risk
ST08357,21,Male,Computer Science,100.0,51.7,82.0,78.8,3.3,3.1,2.0,Yes,No,Not At Risk
ST10817,22,Male,IT,69.4,87.9,34.7,46.4,3.8,3.58,2.0,Yes,Yes,At Risk
ST09853,21,Female,Computer Science,73.6,60.9,70.7,75.9,6.7,3.21,5.0,Yes,No,Not At Risk
ST03726,23,Female,Computer Science,82.0,62.9,47.4,38.1,4.1,2.48,3.0,Yes,Yes,At Risk
ST11908,22,Female,Computer Science,66.0,47.7,91.9,60.1,16.0,3.35,5.0,Yes,Yes,Not At Risk
ST06862,18,Female,Software Engineering,68.0,70.1,84.2,93.8,8.0,1.98,3.0,Yes,No,Not At Risk
ST03371,23,M,IT,88.6,44.2,58.4,79.0,4.3,2.75,4.0,Yes,Yes,At Risk
ST04821,24,Male,Software Engineering,93.8,70.6,29.4,71.8,3.5,2.15,2.0,Yes,Yes,Not At Risk
ST09896,21,Female,Computer Science,100.0,75.6,81.7,74.1,2.9,1.98,2.0,Yes,Yes,At Risk
ST03975,21,Female,Computer Science,100.0,59.4,45.4,80.3,8.0,2.64,5.0,Yes,No,Not At Risk
ST02300,19,Male,Computer Science,93.0,64.8,87.9,75.4,8.4,2.48,5.0,Yes,Yes,Not At Risk
ST08749,24,Male,IT,87.5,49.3,77.1,93.1,10.8,2.33,1.0,Yes,No,Not At Risk
ST01726,20,Female,Data Science,70.6,71.1,62.3,90.5,2.2,2.35,5.0,Yes,No,Not At Risk
ST03787,21,Male,IT,64.0,85.1,62.0,63.0,2.6,3.34,5.0,Yes,No,Not At Risk
ST03553,20,Female,Data Science,60.7,56.1,68.3,48.5,1.1,3.3,2.0,Yes,Yes,At Risk
ST04119,21,Male,Computer Science,84.3,36.3,76.5,73.2,10.0,2.44,5.0,Yes,Yes,Not At Risk
ST04726,18,Female,,81.0,50.9,72.8,57.4,5.9,1.95,2.0,Yes,Yes,At Risk
ST10702,22,Male,IT,92.0,76.1,54.0,100.0,5.0,3.19,6.0,Yes,Yes,Not At Risk
ST00489,20,Male,Data Science,83.4,69.6,65.4,70.4,2.0,2.83,,Yes,Yes,Not At Risk
ST02790,19,Male,Computer Science,66.8,56.5,49.9,75.7,4.2,3.05,4.0,Yes,No,At Risk
ST06810,25,Male,Data Science,80.4,48.5,95.6,47.9,4.8,2.73,2.0,Yes,No,Not At Risk
ST08774,22,Female,IT,68.3,66.5,50.7,35.0,10.5,3.34,3.0,Yes,Yes,At Risk
ST00374,23,Female,IT,90.9,76.6,69.3,65.6,1.8,2.49,4.0,Yes,No,Not At Risk
ST05283,19,Male,IT,82.7,75.5,63.0,40.2,8.0,3.02,5.0,Yes,Yes,Not At Risk
ST11527,19,Female,Computer Science,91.6,89.2,59.0,18.6,4.8,2.23,3.0,Yes,No,At Risk
ST00155,22,Female,Computer Science,70.2,46.5,59.0,50.5,3.0,3.06,3.0,Yes,Yes,Not At Risk
ST03904,21,Female,IT,83.4,64.3,35.1,39.4,3.1,3.75,4.0,Yes,No,At Risk
ST04568,25,Male,Software Engineering,87.3,46.6,54.8,37.2,8.3,2.77,3.0,Yes,Yes,Not At Risk
ST08981,23,Female,Software Engineering,67.9,64.9,86.2,41.1,3.5,0.96,4.0,Yes,No,At Risk
ST02522,18,Female,Data Science,84.1,69.3,57.8,74.1,3.8,2.97,2.0,Yes,Yes,Not At Risk
ST05406,23,Female,IT,79.7,74.7,44.4,58.1,3.0,2.39,5.0,Yes,No,At Risk
ST05267,19,Female,Data Science,94.3,77.1,86.3,74.2,5.5,1.74,5.0,,Yes,Not At Risk
ST06899,23,Male,Computer Science,76.6,66.2,81.6,50.1,6.7,1.9,7.0,Yes,No,At Risk
ST04052,22,Male,Computer Science,87.1,78.9,82.0,86.4,3.6,2.98,6.0,Yes,Yes,Not At Risk
ST08654,24,Female,Software Engineering,86.2,84.4,93.0,100.0,8.5,3.36,6.0,Yes,Yes,Not At Risk
ST09543,20,Male,Software Engineering,56.3,60.1,47.1,32.4,5.8,3.33,6.0,Yes,Yes,At Risk
ST04438,20,Female,Software Engineering,100.0,76.1,62.7,83.0,5.7,2.8,3.0,Yes,No,Not At Risk
ST01740,22,Male,Computer Science,83.0,83.2,32.7,68.0,2.9,2.82,3.0,Yes,Yes,Not At Risk
ST05765,18,Female,Computer Science,57.3,55.8,46.0,28.3,8.5,2.34,1.0,Yes,No,At Risk
ST10414,23,Female,IT,76.7,77.7,88.4,49.0,6.0,2.2,5.0,Yes,Yes,Not At Risk
ST11125,20,Female,IT,85.2,44.9,72.7,50.6,4.3,2.67,8.0,Yes,Yes,Not At Risk
ST10208,21,Female,IT,62.0,75.0,57.6,65.3,10.9,3.99,2.0,No,No,Not At Risk
ST00134,19,Male,IT,77.6,77.3,53.1,67.3,4.3,3.39,2.0,Yes,No,Not At Risk
ST10159,22,Male,Data Science,95.4,57.5,32.7,51.9,3.6,3.09,1.0,Yes,Yes,Not At Risk
ST09710,18,Female,Data Science,59.4,59.1,84.8,,2.2,2.79,2.0,Yes,No,Not At Risk
ST09201,19,Female,Data Science,91.7,71.8,60.0,55.9,6.5,3.2,1.0,Yes,Yes,Not At Risk
ST03797,18,Female,IT,79.7,58.3,35.4,63.2,4.7,3.51,2.0,Yes,No,Not At Risk
ST09459,25,Male,Software Engineering,100.0,81.8,63.7,76.1,4.7,3.14,5.0,Yes,No,Not At Risk
ST07967,21,Male,IT,82.8,59.4,88.0,43.3,7.9,2.34,4.0,No,Yes,Not At Risk
ST03050,20,Female,Data Science,70.9,88.7,52.8,55.8,11.3,2.28,4.0,Yes,Yes,Not At Risk
ST07139,23,Male,Software Engineering,98.6,96.6,92.0,100.0,2.5,3.84,5.0,Yes,No,Not At Risk
ST11425,23,Male,Software Engineering,71.4,71.1,59.1,88.3,6.1,3.13,3.0,Yes,No,Not At Risk
ST01334,24,Female,IT,77.3,69.6,50.4,83.7,5.1,2.81,6.0,Yes,No,Not At Risk
ST00084,18,Female,IT,87.5,84.0,50.3,25.6,10.4,3.03,3.0,Yes,Yes,Not At Risk
ST10641,22,Female,Data Science,78.5,61.3,63.0,91.4,3.4,4.0,3.0,Yes,No,Not At Risk
ST07166,22,Female,IT,86.3,49.7,60.9,83.7,7.5,2.78,9.0,Yes,No,Not At Risk
ST00213,23,Female,Computer Science,97.8,49.4,100.0,76.8,9.1,1.74,7.0,Yes,No,At Risk
ST00039,18,Female,IT,89.6,66.5,47.4,64.2,0.4,2.22,6.0,,Yes,Not At Risk
ST09457,22,Male,Data Science,52.1,58.8,70.3,57.8,17.1,2.12,,Yes,Yes,Not At Risk
ST01332,25,Male,Computer Science,77.3,67.8,46.9,54.0,2.2,2.44,2.0,Yes,No,Not At Risk
ST09371,22,Male,Software Engineering,91.8,72.2,80.7,56.0,10.1,2.67,6.0,Yes,No,Not At Risk
ST08493,20,Female,IT,89.6,56.6,76.5,52.1,3.8,3.16,7.0,Yes,Yes,Not At Risk
ST03918,22,Male,Data Science,100.0,73.6,83.4,40.6,5.2,2.53,5.0,Yes,No,Not At Risk
ST06248,24,Female,Data Science,87.4,76.7,39.7,81.2,10.1,1.07,3.0,Yes,No,Not At Risk
ST04108,19,M,IT,76.8,33.6,65.6,64.8,10.2,3.52,3.0,Yes,Yes,Not At Risk
ST07309,18,Male,Computer Science,78.1,76.8,49.3,47.1,5.5,3.3,3.0,Yes,No,At Risk
ST03128,21,Female,Data Science,93.0,86.2,62.6,58.4,12.9,3.36,3.0,Yes,No,Not At Risk
ST07641,25,Male,Software Engineering,58.3,60.8,88.3,47.4,5.2,2.66,7.0,Yes,No,Not At Risk
ST11251,23,Male,Computer Science,77.9,76.7,76.9,78.0,6.3,2.96,6.0,Yes,No,At Risk
ST05676,21,Male,IT,72.2,62.5,53.8,43.0,6.3,2.49,4.0,Yes,No,Not At Risk
ST03959,21,Male,Software Engineering,78.9,90.4,52.1,72.7,6.2,2.05,6.0,Yes,Yes,Not At Risk
ST06411,21,Male,Software Engineering,63.0,57.6,44.9,35.8,3.9,3.28,5.0,Yes,Yes,Not At Risk
ST03550,21,Male,IT,80.5,63.5,61.3,70.5,6.8,2.42,4.0,Yes,No,Not At Risk
ST07155,22,Female,Software Engineering,92.2,64.0,51.1,26.5,2.2,3.07,3.0,Yes,No,Not At Risk
ST10102,23,Male,Software Engineering,72.9,50.6,73.1,81.4,1.8,3.86,3.0,Yes,No,Not At Risk
ST10461,18,Male,Computer Science,75.7,69.4,78.8,64.2,6.6,2.52,4.0,Yes,Yes,Not At Risk
ST03055,22,Male,Software Engineering,97.7,66.3,37.7,73.0,5.9,2.52,5.0,Yes,No,Not At Risk
ST03815,19,Female,Software Engineering,100.0,56.4,53.0,55.0,7.2,2.53,4.0,No,Yes,Not At Risk
ST10298,18,Female,IT,76.9,71.5,46.2,56.1,8.2,2.62,5.0,Yes,No,Not At Risk
ST05488,25,Female,Data Science,83.2,70.1,62.1,60.6,6.5,2.16,3.0,Yes,No,Not At Risk
ST08538,21,Female,Computer Science,88.9,50.2,82.0,63.0,10.1,2.43,5.0,Yes,No,Not At Risk
ST08945,20,Female,IT,96.1,21.3,89.1,82.7,10.0,3.61,5.0,Yes,No,Not At Risk
ST05477,20,Female,Software Engineering,86.9,55.6,48.1,70.9,2.4,3.55,6.0,Yes,Yes,At Risk
ST03427,25,Male,,86.8,67.6,43.5,52.0,3.5,3.34,2.0,Yes,Yes,Not At Risk
ST10906,22,Female,IT,80.4,36.1,92.7,100.0,8.4,3.42,3.0,Yes,Yes,Not At Risk
ST11322,21,Female,Data Science,100.0,74.0,53.9,56.8,19.2,2.91,4.0,Yes,No,At Risk
ST06297,20,Female,Computer Science,91.8,44.0,82.1,53.8,2.1,3.31,4.0,Yes,Yes,Not At Risk
ST07175,21,Female,Software Engineering,85.9,58.1,57.0,30.9,15.1,2.28,5.0,Yes,No,Not At Risk
ST02662,18,Female,IT,87.2,67.4,64.3,68.1,6.2,2.63,4.0,Yes,Yes,Not At Risk
ST06704,24,Female,Data Science,85.9,86.7,63.3,46.9,1.3,3.22,1.0,Yes,No,Not At Risk
ST00061,24,Male,Software Engineering,91.2,100.0,50.4,68.3,4.5,3.0,6.0,Yes,No,Not At Risk
ST08927,22,Female,Computer Science,52.3,66.7,42.8,85.3,4.8,2.31,5.0,Yes,No,At Risk
ST09956,20,Male,Computer Science,100.0,69.9,36.6,59.1,9.2,2.3,3.0,Yes,Yes,At Risk
ST06331,19,Female,Software Engineering,77.0,74.4,61.6,92.2,3.1,1.34,5.0,Yes,No,Not At Risk
ST07153,18,Male,Software Engineering,67.2,76.4,60.7,94.2,6.7,1.83,2.0,Yes,No,Not At Risk
ST01738,18,M,Computer Science,95.9,71.5,82.2,36.1,6.8,1.73,0.0,Yes,No,Not At Risk
ST11649,21,Female,IT,90.4,61.4,61.0,48.8,5.6,2.22,3.0,,No,Not At Risk
ST06001,19,Female,IT,78.6,96.7,77.8,46.0,6.6,2.79,3.0,Yes,Yes,Not At Risk
ST00782,20,Female,Data Science,67.3,61.2,61.5,43.2,8.3,2.61,6.0,Yes,No,At Risk
ST10570,20,Male,IT,62.5,78.8,67.3,79.1,3.5,2.06,0.0,Yes,No,Not At Risk
ST09408,21,Female,Software Engineering,86.0,64.5,47.3,81.6,9.1,2.36,3.0,Yes,No,Not At Risk
ST10968,19,Female,Software Engineering,69.5,72.1,72.2,66.0,2.4,2.97,,Yes,No,Not At Risk
ST09587,21,Male,Computer Science,90.4,83.8,66.3,,10.4,2.44,5.0,Yes,No,Not At Risk
ST05186,21,Male,IT,92.6,43.0,60.5,81.8,11.2,3.06,3.0,Yes,Yes,Not At Risk
ST06954,21,Female,Software Engineering,86.0,87.9,72.3,59.7,6.7,3.75,9.0,Yes,No,Not At Risk
ST02058,22,Female,Software Engineering,94.9,84.3,71.5,52.0,5.4,3.32,2.0,Yes,No,Not At Risk
ST08349,21,Male,Data Science,71.7,45.4,76.8,85.1,3.8,2.43,4.0,Yes,No,Not At Risk
ST11395,18,Male,Software Engineering,83.1,100.0,47.5,30.3,3.4,3.04,3.0,Yes,Yes,At Risk
ST00027,24,Male,,82.1,60.0,49.0,91.8,4.5,2.34,4.0,Yes,Yes,Not At Risk
ST03344,19,Female,Computer Science,65.3,79.1,53.0,78.0,6.3,3.14,5.0,Yes,No,Not At Risk
ST06425,20,Male,Software Engineering,97.7,44.7,51.5,58.1,2.9,2.36,2.0,Yes,Yes,Not At Risk
ST02439,20,Male,Computer Science,83.3,59.6,52.8,70.6,1.9,3.37,2.0,Yes,Yes,Not At Risk
ST00504,22,Male,IT,63.1,72.4,79.3,85.6,4.0,4.0,0.0,Yes,No,At Risk
ST06358,25,Male,Software Engineering,62.8,61.9,90.6,59.2,4.6,4.0,4.0,Yes,Yes,At Risk
ST07703,20,Male,Data Science,87.6,72.3,65.1,82.2,3.8,2.89,2.0,Yes,Yes,Not At Risk
ST07051,24,Male,Software Engineering,84.5,67.2,52.4,36.1,6.3,2.55,2.0,Yes,No,Not At Risk
ST02366,25,Male,Software Engineering,89.9,67.4,45.9,55.4,4.3,1.88,2.0,Yes,Yes,Not At Risk
ST10196,21,Male,Computer Science,77.2,62.3,63.3,79.3,3.4,3.59,7.0,Yes,Yes,Not At Risk
ST07064,19,Male,Computer Science,88.6,52.0,58.1,64.1,11.7,1.56,6.0,Yes,Yes,Not At Risk
ST07812,20,Female,Software Engineering,78.1,74.3,85.8,51.4,7.2,3.47,3.0,Yes,Yes,Not At Risk
ST00716,18,Male,Software Engineering,89.0,81.1,81.4,72.6,4.2,3.17,,Yes,No,Not At Risk
ST11164,24,Female,IT,83.1,64.6,64.1,58.8,5.8,3.15,3.0,Yes,No,At Risk
ST00938,19,Female,Software Engineering,94.5,76.5,55.6,71.6,5.4,3.31,2.0,Yes,Yes,Not At Risk
ST02745,20,Male,IT,100.0,78.5,74.6,36.5,6.7,1.45,4.0,Yes,No,At Risk
ST10588,19,Female,IT,95.0,89.4,69.5,45.2,18.6,3.0,1.0,Yes,Yes,Not At Risk
ST03294,19,Male,IT,93.5,65.8,61.1,49.4,2.6,2.84,4.0,,No,Not At Risk
ST05007,24,Female,Computer Science,79.9,43.9,75.6,99.1,7.6,2.94,2.0,Yes,No,Not At Risk
ST01793,21,Male,Data Science,71.4,64.5,52.0,76.4,4.9,2.33,4.0,Yes,Yes,At Risk
ST09387,24,Female,Computer Science,80.3,100.0,52.0,58.3,1.2,3.68,2.0,No,No,Not At Risk
ST03333,19,Female,Data Science,74.9,57.6,45.0,68.6,5.5,2.42,5.0,Yes,Yes,Not At Risk
ST01781,23,Male,Data Science,93.2,50.1,90.6,67.8,6.6,2.47,2.0,No,Yes,Not At Risk
ST09747,22,Male,IT,79.6,81.8,87.3,71.7,2.6,2.72,4.0,Yes,Yes,Not At Risk
ST09418,20,Female,Computer Science,77.5,66.2,47.9,52.6,5.3,2.43,5.0,Yes,No,At Risk
ST04721,24,Female,Computer Science,72.5,65.8,76.1,80.9,9.6,2.73,4.0,Yes,No,Not At Risk
ST04818,24,Female,IT,100.0,74.2,56.1,46.7,5.6,2.69,3.0,Yes,No,Not At Risk
ST11722,22,Female,,80.6,85.6,46.2,82.9,3.6,1.96,8.0,Yes,Yes,Not At Risk
ST01954,25,Female,Software Engineering,80.4,34.4,57.8,100.0,10.0,3.03,3.0,Yes,Yes,At Risk
ST05315,18,Male,Software Engineering,100.0,56.8,48.4,70.1,6.4,2.09,8.0,Yes,Yes,At Risk
ST09338,18,Female,Computer Science,80.3,81.4,56.3,48.9,4.8,3.69,3.0,Yes,Yes,Not At Risk
ST06743,25,Male,Software Engineering,82.4,74.1,48.1,39.5,1.6,3.14,3.0,Yes,Yes,At Risk
ST08829,18,Male,Data Science,77.8,35.0,26.9,56.2,10.9,2.14,0.0,Yes,No,Not At Risk
ST05869,23,Male,Software Engineering,77.7,52.4,60.5,47.4,10.0,2.83,3.0,Yes,Yes,Not At Risk
ST03376,21,Male,Computer Science,79.5,80.0,71.2,38.8,11.7,2.32,7.0,Yes,No,Not At Risk
ST07325,20,Male,Data Science,80.4,86.1,78.6,38.5,4.6,2.37,2.0,Yes,Yes,At Risk
ST07725,23,Male,Data Science,65.4,78.1,97.6,43.4,3.8,2.35,6.0,Yes,Yes,Not At Risk
ST04698,18,Male,IT,83.0,42.5,72.5,63.6,12.6,3.03,6.0,Yes,No,Not At Risk
ST07103,23,Female,Computer Science,77.0,51.0,40.4,54.5,3.8,3.7,3.0,Yes,No,Not At Risk
ST03315,18,Female,Computer Science,89.6,58.6,84.4,63.9,9.7,4.0,0.0,Yes,Yes,Not At Risk
ST02205,18,Female,IT,66.4,71.3,53.1,59.9,17.2,3.72,5.0,Yes,No,Not At Risk
ST10785,24,Female,Software Engineering,83.3,64.5,70.0,87.1,10.7,2.15,6.0,Yes,No,Not At Risk
ST01093,21,Male,Computer Science,58.2,64.5,74.4,61.9,2.0,3.3,2.0,Yes,No,Not At Risk
ST07459,19,Male,Computer Science,76.4,47.5,79.7,56.9,4.1,2.06,3.0,Yes,Yes,Not At Risk
ST11039,18,Female,IT,73.0,50.6,83.1,66.4,2.0,2.84,6.0,Yes,No,Not At Risk
ST11935,19,Female,Computer Science,100.0,73.4,55.8,85.1,5.7,2.32,7.0,Yes,No,Not At Risk
ST08928,25,Male,Computer Science,62.9,91.8,79.3,71.1,8.3,2.0,4.0,No,Yes,Not At Risk
ST03525,22,Male,Software Engineering,58.4,67.7,58.7,52.1,3.3,2.05,1.0,Yes,No,Not At Risk
ST03133,21,Male,IT,79.9,77.6,57.0,53.3,2.7,2.9,5.0,Yes,No,Not At Risk
ST09406,24,Female,Data Science,84.4,73.9,65.3,78.2,6.1,2.81,9.0,Yes,Yes,Not At Risk
ST10211,19,Female,IT,78.1,55.8,100.0,60.9,7.3,2.47,4.0,Yes,No,Not At Risk
ST08821,23,Female,Software Engineering,100.0,70.3,74.0,77.1,10.0,3.55,4.0,Yes,Yes,Not At Risk
ST04245,20,Female,Software Engineering,80.5,77.0,68.6,75.9,7.7,2.8,4.0,Yes,No,Not At Risk
ST06291,22,Male,IT,94.7,67.4,42.4,58.7,17.0,2.05,6.0,Yes,No,Not At Risk
ST06523,25,Female,IT,75.9,50.9,67.4,55.8,5.3,2.4,5.0,Yes,No,At Risk
ST05584,19,Male,IT,75.4,79.2,57.2,54.7,6.1,1.8,2.0,Yes,Yes,Not At Risk
ST06071,23,Female,IT,100.0,55.1,77.0,64.9,6.6,2.84,7.0,Yes,Yes,Not At Risk
ST06073,20,Female,IT,71.2,73.9,63.8,100.0,5.1,1.73,3.0,Yes,Yes,Not At Risk
ST01402,23,Male,Computer Science,90.0,59.7,73.4,73.4,3.5,2.25,3.0,Yes,No,Not At Risk
ST09272,18,Male,Computer Science,100.0,78.3,61.8,37.2,9.2,3.44,1.0,Yes,No,Not At Risk
ST11651,19,Female,Computer Science,67.9,67.1,61.8,57.1,5.1,2.84,2.0,Yes,No,At Risk
ST00293,24,Male,Data Science,79.5,66.0,85.7,70.5,9.4,4.0,1.0,Yes,No,Not At Risk
ST02689,18,Male,Computer Science,73.8,60.2,97.5,49.6,13.5,2.32,4.0,Yes,No,At Risk
ST04009,21,Male,Data Science,72.2,67.9,76.2,72.7,15.5,3.36,4.0,Yes,Yes,Not At Risk
ST04639,22,Male,Computer Science,78.3,54.6,77.5,82.7,4.1,3.02,3.0,Yes,No,Not At Risk
ST04171,23,Male,Computer Science,73.2,72.8,44.8,67.2,1.7,2.34,4.0,No,No,Not At Risk
ST04835,21,Male,IT,59.0,60.7,78.1,48.0,5.3,2.94,9.0,Yes,No,Not At Risk
ST03580,23,Male,Computer Science,72.1,43.6,80.4,62.5,4.1,2.65,2.0,Yes,No,Not At Risk
ST08150,18,Female,Software Engineering,76.7,59.8,69.3,,3.9,2.52,3.0,Yes,No,Not At Risk
ST02222,23,Female,Data Science,91.9,56.9,80.7,46.5,4.6,2.69,2.0,Yes,No,Not At Risk
ST02600,22,Female,IT,87.3,70.2,72.1,62.6,5.2,3.4,7.0,Yes,Yes,Not At Risk
ST00747,20,Male,Software Engineering,68.9,65.9,64.8,55.1,4.2,3.45,5.0,Yes,Yes,At Risk
ST01806,18,Male,IT,81.5,90.2,67.1,27.8,7.4,3.04,3.0,Yes,Yes,At Risk
ST07281,18,Female,IT,80.2,83.8,86.1,76.0,2.9,3.47,2.0,No,No,Not At Risk
ST09571,21,Female,Computer Science,81.9,53.6,66.7,66.9,6.1,2.64,6.0,Yes,Yes,Not At Risk
ST09864,20,Female,Computer Science,71.8,89.1,64.4,95.6,5.3,2.41,3.0,Yes,Yes,Not At Risk
ST07757,21,Male,Computer Science,72.8,58.2,34.5,55.3,2.3,2.63,4.0,No,Yes,Not At Risk
ST08832,25,Male,Computer Science,95.9,50.8,60.4,77.3,5.5,2.4,3.0,Yes,No,Not At Risk
ST03319,24,Female,Computer Science,81.2,99.9,65.7,73.2,3.1,3.15,6.0,Yes,No,Not At Risk
ST05725,18,Female,Data Science,91.9,59.3,74.1,70.3,7.5,1.73,3.0,Yes,Yes,Not At Risk
ST07840,24,Female,Software Engineering,88.1,58.8,50.8,82.8,5.6,3.21,6.0,Yes,Yes,At Risk
ST07509,25,Male,IT,77.1,79.3,78.6,78.5,4.8,3.4,3.0,Yes,No,Not At Risk
ST02496,21,Male,Data Science,80.2,62.6,70.3,88.7,7.1,2.09,3.0,Yes,Yes,Not At Risk
ST07850,21,Male,Computer Science,100.0,97.3,76.6,58.3,4.1,3.22,4.0,Yes,No,Not At Risk
ST01429,18,Male,Computer Science,95.9,62.5,47.1,43.7,7.1,3.22,4.0,Yes,No,Not At Risk
ST02545,19,Female,IT,74.8,70.1,33.0,84.1,7.3,2.03,4.0,Yes,No,Not At Risk
ST10683,22,Female,IT,91.0,85.9,61.9,45.4,6.0,3.21,3.0,Yes,Yes,Not At Risk
ST07339,19,Female,Computer Science,94.7,71.3,60.1,77.4,2.7,2.72,2.0,Yes,No,Not At Risk
ST02124,19,Male,Software Engineering,83.6,78.6,64.2,48.4,9.3,1.91,6.0,Yes,Yes,Not At Risk
ST06870,25,Female,Computer Science,76.2,82.9,54.9,52.1,2.5,3.38,5.0,Yes,Yes,Not At Risk
ST08623,23,Female,Software Engineering,78.4,82.3,81.3,76.9,4.6,2.43,6.0,Yes,No,Not At Risk
ST11382,21,Female,Computer Science,72.8,82.0,78.9,43.6,4.7,3.57,3.0,Yes,No,Not At Risk
ST03670,20,Male,Computer Science,78.7,59.6,90.5,63.0,3.1,2.85,4.0,Yes,No,At Risk
ST10262,24,Male,Software Engineering,100.0,99.8,57.0,71.0,2.0,2.0,3.0,Yes,Yes,Not At Risk
ST02433,23,Male,IT,61.7,54.4,65.9,44.9,10.2,3.28,4.0,No,Yes,At Risk
ST07665,21,Female,Computer Science,83.2,56.0,56.9,53.2,5.6,2.36,8.0,Yes,No,Not At Risk
ST11121,18,Male,IT,100.0,61.4,58.9,52.0,10.3,3.49,3.0,Yes,Yes,Not At Risk
ST01938,19,Male,Data Science,91.9,70.0,73.4,61.5,3.7,2.81,1.0,Yes,Yes,Not At Risk
ST05102,23,Female,Software Engineering,84.5,87.1,67.3,82.4,5.5,3.48,4.0,Yes,No,Not At Risk
ST00149,25,Female,Data Science,79.0,67.6,64.8,42.8,7.4,2.33,3.0,No,No,Not At Risk
ST00421,24,Female,Data Science,74.3,66.1,100.0,78.9,5.5,3.24,2.0,Yes,No,Not At Risk
ST04878,23,Male,Software Engineering,94.6,85.2,83.2,83.2,5.7,2.83,9.0,Yes,Yes,Not At Risk
ST11200,23,Female,Data Science,90.3,73.3,69.2,59.8,3.7,2.53,1.0,Yes,No,Not At Risk
ST09840,19,Male,Data Science,64.4,75.8,70.9,63.9,3.0,3.07,6.0,Yes,Yes,Not At Risk
ST08267,19,Female,Computer Science,88.0,71.3,81.8,,6.3,3.26,2.0,Yes,Yes,Not At Risk
ST10341,22,Female,Computer Science,81.3,78.4,61.3,82.4,3.1,2.56,4.0,Yes,Yes,At Risk
ST11926,23,Male,Computer Science,92.7,58.4,88.8,44.6,7.2,3.35,6.0,Yes,No,Not At Risk
ST11864,24,Female,IT,100.0,100.0,48.1,58.0,10.4,3.24,3.0,Yes,No,Not At Risk
ST11243,23,Female,Data Science,82.5,66.8,73.9,84.5,4.7,4.0,2.0,Yes,No,Not At Risk
ST09772,18,Female,Software Engineering,100.0,80.9,83.4,55.6,8.3,4.0,2.0,Yes,No,Not At Risk
ST05338,20,Female,Computer Science,75.7,67.9,70.2,72.1,3.0,2.0,3.0,Yes,Yes,Not At Risk
ST06247,24,Male,Computer Science,89.3,45.7,68.1,71.2,4.7,2.39,3.0,No,No,Not At Risk
ST10209,24,Female,Computer Science,82.6,66.7,75.1,51.4,8.5,3.51,,Yes,No,At Risk
ST09098,18,Female,IT,77.6,70.4,45.3,49.8,3.3,3.04,7.0,Yes,No,Not At Risk
ST05446,25,Male,IT,77.3,76.7,84.8,55.6,6.4,2.86,5.0,Yes,No,Not At Risk
ST05880,24,Female,Computer Science,56.7,82.4,42.4,80.8,2.1,1.63,3.0,Yes,No,Not At Risk
ST06770,21,Female,IT,97.3,85.4,68.1,69.9,5.3,2.63,7.0,Yes,Yes,Not At Risk
ST07110,21,Female,Data Science,91.2,70.7,74.4,79.2,1.3,2.47,4.0,Yes,Yes,Not At Risk
ST05549,20,Female,Computer Science,86.4,48.5,71.5,79.4,6.2,2.67,4.0,Yes,Yes,Not At Risk
ST00060,24,Male,Computer Science,60.3,52.8,36.7,61.9,6.8,2.5,3.0,Yes,Yes,Not At Risk
ST01772,24,Male,Software Engineering,77.7,75.0,46.2,65.3,5.1,2.99,3.0,No,Yes,Not At Risk
ST04547,22,Female,Data Science,63.3,68.5,51.6,44.9,2.2,2.78,2.0,Yes,No,Not At Risk
ST01625,24,Female,Software Engineering,84.9,90.1,85.4,43.7,3.1,2.22,6.0,Yes,Yes,Not At Risk
ST04960,18,Female,Computer Science,87.9,66.2,82.9,81.7,2.7,2.56,4.0,Yes,No,Not At Risk
ST05930,18,Female,Data Science,84.9,69.3,67.6,97.7,3.2,2.79,6.0,Yes,No,At Risk
ST04147,18,Male,Computer Science,86.3,73.9,72.9,62.4,8.0,4.0,7.0,Yes,Yes,Not At Risk
ST11545,23,Female,Computer Science,66.9,93.8,68.3,70.0,10.6,2.72,4.0,No,Yes,Not At Risk
ST00933,18,Female,Computer Science,76.3,74.5,59.0,75.5,12.6,3.19,5.0,Yes,No,Not At Risk
ST04004,21,Female,Data Science,99.3,52.8,36.3,60.3,8.0,2.08,3.0,Yes,No,Not At Risk
ST04322,20,Female,Software Engineering,86.7,64.6,75.5,68.0,5.1,4.0,5.0,Yes,Yes,Not At Risk
ST02207,21,Female,Computer Science,90.5,86.3,56.4,52.8,3.9,3.67,2.0,Yes,No,Not At Risk
ST11006,23,Female,Software Engineering,91.5,41.2,83.1,70.7,7.9,4.0,5.0,Yes,No,Not At Risk
ST02918,22,Male,IT,67.6,53.6,69.9,71.5,10.0,3.09,4.0,Yes,No,At Risk
ST04791,18,Male,Data Science,83.9,53.2,54.6,92.6,6.6,2.85,6.0,Yes,Yes,Not At Risk
ST02390,21,Female,Software Engineering,100.0,61.1,23.8,38.9,7.3,3.04,6.0,Yes,No,Not At Risk
ST07568,25,Male,Computer Science,85.5,68.4,67.6,54.6,9.4,2.85,5.0,Yes,Yes,Not At Risk
ST09525,21,Female,IT,91.6,41.4,83.6,67.3,4.4,2.69,1.0,Yes,Yes,Not At Risk
ST03652,21,Male,Data Science,89.0,87.5,47.1,63.9,3.2,3.3,3.0,Yes,No,Not At Risk
ST11738,24,Male,Software Engineering,96.1,66.4,90.7,33.4,3.0,3.9,3.0,Yes,Yes,Not At Risk
ST06900,19,Female,Computer Science,81.7,77.6,87.4,49.4,3.9,3.66,5.0,Yes,No,Not At Risk
ST05310,20,Female,Computer Science,62.0,80.1,44.2,65.4,5.2,2.7,5.0,Yes,Yes,Not At Risk
ST09439,22,Female,Computer Science,79.6,72.7,66.8,65.9,3.9,2.48,2.0,Yes,Yes,Not At Risk
ST05600,22,Male,IT,63.9,63.7,99.3,67.7,6.4,4.0,4.0,Yes,Yes,Not At Risk
ST03339,21,Male,Software Engineering,69.6,25.2,41.2,100.0,3.7,2.49,1.0,Yes,No,Not At Risk
ST02856,21,Male,Computer Science,90.3,79.1,16.9,80.6,4.2,1.96,3.0,Yes,No,Not At Risk
ST03740,22,Female,IT,76.8,59.5,60.7,88.0,2.1,2.51,3.0,Yes,No,At Risk
ST01371,22,Male,IT,87.9,69.1,84.4,87.9,14.0,3.6,4.0,Yes,Yes,Not At Risk
ST04864,19,Male,IT,84.4,77.8,60.1,70.2,9.2,3.13,6.0,Yes,No,Not At Risk
ST07611,19,Female,IT,100.0,77.4,65.3,53.3,7.9,2.31,4.0,Yes,No,At Risk
ST10304,23,Male,IT,64.3,96.2,85.7,48.0,5.1,2.5,3.0,Yes,No,Not At Risk
ST11730,21,Female,Computer Science,100.0,85.1,64.8,55.0,6.9,3.85,2.0,Yes,No,Not At Risk
ST11885,22,Male,IT,91.6,94.8,71.9,40.1,5.1,2.85,4.0,Yes,No,Not At Risk
ST06312,24,Female,Computer Science,100.0,64.4,21.1,48.7,4.1,2.94,5.0,Yes,Yes,Not At Risk
ST01930,20,Female,Data Science,62.6,60.8,75.2,51.6,5.6,3.22,6.0,Yes,Yes,Not At Risk
ST07469,19,Male,IT,100.0,82.2,78.2,36.5,4.7,2.37,4.0,Yes,No,Not At Risk
ST09995,21,Female,,86.3,82.4,80.2,49.8,4.3,3.89,1.0,Yes,No,At Risk
ST05441,20,Female,Computer Science,93.2,61.0,74.8,66.0,8.5,2.68,1.0,Yes,No,Not At Risk
ST02795,22,Male,Computer Science,100.0,42.3,46.2,77.8,6.9,4.0,4.0,,Yes,Not At Risk
ST11261,21,M,Data Science,79.5,73.9,51.2,79.1,14.8,2.98,5.0,Yes,Yes,Not At Risk
ST05924,24,Female,Computer Science,89.5,78.6,95.4,54.9,8.4,2.28,5.0,Yes,No,Not At Risk
ST01150,22,Male,IT,69.3,86.8,70.1,59.9,3.6,4.0,6.0,Yes,Yes,Not At Risk
ST03090,20,Female,IT,80.7,44.0,86.2,75.0,4.1,3.53,4.0,Yes,Yes,Not At Risk
ST08896,23,Female,Computer Science,100.0,74.1,68.2,90.1,5.8,2.48,4.0,Yes,Yes,Not At Risk
ST05426,21,Male,Software Engineering,77.8,51.0,33.7,65.2,7.8,3.71,2.0,Yes,Yes,Not At Risk
ST05356,20,Female,IT,100.0,65.0,70.4,58.4,6.8,2.76,6.0,Yes,No,Not At Risk
ST02598,25,Male,IT,72.8,76.4,81.3,100.0,4.2,2.15,2.0,Yes,No,Not At Risk
ST05733,21,Female,IT,74.9,75.5,71.8,61.5,8.2,2.89,8.0,Yes,Yes,Not At Risk
ST02480,19,Female,IT,72.3,49.4,54.7,56.8,4.1,3.43,6.0,Yes,No,Not At Risk
ST08776,23,Male,IT,71.5,49.4,61.4,69.0,4.1,3.51,2.0,Yes,Yes,At Risk
ST08125,22,Male,Computer Science,87.9,74.1,67.3,76.9,2.2,3.92,7.0,Yes,Yes,Not At Risk
ST08732,23,Male,Computer Science,79.3,78.4,62.5,55.2,4.7,3.43,2.0,Yes,Yes,Not At Risk
ST00569,20,Male,Data Science,84.1,74.2,61.2,72.6,7.6,3.25,2.0,Yes,No,Not At Risk
ST02773,22,Male,Software Engineering,98.3,66.8,73.7,21.8,5.2,1.81,3.0,No,No,Not At Risk
ST06161,20,Male,Data Science,91.6,87.8,60.1,77.1,3.0,2.48,8.0,Yes,No,Not At Risk
ST07209,19,Male,IT,87.0,79.5,73.3,32.8,3.2,2.47,3.0,Yes,No,Not At Risk
ST10528,25,Female,Computer Science,78.7,63.6,64.1,61.0,5.7,3.15,2.0,Yes,No,Not At Risk
ST02611,25,Male,IT,86.4,36.6,73.5,86.7,4.2,3.67,2.0,Yes,Yes,Not At Risk
ST07909,18,Male,Computer Science,91.4,73.2,47.3,84.3,5.2,2.73,2.0,,No,Not At Risk
ST10269,19,Male,Data Science,79.4,65.4,45.0,78.5,4.6,2.74,6.0,Yes,No,Not At Risk
ST01562,24,Female,Software Engineering,97.0,35.5,65.8,41.2,1.6,3.6,2.0,Yes,Yes,Not At Risk
ST07163,23,Female,Computer Science,61.2,63.7,52.3,58.1,4.0,3.52,6.0,Yes,No,Not At Risk
ST05437,20,Female,Computer Science,72.4,62.7,47.7,43.2,4.7,2.93,3.0,Yes,Yes,Not At Risk
ST10607,22,Female,IT,65.3,60.0,69.2,57.5,8.4,2.71,8.0,Yes,Yes,Not At Risk
ST09994,18,Female,IT,95.6,84.4,82.3,12.4,3.3,2.13,4.0,Yes,Yes,Not At Risk
ST10080,18,Male,IT,78.0,100.0,70.0,72.8,8.1,2.82,2.0,Yes,Yes,Not At Risk
ST10966,25,Female,Data Science,73.6,63.8,42.7,85.1,9.1,1.89,4.0,Yes,Yes,Not At Risk
ST00081,21,Female,Software Engineering,82.6,62.9,75.2,62.3,4.9,2.4,5.0,Yes,No,Not At Risk
ST00584,18,Female,Software Engineering,75.8,95.5,79.9,49.5,3.3,3.16,3.0,Yes,No,Not At Risk
ST02346,25,Male,Computer Science,66.5,55.6,62.7,80.9,6.9,2.89,4.0,Yes,No,Not At Risk
ST09413,19,Female,Computer Science,80.5,41.7,82.4,59.8,2.3,2.06,4.0,Yes,Yes,Not At Risk
ST02731,21,Male,IT,91.8,72.9,65.2,60.0,7.6,3.41,6.0,Yes,Yes,Not At Risk
ST03177,23,Male,IT,89.1,54.1,87.3,65.2,2.0,3.53,3.0,No,No,Not At Risk
ST01283,23,Male,IT,97.9,52.5,62.0,73.9,4.2,2.84,5.0,Yes,No,Not At Risk
ST06404,20,Male,IT,70.2,58.8,51.2,60.1,6.9,2.52,4.0,Yes,Yes,Not At Risk
ST06695,18,Male,Computer Science,74.8,68.3,44.6,48.1,2.9,3.77,6.0,Yes,No,Not At Risk
ST11214,23,Male,Software Engineering,58.1,70.7,68.5,70.7,5.1,2.95,3.0,Yes,No,Not At Risk
ST08582,20,Female,Software Engineering,74.5,60.9,63.1,71.7,9.3,3.0,4.0,Yes,Yes,Not At Risk
ST00370,19,Female,Data Science,96.5,73.0,57.5,75.8,3.7,2.58,6.0,Yes,Yes,Not At Risk
ST10069,25,Male,IT,65.8,64.6,57.8,64.6,6.4,2.62,3.0,Yes,No,Not At Risk
ST05573,18,Male,IT,54.8,48.8,67.3,77.1,4.5,3.04,1.0,Yes,No,Not At Risk
ST02160,20,Male,Software Engineering,84.2,73.7,52.2,45.3,10.5,2.25,4.0,Yes,No,Not At Risk
ST00952,25,Male,Data Science,85.6,74.2,70.4,79.5,3.2,3.31,5.0,Yes,No,Not At Risk
ST02245,23,Male,Data Science,79.2,45.8,50.2,53.6,5.4,3.02,4.0,Yes,No,Not At Risk
ST04909,18,Female,Software Engineering,78.3,82.2,26.0,40.5,14.2,3.36,5.0,No,Yes,Not At Risk
ST10735,24,Female,Software Engineering,67.0,51.9,93.5,74.9,2.9,2.26,4.0,Yes,No,Not At Risk
ST02226,25,Female,Software Engineering,71.7,76.3,86.4,61.0,8.9,2.55,5.0,Yes,Yes,Not At Risk
ST03613,23,Male,Computer Science,96.0,82.1,38.0,80.3,5.8,2.66,12.0,Yes,No,Not At Risk
ST05073,21,Female,Data Science,100.0,47.2,86.5,84.3,5.4,2.55,4.0,Yes,No,Not At Risk
ST09035,25,Male,Software Engineering,63.4,100.0,75.2,68.2,3.8,2.68,12.0,Yes,No,Not At Risk
ST07172,22,Female,Software Engineering,97.5,90.7,96.9,77.9,4.5,3.22,1.0,Yes,Yes,Not At Risk
ST10707,21,Male,IT,84.6,83.8,66.9,84.9,3.5,3.52,5.0,Yes,No,Not At Risk
ST11084,25,Female,IT,82.3,63.1,82.8,72.5,1.9,3.59,6.0,Yes,Yes,Not At Risk
ST10819,25,Female,Computer Science,79.8,65.1,61.1,60.5,2.1,2.26,6.0,Yes,No,Not At Risk
ST08778,18,Male,IT,89.1,80.0,60.9,29.5,0.7,3.21,6.0,Yes,Yes,Not At Risk
ST01877,22,Female,Software Engineering,95.4,71.9,57.3,55.3,4.7,2.17,4.0,Yes,No,Not At Risk
ST04846,24,Female,Data Science,56.0,57.9,56.0,67.9,3.7,3.29,10.0,No,No,At Risk
ST00144,19,Male,Data Science,93.8,72.6,22.8,54.1,6.8,4.0,4.0,Yes,No,Not At Risk
ST03725,24,Female,IT,79.5,75.6,37.7,85.2,4.4,2.72,3.0,Yes,No,Not At Risk
ST01958,21,Male,Computer Science,64.2,61.8,75.4,50.0,8.5,3.4,,Yes,No,Not At Risk
ST01627,21,Male,Software Engineering,83.4,75.3,83.0,81.7,2.4,3.04,8.0,Yes,Yes,Not At Risk
ST04959,21,Female,IT,74.4,65.2,52.8,56.2,3.6,2.23,3.0,Yes,Yes,Not At Risk
ST10696,18,Male,IT,84.6,59.1,68.2,74.8,10.5,2.86,4.0,Yes,No,Not At Risk
ST05392,20,Female,IT,82.5,68.5,75.7,100.0,9.8,2.66,7.0,Yes,Yes,Not At Risk
ST06966,22,Female,Software Engineering,80.6,82.2,89.4,32.8,9.4,3.05,3.0,Yes,No,Not At Risk
ST07528,21,Male,Computer Science,75.2,66.0,59.6,15.9,5.5,2.54,4.0,Yes,No,Not At Risk
ST06578,21,Male,IT,90.2,100.0,40.0,61.9,3.3,3.32,4.0,Yes,No,Not At Risk
ST10949,22,Male,IT,92.1,70.2,62.4,77.5,13.5,2.09,5.0,Yes,No,Not At Risk
ST01278,18,Female,Data Science,81.7,50.7,93.4,54.9,12.7,2.86,6.0,Yes,No,Not At Risk
ST04105,20,Female,Computer Science,75.6,71.1,61.7,,9.0,2.6,1.0,Yes,No,Not At Risk
ST07956,20,Female,IT,66.5,95.4,85.4,28.6,7.9,2.46,3.0,Yes,No,Not At Risk
ST00127,20,Male,Data Science,63.5,39.7,46.7,48.4,7.1,3.46,6.0,No,No,At Risk
ST07265,19,Male,Software Engineering,94.6,72.4,50.8,69.6,5.3,3.96,5.0,No,No,Not At Risk
ST01459,18,Female,Data Science,70.1,63.6,72.7,92.5,3.4,2.74,3.0,Yes,No,Not At Risk
ST03425,18,Male,Data Science,74.2,77.0,65.2,54.2,3.9,2.91,5.0,Yes,No,At Risk
ST11985,24,Male,IT,82.8,59.8,51.7,47.6,5.7,3.33,,Yes,No,Not At Risk
ST02869,25,Female,Computer Science,87.6,62.5,34.9,49.0,3.6,3.6,3.0,Yes,Yes,Not At Risk
ST10482,22,Female,IT,100.0,60.3,54.2,43.2,2.3,2.75,3.0,No,No,Not At Risk
ST03215,21,Male,Computer Science,70.4,100.0,86.5,56.2,3.6,2.49,6.0,Yes,Yes,Not At Risk
ST08991,24,Female,Computer Science,89.5,58.7,66.2,56.2,5.4,2.12,5.0,Yes,Yes,Not At Risk
ST01848,25,Male,Software Engineering,82.1,51.6,59.8,46.2,7.1,2.94,5.0,Yes,Yes,Not At Risk
ST08329,24,Male,Computer Science,94.8,60.6,61.2,83.7,1.4,2.61,6.0,Yes,No,Not At Risk
ST05424,21,Male,Computer Science,82.1,90.6,72.9,56.0,2.8,3.84,6.0,Yes,Yes,Not At Risk
ST03347,20,Male,Computer Science,77.9,37.7,49.8,65.4,0.7,3.06,3.0,Yes,No,Not At Risk
ST10379,21,Female,IT,73.0,93.5,95.6,46.5,2.8,1.95,4.0,Yes,No,Not At Risk
ST10245,23,Male,Data Science,100.0,57.4,84.8,58.3,9.5,2.4,,Yes,Yes,Not At Risk
ST06662,22,Female,IT,69.9,67.5,86.4,73.1,5.6,3.57,4.0,Yes,Yes,Not At Risk
ST05160,21,Female,Data Science,77.6,50.5,100.0,62.1,3.4,3.34,4.0,No,Yes,Not At Risk
ST09927,18,Female,IT,73.4,77.7,55.7,67.0,7.5,2.47,2.0,Yes,No,Not At Risk
ST11321,22,Male,Software Engineering,85.2,74.0,80.7,,3.1,2.65,9.0,No,No,Not At Risk
ST08476,24,Female,IT,77.4,74.3,76.1,39.0,1.8,2.75,7.0,Yes,No,At Risk
ST06162,23,Male,Computer Science,68.3,57.0,48.2,74.0,6.0,3.51,5.0,Yes,No,Not At Risk
ST10345,20,Male,,71.6,91.0,56.9,45.4,5.5,3.51,2.0,No,Yes,Not At Risk
ST10654,22,Female,Software Engineering,80.7,67.3,39.1,60.0,9.4,3.01,5.0,Yes,Yes,Not At Risk
ST04146,23,Male,IT,87.8,65.9,71.5,88.7,2.8,2.4,1.0,Yes,Yes,Not At Risk
ST00298,19,Male,Computer Science,70.4,55.0,67.1,77.3,10.0,3.18,6.0,Yes,No,Not At Risk
ST09832,22,Female,Computer Science,99.7,55.0,40.4,64.5,2.3,2.75,5.0,Yes,No,Not At Risk
ST07527,19,Female,Computer Science,87.0,68.3,65.0,42.2,4.6,3.3,3.0,No,Yes,Not At Risk
ST09034,24,Male,Computer Science,84.1,78.5,61.6,,9.8,3.58,3.0,Yes,No,Not At Risk
ST05634,21,Male,Software Engineering,87.2,84.5,44.9,78.1,2.9,3.34,4.0,Yes,Yes,Not At Risk
ST11591,21,Female,Computer Science,96.0,85.9,89.5,56.1,6.2,2.64,6.0,Yes,Yes,Not At Risk
ST00319,23,Male,IT,64.2,85.5,65.4,,7.3,2.28,0.0,Yes,Yes,Not At Risk
ST02690,24,Female,Computer Science,95.4,63.0,79.4,55.8,5.0,3.06,3.0,Yes,Yes,Not At Risk
ST04189,21,Female,Computer Science,78.3,79.0,74.2,85.2,6.0,0.96,1.0,Yes,No,Not At Risk
ST01743,24,Male,IT,75.7,52.1,55.0,100.0,5.9,2.57,2.0,Yes,Yes,Not At Risk
ST08507,21,M,Software Engineering,88.8,82.9,86.9,66.2,5.7,2.33,2.0,Yes,No,Not At Risk
ST00997,24,Male,Computer Science,89.8,80.6,47.5,77.6,6.6,3.5,2.0,Yes,Yes,Not At Risk
ST10218,20,Male,Computer Science,83.3,66.1,74.8,75.8,11.1,2.35,0.0,Yes,No,Not At Risk
ST08346,19,Female,Computer Science,97.6,62.2,50.3,75.4,3.5,2.59,4.0,Yes,Yes,Not At Risk
ST04101,24,Female,IT,87.9,71.0,71.0,78.8,3.0,2.73,5.0,Yes,No,Not At Risk
ST10122,23,Male,Computer Science,87.2,51.9,63.3,46.7,2.3,2.44,5.0,Yes,No,Not At Risk
ST09489,21,Male,Computer Science,68.9,72.5,64.6,50.0,2.8,3.59,4.0,Yes,No,Not At Risk
ST03584,25,Male,Software Engineering,73.1,68.8,38.1,74.7,1.3,2.48,6.0,,No,Not At Risk
ST09141,23,Female,Data Science,85.3,68.6,41.5,26.9,6.3,3.24,6.0,Yes,No,At Risk
ST09502,25,Female,IT,84.5,65.3,73.3,61.8,3.3,2.97,6.0,Yes,Yes,Not At Risk
ST03793,20,Male,Computer Science,79.1,69.6,88.8,62.1,6.3,1.93,3.0,Yes,Yes,Not At Risk
ST01482,18,Male,Computer Science,100.0,52.9,80.7,55.7,2.5,2.67,4.0,Yes,Yes,Not At Risk
ST05222,21,Female,Software Engineering,86.2,56.1,68.9,74.2,8.6,2.96,7.0,No,Yes,At Risk
ST07796,20,Female,IT,76.3,66.1,45.6,70.4,2.6,3.57,5.0,Yes,Yes,Not At Risk
ST01413,23,Female,Software Engineering,95.2,85.2,59.3,67.0,2.9,2.97,3.0,Yes,No,Not At Risk
ST05378,20,Female,,58.9,67.7,64.4,92.1,5.9,2.98,8.0,Yes,Yes,Not At Risk
ST07746,19,Female,Computer Science,74.0,45.0,68.0,81.5,4.7,2.51,3.0,Yes,No,Not At Risk
ST03345,25,Female,Computer Science,68.6,53.8,47.9,71.2,10.9,3.04,3.0,No,Yes,At Risk
ST06540,21,Female,Computer Science,92.8,74.4,66.0,77.2,4.7,3.66,1.0,Yes,No,Not At Risk
ST07578,23,Male,Computer Science,78.4,79.2,58.9,59.7,4.4,2.56,1.0,Yes,No,Not At Risk
ST04852,25,Male,IT,65.4,84.3,67.7,63.5,7.0,2.66,4.0,Yes,Yes,Not At Risk
ST03108,18,Male,Data Science,90.4,50.3,55.1,96.4,8.4,3.8,4.0,Yes,No,Not At Risk
ST04289,18,Male,IT,97.3,64.1,79.4,86.1,6.1,2.34,5.0,Yes,No,Not At Risk
ST11866,24,Female,Computer Science,94.0,63.5,53.7,91.5,2.4,3.58,4.0,Yes,No,Not At Risk
ST00913,20,Female,Data Science,91.3,79.2,75.7,83.3,8.4,3.22,6.0,Yes,Yes,Not At Risk
ST00882,20,Male,IT,75.1,91.2,54.3,20.0,6.3,2.81,4.0,Yes,No,Not At Risk
ST02308,23,Female,Computer Science,100.0,49.4,46.4,51.6,15.4,3.38,6.0,Yes,Yes,Not At Risk
ST05401,22,Male,Computer Science,70.2,52.3,84.7,47.1,4.5,2.34,2.0,No,Yes,At Risk
ST11417,19,Female,Computer Science,76.2,67.9,55.1,85.1,17.4,0.92,3.0,Yes,Yes,Not At Risk
ST02936,21,Male,Computer Science,80.1,70.2,68.0,49.1,12.4,2.85,2.0,Yes,No,Not At Risk
ST04238,21,Male,Software Engineering,49.2,69.8,80.8,80.8,5.4,2.44,3.0,Yes,Yes,At Risk
ST10880,18,Female,IT,83.4,63.9,40.9,49.6,8.4,2.79,9.0,Yes,No,Not At Risk
ST08033,22,Female,Computer Science,93.2,32.5,89.8,65.2,4.2,3.99,5.0,Yes,Yes,Not At Risk
ST07766,22,Male,Data Science,86.7,65.0,54.2,55.9,5.7,2.45,2.0,Yes,Yes,Not At Risk
ST03465,24,Male,Data Science,74.8,73.9,72.4,59.0,2.3,2.74,3.0,Yes,Yes,Not At Risk
ST07052,21,Male,Computer Science,80.9,64.9,100.0,50.6,1.6,2.32,2.0,Yes,Yes,At Risk
ST03859,25,Male,Data Science,89.0,65.6,99.6,72.2,7.0,2.43,5.0,Yes,Yes,Not At Risk
ST01808,22,Female,IT,84.2,73.8,77.7,49.0,3.1,2.55,5.0,Yes,Yes,Not At Risk
ST06590,21,Male,Computer Science,97.3,93.6,70.4,64.8,3.5,3.55,4.0,Yes,Yes,Not At Risk
ST04229,20,Male,IT,90.6,47.1,67.4,81.7,6.7,2.69,2.0,Yes,No,Not At Risk
ST06537,20,Male,Data Science,63.7,65.8,89.3,24.7,3.3,2.34,4.0,Yes,Yes,Not At Risk
ST05905,22,Male,IT,73.1,63.8,71.4,71.0,13.9,2.7,8.0,Yes,No,Not At Risk
ST08700,18,Female,IT,81.9,85.5,66.9,69.7,10.3,2.95,3.0,Yes,Yes,Not At Risk
ST02632,19,Male,Data Science,99.6,86.1,45.3,62.4,9.9,2.5,2.0,Yes,No,Not At Risk
ST02783,21,Female,Computer Science,100.0,79.9,57.9,50.4,7.0,3.48,5.0,Yes,Yes,Not At Risk
ST07364,19,Male,Software Engineering,70.1,60.5,66.5,79.2,5.0,2.29,4.0,Yes,No,Not At Risk
ST10320,21,Male,Computer Science,79.7,55.9,62.9,63.2,3.1,3.03,5.0,Yes,No,Not At Risk
ST09744,19,Male,IT,66.0,81.7,61.0,50.6,3.5,3.48,8.0,Yes,Yes,Not At Risk
ST02511,18,Female,Computer Science,81.2,69.1,67.8,68.4,7.7,2.97,3.0,Yes,No,Not At Risk
ST09053,22,Male,Computer Science,86.2,43.6,77.2,85.9,8.7,4.0,4.0,Yes,No,Not At Risk
ST07848,20,Female,IT,76.5,68.1,56.4,85.0,9.2,1.71,4.0,Yes,Yes,Not At Risk
ST06292,19,Female,IT,100.0,46.4,90.4,50.0,12.3,3.38,3.0,Yes,No,At Risk
ST06106,23,Male,IT,77.5,90.4,60.5,70.7,3.4,2.79,4.0,Yes,No,Not At Risk
ST11113,22,Male,Computer Science,86.9,61.0,41.5,43.7,3.9,3.28,1.0,No,No,Not At Risk
ST10568,20,Female,IT,89.2,74.8,54.4,42.5,3.7,3.87,4.0,Yes,No,Not At Risk
ST10180,25,Male,Computer Science,89.3,68.2,63.3,,15.9,3.92,6.0,Yes,Yes,Not At Risk
ST06717,22,Male,Computer Science,67.4,66.3,86.8,67.5,5.4,3.73,10.0,Yes,Yes,At Risk
ST05812,24,Female,Software Engineering,56.3,59.9,44.6,58.0,1.0,2.85,6.0,Yes,No,At Risk
ST06141,18,Female,Data Science,77.5,76.4,39.4,62.2,4.8,4.0,6.0,Yes,No,Not At Risk
ST11134,18,Female,IT,98.2,65.9,69.9,54.4,11.7,1.31,6.0,Yes,Yes,Not At Risk
ST00542,19,Female,Computer Science,67.3,75.7,74.2,73.8,7.7,1.83,7.0,Yes,Yes,Not At Risk
ST06895,25,Female,Computer Science,82.2,79.6,84.4,100.0,9.4,2.76,2.0,Yes,No,Not At Risk
ST11412,22,Male,IT,68.0,75.1,73.7,70.2,10.9,1.64,1.0,Yes,No,Not At Risk
ST06090,23,Male,Computer Science,92.9,61.7,59.6,75.1,6.4,2.17,1.0,Yes,No,At Risk
ST03273,25,Male,IT,54.5,61.7,50.8,64.8,7.2,3.09,6.0,Yes,Yes,Not At Risk
ST01736,20,Female,Computer Science,87.4,53.1,64.9,,12.2,2.74,1.0,Yes,No,At Risk
ST06567,23,Male,IT,95.8,90.7,81.2,65.9,3.7,2.57,11.0,Yes,Yes,Not At Risk
ST05750,21,Male,Computer Science,83.2,59.6,88.8,49.6,7.2,3.71,5.0,Yes,No,Not At Risk
ST01771,22,Female,Software Engineering,85.4,86.6,39.8,58.3,8.7,2.5,5.0,Yes,No,Not At Risk
ST01099,18,Male,Software Engineering,67.3,77.6,55.6,61.3,1.1,2.14,5.0,Yes,No,Not At Risk
ST05284,20,M,Software Engineering,61.8,80.9,75.7,33.3,4.9,2.78,1.0,Yes,No,Not At Risk
ST06092,25,Male,Software Engineering,70.2,88.4,82.8,57.9,14.0,3.99,2.0,Yes,No,Not At Risk
ST03444,23,Female,Computer Science,65.4,43.6,69.7,40.2,10.0,3.21,3.0,Yes,Yes,At Risk
ST09189,20,Male,Software Engineering,76.2,67.7,54.2,91.0,2.7,3.5,1.0,Yes,Yes,Not At Risk
ST10821,22,Female,Computer Science,79.9,55.7,67.1,64.0,9.1,2.81,,Yes,Yes,Not At Risk
ST10154,21,Female,Data Science,91.9,59.5,98.5,56.9,6.2,3.43,4.0,Yes,Yes,Not At Risk
ST11352,18,Male,Software Engineering,66.3,63.0,59.1,58.9,11.8,3.05,3.0,Yes,No,Not At Risk
ST11975,19,Female,Software Engineering,78.1,95.7,68.4,80.8,2.0,2.67,3.0,Yes,Yes,Not At Risk
ST05709,22,Female,IT,74.2,62.7,66.6,89.0,2.8,2.73,2.0,Yes,No,Not At Risk
ST00159,21,Male,Software Engineering,100.0,79.3,68.4,82.7,1.2,3.51,1.0,Yes,Yes,Not At Risk
ST04553,20,Female,Software Engineering,86.4,86.2,67.9,50.0,4.4,2.92,7.0,Yes,Yes,Not At Risk
ST06382,25,Female,Computer Science,95.9,64.8,60.2,69.7,8.4,3.19,6.0,No,No,Not At Risk
ST04186,22,Male,Computer Science,67.8,50.3,100.0,54.6,7.9,3.04,2.0,No,Yes,At Risk
ST09775,23,Male,Computer Science,100.0,60.1,74.2,64.4,8.9,3.43,7.0,Yes,Yes,Not At Risk
ST04401,20,Female,Software Engineering,69.4,57.8,77.7,81.3,7.7,2.68,4.0,Yes,No,Not At Risk
ST10967,19,Male,Software Engineering,80.1,68.2,73.3,83.6,3.6,1.89,8.0,Yes,No,Not At Risk
ST01406,19,Male,,88.4,78.8,78.6,34.4,4.8,3.39,4.0,Yes,Yes,Not At Risk
ST03674,24,Female,,95.7,77.6,50.8,53.9,1.8,3.14,5.0,Yes,No,Not At Risk
ST04176,21,Female,Software Engineering,81.4,88.0,77.7,70.7,9.4,2.41,1.0,Yes,No,Not At Risk
ST10425,18,Male,Software Engineering,96.0,30.3,40.9,42.1,11.2,2.8,6.0,Yes,Yes,Not At Risk
ST09863,19,Female,Data Science,77.0,83.7,82.1,72.5,6.1,3.38,7.0,Yes,Yes,Not At Risk
ST02676,18,Male,Computer Science,93.0,100.0,86.5,63.1,8.2,2.92,6.0,No,No,Not At Risk
ST08594,18,Male,IT,89.9,95.9,78.0,66.9,2.4,2.83,1.0,No,Yes,Not At Risk
ST00239,22,Male,Software Engineering,73.4,59.7,100.0,58.4,2.6,2.38,3.0,Yes,Yes,Not At Risk
ST05463,18,Female,Computer Science,83.9,42.8,67.4,71.7,5.5,3.37,2.0,Yes,Yes,Not At Risk
ST02938,20,Male,Data Science,77.1,55.4,84.7,67.6,5.8,2.72,5.0,Yes,No,Not At Risk
ST10343,25,Female,IT,69.1,85.7,49.1,63.6,1.4,3.3,2.0,Yes,No,Not At Risk
ST08667,25,Male,Computer Science,72.8,88.0,62.4,54.9,8.9,1.73,4.0,Yes,Yes,Not At Risk
ST00594,25,Male,IT,75.4,54.7,57.9,91.1,4.5,3.3,6.0,Yes,Yes,Not At Risk
ST11937,21,Male,Data Science,77.5,47.6,46.4,77.8,11.0,3.79,4.0,Yes,No,Not At Risk
ST08995,19,Female,Data Science,82.4,69.0,51.6,76.9,4.2,3.01,6.0,Yes,No,Not At Risk
ST00169,24,Male,IT,77.4,48.7,51.6,74.5,5.3,3.49,5.0,Yes,No,Not At Risk
ST02981,25,Male,IT,63.6,40.0,64.9,58.4,7.5,1.79,5.0,Yes,No,Not At Risk
ST09168,18,Male,Data Science,87.1,79.2,66.3,47.1,6.4,2.24,2.0,No,No,Not At Risk
ST00655,23,Male,Software Engineering,77.4,70.7,44.3,64.5,8.3,3.89,2.0,Yes,No,Not At Risk
ST04946,18,Female,Software Engineering,64.4,60.9,57.8,57.8,7.6,2.87,6.0,Yes,Yes,At Risk
ST00988,22,Female,Computer Science,83.1,64.0,90.0,55.7,10.2,1.91,5.0,Yes,Yes,At Risk
ST03292,21,Female,Computer Science,86.8,60.0,45.5,66.2,2.2,3.44,5.0,Yes,No,Not At Risk
ST05451,20,Female,Data Science,74.6,45.6,90.5,51.8,4.7,3.24,6.0,Yes,Yes,At Risk
ST10771,19,Male,Computer Science,79.3,72.4,67.0,98.0,7.8,3.01,3.0,Yes,Yes,Not At Risk
ST00874,19,Male,Software Engineering,81.7,67.6,62.5,50.9,4.8,2.53,2.0,Yes,Yes,Not At Risk
ST09021,24,Male,Data Science,88.0,47.5,68.1,80.0,6.0,2.6,2.0,Yes,No,Not At Risk
ST00619,19,Female,Computer Science,90.9,61.9,73.4,37.9,7.2,2.54,5.0,Yes,No,Not At Risk
ST05025,25,Male,Computer Science,76.0,59.5,72.4,96.2,2.0,3.4,2.0,Yes,Yes,Not At Risk
ST09486,23,Female,Software Engineering,77.9,59.4,74.9,93.7,9.1,2.59,7.0,Yes,No,Not At Risk
ST10623,20,Male,Data Science,88.5,86.1,62.6,26.2,7.4,3.02,2.0,Yes,No,Not At Risk
ST09180,18,Female,Computer Science,100.0,56.8,100.0,40.5,6.2,3.25,5.0,Yes,Yes,Not At Risk
ST07750,25,Female,Computer Science,100.0,74.1,92.1,52.6,6.2,2.81,4.0,Yes,No,Not At Risk
ST01887,24,Female,Computer Science,82.4,44.0,90.8,38.1,3.1,3.96,5.0,No,Yes,Not At Risk
ST05421,21,Female,Software Engineering,65.1,62.1,78.0,71.4,12.3,3.85,3.0,Yes,Yes,Not At Risk
ST00263,23,Male,IT,100.0,100.0,91.9,80.6,4.0,1.93,4.0,Yes,Yes,Not At Risk
ST08161,20,Female,IT,75.8,78.1,70.4,91.8,7.4,3.12,8.0,Yes,Yes,Not At Risk
ST10365,21,Female,Computer Science,91.4,55.6,49.6,89.2,2.4,2.89,3.0,Yes,No,Not At Risk
ST06859,22,Male,Data Science,63.9,85.6,100.0,50.8,16.7,2.99,0.0,No,No,Not At Risk
ST03102,20,Male,Software Engineering,65.5,62.8,75.1,95.7,7.3,2.65,6.0,Yes,No,Not At Risk
ST11450,25,Male,Software Engineering,91.7,67.6,65.1,56.6,8.0,2.31,2.0,Yes,Yes,Not At Risk
ST02904,19,Male,IT,96.2,76.1,54.2,37.9,7.6,3.48,3.0,Yes,Yes,Not At Risk
ST04998,25,Male,Software Engineering,97.6,93.4,70.0,82.6,1.6,3.29,2.0,No,No,Not At Risk
ST02885,19,Female,Data Science,86.6,54.5,70.6,80.4,8.0,2.25,6.0,Yes,Yes,Not At Risk
ST08293,19,Male,Computer Science,100.0,59.6,46.0,60.0,2.9,4.0,5.0,Yes,No,Not At Risk
ST00185,20,Female,IT,69.6,55.7,57.2,50.9,9.0,3.86,3.0,Yes,Yes,Not At Risk
ST11107,23,Male,Computer Science,83.6,57.0,65.4,78.1,6.0,3.08,4.0,Yes,Yes,Not At Risk
ST10525,20,Male,Computer Science,82.2,60.4,68.9,58.4,5.0,2.64,1.0,Yes,No,At Risk
ST01688,21,Male,Software Engineering,65.1,58.9,68.8,42.7,3.5,3.05,6.0,Yes,No,Not At Risk
ST07260,19,Male,Software Engineering,91.0,59.0,46.2,72.3,2.0,3.03,6.0,Yes,Yes,Not At Risk
ST01171,20,Female,Software Engineering,78.9,100.0,74.9,46.6,6.3,2.62,6.0,Yes,Yes,Not At Risk
ST05275,24,Female,Software Engineering,87.5,100.0,100.0,61.4,7.0,2.35,4.0,Yes,Yes,Not At Risk
ST05193,21,Male,Software Engineering,59.7,54.9,70.4,69.2,7.5,2.95,1.0,Yes,Yes,Not At Risk
ST04536,22,Male,Software Engineering,75.7,63.0,56.8,66.3,1.4,2.35,7.0,Yes,No,Not At Risk
ST09969,19,Male,IT,92.1,55.6,79.8,37.2,2.1,4.0,4.0,Yes,Yes,At Risk
ST01140,25,Male,Data Science,71.7,47.9,97.0,21.5,2.5,2.27,2.0,Yes,No,Not At Risk
ST10919,19,Female,Computer Science,79.4,60.5,25.3,74.0,8.0,4.0,4.0,Yes,Yes,Not At Risk
ST07297,22,Male,Software Engineering,100.0,56.2,68.6,58.2,1.5,4.0,5.0,Yes,No,Not At Risk
ST11178,25,Male,IT,65.2,89.0,93.1,75.2,5.5,1.73,4.0,Yes,No,Not At Risk
ST04629,19,Male,Computer Science,93.3,65.9,55.8,78.0,6.6,2.47,3.0,Yes,Yes,Not At Risk
ST09738,19,Female,Software Engineering,72.0,83.8,47.9,64.3,12.6,2.21,3.0,Yes,No,Not At Risk
ST00193,18,Male,Computer Science,86.5,76.3,93.0,63.9,20.1,3.4,5.0,Yes,No,Not At Risk
ST11097,25,Female,,97.7,63.7,65.3,75.5,10.5,2.25,6.0,Yes,No,At Risk
ST07590,20,Male,Computer Science,86.4,90.5,35.6,66.0,0.4,2.97,4.0,Yes,No,Not At Risk
ST01061,23,Female,Software Engineering,75.5,46.5,96.3,72.3,8.3,2.79,5.0,Yes,No,At Risk
ST00916,21,Male,Software Engineering,90.2,52.3,60.1,82.4,4.8,3.04,3.0,Yes,Yes,Not At Risk
ST11577,25,Male,Computer Science,66.9,82.6,85.3,78.9,8.0,3.0,6.0,Yes,Yes,Not At Risk
ST07196,23,Male,Software Engineering,93.9,73.7,78.7,76.5,5.9,2.63,6.0,Yes,Yes,Not At Risk
ST04213,20,Female,Software Engineering,54.2,52.1,70.3,58.8,4.4,2.92,6.0,Yes,No,Not At Risk
ST03966,19,Male,IT,88.7,78.0,67.4,100.0,2.7,1.99,3.0,Yes,Yes,Not At Risk
ST02091,24,Female,Software Engineering,97.1,55.0,69.8,65.5,1.5,2.45,5.0,Yes,No,Not At Risk
ST11193,23,Female,IT,87.2,80.6,69.6,36.5,2.1,4.0,3.0,Yes,No,At Risk
ST10578,25,Male,Computer Science,73.7,55.0,73.2,63.8,11.3,2.78,3.0,Yes,No,Not At Risk
ST04333,25,Male,IT,85.8,61.6,63.4,70.6,7.2,3.57,5.0,Yes,Yes,Not At Risk
ST07128,19,Male,Computer Science,50.7,32.3,73.1,81.7,2.0,2.81,3.0,Yes,Yes,Not At Risk
ST00082,18,Male,Data Science,83.6,40.2,44.8,78.0,3.1,3.81,3.0,Yes,No,Not At Risk
ST11206,25,Female,,87.7,62.5,60.6,62.9,4.6,3.17,3.0,Yes,Yes,Not At Risk
ST08305,24,Female,Data Science,70.2,81.2,100.0,61.7,6.1,3.09,4.0,Yes,Yes,Not At Risk
ST03365,25,Male,IT,100.0,90.6,63.8,62.9,13.6,2.01,2.0,Yes,Yes,Not At Risk
ST09008,21,Female,Data Science,77.4,84.0,68.7,100.0,8.0,3.02,1.0,Yes,Yes,Not At Risk
ST06048,21,Male,IT,79.4,88.3,57.9,61.4,11.3,3.52,5.0,Yes,Yes,Not At Risk
ST11060,19,Female,IT,71.9,94.9,12.8,59.6,12.1,2.57,6.0,Yes,Yes,Not At Risk
ST01365,19,Female,IT,58.3,97.5,61.4,54.6,3.1,2.86,3.0,Yes,No,Not At Risk
ST07082,21,Female,Data Science,60.1,72.6,79.6,58.5,7.7,1.91,4.0,Yes,No,At Risk
ST07898,25,Female,IT,68.4,57.4,100.0,59.8,6.4,2.96,1.0,Yes,Yes,Not At Risk
ST10959,23,Male,Data Science,92.5,82.2,62.3,81.5,5.1,2.72,5.0,Yes,No,Not At Risk
ST08601,21,Male,Computer Science,65.4,71.3,47.7,74.3,4.5,2.72,4.0,Yes,Yes,Not At Risk
ST10951,19,Female,Software Engineering,76.2,73.8,70.6,50.5,3.2,3.21,6.0,No,Yes,Not At Risk
ST03609,19,Male,Computer Science,75.0,77.8,45.7,72.4,3.6,2.06,0.0,Yes,No,Not At Risk
ST07406,20,Female,IT,70.5,74.7,48.2,56.3,5.0,3.6,5.0,No,Yes,Not At Risk
ST08433,18,Male,Computer Science,71.9,71.4,40.6,72.3,19.9,2.8,5.0,No,No,Not At Risk
ST10832,24,Male,IT,83.3,91.7,72.6,55.4,3.6,3.25,3.0,Yes,Yes,Not At Risk
ST09317,19,Male,Software Engineering,86.4,76.5,75.8,54.1,14.0,3.24,5.0,Yes,No,Not At Risk
ST07365,22,Male,Computer Science,84.1,73.6,64.1,61.4,4.3,2.91,4.0,Yes,Yes,Not At Risk
ST08034,19,Male,Computer Science,100.0,78.0,95.0,89.1,10.0,3.63,5.0,Yes,No,Not At Risk
ST04564,25,Female,Computer Science,79.9,51.7,63.4,45.6,1.0,2.14,4.0,Yes,Yes,At Risk
ST07412,22,Male,IT,72.4,66.8,30.9,56.8,6.8,2.6,5.0,Yes,Yes,Not At Risk
ST03250,19,Female,Data Science,88.3,59.5,71.0,51.7,6.8,2.68,4.0,Yes,Yes,Not At Risk
ST10349,22,Male,Computer Science,88.1,41.0,82.8,35.3,6.7,3.36,1.0,Yes,No,Not At Risk
ST07237,25,Male,IT,85.9,56.0,67.9,65.9,4.8,2.35,5.0,Yes,No,Not At Risk
ST04670,22,Male,Software Engineering,88.6,66.8,63.1,62.9,5.1,2.63,2.0,Yes,Yes,Not At Risk
ST07711,23,Male,IT,88.7,69.2,60.8,29.7,5.4,3.26,4.0,Yes,No,Not At Risk
ST04041,25,Female,Software Engineering,98.5,62.7,80.2,62.4,8.1,3.12,5.0,Yes,Yes,Not At Risk
ST09367,19,Female,Software Engineering,79.2,36.0,61.4,57.1,7.4,3.01,4.0,Yes,No,At Risk
ST10656,19,Male,Data Science,68.6,51.8,89.4,78.3,2.4,3.54,3.0,Yes,Yes,Not At Risk
ST00811,18,Female,Software Engineering,48.5,90.3,59.4,72.8,5.2,3.09,6.0,Yes,No,At Risk
ST08272,20,Male,Computer Science,88.1,78.1,71.6,92.1,3.8,2.47,,No,No,Not At Risk
ST09946,19,Female,Computer Science,89.7,48.7,48.2,79.4,12.6,3.66,3.0,Yes,No,Not At Risk
ST11295,18,Male,IT,86.3,64.3,58.6,84.0,0.9,2.75,6.0,Yes,No,Not At Risk
ST07405,24,Female,Software Engineering,99.2,73.6,67.0,73.7,12.1,3.72,3.0,Yes,Yes,Not At Risk
ST01828,18,Male,Data Science,70.0,57.9,51.8,40.6,8.0,3.29,3.0,Yes,Yes,At Risk
ST01260,18,Female,IT,63.2,85.6,60.3,91.3,3.0,2.29,5.0,Yes,No,Not At Risk
ST11390,23,Female,Software Engineering,81.6,87.4,48.9,84.8,12.1,2.97,2.0,,No,Not At Risk
ST08709,21,Female,Data Science,75.0,70.6,74.0,78.3,1.8,4.0,4.0,Yes,Yes,Not At Risk
ST02202,18,Male,Software Engineering,74.1,36.3,86.8,74.2,4.8,3.73,3.0,No,No,Not At Risk
ST11054,18,Female,Software Engineering,95.3,98.2,63.6,35.8,5.0,1.67,1.0,Yes,Yes,Not At Risk
ST04868,23,Male,IT,67.6,71.2,85.4,69.1,7.2,3.64,4.0,Yes,No,Not At Risk
ST02265,20,Male,Computer Science,100.0,85.1,79.5,84.9,2.6,3.51,4.0,Yes,No,Not At Risk
ST05081,25,Male,Computer Science,81.5,67.6,77.6,77.2,9.4,2.45,3.0,Yes,No,Not At Risk
ST03981,19,Female,IT,89.4,66.5,62.0,52.5,5.8,1.51,3.0,,Yes,At Risk
ST03493,24,Male,IT,80.4,48.7,81.8,42.7,10.1,2.0,3.0,Yes,Yes,Not At Risk
ST06030,20,Female,Computer Science,85.6,39.9,88.8,,6.2,1.37,4.0,Yes,No,Not At Risk
ST03743,24,Female,IT,87.2,76.4,79.4,30.4,3.6,2.14,2.0,Yes,No,At Risk
ST04359,20,Female,Computer Science,88.0,31.0,83.2,67.0,7.5,2.72,4.0,Yes,No,Not At Risk
ST09944,18,Female,IT,78.0,74.2,72.4,42.6,19.5,2.98,3.0,Yes,No,Not At Risk
ST10758,19,Female,IT,90.1,58.1,54.9,69.5,12.3,2.08,0.0,Yes,No,Not At Risk
ST05165,22,Male,Software Engineering,93.0,72.2,53.7,58.1,4.7,2.19,4.0,Yes,Yes,Not At Risk
ST05049,21,Male,Computer Science,85.0,76.0,56.7,64.5,9.0,3.12,7.0,Yes,No,Not At Risk
ST00363,25,Female,Data Science,86.5,93.9,78.5,70.0,3.9,2.18,7.0,Yes,No,Not At Risk
ST02424,25,Female,Computer Science,62.4,80.2,61.6,100.0,7.0,2.42,5.0,Yes,Yes,Not At Risk
ST09552,20,Female,Data Science,81.5,64.8,65.0,57.7,8.9,2.51,5.0,Yes,No,Not At Risk
ST03970,24,Female,Data Science,89.1,45.9,89.5,55.2,6.8,2.15,6.0,Yes,Yes,At Risk
ST10738,24,Female,Computer Science,80.4,72.1,31.9,56.6,5.6,3.14,4.0,Yes,No,Not At Risk
ST02762,25,Male,Software Engineering,62.0,79.7,78.6,94.8,6.4,2.84,2.0,Yes,No,Not At Risk
ST09706,23,Female,Software Engineering,93.2,44.5,78.4,48.0,2.9,3.08,6.0,No,No,At Risk
ST04626,19,Female,Software Engineering,86.6,64.9,94.9,58.6,3.1,3.02,3.0,Yes,Yes,Not At Risk
ST10882,25,Male,Data Science,75.9,58.0,58.2,67.7,4.6,2.88,5.0,Yes,No,At Risk
ST04325,20,Male,Software Engineering,95.6,73.8,91.3,58.4,2.0,2.38,4.0,Yes,No,Not At Risk
ST01484,21,Female,IT,79.9,64.8,62.2,59.2,7.4,2.69,2.0,Yes,No,Not At Risk
ST04267,20,Female,Computer Science,92.3,71.7,63.2,79.6,3.5,3.82,4.0,Yes,No,Not At Risk
ST10524,20,Female,Data Science,81.1,75.6,43.4,44.4,2.8,3.07,4.0,Yes,Yes,Not At Risk
ST04247,25,Female,Software Engineering,88.3,53.5,83.8,40.2,2.6,3.82,7.0,Yes,No,Not At Risk
ST04798,23,Male,Computer Science,100.0,69.3,98.0,28.2,4.5,3.08,6.0,Yes,Yes,Not At Risk
ST11494,21,Male,Software Engineering,100.0,72.7,76.5,66.6,5.6,2.41,6.0,Yes,Yes,Not At Risk
ST10727,22,Male,Computer Science,85.3,100.0,61.4,66.3,3.2,3.13,4.0,Yes,No,Not At Risk
ST08164,23,Female,Data Science,93.8,59.1,59.1,58.7,12.5,3.4,6.0,Yes,No,Not At Risk
ST00810,23,Male,IT,87.9,74.8,78.6,67.6,5.3,2.78,2.0,Yes,Yes,Not At Risk
ST11920,22,Female,Computer Science,100.0,76.9,73.0,50.2,5.7,3.08,0.0,Yes,Yes,Not At Risk
ST10640,25,Male,Software Engineering,100.0,49.3,73.2,73.4,4.5,1.85,9.0,Yes,Yes,Not At Risk
ST05731,20,Female,Software Engineering,88.1,66.2,77.3,82.3,3.8,2.96,6.0,Yes,No,Not At Risk
ST01196,20,Female,Computer Science,64.8,91.1,63.9,76.8,2.8,2.73,7.0,Yes,No,Not At Risk
ST07877,19,Female,Computer Science,75.9,76.0,54.1,49.2,0.6,3.11,7.0,Yes,Yes,Not At Risk
ST02793,25,Male,Software Engineering,100.0,72.9,51.4,57.4,3.8,2.69,2.0,Yes,Yes,Not At Risk
ST07228,22,Male,Software Engineering,63.1,81.3,100.0,,4.8,2.79,1.0,Yes,Yes,Not At Risk
ST05758,22,Female,Software Engineering,77.9,64.4,61.2,93.4,3.2,2.76,4.0,Yes,No,Not At Risk
ST05490,19,Female,Computer Science,70.8,54.7,80.7,40.6,6.2,3.18,5.0,Yes,No,Not At Risk
ST06298,19,Female,Computer Science,100.0,74.8,86.0,73.6,2.2,3.21,3.0,Yes,No,Not At Risk
ST07492,19,Female,Computer Science,69.4,67.3,52.0,44.3,2.4,1.28,2.0,Yes,Yes,At Risk
ST00401,18,Male,Data Science,72.5,90.5,82.3,87.7,0.3,1.95,4.0,Yes,Yes,Not At Risk
ST00601,25,Male,IT,73.0,79.0,100.0,58.6,3.5,1.66,5.0,Yes,No,At Risk
ST07071,24,Male,Software Engineering,91.7,65.0,90.1,64.7,4.7,2.94,7.0,Yes,Yes,Not At Risk
ST09328,18,Female,Computer Science,100.0,72.1,89.8,30.2,5.7,3.04,9.0,Yes,Yes,At Risk
ST11830,18,Male,Software Engineering,82.1,79.4,69.9,57.8,5.0,3.57,4.0,Yes,Yes,Not At Risk
ST04314,25,Male,Data Science,90.2,60.4,77.8,39.9,3.2,3.59,8.0,No,No,Not At Risk
ST07073,24,Male,Software Engineering,67.5,37.1,86.8,80.0,5.3,3.58,3.0,Yes,No,Not At Risk
ST09312,23,Male,Computer Science,72.4,89.2,88.2,33.4,10.7,3.99,3.0,Yes,No,Not At Risk
ST00866,21,Male,Computer Science,90.0,69.4,66.3,39.4,6.4,3.51,3.0,Yes,No,Not At Risk
ST01091,22,Male,IT,89.9,80.4,57.3,83.4,4.5,4.0,7.0,Yes,Yes,Not At Risk
ST11071,21,Male,Software Engineering,89.6,63.9,46.7,67.5,6.8,4.0,5.0,Yes,Yes,Not At Risk
ST08338,19,Female,Software Engineering,85.3,32.7,57.9,72.2,3.1,1.47,2.0,Yes,Yes,At Risk
ST09818,25,Male,Computer Science,79.1,64.6,63.4,,4.1,2.01,4.0,No,Yes,Not At Risk
ST03490,22,Female,Data Science,70.9,52.6,75.0,62.7,6.5,3.0,5.0,,No,At Risk
ST02900,20,Female,Software Engineering,70.7,86.8,100.0,83.1,7.5,1.92,9.0,Yes,Yes,Not At Risk
ST08786,20,Male,IT,86.5,58.4,80.2,78.2,3.4,2.52,3.0,Yes,Yes,Not At Risk
ST11581,19,Female,Data Science,70.8,72.1,63.7,63.8,9.3,2.17,5.0,Yes,Yes,Not At Risk
ST08952,23,Female,Data Science,75.4,81.8,97.3,64.3,4.2,3.61,5.0,Yes,Yes,Not At Risk
ST11694,24,Female,IT,72.7,81.4,56.3,62.2,5.3,2.13,3.0,Yes,Yes,At Risk
ST10167,18,Female,IT,86.2,48.0,84.3,91.3,2.5,2.19,,Yes,No,Not At Risk
ST02803,19,Male,IT,64.8,64.2,88.9,50.1,10.9,2.96,5.0,Yes,Yes,At Risk
ST04888,20,Female,Computer Science,95.5,76.7,90.7,72.4,15.9,2.72,3.0,Yes,No,Not At Risk
ST11220,21,Male,IT,85.0,46.7,93.6,56.1,4.7,3.24,5.0,Yes,No,Not At Risk
ST02368,24,Female,Software Engineering,100.0,68.7,84.1,67.5,3.7,3.53,5.0,Yes,No,Not At Risk
ST08668,19,Female,Data Science,87.7,72.4,63.1,50.4,17.4,3.08,0.0,Yes,Yes,Not At Risk
ST10106,20,Male,Computer Science,58.8,50.5,67.6,62.0,11.4,2.92,2.0,Yes,No,At Risk
ST03340,24,Male,Computer Science,95.0,94.4,80.9,41.5,7.3,1.88,5.0,Yes,No,Not At Risk
ST01470,20,Male,IT,77.5,65.3,72.2,52.3,0.9,3.48,4.0,Yes,No,At Risk
ST11799,18,Male,Software Engineering,48.3,69.8,77.5,57.5,4.2,2.08,7.0,Yes,No,At Risk
ST05384,24,Female,Software Engineering,74.4,80.8,100.0,73.4,11.0,2.07,8.0,Yes,No,Not At Risk
ST00026,19,Male,Software Engineering,96.8,56.5,86.6,60.2,6.1,2.63,5.0,Yes,No,At Risk
ST09546,21,Male,Computer Science,84.8,82.3,68.3,31.9,18.6,2.1,5.0,Yes,No,Not At Risk
ST09247,21,Female,Computer Science,98.3,65.0,91.0,75.0,3.1,3.17,7.0,Yes,No,At Risk
ST04014,23,Female,Software Engineering,78.1,72.8,61.1,70.0,3.7,3.71,2.0,Yes,Yes,Not At Risk
ST06121,20,Male,Software Engineering,69.4,63.3,44.1,71.1,3.6,3.73,5.0,Yes,No,Not At Risk
ST04461,23,Female,Software Engineering,93.8,63.5,48.3,49.8,2.7,3.9,2.0,Yes,No,Not At Risk
ST06879,24,Male,IT,100.0,40.1,84.7,47.7,5.0,1.93,1.0,No,No,Not At Risk
ST11090,21,Male,Software Engineering,94.1,62.7,47.9,67.6,2.3,3.03,4.0,Yes,Yes,Not At Risk
ST07593,25,Male,Computer Science,88.6,79.9,56.4,78.6,3.8,2.03,4.0,Yes,No,Not At Risk
ST03450,22,Male,Software Engineering,85.3,62.1,73.5,78.5,5.1,1.73,4.0,Yes,No,At Risk
ST00934,21,female,Computer Science,87.2,73.4,54.2,54.8,1.8,3.98,7.0,Yes,Yes,Not At Risk
ST11268,22,Male,Software Engineering,78.8,74.3,38.1,30.9,4.0,3.64,2.0,Yes,Yes,Not At Risk
ST07219,19,Male,,100.0,90.5,66.9,76.1,3.6,1.93,6.0,Yes,No,Not At Risk
ST09155,18,Male,IT,86.9,52.0,60.4,61.6,6.1,3.81,4.0,Yes,Yes,Not At Risk
ST06877,25,Female,Data Science,68.4,94.7,62.2,49.0,0.9,2.86,4.0,Yes,No,Not At Risk
ST03274,21,Male,Computer Science,90.6,61.8,81.5,71.7,5.0,3.98,1.0,Yes,No,Not At Risk
ST11889,18,Female,Computer Science,89.2,51.5,63.2,56.9,3.2,2.2,3.0,Yes,No,Not At Risk
ST09773,20,Male,Computer Science,76.6,54.3,56.3,50.2,2.5,2.88,6.0,Yes,No,Not At Risk
ST10290,20,Female,Data Science,85.8,73.4,66.7,38.1,10.8,3.5,5.0,Yes,No,Not At Risk
ST11319,23,Female,IT,62.2,74.8,73.0,76.4,6.0,3.86,1.0,Yes,No,Not At Risk
ST10131,23,Female,Software Engineering,76.9,60.8,81.7,74.0,7.5,3.16,7.0,Yes,No,At Risk
ST07438,18,Male,Computer Science,90.1,56.1,69.6,62.8,5.6,2.49,5.0,Yes,Yes,Not At Risk
ST04800,25,Female,Software Engineering,73.7,58.3,62.6,,6.9,3.28,1.0,Yes,No,Not At Risk
ST01012,22,Male,Computer Science,98.1,69.2,71.7,53.1,3.6,1.0,4.0,Yes,No,Not At Risk
ST02351,18,Female,Software Engineering,85.8,69.4,94.1,53.5,3.5,2.94,2.0,Yes,No,Not At Risk
ST08272,20,Male,Computer Science,88.1,78.1,71.6,92.1,3.8,2.47,,No,No,Not At Risk
ST02757,23,Male,Software Engineering,71.0,79.0,78.5,,4.2,3.26,3.0,Yes,No,Not At Risk
ST06307,23,Male,Computer Science,69.4,84.5,85.3,53.3,6.0,2.74,3.0,Yes,Yes,At Risk
ST03606,23,Male,Software Engineering,73.6,87.1,51.8,60.8,2.1,3.63,5.0,Yes,Yes,Not At Risk
ST03397,22,Female,IT,87.0,77.4,79.0,89.3,21.8,3.37,4.0,Yes,Yes,Not At Risk
ST08014,22,Male,Computer Science,92.3,42.6,50.1,70.4,3.4,3.25,4.0,Yes,Yes,Not At Risk
ST05937,22,Male,Computer Science,96.2,80.3,91.7,47.5,7.2,3.49,3.0,Yes,Yes,Not At Risk
ST08332,20,Male,Software Engineering,86.5,100.0,57.6,54.4,0.5,3.62,3.0,Yes,Yes,Not At Risk
ST02817,23,Female,Software Engineering,83.9,63.0,78.0,88.6,10.3,3.21,5.0,Yes,No,Not At Risk
ST08684,20,Female,Computer Science,74.8,76.5,51.3,,2.4,2.76,6.0,Yes,No,At Risk
ST06839,24,Female,Computer Science,80.8,78.0,58.2,52.4,2.9,3.01,4.0,Yes,No,Not At Risk
ST00459,23,Female,Computer Science,88.9,70.7,44.9,49.3,6.1,3.34,3.0,No,Yes,Not At Risk
ST11292,22,Female,IT,94.5,87.1,53.8,72.5,3.9,2.06,3.0,Yes,Yes,Not At Risk
ST03238,21,Female,Software Engineering,95.9,90.3,83.5,83.1,4.8,1.71,3.0,Yes,No,Not At Risk
ST04358,22,Male,Computer Science,60.7,100.0,59.4,85.9,2.3,2.21,4.0,Yes,No,Not At Risk
ST10849,18,Male,Software Engineering,80.6,56.9,69.7,43.5,11.6,3.52,2.0,Yes,No,Not At Risk
ST02237,20,Female,Computer Science,91.4,64.7,79.8,41.9,5.3,3.93,3.0,Yes,Yes,Not At Risk
ST01248,21,Male,Data Science,72.3,67.7,78.1,69.2,3.3,4.0,6.0,Yes,Yes,Not At Risk
ST09076,18,Male,Computer Science,76.2,83.1,82.1,99.4,1.0,2.26,4.0,Yes,No,Not At Risk
ST11601,21,Male,Software Engineering,84.1,68.8,96.2,30.9,6.1,3.38,6.0,Yes,No,Not At Risk
ST03688,18,Male,Data Science,81.7,53.9,67.1,44.5,4.1,2.45,3.0,Yes,Yes,At Risk
ST09210,20,Male,Software Engineering,66.4,68.9,91.0,71.8,3.8,2.52,3.0,Yes,Yes,Not At Risk
ST00259,20,Female,Computer Science,68.4,83.9,81.0,73.1,6.4,3.45,6.0,Yes,No,Not At Risk
ST09241,19,Male,Computer Science,78.1,50.2,47.2,38.2,1.5,2.36,2.0,Yes,No,Not At Risk
ST06125,23,Female,Software Engineering,83.2,81.4,70.6,73.2,4.2,3.75,6.0,Yes,No,Not At Risk
ST03824,21,Male,Data Science,82.4,69.4,74.8,58.9,11.1,2.9,4.0,Yes,No,Not At Risk
ST07984,24,Female,Software Engineering,77.3,85.3,68.3,80.3,2.6,2.84,1.0,Yes,No,Not At Risk
ST05040,18,Female,IT,85.0,67.3,74.3,35.8,8.5,3.93,2.0,No,No,Not At Risk
ST10497,23,Male,Computer Science,91.5,78.1,74.8,90.9,15.5,2.8,2.0,Yes,No,Not At Risk
ST00478,20,Male,Computer Science,87.1,80.1,77.3,89.3,6.1,4.0,,Yes,No,Not At Risk
ST11399,20,Female,Software Engineering,65.7,77.9,65.4,67.2,4.3,2.26,7.0,Yes,Yes,Not At Risk
ST08939,24,Female,IT,98.4,69.6,82.7,48.1,3.5,3.51,2.0,Yes,Yes,Not At Risk
ST10094,23,Female,Computer Science,77.4,73.0,70.9,63.6,11.6,3.81,4.0,Yes,Yes,Not At Risk
ST07038,25,Male,Computer Science,82.2,79.8,94.5,44.2,12.3,2.82,4.0,Yes,Yes,At Risk
ST10411,23,Male,,74.0,50.6,77.5,44.1,3.5,2.88,1.0,Yes,Yes,Not At Risk
ST11454,25,Female,Software Engineering,96.4,52.7,63.7,70.2,2.9,3.72,4.0,Yes,No,Not At Risk
ST06069,20,Female,Software Engineering,100.0,77.1,53.1,72.5,5.8,2.46,4.0,Yes,No,Not At Risk
ST04819,18,Female,Computer Science,81.0,42.8,60.8,57.2,8.4,2.46,2.0,Yes,Yes,Not At Risk
ST08810,20,Female,IT,69.8,74.4,59.9,80.1,3.2,3.05,3.0,Yes,No,Not At Risk
ST03589,25,Male,Data Science,63.9,73.0,47.8,56.5,5.6,3.87,3.0,Yes,No,Not At Risk
ST11056,20,Male,IT,86.0,51.3,65.8,79.0,10.9,3.7,2.0,Yes,Yes,Not At Risk
ST06562,21,Male,Data Science,78.3,55.2,66.5,61.6,1.6,3.17,2.0,Yes,No,Not At Risk
ST05467,23,Male,Computer Science,70.0,60.7,48.6,78.2,7.5,3.57,5.0,Yes,No,Not At Risk
ST04790,20,Male,Computer Science,56.5,66.8,63.3,94.1,1.8,2.81,,Yes,Yes,Not At Risk
ST11198,22,Female,Software Engineering,56.9,69.3,57.7,69.1,7.5,2.66,4.0,Yes,Yes,Not At Risk
ST00254,23,M,Software Engineering,90.7,51.9,52.3,64.6,11.2,3.46,6.0,Yes,Yes,Not At Risk
ST11456,18,Male,Data Science,68.6,68.9,51.4,83.3,6.0,3.2,3.0,Yes,No,Not At Risk
ST11804,24,Male,IT,65.1,84.9,48.8,62.4,13.7,3.86,3.0,Yes,No,Not At Risk
ST04309,21,Female,Software Engineering,72.4,70.3,87.2,55.8,4.2,3.03,2.0,Yes,No,At Risk
ST00485,23,Female,Computer Science,94.5,40.7,41.4,46.1,6.0,2.73,3.0,Yes,No,Not At Risk
ST01074,24,Male,IT,79.1,49.7,54.5,39.9,10.2,4.0,2.0,Yes,No,Not At Risk
ST04855,20,Male,Computer Science,65.5,62.9,72.5,59.6,6.8,3.59,4.0,Yes,Yes,At Risk
ST02564,21,Female,Data Science,73.1,77.4,71.7,60.9,6.2,2.51,3.0,Yes,Yes,Not At Risk
ST06648,18,Male,Computer Science,69.9,45.8,78.7,82.5,6.9,2.53,3.0,Yes,No,Not At Risk
ST00353,24,Male,Software Engineering,86.3,64.4,91.9,52.0,5.2,4.0,4.0,Yes,No,Not At Risk
ST06497,18,Male,IT,61.1,94.4,45.2,88.7,5.5,3.17,8.0,Yes,No,Not At Risk
ST06559,20,Female,Data Science,80.1,69.7,94.3,60.1,1.9,2.68,4.0,Yes,No,Not At Risk
ST04311,23,Female,Software Engineering,57.7,56.6,68.6,78.6,4.8,2.16,4.0,Yes,No,At Risk
ST06514,20,Male,Computer Science,72.5,71.4,68.7,79.2,5.2,3.44,5.0,Yes,Yes,Not At Risk
ST04742,18,Male,IT,81.3,50.7,82.9,77.0,5.4,2.51,3.0,Yes,No,Not At Risk
ST05756,25,Male,IT,56.6,63.1,47.6,73.7,3.5,2.97,3.0,Yes,Yes,At Risk
ST04871,20,Female,Data Science,87.4,77.6,51.1,37.2,6.4,3.87,3.0,Yes,Yes,Not At Risk
ST01752,19,Male,Data Science,94.6,62.7,70.6,61.7,4.7,3.79,1.0,Yes,No,Not At Risk
ST07598,24,Male,Computer Science,81.7,56.1,91.8,66.7,3.0,3.23,6.0,Yes,No,Not At Risk
ST08180,21,Male,IT,85.1,61.4,42.8,68.5,2.1,2.93,6.0,Yes,No,Not At Risk
ST10029,19,Female,Software Engineering,89.4,59.6,50.2,49.8,7.9,3.48,3.0,Yes,Yes,Not At Risk
ST11368,21,Male,IT,68.8,63.9,34.5,52.1,7.6,2.64,4.0,Yes,No,Not At Risk
ST00503,19,Female,Data Science,74.6,45.5,62.8,64.4,3.2,3.15,6.0,Yes,No,Not At Risk
ST09184,25,Male,Software Engineering,56.2,76.1,100.0,47.1,5.9,3.24,5.0,Yes,No,Not At Risk
ST01741,19,Female,Software Engineering,69.7,86.9,50.4,32.9,6.0,3.33,4.0,No,No,Not At Risk
ST06365,18,Male,Data Science,76.1,96.6,59.8,47.7,9.3,3.56,6.0,Yes,No,At Risk
ST08806,23,Female,IT,95.7,40.5,25.8,99.5,2.9,1.95,4.0,Yes,No,Not At Risk
ST03881,23,Male,IT,81.8,58.3,74.7,53.9,5.5,2.84,3.0,Yes,Yes,Not At Risk
ST06736,18,Male,IT,84.4,68.9,55.6,61.3,2.1,2.72,4.0,Yes,No,At Risk
ST10612,21,Male,Software Engineering,93.1,68.4,55.4,100.0,3.5,2.53,6.0,Yes,Yes,Not At Risk
ST09791,18,Female,IT,77.7,70.6,58.7,46.5,6.6,3.2,5.0,Yes,No,At Risk
ST08112,18,Male,Software Engineering,70.8,70.8,86.0,41.0,3.7,3.2,5.0,Yes,No,Not At Risk
ST10132,21,Female,IT,100.0,81.5,55.5,83.8,3.2,2.14,2.0,Yes,Yes,Not At Risk
ST09662,21,Female,IT,85.3,52.3,81.6,67.4,3.2,2.34,6.0,Yes,Yes,Not At Risk
ST06876,20,Male,Software Engineering,97.5,65.0,54.6,59.1,8.6,4.0,2.0,Yes,No,Not At Risk
ST04150,25,Female,IT,92.7,71.5,60.4,65.8,6.6,1.76,0.0,Yes,No,Not At Risk
ST08007,19,Female,Computer Science,78.3,56.2,85.0,66.6,0.7,3.99,3.0,Yes,Yes,Not At Risk
ST02863,22,Male,Computer Science,72.6,95.6,55.4,56.5,2.2,3.44,3.0,Yes,Yes,Not At Risk
ST09109,22,Female,Computer Science,100.0,78.8,22.8,64.9,4.5,2.42,2.0,Yes,No,Not At Risk
ST04063,20,Male,IT,80.0,65.3,74.5,76.3,9.4,2.3,6.0,Yes,Yes,Not At Risk
ST06251,23,Male,Data Science,85.2,69.8,52.6,81.0,6.9,3.37,1.0,Yes,Yes,Not At Risk
ST08813,18,Female,Computer Science,74.2,43.4,41.7,60.9,5.1,2.57,6.0,Yes,Yes,Not At Risk
ST04205,19,Female,Computer Science,72.8,52.3,42.3,62.5,5.1,3.76,1.0,Yes,No,Not At Risk
ST07429,18,Female,Computer Science,72.6,80.0,85.7,71.1,5.3,2.11,5.0,Yes,Yes,Not At Risk
ST08149,19,Male,Data Science,85.6,71.8,51.7,55.1,3.4,1.74,6.0,Yes,Yes,Not At Risk
ST04479,20,Female,Computer Science,88.5,81.4,80.9,53.8,7.8,2.9,6.0,Yes,No,At Risk
ST11682,19,Female,Computer Science,77.2,86.7,65.3,75.1,10.5,1.17,3.0,Yes,Yes,Not At Risk
ST00887,22,Male,IT,84.9,54.5,85.5,54.0,3.4,3.71,5.0,Yes,No,Not At Risk
ST10037,21,Female,Software Engineering,75.4,71.2,76.8,52.7,16.7,2.36,3.0,Yes,No,Not At Risk
ST09879,21,Female,Computer Science,81.2,55.4,28.7,57.2,8.9,3.9,5.0,Yes,Yes,Not At Risk
ST02320,24,Female,Computer Science,63.3,38.3,72.9,59.6,7.0,3.55,3.0,Yes,No,At Risk
ST07923,24,Female,Computer Science,75.0,73.5,74.0,78.1,12.9,2.99,1.0,Yes,No,Not At Risk
ST05978,25,Female,Computer Science,81.3,55.6,62.6,53.5,5.9,3.24,6.0,Yes,No,At Risk
ST06302,25,Female,Software Engineering,79.0,65.2,72.0,54.7,3.3,1.32,5.0,No,No,Not At Risk
ST06527,19,Male,Computer Science,77.3,84.2,77.7,91.4,7.3,3.76,7.0,Yes,No,Not At Risk
ST09352,22,Male,Computer Science,59.7,82.9,82.7,70.8,3.1,2.08,2.0,Yes,No,Not At Risk
ST02744,19,Female,Software Engineering,63.6,75.4,75.8,59.8,4.0,2.7,3.0,Yes,Yes,At Risk
ST03475,25,Female,Software Engineering,77.0,74.6,47.1,,7.0,3.29,5.0,Yes,Yes,Not At Risk
ST08579,20,Male,Computer Science,73.3,54.6,54.7,62.2,7.8,2.12,5.0,Yes,Yes,Not At Risk
ST09663,18,Female,Data Science,72.8,89.8,35.0,64.1,7.1,3.31,3.0,Yes,Yes,Not At Risk
ST04933,23,Female,Software Engineering,98.4,55.6,73.5,76.2,4.4,2.05,0.0,Yes,No,Not At Risk
ST00077,22,Male,Computer Science,100.0,48.2,64.5,83.6,12.6,2.09,6.0,Yes,No,At Risk
ST11658,23,Female,IT,86.5,99.6,81.9,94.7,9.4,2.51,2.0,Yes,No,Not At Risk
ST05371,25,Male,Computer Science,84.6,81.9,80.4,74.2,3.6,2.73,6.0,Yes,No,Not At Risk
ST10134,25,Male,Computer Science,82.2,61.5,54.2,49.6,6.8,2.77,2.0,Yes,Yes,At Risk
ST10870,22,Male,Software Engineering,71.9,51.2,62.4,82.7,1.2,2.78,1.0,Yes,No,Not At Risk
ST06271,20,Female,Data Science,66.1,32.1,43.2,62.0,5.3,2.52,6.0,Yes,No,At Risk
ST11874,18,Female,Data Science,93.1,79.6,92.8,66.3,3.2,2.91,1.0,Yes,No,Not At Risk
ST06415,24,Female,Computer Science,100.0,86.4,73.5,61.7,5.5,2.24,2.0,Yes,Yes,Not At Risk
ST10604,22,Male,Computer Science,100.0,81.8,98.7,88.7,11.2,3.65,6.0,Yes,No,Not At Risk
ST00472,21,Male,Data Science,84.1,64.8,93.2,66.2,4.5,2.4,4.0,Yes,No,Not At Risk
ST01388,18,Female,Software Engineering,70.1,69.7,57.4,60.0,8.2,3.39,5.0,No,Yes,Not At Risk
ST03393,18,Male,Computer Science,67.5,75.7,55.9,50.7,2.2,2.13,3.0,Yes,No,At Risk
ST08746,21,Female,Computer Science,86.8,60.5,68.3,60.4,11.5,3.23,6.0,Yes,No,Not At Risk
ST04363,19,Female,Software Engineering,77.8,88.3,46.2,94.0,14.0,3.25,3.0,Yes,No,Not At Risk
ST05134,21,Female,Software Engineering,66.9,76.4,84.9,47.3,15.7,3.38,4.0,Yes,Yes,Not At Risk
ST02115,20,Female,Software Engineering,71.6,71.6,80.8,61.5,3.3,2.83,3.0,Yes,No,Not At Risk
ST08085,21,Male,Data Science,95.9,63.5,48.4,49.8,1.7,3.17,2.0,Yes,Yes,Not At Risk
ST06039,19,Female,Computer Science,77.8,61.9,29.1,63.9,3.9,3.33,4.0,Yes,No,At Risk
ST01254,22,Male,Software Engineering,68.3,67.4,59.3,70.7,12.6,2.3,4.0,,Yes,Not At Risk
ST11284,20,Female,IT,76.7,82.3,75.5,45.6,14.4,3.26,2.0,Yes,No,Not At Risk
ST10576,24,Female,IT,85.7,53.6,66.8,43.2,4.4,3.13,5.0,Yes,Yes,Not At Risk
ST07242,20,Male,IT,82.3,76.2,64.6,57.1,5.1,3.1,3.0,Yes,Yes,At Risk
ST07097,19,Male,Computer Science,70.6,78.1,72.7,47.2,4.7,2.05,4.0,Yes,No,Not At Risk
ST07080,20,Male,Software Engineering,100.0,57.5,29.5,63.5,13.6,3.27,6.0,Yes,No,Not At Risk
ST11138,21,Female,IT,92.7,70.0,77.1,66.8,1.2,3.42,3.0,Yes,Yes,Not At Risk
ST05547,24,Female,Computer Science,86.9,38.1,45.7,55.6,10.4,3.25,4.0,Yes,No,Not At Risk
ST06000,18,Male,Computer Science,80.5,46.9,52.0,79.8,5.2,3.03,5.0,Yes,No,Not At Risk
ST00364,18,Female,IT,83.4,83.4,91.9,33.4,10.3,2.77,4.0,Yes,Yes,Not At Risk
ST05500,19,Female,Data Science,67.7,59.2,39.7,89.2,8.5,3.27,2.0,Yes,No,Not At Risk
ST06144,20,Male,Computer Science,100.0,43.8,76.7,75.1,2.2,3.47,2.0,Yes,Yes,Not At Risk
ST03625,24,Male,Data Science,67.0,64.3,39.8,82.3,10.5,2.93,7.0,Yes,No,Not At Risk
ST03636,24,Female,Data Science,76.2,66.2,94.8,41.3,1.6,2.61,5.0,Yes,No,Not At Risk
ST10443,18,Male,Data Science,86.0,59.5,100.0,50.8,2.3,2.79,0.0,Yes,Yes,Not At Risk
ST08401,19,Male,IT,87.7,63.0,61.7,66.0,2.4,2.83,8.0,Yes,Yes,Not At Risk
ST11710,21,Female,Computer Science,80.3,66.2,53.5,38.1,3.5,3.42,5.0,Yes,No,At Risk
ST05257,18,Male,IT,79.9,56.2,50.5,78.6,9.1,3.01,5.0,Yes,No,Not At Risk
ST09308,21,Female,Software Engineering,89.2,63.6,55.1,71.0,10.2,3.35,3.0,Yes,No,Not At Risk
ST01083,23,Male,Computer Science,95.3,62.4,46.6,82.4,8.7,3.13,7.0,Yes,No,Not At Risk
ST05076,20,Male,,83.6,100.0,72.9,82.2,7.0,3.14,3.0,Yes,No,Not At Risk
ST09645,22,Female,Computer Science,83.7,61.4,67.6,51.9,6.5,2.3,2.0,Yes,No,At Risk
ST04804,23,Female,Software Engineering,90.6,61.7,73.5,59.3,4.5,2.71,5.0,Yes,Yes,Not At Risk
ST06620,21,Male,Computer Science,81.5,62.6,51.0,76.0,3.7,3.96,6.0,Yes,Yes,Not At Risk
ST11569,20,Female,Software Engineering,75.3,45.7,74.0,75.3,6.3,2.95,2.0,Yes,Yes,At Risk
ST11758,25,Female,IT,96.0,77.8,77.1,68.5,7.2,3.25,3.0,Yes,No,Not At Risk
ST02961,19,Male,IT,85.4,64.4,61.6,68.3,2.3,3.94,2.0,Yes,Yes,Not At Risk
ST04981,18,Female,IT,96.5,83.8,70.5,58.2,12.1,1.98,5.0,Yes,Yes,Not At Risk
ST05753,23,Male,Software Engineering,80.5,66.9,51.4,28.6,1.6,2.59,8.0,Yes,No,Not At Risk
ST00929,25,Male,Software Engineering,89.7,77.9,69.6,32.2,6.7,2.27,5.0,Yes,No,Not At Risk
ST08808,19,Female,Computer Science,87.6,72.7,50.8,46.0,5.8,2.58,1.0,Yes,No,Not At Risk
ST08983,22,Male,IT,68.7,100.0,79.1,76.3,5.2,2.18,5.0,Yes,Yes,Not At Risk
ST04515,24,Male,IT,82.8,82.1,67.5,90.1,4.1,3.02,5.0,Yes,No,Not At Risk
ST01698,21,Female,Computer Science,70.4,77.4,59.1,64.1,5.4,1.99,3.0,Yes,Yes,Not At Risk
ST00373,21,Female,Computer Science,97.6,53.6,68.3,51.7,6.7,3.13,7.0,Yes,No,Not At Risk
ST04425,23,Male,Software Engineering,85.8,61.0,57.5,76.5,6.2,2.23,1.0,Yes,No,Not At Risk
ST10778,18,Male,Data Science,71.4,65.4,91.7,53.5,7.3,2.35,2.0,Yes,No,Not At Risk
ST07769,25,Male,Computer Science,70.9,57.0,75.1,67.3,5.1,3.25,3.0,Yes,Yes,Not At Risk
ST03896,19,Male,Software Engineering,71.5,72.5,64.0,44.9,2.1,2.21,6.0,No,Yes,At Risk
ST04870,18,Female,Computer Science,94.7,77.1,63.0,71.7,5.1,3.17,7.0,Yes,Yes,Not At Risk
ST01381,22,Male,IT,74.9,62.8,48.5,47.6,7.1,2.47,4.0,Yes,Yes,At Risk
ST05262,21,Female,Software Engineering,92.9,56.6,53.4,69.7,3.4,3.64,4.0,Yes,No,Not At Risk
ST00088,25,Male,Computer Science,85.9,63.8,57.5,45.0,4.6,3.3,4.0,Yes,No,Not At Risk
ST02876,25,Male,Computer Science,87.4,70.4,94.0,79.0,8.6,3.58,2.0,Yes,No,Not At Risk
ST04292,21,Male,Data Science,88.5,72.1,62.5,58.7,4.2,2.37,4.0,Yes,Yes,At Risk
ST02631,21,Female,Computer Science,81.4,73.5,90.3,64.7,2.2,3.41,4.0,Yes,No,Not At Risk
ST03999,21,Male,IT,100.0,51.7,78.7,61.3,3.2,3.77,3.0,Yes,No,Not At Risk
ST01094,18,Male,Computer Science,69.6,52.3,54.4,41.3,10.7,2.42,3.0,Yes,Yes,Not At Risk
ST10636,21,Male,Computer Science,78.8,64.3,58.1,59.9,7.5,4.0,6.0,Yes,Yes,Not At Risk
ST07628,21,Female,Computer Science,73.9,49.3,62.1,75.4,5.1,3.04,3.0,Yes,Yes,Not At Risk
ST06207,18,Female,Computer Science,89.7,58.5,74.4,74.0,5.5,3.65,5.0,Yes,Yes,Not At Risk
ST11526,24,Female,Computer Science,95.8,74.8,75.6,83.4,6.0,2.49,4.0,Yes,No,Not At Risk
ST06623,18,Female,Computer Science,81.6,67.5,69.4,54.2,5.8,4.0,7.0,Yes,Yes,Not At Risk
ST11102,21,Female,Computer Science,85.8,66.5,43.0,61.5,12.0,3.1,5.0,Yes,Yes,Not At Risk
ST00340,19,Female,IT,74.8,66.0,80.9,73.6,4.6,2.14,0.0,Yes,No,Not At Risk
ST01709,24,Female,Computer Science,68.6,65.6,79.6,91.5,3.6,2.36,3.0,Yes,Yes,At Risk
ST11351,20,Female,IT,92.6,48.8,53.6,66.9,4.1,2.37,3.0,Yes,No,Not At Risk
ST11521,22,Male,Software Engineering,80.0,61.6,64.0,27.5,12.3,2.61,6.0,Yes,Yes,At Risk
ST10671,25,Female,IT,75.4,100.0,68.4,82.0,5.7,4.0,6.0,Yes,Yes,Not At Risk
ST07115,18,Male,Computer Science,78.1,56.4,82.4,54.2,0.7,3.65,1.0,Yes,No,Not At Risk
ST05852,23,Male,Software Engineering,91.3,53.8,58.7,65.4,0.7,2.47,7.0,Yes,Yes,Not At Risk
ST09257,24,Male,IT,88.9,73.4,88.1,38.6,3.4,2.94,2.0,No,Yes,Not At Risk
ST01228,19,Female,Data Science,89.2,60.1,61.7,47.2,7.3,3.67,4.0,Yes,No,Not At Risk
ST02932,20,Female,Software Engineering,86.5,46.3,63.1,82.1,8.9,3.81,4.0,Yes,No,Not At Risk
ST03848,22,Female,Computer Science,66.1,77.6,71.0,29.0,5.2,2.56,5.0,Yes,No,At Risk
ST05254,21,Female,Software Engineering,92.5,90.2,71.6,51.1,5.8,2.8,4.0,Yes,No,Not At Risk
ST09964,21,Male,Computer Science,63.7,68.7,49.0,93.8,4.6,3.69,2.0,Yes,No,Not At Risk
ST01092,25,Male,Computer Science,100.0,50.8,65.4,47.2,3.1,3.67,3.0,Yes,No,Not At Risk
ST06026,20,Male,Software Engineering,75.1,62.2,54.4,31.8,8.2,3.07,6.0,Yes,No,Not At Risk
ST10895,22,Male,IT,84.9,51.7,93.1,47.2,2.4,4.0,2.0,Yes,No,At Risk
ST05851,25,Female,IT,87.5,60.5,86.9,77.8,0.6,2.87,5.0,Yes,No,Not At Risk
ST06985,24,Male,Computer Science,81.7,91.1,95.0,82.2,1.0,1.98,2.0,Yes,No,Not At Risk
ST08597,22,Male,Software Engineering,76.5,71.0,39.1,66.3,3.2,2.33,6.0,Yes,Yes,Not At Risk
ST05497,19,Female,Computer Science,72.2,79.0,53.6,85.2,1.4,2.16,4.0,Yes,Yes,Not At Risk
ST01226,18,Female,Data Science,83.9,70.3,52.5,54.4,7.5,2.87,1.0,Yes,No,Not At Risk
ST11500,22,Female,IT,67.2,61.7,97.8,50.9,3.5,3.2,3.0,Yes,No,Not At Risk
ST09970,20,Female,Computer Science,80.1,62.2,29.3,53.6,5.7,2.36,4.0,Yes,Yes,Not At Risk
ST05667,20,Female,IT,68.2,83.9,53.1,46.6,5.5,1.99,6.0,Yes,No,At Risk
ST09024,21,Male,Computer Science,68.1,60.3,63.8,95.7,6.2,2.88,5.0,Yes,No,Not At Risk
ST11948,25,Female,IT,83.5,70.4,84.3,69.5,4.0,2.66,6.0,Yes,Yes,Not At Risk
ST00285,22,Male,Software Engineering,80.0,74.4,69.6,89.6,15.7,3.15,4.0,Yes,Yes,Not At Risk
ST00608,18,Female,Computer Science,80.8,90.7,100.0,62.3,0.8,2.69,7.0,Yes,No,Not At Risk
ST01989,20,Male,Data Science,82.2,84.5,95.8,59.5,3.4,3.36,6.0,Yes,No,Not At Risk
ST05119,25,Male,Software Engineering,81.0,51.5,45.5,81.9,2.0,2.27,1.0,Yes,Yes,Not At Risk
ST11762,25,Male,Software Engineering,85.8,38.7,84.7,64.8,2.4,2.16,5.0,Yes,Yes,Not At Risk
ST05641,24,Male,IT,53.8,58.7,62.1,71.6,1.8,3.14,5.0,Yes,No,Not At Risk
ST08068,23,Male,IT,82.1,80.8,52.4,87.3,4.3,2.86,6.0,Yes,Yes,Not At Risk
ST03500,22,Male,IT,89.7,72.5,69.5,47.4,6.7,2.59,1.0,Yes,No,Not At Risk
ST00946,21,Male,Data Science,73.1,100.0,55.4,55.9,7.3,2.95,7.0,Yes,No,Not At Risk
ST08531,19,Male,Data Science,71.5,51.2,74.0,43.0,6.0,2.9,,Yes,No,At Risk
ST05438,22,Male,Data Science,63.2,49.2,33.7,70.8,7.6,2.67,5.0,Yes,Yes,At Risk
ST05380,20,Female,Software Engineering,82.8,64.0,60.5,68.3,3.2,3.78,2.0,Yes,Yes,Not At Risk
ST00201,19,Female,Data Science,74.7,81.3,79.1,84.7,13.4,2.75,1.0,Yes,No,Not At Risk
ST04015,25,Female,Data Science,83.4,80.1,63.3,79.5,2.3,2.55,4.0,Yes,No,Not At Risk
ST08090,19,Female,Software Engineering,86.9,67.6,63.2,76.9,4.7,3.18,7.0,Yes,Yes,Not At Risk
ST04068,20,Female,Computer Science,83.3,59.7,47.2,81.1,10.7,3.1,6.0,Yes,No,Not At Risk
ST00108,18,Female,Software Engineering,93.7,69.0,89.0,52.8,3.2,2.42,2.0,Yes,No,Not At Risk
ST04614,24,Female,Computer Science,77.4,83.9,38.2,39.7,4.4,3.35,2.0,Yes,Yes,Not At Risk
ST04643,24,Male,Data Science,75.1,75.0,74.1,38.0,4.9,2.93,5.0,Yes,No,Not At Risk
ST11616,21,Female,Computer Science,76.6,62.9,59.4,49.6,2.3,3.2,5.0,Yes,Yes,At Risk
ST08771,22,Female,IT,72.7,67.1,86.4,62.1,13.4,3.83,6.0,Yes,No,Not At Risk
ST09374,19,Male,Computer Science,100.0,61.8,46.1,57.3,3.5,2.1,2.0,Yes,Yes,Not At Risk
ST05914,21,Female,IT,100.0,79.4,91.0,62.1,4.6,2.57,1.0,Yes,No,At Risk
ST07697,21,Male,Data Science,78.1,90.7,70.2,47.8,2.2,3.2,2.0,Yes,Yes,Not At Risk
ST11835,25,Female,Software Engineering,86.2,90.3,83.7,35.4,9.5,2.08,4.0,Yes,Yes,Not At Risk
ST00816,21,Female,Computer Science,100.0,57.7,65.6,86.3,2.7,3.61,6.0,Yes,No,Not At Risk
ST07556,23,Male,IT,86.7,57.8,87.5,64.2,10.6,2.25,2.0,Yes,Yes,At Risk
ST03192,23,Female,Computer Science,61.9,51.7,59.8,55.1,16.2,2.96,3.0,Yes,No,Not At Risk
ST11888,21,Male,Data Science,90.3,83.3,65.9,65.2,2.4,2.23,6.0,Yes,No,At Risk
ST03437,19,Male,Software Engineering,81.9,56.0,67.5,34.0,7.6,2.28,4.0,Yes,No,At Risk
ST02533,18,Male,Computer Science,100.0,55.6,30.0,30.4,2.8,2.89,5.0,Yes,Yes,Not At Risk
ST11249,24,Male,Computer Science,100.0,68.1,38.1,39.1,8.6,2.24,3.0,Yes,Yes,Not At Risk
ST04601,18,Female,Data Science,78.1,63.7,92.7,40.2,8.6,2.02,6.0,Yes,Yes,Not At Risk
ST07629,22,Female,Software Engineering,82.6,49.2,46.2,75.6,1.7,2.86,6.0,Yes,Yes,Not At Risk
ST07954,21,Female,Computer Science,75.1,100.0,45.3,84.6,8.3,2.32,5.0,Yes,Yes,Not At Risk
ST07552,20,Female,Software Engineering,84.3,54.7,74.1,67.9,2.8,4.0,5.0,Yes,No,Not At Risk
ST11507,22,Male,Software Engineering,77.6,65.3,74.1,58.5,0.9,3.74,6.0,Yes,No,Not At Risk
ST05359,18,Male,IT,89.7,81.1,80.2,85.5,4.1,2.14,5.0,Yes,No,Not At Risk
ST05665,22,Female,Computer Science,67.2,71.8,75.3,41.7,1.1,3.04,1.0,Yes,No,Not At Risk
ST05221,25,Male,IT,91.1,62.0,100.0,68.2,1.2,2.53,3.0,Yes,Yes,Not At Risk
ST00703,24,Male,IT,65.5,66.6,61.3,69.9,7.5,2.54,1.0,Yes,No,Not At Risk
ST04341,19,Female,IT,91.5,68.0,38.2,37.3,3.4,1.84,2.0,Yes,No,Not At Risk
ST06959,20,Female,Computer Science,76.3,72.0,53.1,62.5,8.6,2.28,3.0,Yes,No,Not At Risk
ST00565,24,Female,Software Engineering,85.5,63.5,75.9,60.2,7.3,2.61,4.0,Yes,Yes,Not At Risk
ST10322,19,Male,Computer Science,86.5,71.6,60.1,83.6,6.7,2.15,3.0,Yes,No,Not At Risk
ST08252,21,Female,Computer Science,98.6,80.3,58.9,90.7,6.1,2.99,4.0,Yes,Yes,Not At Risk
ST02585,20,Male,Computer Science,84.9,55.5,73.3,71.5,15.8,2.15,3.0,Yes,No,Not At Risk
ST00377,21,Male,IT,100.0,67.1,78.5,61.2,2.4,3.46,1.0,Yes,Yes,Not At Risk
ST08058,21,Female,Computer Science,78.8,67.3,50.3,59.7,4.1,3.54,6.0,Yes,Yes,Not At Risk
ST04999,22,Male,Computer Science,81.9,64.1,70.0,61.7,6.2,3.09,2.0,Yes,No,Not At Risk
ST02897,24,Male,IT,100.0,85.0,68.8,35.0,4.0,3.77,6.0,Yes,Yes,Not At Risk
ST00937,20,Male,IT,89.2,57.1,70.7,40.7,8.0,3.4,10.0,Yes,Yes,At Risk
ST05541,18,Female,IT,85.3,63.0,73.6,64.3,11.7,2.45,0.0,Yes,No,Not At Risk
ST02893,19,Female,IT,76.1,34.9,66.0,40.3,16.2,2.71,3.0,Yes,Yes,Not At Risk
ST05166,24,Female,IT,93.6,96.4,62.2,71.2,3.3,2.99,1.0,Yes,Yes,Not At Risk
ST06007,18,Female,IT,76.1,92.7,58.9,79.4,4.1,3.29,9.0,Yes,No,Not At Risk
ST02755,19,Female,Computer Science,79.8,61.4,77.3,70.9,11.9,2.83,1.0,Yes,Yes,Not At Risk
ST00299,24,M,Data Science,73.5,50.9,48.6,82.2,3.3,3.33,6.0,Yes,Yes,Not At Risk
ST08440,18,Male,IT,85.9,80.4,35.0,78.1,6.0,3.15,9.0,Yes,Yes,Not At Risk
ST10665,20,Male,Software Engineering,100.0,46.9,63.0,36.5,5.7,2.92,3.0,Yes,No,Not At Risk
ST01221,23,Female,IT,88.7,55.0,50.6,60.4,1.9,2.63,3.0,Yes,Yes,Not At Risk
ST07465,21,Male,IT,66.4,66.7,82.1,44.5,14.5,3.4,2.0,Yes,No,At Risk
ST00704,21,Male,Computer Science,76.3,83.3,84.3,51.1,3.1,2.8,2.0,Yes,Yes,Not At Risk
ST04033,23,Female,Software Engineering,73.6,63.5,62.0,55.3,6.3,3.31,5.0,,No,At Risk
ST05496,22,Male,Data Science,73.8,95.1,70.3,37.7,6.0,2.53,4.0,Yes,Yes,Not At Risk
ST11931,25,Female,Computer Science,75.5,61.7,66.3,69.3,6.7,2.97,6.0,No,No,Not At Risk
ST10603,23,Female,IT,67.1,74.8,69.6,87.5,5.1,2.48,3.0,Yes,No,Not At Risk
ST06381,22,Female,Software Engineering,70.2,89.6,71.9,68.0,15.7,2.61,3.0,Yes,No,Not At Risk
ST00661,21,Male,Computer Science,74.8,57.4,71.7,65.6,5.1,2.67,5.0,Yes,No,Not At Risk
ST07165,20,Female,Software Engineering,88.4,95.3,71.3,38.7,13.2,2.66,4.0,No,No,Not At Risk
ST10187,24,Female,Software Engineering,61.6,87.4,59.1,,20.3,2.72,4.0,Yes,No,Not At Risk
ST09503,24,Female,Computer Science,76.1,55.2,69.1,76.4,8.1,1.38,2.0,Yes,No,At Risk
ST01953,24,Female,IT,85.5,42.5,84.4,51.5,4.5,3.44,6.0,No,No,At Risk
ST03272,19,Male,IT,83.3,77.0,50.9,55.2,4.3,2.94,4.0,No,No,Not At Risk
ST03065,20,Female,Computer Science,82.7,75.5,76.9,71.0,2.9,2.97,4.0,Yes,Yes,Not At Risk
ST02050,18,Female,Computer Science,89.2,51.1,83.3,73.8,5.5,3.67,4.0,Yes,No,At Risk
ST03473,21,Female,IT,76.1,78.2,42.3,70.5,13.4,3.79,3.0,Yes,Yes,At Risk
ST07642,25,Female,Computer Science,87.6,100.0,45.4,60.7,4.5,2.6,8.0,Yes,No,Not At Risk
ST01535,18,Male,Data Science,89.1,50.4,61.6,61.9,8.9,2.21,3.0,Yes,Yes,Not At Risk
ST05209,19,Male,Data Science,84.4,52.3,47.0,50.8,6.0,2.39,5.0,Yes,No,At Risk
ST01291,22,Male,IT,93.3,66.4,52.7,42.4,4.0,3.52,1.0,Yes,No,At Risk
ST06535,22,Female,IT,73.9,72.2,66.3,68.8,5.7,2.42,5.0,Yes,No,Not At Risk
ST08892,23,Female,Software Engineering,65.7,42.6,67.1,77.2,0.8,3.29,9.0,,Yes,At Risk
ST02891,23,Male,Computer Science,85.4,81.2,76.4,34.8,1.3,3.13,3.0,Yes,Yes,At Risk
ST06905,21,Male,Software Engineering,50.9,68.3,47.2,62.9,3.0,3.17,2.0,Yes,No,Not At Risk
ST06788,21,Male,Data Science,76.2,84.8,73.9,56.1,4.0,2.82,6.0,Yes,No,At Risk
ST08043,24,Female,Computer Science,64.3,77.1,69.2,50.9,2.9,2.31,1.0,Yes,Yes,At Risk
ST04295,19,Female,Computer Science,87.9,76.4,63.3,54.7,5.0,2.66,2.0,Yes,No,Not At Risk
ST06009,23,Female,IT,81.8,67.4,40.4,64.9,9.2,2.85,3.0,Yes,Yes,Not At Risk
ST01827,22,Female,Software Engineering,90.1,94.5,90.2,100.0,4.6,2.1,6.0,Yes,Yes,Not At Risk
ST02926,23,Male,Computer Science,93.8,58.7,72.7,86.3,11.2,3.08,2.0,Yes,Yes,Not At Risk
ST11933,21,Male,IT,95.8,78.6,83.8,58.7,9.2,3.21,6.0,Yes,Yes,Not At Risk
ST08110,21,Male,Software Engineering,81.0,54.0,61.4,52.8,8.3,4.0,1.0,Yes,No,Not At Risk
ST03226,25,Female,IT,54.3,48.2,91.9,65.6,4.5,3.05,4.0,Yes,No,At Risk
ST02854,25,Female,Computer Science,83.5,43.1,71.0,65.8,0.4,2.34,4.0,Yes,Yes,At Risk
ST11991,23,Female,Computer Science,84.1,89.1,70.3,89.2,4.7,2.89,5.0,Yes,No,Not At Risk
ST09394,18,Female,Software Engineering,83.6,59.6,75.6,79.0,7.0,2.22,8.0,Yes,No,Not At Risk
ST04737,25,Female,Computer Science,67.6,91.0,60.7,74.1,9.0,2.13,5.0,Yes,No,Not At Risk
ST06095,19,Male,Software Engineering,99.0,58.1,73.5,56.1,7.3,3.05,3.0,No,No,At Risk
ST05155,18,Male,Data Science,82.1,64.0,81.2,45.6,11.9,1.73,13.0,Yes,No,At Risk
ST00241,24,Female,IT,100.0,43.9,68.0,38.0,5.9,3.34,2.0,Yes,No,At Risk
ST08822,19,Male,Software Engineering,78.7,49.9,100.0,53.6,3.0,3.3,7.0,Yes,No,Not At Risk
ST06100,24,Male,Computer Science,94.0,53.2,75.1,74.8,4.7,2.25,4.0,No,No,Not At Risk
ST08633,22,Female,IT,55.8,49.3,63.2,54.0,2.5,2.87,3.0,Yes,Yes,Not At Risk
ST03440,23,Female,Computer Science,73.5,77.6,74.2,57.7,1.3,3.45,8.0,Yes,Yes,Not At Risk
ST09275,23,Male,IT,86.8,90.6,55.3,80.9,13.1,2.55,4.0,Yes,No,Not At Risk
ST07355,25,Female,Computer Science,88.5,77.2,18.6,47.1,5.4,2.58,4.0,No,Yes,Not At Risk
ST07700,19,Male,Data Science,65.0,57.0,55.4,68.2,8.1,1.34,3.0,Yes,No,Not At Risk
ST05791,18,Female,Software Engineering,72.2,71.0,63.5,84.4,2.8,1.96,7.0,Yes,No,Not At Risk
ST00350,18,Female,Data Science,76.5,67.3,60.5,75.1,2.6,2.89,4.0,Yes,No,Not At Risk
ST10599,22,Male,Computer Science,82.5,96.7,99.1,71.3,8.5,2.33,3.0,Yes,Yes,Not At Risk
ST05809,18,Male,Computer Science,81.7,87.8,89.1,67.3,7.9,1.56,3.0,Yes,Yes,Not At Risk
ST10486,22,Female,IT,81.4,100.0,75.1,52.9,2.7,2.68,4.0,Yes,No,Not At Risk
ST11688,25,Male,Computer Science,85.2,67.6,73.1,,8.7,3.26,9.0,Yes,Yes,Not At Risk
ST08381,19,Female,Computer Science,82.5,52.3,74.7,50.1,4.2,2.41,10.0,Yes,No,Not At Risk
ST06426,23,Female,Data Science,77.8,87.9,53.4,60.4,2.3,3.55,3.0,Yes,No,Not At Risk
ST06560,25,Female,Computer Science,84.5,79.6,68.3,76.3,5.7,3.42,5.0,Yes,Yes,Not At Risk
ST11094,24,Male,Computer Science,85.1,59.9,63.2,67.7,5.4,2.03,6.0,Yes,No,Not At Risk
ST06821,18,Female,Computer Science,87.8,49.9,61.9,69.3,6.1,3.4,2.0,Yes,Yes,Not At Risk
ST05735,19,Female,Software Engineering,77.1,70.8,79.5,82.4,1.6,4.0,2.0,Yes,No,Not At Risk
ST10537,21,Female,Data Science,74.3,42.5,57.9,51.9,8.0,2.8,4.0,No,Yes,At Risk
ST03794,19,Female,IT,79.7,78.7,61.7,66.6,5.2,3.25,2.0,Yes,Yes,Not At Risk
ST08445,18,Female,Computer Science,66.2,63.9,86.3,47.1,3.8,4.0,5.0,Yes,No,At Risk
ST07602,19,Male,Software Engineering,53.3,71.1,65.3,32.9,6.6,3.41,4.0,Yes,No,At Risk
ST05224,25,Male,Data Science,76.3,68.0,51.4,39.4,8.1,2.79,6.0,Yes,Yes,Not At Risk
ST08827,22,Female,Computer Science,71.3,60.5,87.3,89.2,7.3,2.62,5.0,Yes,Yes,At Risk
ST09656,20,Male,Computer Science,79.4,67.9,67.6,76.1,13.0,2.95,2.0,Yes,Yes,Not At Risk
ST00599,23,Male,Data Science,69.6,86.7,28.7,49.2,10.3,3.67,4.0,Yes,Yes,Not At Risk
ST06492,18,Female,Data Science,76.2,42.5,87.6,65.4,13.9,2.37,3.0,Yes,No,Not At Risk
ST02971,24,Female,Data Science,97.3,82.0,80.6,17.7,2.6,2.98,3.0,Yes,Yes,Not At Risk
ST11633,22,Male,IT,69.8,37.2,67.1,71.8,5.7,3.39,9.0,Yes,No,Not At Risk
ST02817,23,Female,Software Engineering,83.9,63.0,78.0,88.6,10.3,3.21,5.0,Yes,No,Not At Risk
ST04900,22,Female,Software Engineering,77.6,69.4,63.0,30.7,9.7,1.87,2.0,Yes,Yes,At Risk
ST00267,19,Male,Computer Science,89.4,88.1,82.1,75.0,14.5,2.63,5.0,Yes,Yes,At Risk
ST05506,19,Male,Software Engineering,100.0,78.2,74.1,81.3,3.7,2.27,6.0,Yes,Yes,Not At Risk
ST08527,20,Male,Software Engineering,84.7,57.5,53.4,82.4,4.9,3.04,2.0,Yes,Yes,Not At Risk
ST08446,18,Female,Software Engineering,77.7,69.1,64.2,47.8,2.3,3.41,5.0,Yes,No,At Risk
ST00394,20,Female,Software Engineering,83.4,54.2,67.7,69.1,5.2,2.85,3.0,Yes,No,Not At Risk
ST09480,19,Female,Data Science,60.5,73.1,95.5,59.1,2.5,3.83,3.0,Yes,No,At Risk
ST10769,19,Female,Software Engineering,69.3,77.5,57.3,61.8,9.7,2.85,3.0,Yes,No,Not At Risk
ST10762,21,Female,IT,76.1,80.3,41.8,10.0,11.8,3.72,2.0,No,No,Not At Risk
ST01458,20,Male,Computer Science,77.2,84.5,58.3,67.3,4.3,2.95,4.0,Yes,Yes,At Risk
ST04429,19,Male,Software Engineering,97.6,62.2,67.7,62.1,9.4,3.93,3.0,Yes,No,Not At Risk
ST10325,18,Male,Software Engineering,76.9,74.6,80.1,62.4,2.6,3.04,2.0,Yes,Yes,Not At Risk
ST11525,22,Female,Computer Science,67.7,59.5,65.6,62.3,4.3,2.0,3.0,Yes,Yes,Not At Risk
ST04003,22,Male,Computer Science,83.2,49.2,67.3,50.0,3.2,2.44,0.0,Yes,No,At Risk
ST09383,19,Male,Computer Science,90.1,87.0,43.3,77.7,6.0,1.6,6.0,Yes,No,Not At Risk
ST09190,22,Female,Data Science,72.8,77.6,100.0,,3.5,3.08,3.0,Yes,Yes,Not At Risk
ST05354,19,Female,Computer Science,81.6,70.0,56.4,84.5,3.6,2.46,2.0,Yes,Yes,Not At Risk
ST01685,24,Male,Data Science,89.0,68.9,72.6,76.6,0.8,2.66,7.0,Yes,No,Not At Risk
ST00419,18,female,Computer Science,90.9,68.9,42.1,47.5,4.9,3.05,3.0,Yes,Yes,Not At Risk
ST05355,22,Female,Computer Science,61.6,68.2,69.7,61.0,5.6,3.4,4.0,Yes,No,Not At Risk
ST10355,19,Male,Software Engineering,94.8,74.1,84.3,39.0,2.5,2.87,5.0,Yes,No,Not At Risk
ST01205,18,Male,Computer Science,98.0,71.6,73.6,76.0,6.5,3.92,5.0,Yes,Yes,Not At Risk
ST10593,25,Female,Software Engineering,70.7,55.2,74.0,72.6,1.2,2.23,3.0,Yes,No,Not At Risk
ST11310,19,Male,Software Engineering,91.2,53.9,58.1,,5.3,2.33,3.0,Yes,No,Not At Risk
ST11329,20,Female,IT,62.4,99.0,91.1,31.1,5.9,3.47,3.0,Yes,No,Not At Risk
ST03997,24,Female,Computer Science,76.2,56.5,93.2,72.9,3.3,2.45,0.0,Yes,Yes,Not At Risk
ST01495,25,Female,Computer Science,74.6,47.6,61.8,60.7,6.4,2.89,3.0,Yes,Yes,Not At Risk
ST01593,18,Male,Software Engineering,76.2,71.5,75.1,71.9,4.6,3.07,2.0,Yes,No,Not At Risk
ST00102,21,Male,Computer Science,95.7,64.8,56.5,55.9,14.7,3.12,3.0,Yes,No,Not At Risk
ST07512,21,Male,IT,85.4,69.9,66.4,39.2,7.3,2.29,6.0,Yes,No,Not At Risk
ST10660,21,Female,Computer Science,83.1,87.1,63.5,43.2,4.8,2.63,6.0,Yes,Yes,Not At Risk
ST04899,20,Female,,88.0,87.1,63.1,99.8,1.5,3.42,3.0,Yes,Yes,Not At Risk
ST01905,18,Male,Computer Science,84.8,66.6,80.7,55.5,2.8,3.47,3.0,Yes,Yes,Not At Risk
ST07267,25,Male,Computer Science,94.5,63.1,82.8,43.9,4.3,2.44,2.0,Yes,No,Not At Risk
ST03828,19,Male,Data Science,92.8,72.1,73.0,71.1,10.5,4.0,4.0,Yes,Yes,At Risk
ST02033,25,Male,Computer Science,80.5,63.8,64.2,37.3,3.6,4.0,6.0,Yes,No,Not At Risk
ST07338,25,Male,IT,100.0,82.7,60.1,45.3,3.8,2.51,3.0,Yes,No,Not At Risk
ST01049,19,Male,Computer Science,77.9,47.1,57.0,69.6,8.4,2.35,0.0,Yes,Yes,At Risk
ST02764,22,Female,IT,75.2,68.7,59.6,69.6,3.9,3.74,7.0,Yes,Yes,Not At Risk
ST06575,19,Female,Data Science,89.2,65.8,57.7,53.2,5.5,3.21,3.0,Yes,No,Not At Risk
ST10732,19,Male,Computer Science,80.6,71.6,55.6,38.3,7.5,3.51,6.0,Yes,Yes,Not At Risk
ST11123,24,Female,Data Science,84.8,100.0,75.7,97.7,2.2,2.82,4.0,Yes,No,Not At Risk
ST00397,19,Female,IT,60.6,60.0,66.7,38.4,14.0,3.52,2.0,Yes,Yes,Not At Risk
ST11752,22,Female,Computer Science,89.4,81.0,84.2,70.2,3.3,2.12,2.0,Yes,Yes,Not At Risk
ST01186,24,Male,Computer Science,69.4,57.0,82.1,50.8,1.7,2.74,1.0,Yes,No,Not At Risk
ST07292,25,Female,IT,56.9,85.0,68.8,31.8,3.3,3.63,3.0,Yes,No,Not At Risk
ST06697,19,Male,IT,90.7,46.7,79.6,51.4,9.1,2.78,8.0,Yes,Yes,Not At Risk
ST02330,24,Female,Data Science,93.1,66.5,71.7,92.9,2.8,3.45,6.0,Yes,No,Not At Risk
ST02700,25,Male,Computer Science,71.3,59.2,68.8,68.4,6.6,2.5,4.0,Yes,Yes,At Risk
ST05609,20,Male,Computer Science,96.0,66.2,51.3,78.6,5.5,2.55,6.0,Yes,No,Not At Risk
ST09105,20,Male,IT,78.3,78.7,73.3,81.0,1.8,2.25,3.0,Yes,Yes,Not At Risk
ST08087,23,Female,IT,90.3,67.0,31.3,95.5,8.7,3.13,3.0,No,Yes,Not At Risk
ST06260,20,Male,Software Engineering,100.0,53.8,62.7,75.4,9.2,2.93,4.0,Yes,No,Not At Risk
ST02003,22,Male,Software Engineering,69.5,57.2,37.8,85.1,5.7,3.15,1.0,Yes,Yes,Not At Risk
ST01965,19,Male,IT,79.2,66.9,87.4,54.9,6.1,3.65,5.0,No,No,Not At Risk
ST05217,19,Female,Computer Science,74.9,85.4,81.1,28.7,3.0,3.14,8.0,Yes,Yes,Not At Risk
ST10712,20,Female,Computer Science,89.3,46.4,32.4,61.6,1.9,4.0,1.0,Yes,No,Not At Risk
ST00670,21,Female,Software Engineering,71.1,68.3,94.2,68.4,7.4,3.01,5.0,Yes,Yes,Not At Risk
ST04138,18,Female,IT,77.3,94.5,62.2,79.6,7.0,3.33,,Yes,Yes,Not At Risk
ST03595,19,Male,IT,83.8,87.2,62.0,77.0,4.2,3.83,5.0,Yes,No,Not At Risk
ST11776,25,Male,Data Science,78.6,57.4,77.2,71.7,6.3,3.1,4.0,Yes,No,Not At Risk
ST11410,22,Female,IT,86.0,58.7,76.7,40.9,7.1,1.96,4.0,Yes,Yes,At Risk
ST01555,24,Female,Software Engineering,63.5,72.2,56.7,77.2,13.2,1.95,1.0,Yes,No,Not At Risk
ST04268,24,Male,,74.2,60.9,71.9,67.1,3.1,2.53,4.0,Yes,Yes,Not At Risk
ST11130,22,Female,Computer Science,65.9,68.7,54.4,55.7,4.7,2.88,5.0,Yes,No,At Risk
ST02457,20,Male,Computer Science,82.9,66.6,58.8,57.2,4.7,2.71,3.0,Yes,No,At Risk
ST05533,23,Male,IT,67.5,49.2,65.2,63.2,10.5,3.04,1.0,Yes,Yes,Not At Risk
ST00269,23,Female,Data Science,82.2,62.2,74.8,62.1,6.6,2.95,5.0,Yes,No,Not At Risk
ST08743,21,Female,Computer Science,99.4,76.1,52.2,63.5,14.3,2.43,4.0,Yes,Yes,Not At Risk
ST05738,22,Female,Computer Science,81.6,59.9,45.5,46.6,10.5,2.83,3.0,Yes,No,Not At Risk
ST03173,24,Male,Software Engineering,82.2,90.9,59.6,82.4,6.3,3.37,6.0,Yes,No,Not At Risk
ST03516,25,Male,Software Engineering,72.6,62.4,64.7,79.7,1.5,2.89,4.0,Yes,Yes,Not At Risk
ST11941,23,Male,Software Engineering,78.9,71.6,60.4,93.6,1.3,2.05,6.0,No,Yes,Not At Risk
ST11976,18,Female,Computer Science,79.4,66.2,57.7,38.9,15.7,3.15,7.0,Yes,Yes,Not At Risk
ST08812,18,Female,Computer Science,75.5,89.2,75.2,50.1,10.3,2.71,7.0,Yes,No,Not At Risk
ST09170,24,Male,IT,68.7,74.4,29.7,51.4,3.2,4.0,8.0,Yes,Yes,Not At Risk
ST01088,25,Female,Software Engineering,78.7,57.3,41.5,85.0,5.5,3.42,5.0,Yes,No,Not At Risk
ST10199,22,Male,Computer Science,80.5,77.7,82.9,53.8,3.2,3.2,3.0,Yes,Yes,Not At Risk
ST11075,22,Female,Computer Science,97.1,48.5,52.4,66.7,7.4,2.96,5.0,Yes,No,Not At Risk
ST10841,21,Female,Data Science,84.5,55.5,69.4,72.7,5.1,3.14,6.0,Yes,No,Not At Risk
ST10719,19,Male,Data Science,56.8,47.2,65.7,36.5,1.9,2.86,3.0,Yes,No,At Risk
ST03017,20,Female,Data Science,91.7,58.0,47.2,80.7,7.3,2.6,5.0,Yes,No,Not At Risk
ST03810,19,Female,Computer Science,100.0,37.0,34.9,68.1,3.5,3.62,,Yes,No,Not At Risk
ST05171,22,Female,Computer Science,100.0,82.2,68.5,69.1,4.7,3.42,4.0,Yes,No,Not At Risk
ST08348,20,Male,Computer Science,97.7,51.3,55.1,,3.6,1.72,4.0,Yes,No,Not At Risk
ST05125,22,Female,Computer Science,60.2,53.4,51.6,67.4,3.8,3.04,5.0,Yes,No,Not At Risk
ST04915,21,Male,Computer Science,70.5,46.2,67.8,88.8,7.6,2.13,4.0,Yes,Yes,Not At Risk
ST09226,22,Female,Computer Science,80.8,90.3,44.3,78.1,7.2,2.47,5.0,Yes,Yes,Not At Risk
ST05931,24,Female,Software Engineering,56.7,75.0,58.7,25.4,3.4,2.5,2.0,Yes,No,At Risk
ST00642,24,Female,Computer Science,60.1,31.4,82.8,60.3,8.0,2.84,1.0,Yes,No,At Risk
ST11578,21,Male,Data Science,66.1,74.2,80.4,66.6,8.8,2.56,7.0,Yes,Yes,Not At Risk
ST01524,23,Female,Software Engineering,87.5,69.1,65.0,71.5,3.2,3.73,8.0,Yes,Yes,Not At Risk
ST02230,18,Male,Data Science,70.9,59.6,74.1,,12.5,3.89,5.0,Yes,No,Not At Risk
ST09547,23,Male,IT,73.1,45.9,58.3,82.8,7.6,3.23,3.0,Yes,No,Not At Risk
ST00305,22,Male,IT,78.5,95.8,51.4,72.8,1.6,2.76,1.0,Yes,Yes,Not At Risk
ST11334,25,Male,Data Science,92.2,58.0,96.3,41.5,11.2,3.29,8.0,Yes,No,Not At Risk
ST01469,23,Female,IT,78.6,56.5,57.3,54.5,8.6,2.49,3.0,Yes,Yes,Not At Risk
ST04808,20,Male,IT,76.8,54.3,76.4,78.6,6.8,2.07,0.0,Yes,No,At Risk
ST04002,20,Female,Software Engineering,74.3,69.5,75.2,66.0,4.6,2.2,2.0,Yes,No,Not At Risk
ST11210,23,Male,IT,89.5,68.7,47.4,95.5,0.7,3.9,4.0,Yes,No,Not At Risk
ST10383,24,Female,IT,79.2,64.8,93.3,84.9,4.4,3.08,3.0,Yes,Yes,At Risk
ST07016,20,Male,Computer Science,80.6,64.8,73.1,61.1,6.5,3.29,5.0,Yes,Yes,Not At Risk
ST06520,18,Male,Computer Science,74.5,68.3,53.5,23.8,12.9,3.75,2.0,No,No,Not At Risk
ST02349,22,Male,Data Science,94.6,96.1,99.1,43.6,11.4,2.57,6.0,Yes,No,Not At Risk
ST00770,25,Female,Data Science,70.0,54.2,68.9,48.1,11.2,2.14,,Yes,No,Not At Risk
ST04236,23,Male,IT,62.8,72.0,62.7,35.4,3.6,3.59,2.0,Yes,No,Not At Risk
ST11258,25,Female,Computer Science,100.0,81.5,75.3,69.7,3.8,2.63,4.0,Yes,No,Not At Risk
ST06634,24,Male,Computer Science,100.0,66.3,48.9,62.3,2.8,4.0,3.0,Yes,Yes,Not At Risk
ST11906,23,Female,Computer Science,97.3,66.6,89.3,76.7,10.5,3.92,4.0,Yes,Yes,Not At Risk
ST04195,20,Male,Software Engineering,80.4,70.8,22.6,73.6,6.8,2.82,7.0,Yes,Yes,Not At Risk
ST05546,25,Male,Computer Science,87.9,62.6,100.0,85.3,4.9,4.0,6.0,Yes,Yes,Not At Risk
ST06941,20,Male,Data Science,65.8,33.9,71.7,88.0,4.5,3.4,3.0,Yes,No,Not At Risk
ST06145,22,Male,Software Engineering,77.4,66.4,87.7,,8.1,4.0,2.0,Yes,Yes,Not At Risk
ST04961,22,Female,Software Engineering,74.5,74.0,47.0,79.3,2.2,3.27,3.0,Yes,No,Not At Risk
ST09006,23,Male,IT,91.7,73.9,54.2,74.7,4.9,3.26,4.0,Yes,Yes,Not At Risk
ST10123,22,Female,Computer Science,89.3,87.9,52.0,65.3,2.4,3.44,5.0,No,Yes,Not At Risk
ST04264,21,Female,Data Science,81.8,67.5,49.9,88.1,10.0,3.08,1.0,Yes,No,Not At Risk
ST04498,19,Male,IT,91.2,31.9,57.8,73.6,4.2,2.88,2.0,Yes,Yes,Not At Risk
ST08092,22,Male,Data Science,96.9,48.7,94.1,43.1,2.7,2.86,5.0,Yes,No,Not At Risk
ST02934,23,Female,Software Engineering,73.5,60.9,78.3,60.0,4.2,3.67,7.0,Yes,No,At Risk
ST06627,18,Female,Software Engineering,92.2,80.7,52.8,75.5,9.0,2.4,3.0,Yes,Yes,Not At Risk
ST06573,19,Female,Software Engineering,89.6,92.4,66.0,55.2,6.9,4.0,3.0,Yes,No,Not At Risk
ST00092,23,Male,Software Engineering,94.7,47.8,84.1,43.0,7.3,2.98,2.0,Yes,No,Not At Risk
ST00858,25,Female,Software Engineering,75.1,80.4,66.6,46.5,8.0,2.89,7.0,Yes,No,Not At Risk
ST03924,21,Female,Software Engineering,74.1,79.5,75.3,80.4,6.6,3.18,3.0,Yes,No,Not At Risk
ST10490,18,Male,IT,90.6,82.8,57.7,63.2,6.6,2.99,2.0,Yes,No,Not At Risk
ST02634,25,Female,Software Engineering,77.5,66.5,83.5,35.7,7.1,2.17,7.0,Yes,No,Not At Risk
ST07427,25,Female,IT,84.4,61.0,89.4,66.6,4.3,3.01,8.0,Yes,Yes,Not At Risk
ST09337,20,Female,Computer Science,86.4,66.0,68.8,87.7,13.4,3.51,4.0,Yes,Yes,Not At Risk
ST05538,24,Female,IT,59.2,78.4,59.8,66.1,5.2,2.28,5.0,No,No,Not At Risk
ST07589,23,Male,Computer Science,94.2,62.6,68.4,43.4,4.0,2.33,0.0,Yes,Yes,Not At Risk
ST02382,19,Male,IT,83.9,79.6,75.0,75.4,0.8,3.43,5.0,Yes,No,Not At Risk
ST02369,25,Male,Software Engineering,84.7,53.7,50.1,42.5,9.7,2.92,5.0,Yes,No,Not At Risk
ST06418,24,Male,Computer Science,87.6,57.6,54.2,46.7,3.9,4.0,2.0,Yes,No,At Risk
ST07510,22,Female,Computer Science,90.0,77.6,69.0,53.3,7.1,2.95,4.0,Yes,Yes,Not At Risk
ST01146,23,Female,Computer Science,68.7,70.2,53.4,56.6,9.5,1.57,6.0,Yes,No,At Risk
ST08031,20,Female,Data Science,74.7,74.4,92.6,70.1,6.2,3.06,3.0,Yes,Yes,At Risk
ST10519,23,Female,Computer Science,68.8,63.0,50.4,46.8,5.3,2.53,5.0,Yes,Yes,Not At Risk
ST01779,25,Female,Software Engineering,99.4,64.0,59.9,55.5,3.7,2.48,2.0,Yes,Yes,Not At Risk
ST03849,25,Male,Computer Science,75.7,70.9,68.2,71.6,3.9,3.34,2.0,Yes,No,Not At Risk
ST06607,20,Female,Computer Science,69.1,85.2,64.7,64.1,5.9,2.9,6.0,Yes,No,Not At Risk
ST11564,18,Male,Software Engineering,91.2,66.1,52.4,85.0,1.6,3.92,1.0,Yes,Yes,Not At Risk
ST01379,20,Female,IT,100.0,50.9,61.0,74.3,1.5,2.57,2.0,Yes,No,Not At Risk
ST09238,21,Female,Data Science,90.4,44.7,83.9,70.4,3.6,2.62,10.0,Yes,No,Not At Risk
ST04844,18,Female,Computer Science,93.5,43.7,88.1,61.4,6.2,2.82,2.0,Yes,No,Not At Risk
ST03415,18,Male,Computer Science,75.2,40.5,77.7,54.5,16.4,3.73,5.0,Yes,Yes,Not At Risk
ST09795,24,Male,Software Engineering,78.7,80.6,86.4,76.3,3.9,2.54,3.0,Yes,No,Not At Risk
ST11419,22,Female,Computer Science,65.6,76.5,53.1,66.8,3.6,3.3,6.0,Yes,No,Not At Risk
ST08113,23,Male,Software Engineering,61.3,75.5,66.5,84.4,7.8,3.09,6.0,Yes,No,Not At Risk
ST02437,21,Female,Data Science,84.2,48.1,88.4,68.4,2.2,3.15,5.0,Yes,Yes,Not At Risk
ST10292,18,Male,IT,100.0,62.7,71.8,81.0,4.2,2.98,3.0,No,No,Not At Risk
ST05603,18,Male,IT,100.0,75.2,69.2,53.5,5.3,2.44,4.0,Yes,Yes,At Risk
ST05668,19,Male,Software Engineering,72.3,61.7,47.2,88.3,4.7,3.14,5.0,Yes,No,Not At Risk
ST11316,19,Male,IT,84.0,80.2,73.8,90.2,15.6,3.19,6.0,Yes,Yes,Not At Risk
ST01638,19,Female,IT,91.3,62.7,82.6,66.0,6.3,3.04,1.0,Yes,No,Not At Risk
ST08278,18,Male,IT,85.3,80.7,75.9,35.4,15.4,2.51,4.0,Yes,No,Not At Risk
ST03582,20,Male,Data Science,88.4,60.8,79.4,77.1,8.6,3.34,3.0,Yes,No,Not At Risk
ST11695,23,Male,Software Engineering,100.0,47.7,80.3,91.1,4.9,2.94,3.0,Yes,No,Not At Risk
ST01763,23,Male,Computer Science,100.0,80.1,75.8,50.1,3.8,2.69,2.0,Yes,No,Not At Risk
ST09849,18,Male,IT,57.7,67.5,67.1,80.6,5.3,2.97,2.0,Yes,No,Not At Risk
ST10470,20,Female,Computer Science,62.9,77.5,90.7,100.0,6.5,3.89,5.0,Yes,No,Not At Risk
ST06278,19,Female,IT,93.6,76.1,57.3,48.5,4.4,3.49,2.0,Yes,Yes,Not At Risk
ST01636,19,Female,IT,98.0,100.0,90.4,71.4,4.6,2.66,4.0,No,No,Not At Risk
ST10395,18,Male,IT,66.3,93.6,78.7,56.6,7.1,1.87,7.0,No,No,Not At Risk
ST00868,25,Male,IT,73.3,81.5,56.2,41.8,2.7,2.89,4.0,Yes,Yes,Not At Risk
ST09336,24,Male,Software Engineering,79.1,72.2,87.2,43.9,6.8,2.24,3.0,Yes,No,Not At Risk
ST07408,18,Male,IT,63.1,55.3,46.9,47.8,5.3,2.53,2.0,Yes,No,At Risk
ST00820,23,Male,Software Engineering,91.3,78.8,78.1,76.7,7.0,3.48,6.0,Yes,No,Not At Risk
ST02284,22,Female,Data Science,74.9,72.6,65.8,45.2,14.2,2.19,12.0,Yes,No,Not At Risk
ST10423,25,Male,Computer Science,68.0,56.0,47.4,26.6,2.1,3.28,5.0,Yes,No,At Risk
ST05228,21,Male,IT,82.1,75.6,36.0,70.2,3.4,3.17,5.0,Yes,Yes,At Risk
ST00140,24,Male,Data Science,88.3,64.0,100.0,48.9,4.4,3.17,2.0,Yes,No,Not At Risk
ST10333,18,Male,IT,76.5,46.6,68.7,43.7,8.5,2.3,2.0,Yes,No,Not At Risk
ST09491,18,Female,Computer Science,100.0,78.8,67.3,81.7,6.8,2.82,5.0,No,Yes,Not At Risk
ST08160,22,Female,Computer Science,93.3,95.1,70.8,28.6,0.8,2.53,3.0,Yes,Yes,Not At Risk
ST01308,22,Male,Data Science,67.1,82.4,61.8,92.7,14.2,3.89,6.0,Yes,Yes,Not At Risk
ST11754,24,Male,Software Engineering,78.8,72.7,56.7,54.5,9.8,1.72,2.0,Yes,No,Not At Risk
ST06017,23,Female,IT,81.5,70.1,71.9,39.0,2.6,3.1,3.0,Yes,No,Not At Risk
ST07457,20,Female,IT,81.4,63.6,94.3,81.1,4.3,2.91,5.0,Yes,No,Not At Risk
ST02519,25,Female,IT,71.1,48.6,69.4,63.3,2.9,2.65,3.0,Yes,No,Not At Risk
ST02161,24,Female,Data Science,92.0,83.9,58.8,71.3,7.3,2.19,4.0,Yes,Yes,Not At Risk
ST05985,22,Female,Data Science,81.8,68.1,53.8,74.0,7.6,3.52,7.0,Yes,No,Not At Risk
ST05962,23,Female,Computer Science,86.7,99.2,31.4,67.2,1.9,1.9,4.0,Yes,No,Not At Risk
ST08735,22,Female,Data Science,94.7,82.4,56.0,57.4,7.3,3.79,3.0,Yes,Yes,Not At Risk
ST00348,21,Male,Software Engineering,80.1,66.2,93.1,78.3,6.1,3.36,2.0,No,Yes,Not At Risk
ST06595,24,Female,Computer Science,79.4,50.5,59.9,65.2,4.6,3.19,3.0,Yes,No,Not At Risk
ST11612,25,Male,IT,76.1,70.7,81.1,56.1,1.3,3.55,2.0,Yes,No,Not At Risk
ST09516,25,Female,Software Engineering,81.6,56.9,55.1,39.1,4.2,3.25,4.0,Yes,Yes,Not At Risk
ST04511,18,Male,Software Engineering,76.5,77.4,65.2,,7.6,3.07,1.0,Yes,Yes,At Risk
ST09655,25,Female,Computer Science,100.0,27.6,49.4,54.9,5.1,3.14,8.0,Yes,No,Not At Risk
ST11324,25,Male,IT,66.1,52.4,36.4,78.4,5.9,3.67,4.0,Yes,Yes,Not At Risk
ST10639,19,Male,Data Science,96.4,49.2,64.7,36.2,2.3,2.47,4.0,Yes,Yes,Not At Risk
ST08770,18,Female,IT,77.0,59.0,56.7,71.8,13.5,2.17,1.0,Yes,No,Not At Risk
ST10040,25,Male,Software Engineering,66.5,88.3,99.1,59.0,4.5,3.17,3.0,Yes,No,Not At Risk
ST02337,19,Female,Data Science,92.7,82.1,77.4,82.4,2.4,2.91,3.0,Yes,No,Not At Risk
ST09214,18,Male,Computer Science,72.7,63.7,84.0,64.9,0.9,3.3,4.0,Yes,Yes,Not At Risk
ST07030,19,Male,Software Engineering,67.5,100.0,70.5,72.7,8.1,1.66,7.0,Yes,No,Not At Risk
ST02819,19,Female,Software Engineering,75.2,52.4,74.6,79.4,2.9,3.18,3.0,Yes,No,Not At Risk
ST08422,22,Male,Computer Science,83.6,66.1,61.1,73.4,11.0,3.31,4.0,Yes,Yes,Not At Risk
ST07657,23,Male,Data Science,99.7,90.0,72.7,56.9,4.7,2.62,6.0,Yes,Yes,Not At Risk
ST07446,24,Male,Computer Science,79.4,50.9,57.6,58.9,6.5,3.32,7.0,Yes,Yes,Not At Risk
ST00148,18,Female,Computer Science,86.8,64.2,43.8,60.9,6.8,4.0,3.0,Yes,No,Not At Risk
ST05445,20,Male,Data Science,94.3,68.9,72.1,81.4,3.6,2.76,2.0,Yes,Yes,Not At Risk
ST03825,23,Female,Software Engineering,84.9,67.6,85.2,86.5,15.5,2.06,3.0,Yes,No,Not At Risk
ST07635,18,Male,Data Science,76.8,98.0,64.8,63.0,4.1,1.98,4.0,Yes,No,Not At Risk
ST10097,18,Female,Computer Science,79.7,79.1,59.9,61.3,9.1,1.9,6.0,Yes,No,Not At Risk
ST09379,19,Male,IT,75.8,58.3,50.0,62.8,4.4,3.5,2.0,Yes,No,At Risk
ST06925,21,Female,Computer Science,78.0,73.4,58.9,60.9,4.0,2.66,,Yes,Yes,At Risk
ST00848,20,Male,Computer Science,86.4,55.7,71.2,60.2,7.9,3.82,5.0,Yes,Yes,Not At Risk
ST03298,20,Female,Computer Science,100.0,73.1,100.0,64.0,5.9,1.34,4.0,Yes,No,Not At Risk
ST02877,24,Male,Data Science,74.0,72.9,71.6,68.6,7.0,3.09,8.0,Yes,No,Not At Risk
ST03432,20,Female,Data Science,100.0,67.1,83.2,82.7,3.6,2.15,2.0,Yes,No,Not At Risk
ST05011,22,Female,Computer Science,100.0,53.0,85.9,44.3,7.5,3.91,4.0,No,No,Not At Risk
ST02826,22,Female,IT,73.2,75.6,90.1,63.6,7.1,4.0,5.0,Yes,No,Not At Risk
ST09369,19,Female,Computer Science,85.5,52.9,52.0,57.4,3.6,3.02,6.0,Yes,Yes,At Risk
ST09163,22,Male,IT,89.9,72.0,74.3,68.7,7.1,3.29,4.0,Yes,Yes,Not At Risk
ST08982,25,Female,IT,97.8,53.4,100.0,63.2,2.8,3.14,4.0,Yes,No,Not At Risk
ST07248,21,Female,Computer Science,66.9,68.3,74.5,49.5,6.0,3.33,5.0,Yes,Yes,Not At Risk
ST09971,19,Male,Software Engineering,80.6,74.7,58.9,61.6,5.3,3.31,4.0,No,Yes,At Risk
ST02811,23,Male,IT,95.3,73.5,54.5,55.9,4.7,2.61,2.0,Yes,No,Not At Risk
ST03587,23,Female,IT,84.5,86.0,51.5,90.5,9.3,3.61,6.0,No,No,Not At Risk
ST00992,18,Male,Software Engineering,100.0,81.7,59.6,56.0,2.7,2.03,5.0,Yes,No,Not At Risk
ST07885,25,Male,Computer Science,100.0,75.1,52.5,91.6,4.2,3.97,3.0,No,No,Not At Risk
ST10677,22,Female,Data Science,87.3,68.6,43.4,46.4,2.7,3.35,5.0,Yes,No,Not At Risk
ST01081,23,Female,Computer Science,73.1,68.7,19.4,77.9,2.2,4.0,4.0,Yes,Yes,Not At Risk
ST03476,19,Female,,72.3,56.0,96.7,27.9,4.6,2.96,4.0,Yes,Yes,Not At Risk
ST06349,25,Male,Data Science,73.2,76.1,70.0,32.1,5.5,2.31,3.0,Yes,Yes,Not At Risk
ST11725,23,Male,Computer Science,81.7,41.9,76.9,44.3,7.2,4.0,8.0,Yes,No,At Risk
ST03484,20,Female,Computer Science,72.2,62.1,61.0,56.1,4.9,1.7,7.0,Yes,No,At Risk
ST03917,22,Female,Software Engineering,92.1,77.4,52.6,49.5,5.9,1.53,5.0,Yes,No,Not At Risk
ST02250,20,Male,IT,96.5,70.5,46.5,76.5,7.2,2.59,4.0,Yes,No,Not At Risk
ST02727,19,Female,IT,100.0,81.1,90.6,100.0,3.3,2.64,3.0,Yes,Yes,Not At Risk
ST00071,20,Female,Software Engineering,84.6,53.0,66.3,60.4,0.9,3.17,3.0,Yes,Yes,Not At Risk
ST10336,23,Male,Computer Science,82.9,67.2,77.6,,3.1,2.6,5.0,Yes,No,Not At Risk
ST00404,25,Male,Software Engineering,71.5,74.4,81.4,73.5,3.3,4.0,4.0,Yes,No,Not At Risk
ST00537,20,Male,Computer Science,88.4,74.8,74.3,100.0,13.8,2.04,5.0,Yes,No,Not At Risk
ST07276,25,Male,IT,93.6,74.5,48.4,57.5,10.5,3.89,6.0,Yes,No,Not At Risk
ST03706,25,Male,IT,99.2,70.4,84.7,72.3,3.6,1.64,4.0,Yes,No,Not At Risk
ST02388,23,Male,Software Engineering,86.6,68.7,37.7,64.1,6.5,3.08,5.0,Yes,Yes,Not At Risk
ST00589,20,Female,Software Engineering,82.8,63.4,58.6,63.5,5.2,3.88,1.0,Yes,Yes,Not At Risk
ST03496,21,Male,Software Engineering,74.5,68.6,59.7,70.7,6.6,2.6,5.0,Yes,No,Not At Risk
ST08718,23,Female,Computer Science,80.4,87.5,69.5,62.5,7.7,2.51,3.0,Yes,No,Not At Risk
ST00508,20,Male,Computer Science,88.4,69.1,41.6,80.7,1.7,2.7,4.0,Yes,No,Not At Risk
ST00417,22,Female,Data Science,82.7,54.6,50.7,40.3,7.2,1.75,5.0,Yes,Yes,At Risk
ST00666,24,Male,Software Engineering,95.0,79.9,35.1,76.3,10.4,3.43,2.0,Yes,Yes,Not At Risk
ST09829,18,Female,Computer Science,83.1,55.3,80.6,49.6,3.3,3.23,5.0,Yes,No,Not At Risk
ST06485,24,Female,Software Engineering,73.5,51.7,56.5,62.3,9.1,2.09,3.0,Yes,No,At Risk
ST08725,19,Male,Computer Science,76.0,72.5,65.0,92.6,6.5,2.58,3.0,Yes,Yes,Not At Risk
ST06343,21,Male,IT,78.5,82.5,68.8,36.5,12.8,1.83,3.0,Yes,Yes,Not At Risk
ST11187,22,Male,Software Engineering,77.7,35.7,59.2,57.3,4.7,3.56,2.0,Yes,Yes,Not At Risk
ST10359,22,Male,Computer Science,74.1,60.9,87.3,63.9,7.2,2.28,8.0,Yes,Yes,At Risk
ST01138,22,Male,Computer Science,77.2,74.5,46.7,64.5,2.7,1.85,5.0,Yes,No,At Risk
ST02748,19,Female,IT,61.2,65.9,66.3,39.1,7.0,4.0,3.0,Yes,No,At Risk
ST03235,22,Male,Computer Science,80.5,88.6,69.4,77.5,7.5,2.24,2.0,Yes,No,Not At Risk
ST07994,22,Female,Software Engineering,80.3,79.3,64.9,69.4,5.4,3.13,5.0,No,No,Not At Risk
ST09330,21,Male,IT,70.3,80.3,94.7,59.7,7.0,2.96,6.0,Yes,No,Not At Risk
ST01564,23,Female,Computer Science,75.1,68.9,53.0,52.2,3.3,1.21,6.0,Yes,Yes,At Risk
ST07100,25,Female,,83.4,55.3,61.4,41.8,5.7,2.36,6.0,Yes,Yes,Not At Risk
ST05555,25,Male,Computer Science,86.6,66.3,81.5,68.7,5.0,2.56,1.0,Yes,No,Not At Risk
ST07274,21,Female,Data Science,94.4,75.5,66.0,55.8,5.8,3.41,4.0,Yes,No,Not At Risk
ST10618,24,Male,Software Engineering,79.3,51.5,77.3,56.5,4.6,1.91,5.0,Yes,No,At Risk
ST06791,23,Male,Computer Science,96.1,62.2,60.5,61.1,2.2,3.71,4.0,Yes,No,Not At Risk
ST04665,21,Male,IT,89.3,77.2,60.4,64.0,7.4,3.85,2.0,No,Yes,Not At Risk
ST05915,21,Female,Computer Science,79.1,69.9,90.0,71.8,5.6,2.65,4.0,Yes,Yes,Not At Risk
ST02150,19,Female,Software Engineering,82.8,60.3,85.8,42.3,5.5,2.72,4.0,Yes,Yes,At Risk
ST11843,18,Female,IT,87.5,54.4,80.8,77.8,7.0,2.68,1.0,Yes,No,Not At Risk
ST02056,21,Female,Data Science,66.4,75.2,71.0,70.2,3.2,3.05,7.0,Yes,No,Not At Risk
ST06751,22,Female,Data Science,78.4,65.1,50.4,77.2,6.1,2.31,3.0,Yes,Yes,Not At Risk
ST02011,23,Female,Computer Science,79.9,69.0,80.7,59.5,6.9,2.69,5.0,Yes,No,At Risk
ST10896,21,Male,Data Science,72.4,55.3,61.5,29.3,6.4,2.63,5.0,Yes,Yes,At Risk
ST04616,22,Male,Computer Science,92.8,64.2,88.2,23.3,8.1,3.44,1.0,,No,At Risk
ST09999,21,Male,IT,95.0,44.8,53.9,77.0,5.4,2.75,4.0,Yes,No,Not At Risk
ST05982,18,Female,IT,66.9,86.5,54.6,69.8,4.8,2.56,3.0,Yes,No,Not At Risk
ST05334,20,Female,Computer Science,95.2,61.4,41.2,63.4,5.4,2.58,5.0,No,Yes,Not At Risk
ST02262,18,Female,Computer Science,76.8,100.0,47.0,48.9,4.4,2.43,5.0,Yes,No,Not At Risk
ST09097,21,Male,Software Engineering,77.7,80.4,86.0,70.9,3.3,2.27,6.0,Yes,No,At Risk
ST02528,24,Female,Computer Science,100.0,76.2,89.3,67.5,4.2,2.17,3.0,No,No,Not At Risk
ST02402,19,Male,IT,86.4,68.5,60.7,52.8,9.1,3.05,6.0,Yes,No,Not At Risk
ST05857,23,Female,IT,91.9,76.7,35.0,50.3,0.9,4.0,3.0,,Yes,Not At Risk
ST05516,18,Male,Computer Science,75.1,78.8,39.4,84.3,6.8,3.49,5.0,Yes,Yes,Not At Risk
ST01013,23,Female,IT,71.2,68.0,62.8,67.5,5.8,3.16,1.0,Yes,No,Not At Risk
ST02894,25,Male,Software Engineering,64.1,52.5,90.7,78.1,2.2,2.14,2.0,Yes,Yes,Not At Risk
ST04697,25,Male,Software Engineering,76.3,82.5,66.3,72.4,5.8,2.55,3.0,Yes,Yes,At Risk
ST10348,24,Male,Software Engineering,76.7,52.6,42.4,20.7,9.3,2.69,3.0,Yes,No,At Risk
ST06964,19,Female,Computer Science,100.0,61.9,56.1,49.6,15.0,2.12,6.0,Yes,No,Not At Risk
ST11154,23,Female,Software Engineering,77.9,74.0,45.4,16.0,5.9,3.58,1.0,Yes,No,Not At Risk
ST02400,21,Female,Computer Science,73.0,30.7,58.1,25.4,5.0,2.8,8.0,Yes,No,At Risk
ST03528,23,Female,Software Engineering,89.4,71.9,55.9,55.4,5.7,1.48,1.0,Yes,No,Not At Risk
ST05407,20,Female,Data Science,100.0,97.3,45.0,74.7,4.3,2.9,7.0,Yes,Yes,Not At Risk
ST00577,19,Female,IT,80.3,59.0,52.5,51.6,3.0,3.04,4.0,Yes,Yes,Not At Risk
ST08977,18,Male,Computer Science,84.3,49.3,81.1,32.8,3.8,2.62,5.0,Yes,Yes,Not At Risk
ST10787,21,Female,IT,84.1,86.7,58.8,70.2,2.7,4.0,3.0,Yes,No,Not At Risk
ST02517,20,Female,Data Science,66.9,80.2,89.3,43.1,3.8,3.17,3.0,Yes,No,Not At Risk
ST02155,25,Female,Computer Science,60.2,49.8,15.2,71.2,5.6,4.0,3.0,Yes,No,Not At Risk
ST11418,19,Female,Software Engineering,72.9,61.0,76.8,57.9,8.3,3.22,7.0,Yes,No,At Risk
ST07308,18,Female,Computer Science,86.4,83.8,51.6,47.3,4.2,2.81,5.0,Yes,No,Not At Risk
ST10748,19,Female,Computer Science,66.5,61.7,75.6,97.0,4.8,2.99,3.0,Yes,Yes,Not At Risk
ST01108,18,Female,Computer Science,86.3,77.6,51.2,82.3,7.6,2.44,5.0,Yes,Yes,Not At Risk
ST08903,24,Male,IT,90.3,47.9,76.5,54.8,4.4,1.81,6.0,Yes,No,Not At Risk
ST07352,19,Female,Computer Science,79.6,100.0,78.1,62.4,5.2,3.44,3.0,Yes,No,Not At Risk
ST06799,24,Female,Computer Science,71.4,55.6,60.1,57.3,5.1,3.15,5.0,Yes,No,Not At Risk
ST02739,25,Female,Software Engineering,82.2,77.4,78.7,46.3,5.0,2.89,3.0,Yes,No,Not At Risk
ST01008,23,Female,Computer Science,96.8,79.5,49.6,98.8,6.0,2.73,2.0,Yes,Yes,Not At Risk
ST05717,24,Female,Computer Science,73.1,99.4,65.6,88.7,4.9,3.16,5.0,Yes,Yes,Not At Risk
ST04098,25,Female,Computer Science,72.3,95.7,55.7,70.0,7.0,1.53,4.0,No,No,Not At Risk
ST07623,19,Male,Computer Science,85.2,50.2,67.8,50.0,7.7,3.56,5.0,Yes,No,Not At Risk
ST04807,20,Male,Computer Science,73.3,62.4,45.5,54.7,3.7,1.86,3.0,Yes,Yes,Not At Risk
ST00976,25,Male,IT,83.4,50.7,57.4,,0.8,2.72,3.0,Yes,Yes,Not At Risk
ST09221,22,Female,Data Science,69.8,75.0,96.0,93.0,4.6,3.06,7.0,Yes,No,Not At Risk
ST03010,24,Male,IT,100.0,50.0,72.2,62.5,6.7,3.88,6.0,Yes,Yes,Not At Risk
ST04759,18,Male,Computer Science,100.0,82.8,49.6,89.9,5.0,2.16,3.0,Yes,No,Not At Risk
ST08036,18,Male,Data Science,78.3,62.9,56.5,56.2,1.0,1.52,2.0,Yes,No,Not At Risk
ST06658,23,Male,IT,72.2,56.9,61.8,79.1,2.3,3.24,0.0,Yes,Yes,Not At Risk
ST02471,23,Male,Data Science,80.3,64.9,73.1,47.4,9.7,2.8,4.0,Yes,No,Not At Risk
ST10535,19,Female,,86.1,64.7,67.5,43.3,13.9,2.95,5.0,Yes,No,Not At Risk
ST02007,20,Male,Computer Science,66.4,46.9,84.4,60.8,9.3,2.29,2.0,Yes,Yes,Not At Risk
ST07992,18,Male,Data Science,84.8,64.9,73.7,69.9,13.9,3.07,3.0,Yes,Yes,Not At Risk
ST04368,18,Male,Software Engineering,89.1,96.7,63.7,94.4,9.3,2.75,6.0,Yes,No,Not At Risk
ST04110,24,Male,Computer Science,62.3,64.4,85.6,73.9,1.2,3.04,6.0,Yes,Yes,At Risk
ST00036,25,Male,IT,66.7,71.3,59.8,56.1,1.9,3.05,4.0,Yes,No,Not At Risk
ST06256,19,Female,Computer Science,49.7,79.7,51.6,47.4,6.7,3.0,7.0,Yes,Yes,At Risk
ST11192,21,Male,Software Engineering,83.3,65.9,62.8,87.0,2.6,2.59,5.0,Yes,Yes,Not At Risk
ST05597,21,Female,Computer Science,78.8,52.8,90.7,93.5,2.5,2.59,6.0,Yes,No,Not At Risk
ST10263,21,Female,Computer Science,74.7,74.9,41.6,52.9,7.3,2.44,6.0,Yes,Yes,Not At Risk
ST00856,21,Male,Computer Science,83.8,68.5,46.2,82.3,3.3,2.76,3.0,Yes,Yes,Not At Risk
ST09585,25,Female,Computer Science,76.6,73.1,54.2,58.0,1.6,4.0,6.0,Yes,No,Not At Risk
ST07388,24,Male,Computer Science,76.7,76.0,81.9,76.2,5.2,2.79,5.0,Yes,No,Not At Risk
ST00203,21,Female,Software Engineering,79.7,78.0,69.3,35.7,12.3,3.11,5.0,Yes,No,At Risk
ST09269,22,Male,Software Engineering,70.7,66.3,77.3,73.1,7.1,3.26,5.0,Yes,No,Not At Risk
ST02274,25,Female,Software Engineering,100.0,53.6,80.4,69.0,5.2,3.31,3.0,Yes,Yes,Not At Risk
ST11570,21,Male,Software Engineering,67.1,67.6,38.3,96.2,2.6,3.31,3.0,Yes,Yes,Not At Risk
ST07919,23,Male,Computer Science,90.6,44.0,66.4,80.7,6.9,3.32,6.0,Yes,No,At Risk
ST01945,25,Male,Computer Science,76.8,71.9,71.9,72.1,7.9,2.32,3.0,Yes,No,Not At Risk
ST07217,21,Female,Computer Science,64.9,82.1,83.0,52.7,1.9,2.86,2.0,Yes,Yes,Not At Risk
ST08505,23,Female,IT,79.7,90.3,54.5,62.8,6.4,2.94,5.0,Yes,Yes,Not At Risk
ST01509,25,Male,IT,91.4,85.8,100.0,53.2,6.1,3.19,2.0,Yes,Yes,Not At Risk
ST03671,18,Female,Computer Science,80.1,53.2,24.4,89.1,2.7,2.29,5.0,Yes,Yes,Not At Risk
ST10426,18,Female,Computer Science,91.2,74.0,94.8,54.8,2.9,3.32,,Yes,Yes,Not At Risk
ST05321,24,female,Computer Science,93.4,52.5,77.6,78.6,8.6,2.78,2.0,Yes,Yes,Not At Risk
ST02873,19,Male,Computer Science,77.6,56.4,100.0,86.0,9.4,3.09,3.0,Yes,No,At Risk
ST09554,18,Male,Software Engineering,72.8,90.6,68.8,80.7,4.0,2.83,5.0,Yes,Yes,Not At Risk
ST00295,19,Female,IT,82.4,53.5,70.8,76.3,7.1,3.01,1.0,Yes,Yes,Not At Risk
ST05229,22,Female,Data Science,85.1,58.5,58.6,63.6,6.1,3.1,5.0,Yes,Yes,At Risk
ST10060,20,Male,Computer Science,74.2,79.8,55.6,67.4,1.7,3.06,4.0,Yes,Yes,At Risk
ST07506,20,Female,Data Science,87.2,81.2,40.9,78.6,7.9,4.0,4.0,Yes,No,Not At Risk
ST04277,19,M,Software Engineering,81.6,63.9,37.6,81.6,4.0,2.94,6.0,Yes,No,Not At Risk
ST11723,22,Male,Data Science,85.3,80.4,41.7,89.0,4.2,1.98,6.0,Yes,No,Not At Risk
ST00639,21,Male,Data Science,81.4,83.5,56.3,73.3,6.6,2.41,2.0,Yes,No,Not At Risk
ST03085,23,Female,Software Engineering,92.6,87.5,51.0,84.6,2.4,3.02,1.0,Yes,No,Not At Risk
ST11059,21,Female,Data Science,73.9,69.7,55.4,55.4,8.5,1.71,6.0,Yes,No,Not At Risk
ST10763,19,Male,IT,92.6,85.4,100.0,44.6,6.7,1.89,2.0,Yes,No,Not At Risk
ST07387,24,Female,Computer Science,84.6,90.0,62.9,40.9,17.9,2.81,5.0,Yes,No,At Risk
ST00883,24,Male,Computer Science,63.8,66.9,52.8,37.7,9.4,2.29,3.0,Yes,Yes,At Risk
ST06867,25,Male,IT,89.8,73.6,71.9,61.8,5.9,1.98,5.0,Yes,No,At Risk
ST01668,24,Male,Software Engineering,85.1,65.6,76.3,68.6,15.9,2.93,1.0,Yes,No,Not At Risk
ST07146,19,Male,Computer Science,88.0,55.2,32.9,55.1,5.5,2.48,2.0,Yes,Yes,Not At Risk
ST05090,23,Male,IT,98.3,78.5,68.9,87.6,4.7,2.5,,Yes,Yes,Not At Risk
ST07966,18,Male,IT,89.3,27.3,91.1,70.8,2.7,2.64,4.0,Yes,No,Not At Risk
ST06837,25,Male,Data Science,79.8,65.1,27.1,69.7,11.2,2.28,5.0,Yes,No,At Risk
ST04709,21,Female,IT,83.7,77.5,82.0,77.9,2.9,3.15,5.0,Yes,Yes,Not At Risk
ST05932,25,Male,Data Science,80.3,45.9,68.9,74.6,8.0,2.66,3.0,Yes,No,Not At Risk
ST05900,22,Male,IT,86.7,64.3,77.1,55.3,8.8,3.32,5.0,Yes,No,Not At Risk
ST07045,24,Female,Data Science,55.0,73.4,59.8,58.8,20.0,3.06,8.0,Yes,No,At Risk
ST10887,25,Female,Software Engineering,56.9,74.2,82.3,90.8,7.7,2.71,5.0,Yes,No,Not At Risk
ST10074,19,Female,Software Engineering,72.4,64.2,58.0,21.8,5.9,2.09,3.0,Yes,No,At Risk
ST10922,23,Male,Computer Science,63.1,53.7,73.7,37.1,12.3,2.24,5.0,No,Yes,At Risk
ST01702,18,Male,IT,83.5,55.3,41.8,43.6,4.0,3.55,3.0,No,No,At Risk
ST07604,21,Female,IT,82.9,53.3,59.9,59.1,14.6,2.1,7.0,Yes,No,At Risk
ST04283,25,Male,Software Engineering,84.9,80.9,79.7,62.6,11.6,3.24,7.0,Yes,Yes,Not At Risk
ST11656,23,Female,Computer Science,74.6,72.0,60.0,61.0,4.8,1.75,5.0,Yes,Yes,Not At Risk
ST04169,19,Female,IT,75.0,54.9,100.0,75.8,7.8,2.77,6.0,Yes,No,Not At Risk
ST06733,21,Female,Data Science,57.5,47.6,47.3,55.7,3.7,2.46,3.0,Yes,No,At Risk
ST11833,24,Male,Software Engineering,78.3,78.4,52.5,100.0,3.0,2.86,5.0,Yes,Yes,Not At Risk
ST00624,18,Female,Data Science,76.5,65.1,81.9,58.5,2.7,2.52,5.0,Yes,No,Not At Risk
ST00907,23,Male,Computer Science,79.7,57.0,54.0,51.7,5.9,2.52,4.0,Yes,No,Not At Risk
ST11345,20,Female,Computer Science,78.4,41.8,68.0,58.8,15.8,1.46,6.0,Yes,Yes,Not At Risk
ST10990,18,Male,,95.7,59.5,65.4,55.2,5.7,2.89,2.0,Yes,No,Not At Risk
ST09870,23,Male,Data Science,91.6,72.4,51.4,35.0,2.1,3.3,6.0,Yes,No,Not At Risk
ST03322,20,Female,IT,82.4,63.0,67.7,69.6,7.6,3.58,2.0,Yes,No,At Risk
ST02347,22,Male,IT,100.0,67.7,76.1,69.1,7.2,2.27,2.0,Yes,Yes,Not At Risk
ST10517,23,Female,Computer Science,72.7,78.3,72.1,39.4,5.8,3.41,,Yes,Yes,Not At Risk
ST05299,22,Male,Computer Science,98.3,77.7,70.8,81.2,3.9,2.84,9.0,Yes,No,Not At Risk
ST03974,22,Male,IT,81.6,53.0,78.0,69.0,6.6,3.43,3.0,Yes,No,Not At Risk
ST00973,21,Male,Software Engineering,74.6,84.0,49.8,43.2,2.0,2.19,5.0,Yes,No,Not At Risk
ST04552,19,Male,Software Engineering,83.3,53.2,69.3,82.9,5.5,1.91,6.0,Yes,No,Not At Risk
ST03314,24,Male,Data Science,86.5,65.3,88.8,44.2,5.8,3.81,5.0,Yes,Yes,Not At Risk
ST07789,22,Female,Computer Science,97.6,87.1,87.0,62.1,4.0,3.26,2.0,Yes,No,Not At Risk
ST05675,25,Female,Data Science,59.9,73.3,80.7,71.2,6.4,2.78,2.0,Yes,No,Not At Risk
ST03285,20,Male,Computer Science,72.9,58.2,34.8,40.4,1.9,3.27,5.0,Yes,Yes,Not At Risk
ST10071,20,Female,IT,71.8,63.4,83.4,25.2,10.5,2.91,1.0,Yes,No,At Risk
ST01765,20,Female,Software Engineering,77.7,64.0,72.1,38.8,3.3,2.02,1.0,Yes,Yes,Not At Risk
ST02523,24,Male,IT,75.9,39.4,57.0,62.5,14.9,2.76,4.0,Yes,No,Not At Risk
ST03576,21,Male,Data Science,100.0,59.4,74.5,73.7,10.8,1.81,4.0,Yes,No,Not At Risk
ST03337,18,Male,Software Engineering,82.6,36.6,57.7,67.1,8.4,3.81,5.0,Yes,No,Not At Risk
ST03317,23,Male,IT,93.4,57.2,64.0,70.9,11.3,2.62,2.0,Yes,Yes,Not At Risk
ST11732,25,Male,Computer Science,88.0,93.3,59.1,49.2,4.7,2.8,5.0,Yes,No,Not At Risk
ST03417,21,Male,IT,87.8,75.4,69.7,46.8,3.5,3.0,1.0,Yes,No,Not At Risk
ST03064,22,Male,Computer Science,89.0,45.1,57.3,49.4,6.9,2.68,6.0,Yes,Yes,Not At Risk
ST04955,25,Female,Data Science,74.0,89.7,65.5,44.7,4.2,2.84,2.0,Yes,No,Not At Risk
ST01773,22,Female,Software Engineering,97.3,66.1,36.0,94.0,6.2,3.02,2.0,Yes,Yes,Not At Risk
ST05946,23,Male,Computer Science,59.0,55.2,71.9,68.7,7.9,2.89,4.0,Yes,No,At Risk
ST07808,21,Male,Computer Science,71.9,79.6,91.2,62.2,6.9,2.88,4.0,Yes,No,Not At Risk
ST11634,20,Female,IT,70.7,67.7,59.7,86.2,7.7,3.26,5.0,Yes,No,Not At Risk
ST11562,24,Female,IT,97.8,95.6,57.8,63.5,8.5,2.39,3.0,Yes,Yes,Not At Risk
ST05237,24,Male,Computer Science,93.0,91.3,93.9,81.8,11.3,4.0,4.0,Yes,Yes,Not At Risk
ST04384,25,Female,Data Science,96.1,96.2,40.9,84.6,11.8,2.48,0.0,Yes,No,Not At Risk
ST01735,19,Female,IT,100.0,65.1,73.0,69.1,15.8,2.52,3.0,No,No,Not At Risk
ST04027,24,Male,Data Science,79.9,91.0,46.7,47.9,4.1,3.84,5.0,Yes,No,Not At Risk
ST01838,24,Male,IT,100.0,33.2,82.6,68.7,4.5,2.46,7.0,Yes,No,Not At Risk
ST11167,23,Female,Software Engineering,100.0,57.1,53.4,46.1,3.3,2.32,3.0,Yes,No,Not At Risk
ST00767,25,Male,IT,74.2,58.1,74.5,78.6,3.0,3.28,1.0,Yes,No,Not At Risk
ST11365,20,Male,Software Engineering,81.5,72.7,60.0,30.4,3.5,3.36,6.0,Yes,No,Not At Risk
ST03451,20,Female,Computer Science,86.6,62.2,61.5,82.3,3.9,2.62,7.0,Yes,No,Not At Risk
ST08046,19,Female,Software Engineering,78.2,67.5,76.8,54.4,5.0,2.66,3.0,Yes,Yes,Not At Risk
ST06926,24,Female,Software Engineering,100.0,51.2,39.5,56.7,7.9,2.32,4.0,Yes,Yes,Not At Risk
ST05528,21,Male,IT,73.1,85.3,83.9,71.6,3.0,2.81,5.0,Yes,No,Not At Risk
ST09264,20,Male,Computer Science,73.3,70.0,82.3,58.3,6.6,2.81,5.0,No,No,At Risk
ST03277,21,Male,Computer Science,92.2,79.1,59.9,78.5,9.8,3.27,5.0,Yes,No,Not At Risk
ST11539,21,Male,Software Engineering,80.9,79.8,73.4,42.9,1.5,3.05,2.0,Yes,No,Not At Risk
ST04843,24,Male,IT,92.4,77.0,84.1,55.5,4.4,2.18,2.0,Yes,Yes,Not At Risk
ST01071,25,Male,Software Engineering,76.4,64.2,78.0,23.9,4.7,3.02,4.0,Yes,No,At Risk
ST10228,19,Female,Computer Science,76.5,64.5,78.5,38.2,3.1,3.23,3.0,Yes,No,Not At Risk
ST02669,19,Female,Computer Science,79.7,59.6,82.4,73.3,6.3,2.68,6.0,Yes,No,Not At Risk
ST10837,23,Male,Computer Science,88.1,88.5,63.0,61.8,4.0,3.95,9.0,Yes,No,Not At Risk
ST09872,19,Female,Computer Science,72.0,81.4,26.7,53.6,4.8,3.53,3.0,Yes,No,Not At Risk
ST02102,18,Female,Data Science,78.6,65.2,62.4,63.8,4.7,3.01,6.0,Yes,No,Not At Risk
ST03522,19,Female,Computer Science,90.7,90.0,58.9,62.4,1.5,2.5,0.0,Yes,Yes,Not At Risk
ST06938,20,Female,Computer Science,76.1,50.9,53.5,50.6,2.0,4.0,4.0,Yes,Yes,At Risk
ST04220,22,Male,IT,98.3,63.2,88.4,49.4,7.2,2.83,6.0,Yes,Yes,Not At Risk
ST00301,19,Female,Computer Science,71.9,77.6,74.0,61.5,3.4,3.04,5.0,Yes,No,Not At Risk
ST10402,23,Male,Software Engineering,81.7,70.7,60.7,81.8,2.0,3.54,3.0,Yes,No,Not At Risk
ST09072,19,Female,IT,71.5,72.0,52.5,51.1,7.0,1.8,8.0,Yes,No,At Risk
ST09942,22,Male,Computer Science,77.0,52.0,62.3,48.3,2.9,3.56,5.0,Yes,Yes,At Risk
ST04842,22,Female,Data Science,80.6,59.3,41.8,50.0,9.1,3.98,3.0,Yes,No,Not At Risk
ST10364,23,Female,Data Science,57.2,89.4,60.5,57.6,6.4,2.87,4.0,Yes,No,Not At Risk
ST10915,25,Female,Computer Science,74.0,72.9,59.8,61.4,5.6,2.47,6.0,Yes,No,At Risk
ST08874,18,Male,IT,77.3,62.7,54.6,60.5,7.7,2.19,0.0,Yes,Yes,Not At Risk
ST01914,20,Male,Software Engineering,91.2,94.8,69.0,84.2,4.1,2.71,6.0,Yes,No,Not At Risk
ST06318,24,Female,Computer Science,72.7,84.6,60.2,57.4,3.3,3.08,6.0,Yes,Yes,Not At Risk
ST04945,22,Male,IT,92.2,47.3,80.3,76.7,7.2,3.44,4.0,Yes,Yes,Not At Risk
ST07239,22,Female,IT,71.7,66.6,67.3,56.4,2.3,3.73,3.0,Yes,No,Not At Risk
ST07067,25,Female,Computer Science,79.0,59.1,70.2,54.0,3.3,3.51,5.0,Yes,Yes,Not At Risk
ST08640,22,Male,Data Science,80.1,58.8,60.5,62.6,5.9,2.97,8.0,Yes,No,Not At Risk
ST05377,24,Male,Computer Science,69.2,77.5,60.5,70.3,8.4,3.42,4.0,Yes,No,Not At Risk
ST01419,21,Male,Software Engineering,94.1,66.3,66.5,86.9,9.2,2.33,5.0,Yes,No,Not At Risk
ST03001,21,Male,Software Engineering,100.0,74.6,81.5,,4.8,2.26,5.0,Yes,No,Not At Risk
ST09085,22,Female,Computer Science,77.0,81.4,55.3,54.6,6.7,2.49,3.0,Yes,No,Not At Risk
ST08720,19,Male,Data Science,72.5,58.9,49.0,100.0,7.0,3.77,3.0,Yes,No,At Risk
ST06556,21,Female,Computer Science,65.9,62.8,38.5,59.4,1.8,4.0,5.0,Yes,No,Not At Risk
ST04824,18,Male,Data Science,80.0,72.5,79.2,82.0,7.4,3.15,3.0,Yes,Yes,Not At Risk
ST01312,22,Male,Data Science,79.1,59.8,57.6,58.0,8.4,2.85,5.0,Yes,No,Not At Risk
ST10433,20,Male,IT,95.6,80.7,93.4,95.4,19.7,4.0,7.0,Yes,No,Not At Risk
ST01445,23,Male,Data Science,62.9,54.5,62.9,76.1,2.4,3.16,,Yes,No,At Risk
ST07192,24,Male,Data Science,85.6,53.8,82.8,36.7,4.7,1.94,3.0,Yes,Yes,At Risk
ST01847,18,Male,IT,69.5,78.9,28.4,60.5,7.2,3.4,1.0,Yes,Yes,Not At Risk
ST09834,19,Female,IT,100.0,63.7,42.8,80.0,10.6,3.09,2.0,Yes,No,Not At Risk
ST11808,22,Male,Software Engineering,69.5,79.6,84.3,71.7,11.2,2.46,2.0,Yes,Yes,Not At Risk
ST02313,24,Male,IT,62.8,82.5,70.9,71.5,5.3,4.0,2.0,Yes,Yes,Not At Risk
ST11308,18,Female,Computer Science,96.6,58.7,69.1,71.6,2.6,4.0,4.0,Yes,Yes,Not At Risk
ST04573,24,Male,Software Engineering,95.8,58.2,53.3,62.3,8.4,2.23,3.0,Yes,No,Not At Risk
ST08455,21,Female,Computer Science,86.8,61.5,51.3,64.2,6.3,2.8,2.0,Yes,No,Not At Risk
ST08622,22,Male,IT,79.2,57.5,58.3,77.1,3.5,1.95,8.0,Yes,No,Not At Risk
ST07995,20,Female,Software Engineering,84.8,39.4,25.4,56.9,4.4,3.95,5.0,Yes,No,At Risk
ST10953,19,Male,Data Science,91.1,68.5,62.3,46.2,4.4,0.95,4.0,Yes,No,Not At Risk
ST03032,21,M,IT,81.2,52.6,86.4,72.6,1.7,3.51,3.0,Yes,No,Not At Risk
ST00990,19,Male,Data Science,96.0,80.6,44.0,84.4,8.6,3.52,6.0,Yes,Yes,Not At Risk
ST03074,23,Female,Data Science,90.5,79.0,54.3,80.5,7.1,3.31,3.0,Yes,Yes,Not At Risk
ST00652,25,Female,Computer Science,71.8,61.7,70.0,53.7,2.9,2.82,10.0,Yes,Yes,Not At Risk
ST11820,22,Female,Software Engineering,84.4,64.2,48.0,83.1,2.3,2.97,7.0,Yes,No,Not At Risk
ST09342,23,Female,Data Science,93.5,79.9,72.4,38.5,6.6,2.58,3.0,Yes,Yes,Not At Risk
ST11697,23,Male,Computer Science,86.7,70.7,85.6,76.8,8.9,3.71,4.0,Yes,Yes,Not At Risk
ST05907,19,Male,Data Science,72.0,78.1,52.2,75.4,3.6,2.36,8.0,Yes,Yes,Not At Risk
ST08138,22,Female,Computer Science,85.7,73.8,72.2,44.4,1.9,3.26,2.0,Yes,No,Not At Risk
ST05835,20,Male,Data Science,87.9,46.0,100.0,58.5,3.8,2.73,9.0,Yes,No,At Risk
ST04894,21,Female,Data Science,76.5,76.1,85.3,,5.0,3.11,4.0,Yes,No,Not At Risk
ST06748,22,Male,Software Engineering,76.9,43.1,54.6,69.7,3.4,1.62,3.0,Yes,Yes,At Risk
ST03426,19,Male,Computer Science,81.1,72.1,62.2,64.3,3.9,3.27,2.0,Yes,Yes,Not At Risk
ST04442,20,Male,Computer Science,75.3,76.4,64.6,68.4,1.3,2.66,1.0,Yes,No,Not At Risk
ST00886,18,Female,IT,65.6,86.9,78.0,67.6,3.9,2.91,6.0,No,No,Not At Risk
ST07255,20,Female,IT,94.7,80.2,74.8,62.6,3.8,2.85,4.0,Yes,No,Not At Risk
ST09025,22,Female,IT,97.3,51.8,49.4,78.5,2.5,3.03,6.0,Yes,No,Not At Risk
ST11330,18,Female,Software Engineering,77.5,75.1,67.1,55.3,2.5,1.77,2.0,Yes,No,Not At Risk
ST00564,24,Male,Data Science,69.0,80.4,83.7,49.0,11.3,2.98,8.0,Yes,Yes,Not At Risk
ST07108,20,Female,Software Engineering,72.3,30.0,51.7,74.4,3.7,2.38,3.0,Yes,No,Not At Risk
ST06396,20,Female,Computer Science,80.3,53.1,42.0,50.4,4.3,2.77,3.0,Yes,No,At Risk
ST08872,24,Female,Software Engineering,92.0,100.0,44.7,54.0,5.4,3.98,6.0,Yes,Yes,At Risk
ST02931,20,Male,Software Engineering,73.7,38.6,80.6,82.1,6.8,2.99,4.0,Yes,No,Not At Risk
ST05038,21,Male,Software Engineering,92.2,86.1,67.2,61.0,3.9,1.89,3.0,Yes,Yes,Not At Risk
ST01745,25,Female,Data Science,77.5,48.7,74.0,62.4,2.2,2.65,4.0,No,Yes,At Risk
ST09231,18,Female,IT,72.5,100.0,63.5,43.8,4.7,2.77,,Yes,No,Not At Risk
ST07759,21,Male,Computer Science,87.1,88.4,76.4,47.8,6.9,3.01,1.0,Yes,No,Not At Risk
ST00209,24,Female,Software Engineering,76.5,82.7,42.5,57.2,2.7,3.28,5.0,Yes,Yes,Not At Risk
ST01588,25,Male,Software Engineering,81.8,95.3,100.0,57.3,8.7,3.75,5.0,Yes,No,Not At Risk
ST04302,23,Female,Data Science,77.3,55.8,64.5,74.6,13.9,3.17,5.0,Yes,Yes,Not At Risk
ST02636,18,Female,Data Science,67.7,95.8,66.9,61.1,5.2,2.54,6.0,No,No,Not At Risk
ST01003,18,Female,Software Engineering,78.2,65.1,67.7,54.1,5.9,3.19,4.0,Yes,Yes,Not At Risk
ST05543,23,Female,IT,89.8,80.9,45.2,73.1,5.5,2.19,2.0,Yes,No,Not At Risk
ST07670,20,Female,Software Engineering,84.0,84.8,90.9,68.9,10.5,2.09,7.0,Yes,Yes,Not At Risk
ST09287,19,Female,Software Engineering,99.2,59.8,100.0,54.6,8.4,3.11,5.0,Yes,Yes,Not At Risk
ST03260,24,Female,Software Engineering,69.4,65.6,62.8,28.9,4.9,2.96,1.0,Yes,Yes,Not At Risk
ST00438,21,Female,Software Engineering,97.1,63.6,47.8,72.5,4.8,3.58,4.0,Yes,No,Not At Risk
ST03633,19,Male,Computer Science,87.8,52.2,79.0,27.0,5.5,2.65,4.0,Yes,Yes,At Risk
ST09753,18,Male,Software Engineering,80.3,71.2,100.0,89.4,16.8,2.96,1.0,,Yes,Not At Risk
ST07855,25,Male,Computer Science,100.0,55.2,75.2,60.6,17.4,2.89,2.0,Yes,Yes,Not At Risk
ST05531,18,Female,Computer Science,79.0,76.7,81.1,47.0,6.8,3.3,7.0,Yes,No,At Risk
ST00329,20,Female,Data Science,82.7,97.2,53.8,52.3,4.7,3.96,3.0,Yes,No,Not At Risk
ST00986,18,Male,IT,69.1,90.3,72.0,46.0,4.1,2.86,3.0,Yes,No,Not At Risk
ST01960,22,Female,Computer Science,89.8,48.4,68.8,68.2,8.0,2.36,7.0,Yes,No,Not At Risk
ST04079,21,Male,IT,84.2,54.6,60.3,55.1,2.8,2.31,2.0,Yes,No,Not At Risk
ST11479,19,Male,IT,100.0,52.1,49.3,67.3,8.6,2.37,2.0,No,No,Not At Risk
ST03643,21,Male,Software Engineering,81.8,65.8,37.0,76.5,7.4,3.32,3.0,Yes,No,Not At Risk
ST11477,20,Male,Software Engineering,59.3,62.8,62.6,70.9,8.7,1.02,5.0,Yes,No,At Risk
ST07940,20,Female,Software Engineering,93.4,19.1,42.7,53.5,5.2,1.97,5.0,Yes,Yes,Not At Risk
ST08993,21,Female,Data Science,100.0,73.3,65.0,60.9,8.5,3.26,4.0,Yes,Yes,Not At Risk
ST04230,24,Male,Data Science,83.9,84.8,77.9,61.5,6.8,2.58,4.0,Yes,Yes,Not At Risk
ST06949,20,Female,Software Engineering,80.6,72.2,78.4,51.1,6.1,2.68,1.0,Yes,No,Not At Risk
ST05616,20,Male,Computer Science,78.1,70.5,90.6,42.6,3.6,2.75,7.0,Yes,Yes,Not At Risk
ST02722,19,Male,Computer Science,66.7,48.2,61.8,47.2,9.2,2.7,2.0,Yes,No,Not At Risk
ST01126,19,Female,Computer Science,90.9,52.8,36.8,61.7,11.2,2.42,2.0,Yes,Yes,At Risk
ST01559,20,Female,IT,70.4,74.1,90.6,86.6,3.9,2.9,5.0,Yes,Yes,Not At Risk
ST04787,18,Female,Computer Science,79.5,84.3,65.1,94.0,4.3,2.94,3.0,Yes,Yes,Not At Risk
ST00998,18,Male,IT,90.7,69.2,58.4,91.7,15.6,3.37,3.0,Yes,Yes,Not At Risk
ST03992,24,Male,Software Engineering,79.8,61.2,59.5,78.9,5.2,2.5,3.0,Yes,No,Not At Risk
ST09670,18,Male,IT,79.9,63.7,71.4,47.1,11.2,2.03,4.0,Yes,Yes,Not At Risk
ST06543,21,Female,Software Engineering,85.7,60.7,74.9,72.9,1.8,2.95,4.0,Yes,Yes,Not At Risk
ST05402,19,Male,Computer Science,69.1,65.2,64.1,32.5,5.8,1.98,2.0,Yes,Yes,Not At Risk
ST00189,18,Male,Computer Science,79.9,100.0,76.0,74.9,0.7,3.24,6.0,Yes,Yes,Not At Risk
ST05784,21,Female,Computer Science,77.4,52.9,65.5,40.5,5.3,2.79,8.0,Yes,No,At Risk
ST01412,22,Female,Data Science,78.2,65.4,67.9,73.8,3.5,2.41,7.0,Yes,Yes,Not At Risk
ST03166,21,Female,Computer Science,76.8,32.7,67.4,63.1,7.2,2.83,4.0,Yes,No,Not At Risk
ST06811,20,Female,Data Science,94.1,83.3,64.0,37.1,11.3,1.96,3.0,Yes,Yes,Not At Risk
ST03991,24,Female,Software Engineering,85.1,72.5,61.3,55.9,12.5,3.1,5.0,Yes,Yes,Not At Risk
ST04072,24,Female,IT,63.8,89.3,37.8,61.6,5.5,2.91,4.0,Yes,No,At Risk
ST07311,20,Male,IT,84.8,70.3,52.2,89.2,1.2,4.0,3.0,Yes,Yes,Not At Risk
ST02236,19,Male,IT,78.4,61.0,56.6,,5.6,3.45,4.0,No,No,Not At Risk
ST09392,19,Male,Data Science,86.8,67.0,53.6,76.0,2.8,2.24,3.0,,No,Not At Risk
ST05940,25,Male,IT,87.8,64.1,72.2,43.1,5.0,3.13,3.0,Yes,No,At Risk
ST06979,23,Female,Computer Science,78.3,71.0,56.5,60.0,8.3,3.58,4.0,Yes,No,Not At Risk
ST08590,18,Female,Computer Science,73.2,59.1,57.6,76.1,7.4,2.71,5.0,Yes,Yes,Not At Risk
ST04308,21,Female,Computer Science,65.3,33.1,55.2,49.0,4.7,1.98,3.0,Yes,Yes,At Risk
ST04557,25,Female,IT,81.4,56.9,64.0,68.2,6.3,3.99,4.0,Yes,Yes,Not At Risk
ST06375,23,Female,Computer Science,77.8,59.3,68.0,43.0,6.2,3.81,3.0,Yes,Yes,Not At Risk
ST05387,23,Male,Computer Science,100.0,72.5,63.5,96.1,5.8,3.57,3.0,Yes,Yes,Not At Risk
ST03762,22,Female,Computer Science,78.6,40.3,58.8,49.8,7.7,2.13,9.0,Yes,Yes,Not At Risk
ST00228,24,Female,IT,68.4,76.2,56.2,90.6,1.3,2.89,4.0,Yes,No,Not At Risk
ST05727,20,Male,Data Science,100.0,92.1,72.3,62.2,3.5,2.38,2.0,Yes,No,Not At Risk
ST01302,18,Male,Software Engineering,83.4,52.2,30.0,73.3,3.2,2.22,6.0,Yes,No,Not At Risk
ST09703,24,Female,Computer Science,85.4,52.5,76.2,63.9,3.0,3.37,3.0,Yes,No,Not At Risk
ST03328,21,Male,Data Science,74.8,78.0,52.1,28.8,1.4,3.44,2.0,Yes,Yes,Not At Risk
ST06613,25,Male,Computer Science,55.5,64.6,37.2,52.5,6.4,2.59,2.0,Yes,No,At Risk
ST02473,22,Female,Computer Science,66.6,77.3,63.1,59.8,3.6,2.7,3.0,Yes,No,Not At Risk
ST08396,22,Female,Computer Science,67.2,74.3,69.8,60.7,4.5,3.07,4.0,Yes,No,Not At Risk
ST04364,22,Male,IT,76.4,82.1,76.0,50.2,10.0,2.75,2.0,Yes,No,Not At Risk
ST09693,20,Female,Software Engineering,92.7,82.8,65.8,100.0,3.2,4.0,0.0,Yes,Yes,Not At Risk
ST07229,25,Male,IT,82.7,78.0,62.0,68.1,4.1,4.0,0.0,Yes,No,Not At Risk
ST01641,23,Male,Software Engineering,69.0,24.0,65.5,,5.1,3.53,5.0,No,No,Not At Risk
ST05804,22,Female,Software Engineering,78.3,72.3,32.3,41.2,6.7,2.55,4.0,Yes,No,At Risk
ST06842,19,Male,Software Engineering,100.0,66.7,74.2,28.9,4.5,2.55,5.0,Yes,No,Not At Risk
ST04070,21,Male,IT,97.6,59.7,54.2,34.3,3.6,1.55,7.0,Yes,Yes,Not At Risk
ST02586,18,Female,IT,75.3,69.1,58.1,19.4,10.3,2.98,7.0,Yes,Yes,Not At Risk
ST01810,23,Female,Computer Science,84.9,76.5,80.9,60.1,4.5,2.8,5.0,Yes,No,Not At Risk
ST04427,24,Female,IT,100.0,72.1,68.1,,1.5,3.07,4.0,Yes,Yes,Not At Risk
ST00920,19,Female,IT,68.0,74.7,62.4,63.3,4.6,2.02,2.0,Yes,Yes,Not At Risk
ST10135,20,Female,Computer Science,84.8,75.6,64.2,65.8,5.2,2.22,5.0,Yes,Yes,Not At Risk
ST06997,18,Male,Data Science,86.6,38.2,69.4,95.7,4.3,2.45,4.0,No,No,Not At Risk
ST09991,24,Female,Computer Science,90.1,73.1,59.9,69.7,3.8,3.62,2.0,Yes,No,Not At Risk
ST09915,23,Male,Data Science,87.2,65.4,79.9,50.5,12.1,3.35,0.0,Yes,Yes,Not At Risk
ST08434,25,Female,Computer Science,68.6,59.2,82.4,83.0,11.3,2.83,3.0,Yes,No,Not At Risk
ST01483,23,Male,IT,82.8,88.5,67.5,80.8,5.3,2.3,4.0,Yes,No,Not At Risk
ST09961,24,Male,,69.2,37.2,69.2,81.1,8.7,2.09,1.0,Yes,Yes,Not At Risk
ST04343,21,Male,Computer Science,96.6,71.3,81.5,46.1,8.3,2.89,3.0,Yes,No,Not At Risk
ST07544,19,Female,Data Science,54.9,56.0,76.0,90.9,11.5,2.9,5.0,Yes,No,Not At Risk
ST00030,21,M,Computer Science,66.9,69.4,41.7,66.2,1.7,4.0,4.0,Yes,Yes,Not At Risk
ST09501,23,Male,Software Engineering,73.1,53.4,53.4,26.5,3.7,2.95,4.0,Yes,Yes,At Risk
ST09676,21,Female,IT,94.9,75.4,49.6,67.8,12.3,3.39,2.0,Yes,Yes,Not At Risk
ST08910,21,Female,IT,82.7,74.4,51.2,75.0,8.9,4.0,3.0,Yes,No,Not At Risk
ST11132,21,Male,Computer Science,84.9,59.5,76.6,58.1,3.0,2.56,6.0,Yes,Yes,Not At Risk
ST09561,24,Male,Software Engineering,90.7,42.3,59.7,42.0,7.9,2.75,8.0,Yes,No,Not At Risk
ST00114,19,Male,Software Engineering,82.2,82.1,52.8,56.7,10.2,3.84,3.0,Yes,No,Not At Risk
ST03111,23,Female,Software Engineering,82.7,51.0,87.6,64.9,5.2,3.47,1.0,Yes,No,Not At Risk
ST02376,19,Female,Software Engineering,83.8,57.6,74.5,72.9,5.7,3.12,1.0,Yes,No,Not At Risk
ST06744,25,Male,IT,98.7,58.7,68.8,59.1,1.4,3.35,4.0,Yes,Yes,Not At Risk
ST02987,25,Male,Computer Science,93.5,60.6,66.8,91.2,4.7,1.67,4.0,Yes,No,Not At Risk
ST06072,23,Male,Data Science,87.3,89.7,28.5,64.7,3.3,2.36,6.0,Yes,No,Not At Risk
ST01190,23,Female,Computer Science,98.7,77.8,83.8,63.7,2.6,2.88,2.0,Yes,No,Not At Risk
ST07245,18,Male,IT,92.0,68.1,89.4,46.3,2.6,2.87,4.0,Yes,No,Not At Risk
ST07653,25,Male,Computer Science,79.5,78.6,77.2,69.0,10.3,3.09,6.0,Yes,No,Not At Risk
ST01457,18,Male,Software Engineering,66.3,50.0,53.6,57.3,2.2,1.76,2.0,Yes,No,Not At Risk
ST10436,22,Male,Computer Science,92.8,80.9,60.2,42.2,6.9,3.41,4.0,Yes,Yes,Not At Risk
ST03004,19,Male,Data Science,77.3,84.9,81.6,75.9,4.3,3.85,7.0,Yes,No,Not At Risk
ST05332,24,Male,Computer Science,100.0,74.3,52.8,81.3,5.2,4.0,3.0,Yes,No,Not At Risk
ST08089,20,Female,Software Engineering,89.4,87.8,61.9,50.8,6.8,2.92,4.0,Yes,No,Not At Risk
ST07560,25,Male,Software Engineering,100.0,83.9,55.3,45.8,2.2,4.0,1.0,Yes,Yes,Not At Risk
ST06477,23,Male,Computer Science,80.5,53.0,87.1,80.7,3.6,3.49,6.0,Yes,No,Not At Risk
ST07894,23,Male,Computer Science,80.3,74.8,77.4,64.0,7.5,4.0,5.0,Yes,No,Not At Risk
ST04823,25,Female,Computer Science,72.9,49.2,73.4,58.1,8.0,2.9,3.0,Yes,Yes,At Risk
ST11932,23,Male,Computer Science,94.3,90.2,41.1,69.8,9.0,2.21,4.0,Yes,Yes,Not At Risk
ST11050,21,Male,Software Engineering,68.2,57.8,80.4,44.5,3.4,2.47,5.0,Yes,No,At Risk
ST00717,22,Male,Computer Science,69.0,62.0,81.5,19.9,2.7,2.9,7.0,Yes,Yes,At Risk
ST02589,22,Male,Software Engineering,90.4,47.6,59.1,58.7,6.4,3.16,5.0,Yes,No,Not At Risk
ST09511,25,Male,Computer Science,89.5,59.1,73.4,87.7,9.7,2.31,4.0,Yes,Yes,Not At Risk
ST07797,25,Male,Software Engineering,87.6,71.1,55.8,47.8,17.3,1.46,2.0,Yes,No,Not At Risk
ST05211,23,Female,IT,70.5,100.0,73.5,76.2,1.4,3.83,2.0,Yes,No,Not At Risk
ST02844,24,Female,Software Engineering,74.8,70.2,50.4,55.8,5.6,3.99,5.0,Yes,No,Not At Risk
ST00302,24,Male,Data Science,54.7,73.8,55.9,46.4,8.6,3.27,3.0,Yes,Yes,Not At Risk
ST04558,24,Male,Computer Science,98.7,67.8,64.5,58.9,6.2,2.86,3.0,Yes,Yes,Not At Risk
ST00028,23,Male,Computer Science,80.7,59.9,98.8,85.4,2.6,4.0,1.0,Yes,Yes,Not At Risk
ST01504,25,Female,Software Engineering,87.6,46.3,62.0,58.5,2.3,3.14,4.0,Yes,Yes,Not At Risk
ST09598,18,Male,Software Engineering,52.7,66.4,51.2,65.7,7.9,2.08,4.0,Yes,No,At Risk
ST00300,18,Female,Software Engineering,96.9,75.6,61.1,57.0,11.8,2.39,7.0,Yes,Yes,Not At Risk
ST07908,18,Male,Software Engineering,83.9,72.6,77.3,76.6,1.0,2.78,6.0,Yes,Yes,Not At Risk
ST06252,23,Male,Computer Science,84.6,68.0,64.9,83.5,11.4,2.64,5.0,Yes,Yes,Not At Risk
ST02746,18,Female,IT,72.0,77.2,75.7,81.5,2.7,2.6,1.0,Yes,No,Not At Risk
ST02810,22,Male,IT,52.4,100.0,77.9,42.9,1.5,2.86,3.0,Yes,No,Not At Risk
ST11686,21,Male,IT,70.0,69.1,93.8,75.6,11.5,2.72,5.0,Yes,Yes,Not At Risk
ST06932,24,Female,Software Engineering,88.3,57.1,76.2,54.3,7.0,3.06,5.0,No,No,Not At Risk
ST10103,22,Female,Computer Science,100.0,56.4,60.6,67.6,4.4,2.16,4.0,Yes,Yes,Not At Risk
ST03159,22,Male,Software Engineering,95.8,60.6,69.5,70.0,12.8,2.83,1.0,Yes,No,Not At Risk
ST02801,25,Female,IT,81.1,76.7,52.1,54.4,9.7,2.71,10.0,,Yes,Not At Risk
ST06016,20,Male,Data Science,97.6,97.1,72.2,94.8,2.4,3.94,6.0,Yes,No,Not At Risk
ST11260,24,Male,Computer Science,93.3,67.8,44.2,51.2,6.4,3.48,4.0,Yes,No,Not At Risk
ST09118,24,Female,Data Science,81.4,85.0,64.4,97.7,0.3,3.86,8.0,Yes,No,Not At Risk
ST08244,18,Female,Software Engineering,66.4,50.1,41.7,66.7,6.8,2.62,5.0,Yes,No,Not At Risk
ST07397,19,Female,Computer Science,78.0,67.7,73.2,85.5,6.6,3.51,3.0,Yes,Yes,Not At Risk
ST11974,20,Female,IT,70.5,85.8,51.6,82.8,8.0,4.0,7.0,Yes,No,Not At Risk
ST11457,20,Male,Computer Science,89.2,54.1,64.8,63.9,2.7,3.67,5.0,Yes,No,Not At Risk
ST05621,18,Female,Data Science,100.0,79.2,74.5,83.5,0.8,2.68,6.0,Yes,Yes,Not At Risk
ST01077,19,Male,,77.2,39.5,37.9,100.0,7.4,2.54,4.0,Yes,No,Not At Risk
ST03622,18,Female,Computer Science,81.4,50.8,55.7,65.2,4.5,2.02,2.0,Yes,No,Not At Risk
ST01025,19,Female,Computer Science,84.5,43.6,65.5,72.3,8.2,3.44,9.0,Yes,No,Not At Risk
ST05935,20,Male,Computer Science,88.8,51.3,84.2,71.9,6.1,2.42,6.0,Yes,No,At Risk
ST06059,20,Female,Data Science,69.4,68.7,57.7,71.9,7.7,2.71,3.0,Yes,No,Not At Risk
ST10501,25,Female,Computer Science,72.8,100.0,83.2,9.7,8.3,3.12,0.0,Yes,No,Not At Risk
ST06577,24,Male,Software Engineering,69.9,90.4,77.2,63.7,6.2,1.59,8.0,Yes,No,Not At Risk
ST04149,21,Male,IT,80.3,64.5,41.0,63.4,4.7,2.37,2.0,Yes,Yes,Not At Risk
ST02994,22,Male,Computer Science,72.6,69.1,72.8,53.6,7.0,3.13,8.0,Yes,No,Not At Risk
ST01888,22,Male,Computer Science,74.0,79.3,39.9,48.2,5.0,4.0,2.0,Yes,No,Not At Risk
ST07425,25,Male,Computer Science,87.7,72.4,51.3,48.4,3.9,1.52,4.0,Yes,Yes,At Risk
ST01329,24,Male,Computer Science,100.0,83.1,49.9,72.3,6.7,2.68,4.0,Yes,Yes,Not At Risk
ST04191,25,Female,Data Science,75.5,100.0,47.6,64.0,2.4,2.61,0.0,Yes,No,Not At Risk
ST07563,24,Female,IT,100.0,80.2,63.8,44.1,9.7,3.12,3.0,Yes,Yes,Not At Risk
ST05678,19,Male,Computer Science,88.4,72.5,75.0,100.0,21.8,1.64,7.0,Yes,No,Not At Risk
ST05864,21,Female,Computer Science,80.9,50.5,72.7,84.6,6.1,2.9,4.0,Yes,Yes,Not At Risk
ST09854,21,Female,IT,70.1,57.9,62.5,57.4,10.5,2.18,,Yes,Yes,Not At Risk
ST06076,21,Male,IT,91.0,65.2,51.0,87.2,8.5,2.35,6.0,Yes,No,Not At Risk
ST06699,25,Male,Software Engineering,85.6,71.3,57.8,91.8,5.2,2.65,2.0,Yes,No,Not At Risk
ST09845,22,Male,Data Science,81.6,100.0,71.0,68.9,4.1,3.21,2.0,Yes,No,Not At Risk
ST03747,21,Male,Computer Science,71.2,57.6,75.3,46.0,10.0,2.77,4.0,Yes,Yes,Not At Risk
ST03690,18,Female,Computer Science,72.1,75.0,66.2,85.3,2.8,2.46,3.0,Yes,No,Not At Risk
ST07202,24,Female,Data Science,67.6,62.8,53.5,55.7,5.3,2.8,2.0,Yes,No,Not At Risk
ST09402,20,Male,Software Engineering,76.4,65.0,69.6,68.0,1.4,2.88,4.0,Yes,No,Not At Risk
ST03464,25,Female,Data Science,80.4,87.6,72.2,75.1,2.8,4.0,9.0,Yes,Yes,Not At Risk
ST08219,21,Male,Software Engineering,85.6,57.2,66.7,59.9,2.1,2.82,3.0,Yes,No,Not At Risk
ST09249,23,Female,Data Science,62.7,74.6,77.8,51.4,9.0,3.86,3.0,Yes,No,Not At Risk
ST01427,19,Male,Computer Science,61.4,59.8,71.2,55.4,5.1,2.86,4.0,Yes,Yes,Not At Risk
ST07853,25,Female,Computer Science,72.5,89.2,76.0,64.6,1.7,2.42,4.0,Yes,No,Not At Risk
ST02158,22,female,Software Engineering,79.0,91.2,50.6,52.3,7.4,2.28,2.0,Yes,No,At Risk
ST03114,22,Male,Computer Science,78.5,84.8,69.6,80.8,1.1,3.2,5.0,Yes,Yes,Not At Risk
ST07753,21,Female,IT,91.3,59.2,86.4,65.3,10.7,3.0,5.0,Yes,No,Not At Risk
ST09080,18,Female,IT,67.3,69.0,59.0,72.5,8.3,3.12,7.0,Yes,Yes,Not At Risk
ST00741,18,Female,IT,52.0,46.4,84.4,68.0,3.7,2.71,3.0,Yes,Yes,At Risk
ST04748,24,Female,Data Science,86.6,73.6,73.5,57.1,7.3,4.0,11.0,Yes,Yes,Not At Risk
ST11158,22,Female,Computer Science,85.2,42.0,49.9,44.8,2.7,3.91,3.0,Yes,No,Not At Risk
ST11278,23,Male,IT,94.9,46.9,52.3,66.1,7.2,3.14,1.0,Yes,Yes,Not At Risk
ST00947,25,Male,IT,77.8,66.1,73.7,67.9,7.1,2.56,8.0,Yes,Yes,Not At Risk
ST08395,25,Female,Computer Science,83.5,90.5,60.7,73.4,9.9,2.69,3.0,Yes,No,Not At Risk
ST08784,19,Female,Computer Science,81.3,70.1,46.9,65.3,10.5,3.93,6.0,Yes,Yes,Not At Risk
ST08310,23,Female,Software Engineering,87.6,60.4,63.8,74.3,3.9,3.49,8.0,Yes,No,Not At Risk
ST09792,19,Male,Computer Science,78.0,90.1,66.6,42.9,5.1,2.66,4.0,Yes,Yes,Not At Risk
ST08651,23,Male,IT,95.8,77.5,75.9,100.0,3.7,3.61,2.0,Yes,No,Not At Risk
ST11592,19,Male,Data Science,95.9,67.9,62.5,57.4,4.1,3.79,2.0,,Yes,Not At Risk
ST05763,24,Female,Computer Science,96.4,53.5,39.7,52.8,5.9,2.83,1.0,Yes,Yes,Not At Risk
ST03454,20,Female,Computer Science,73.9,64.9,63.8,74.9,9.3,3.23,3.0,Yes,No,At Risk
ST10259,22,Male,IT,85.6,82.5,69.6,65.0,4.2,3.21,2.0,No,No,Not At Risk
ST10809,19,Female,IT,88.6,46.5,71.1,52.4,19.0,2.21,2.0,Yes,Yes,Not At Risk
ST04767,23,Male,Computer Science,89.9,50.1,46.2,97.4,2.5,2.54,5.0,Yes,No,At Risk
ST07638,23,Female,,71.0,78.2,70.5,80.5,7.9,1.92,5.0,Yes,No,Not At Risk
ST04044,18,Female,IT,93.8,75.9,96.3,67.3,15.9,3.33,3.0,Yes,No,Not At Risk
ST00524,25,Male,IT,100.0,77.1,54.5,69.2,3.9,2.88,4.0,Yes,Yes,Not At Risk
ST07358,25,Female,Computer Science,76.8,57.7,45.6,49.8,5.1,3.09,4.0,Yes,No,Not At Risk
ST07024,21,Male,Data Science,66.2,63.0,62.4,46.9,1.1,2.5,1.0,Yes,Yes,At Risk
ST02500,23,Male,Computer Science,95.0,76.4,46.6,91.6,3.3,2.8,3.0,Yes,Yes,Not At Risk
ST06147,19,Male,Data Science,80.3,73.4,62.4,63.9,1.1,2.34,6.0,Yes,No,Not At Risk
ST10246,22,Female,Computer Science,71.4,65.5,84.0,56.1,5.7,2.25,4.0,Yes,Yes,Not At Risk
ST06399,20,Female,Data Science,92.9,37.9,48.7,49.4,4.8,2.05,4.0,Yes,No,Not At Risk
ST06275,19,Male,IT,83.4,68.7,51.1,76.5,7.5,2.78,4.0,Yes,No,Not At Risk
ST07981,23,Female,Computer Science,99.6,81.8,57.7,79.7,6.8,2.72,4.0,Yes,Yes,Not At Risk
ST01734,19,Male,Computer Science,100.0,59.3,30.7,66.3,8.7,3.46,6.0,Yes,Yes,Not At Risk
ST10063,23,Male,Data Science,94.2,87.2,62.9,55.8,9.7,3.85,8.0,Yes,Yes,Not At Risk
ST02200,25,Female,Computer Science,99.5,55.8,75.2,62.0,9.1,2.36,3.0,Yes,Yes,Not At Risk
ST07958,20,Male,IT,92.8,52.9,83.4,95.7,3.6,4.0,3.0,Yes,Yes,Not At Risk
ST02488,24,Male,Computer Science,78.1,85.7,69.2,65.9,4.1,1.76,3.0,Yes,Yes,Not At Risk
ST10089,18,Male,Computer Science,71.1,73.4,62.1,70.8,4.8,3.82,4.0,Yes,No,Not At Risk
ST08626,20,Male,Computer Science,78.6,82.0,68.5,56.9,9.1,2.85,2.0,Yes,No,Not At Risk
ST11383,22,Female,Computer Science,84.5,47.7,43.0,60.7,1.3,2.71,4.0,Yes,No,Not At Risk
ST11468,22,Female,Data Science,62.0,70.6,64.6,71.1,7.2,3.33,2.0,No,Yes,Not At Risk
ST00575,24,Female,Computer Science,73.9,71.9,47.6,59.3,7.2,1.93,7.0,Yes,Yes,Not At Risk
ST04441,25,Male,Computer Science,84.8,77.2,56.0,79.6,3.4,2.51,3.0,Yes,No,Not At Risk
ST06173,23,Male,Data Science,83.4,86.3,55.5,82.5,1.3,1.85,2.0,Yes,Yes,Not At Risk
ST02328,20,Male,IT,91.4,67.9,80.5,58.8,3.3,3.55,5.0,Yes,Yes,Not At Risk
ST06241,24,Female,Computer Science,96.6,61.6,70.5,67.6,9.0,2.57,7.0,No,No,Not At Risk
ST10078,22,Male,IT,53.7,78.4,61.4,31.8,6.5,3.1,2.0,No,No,Not At Risk
ST08731,19,Male,IT,100.0,70.9,75.9,86.5,4.4,2.93,7.0,Yes,No,Not At Risk
ST09446,19,Female,Computer Science,100.0,69.5,53.1,44.5,5.8,2.61,7.0,Yes,Yes,At Risk
ST05000,24,Female,IT,82.5,73.0,100.0,90.8,4.3,3.48,5.0,Yes,No,Not At Risk
ST09281,20,Female,IT,70.1,40.2,69.4,75.2,4.0,3.37,4.0,Yes,No,Not At Risk
ST01261,22,Male,Computer Science,88.5,64.4,65.0,62.3,2.8,3.33,3.0,Yes,No,Not At Risk
ST04845,23,Male,Data Science,78.5,63.2,65.4,89.1,4.9,1.9,2.0,Yes,No,Not At Risk
ST01345,25,Female,IT,87.1,80.4,51.2,36.9,4.4,3.03,4.0,Yes,No,Not At Risk
ST08721,22,Male,Software Engineering,98.2,73.8,56.5,49.4,6.6,2.91,5.0,Yes,Yes,Not At Risk
ST02336,22,Male,Software Engineering,78.0,45.9,48.1,75.4,6.6,2.89,2.0,Yes,Yes,Not At Risk
ST00911,19,Female,Data Science,100.0,66.7,95.8,77.2,8.3,2.92,3.0,Yes,No,Not At Risk
ST06602,23,Female,Computer Science,92.7,71.7,35.6,84.6,7.3,3.08,2.0,Yes,No,Not At Risk
ST04233,18,Female,Computer Science,80.4,80.2,38.0,64.3,2.0,4.0,3.0,Yes,No,Not At Risk
ST08370,18,Male,Software Engineering,73.5,63.1,54.0,69.3,5.2,2.98,4.0,Yes,Yes,Not At Risk
ST06055,18,Female,IT,84.3,68.5,63.8,69.0,3.1,2.96,3.0,No,Yes,Not At Risk
ST10471,21,Female,IT,100.0,51.3,85.6,70.8,4.6,3.17,1.0,Yes,Yes,At Risk
ST00311,22,Male,Software Engineering,79.5,62.3,78.7,93.6,6.8,2.2,2.0,Yes,No,Not At Risk
ST06928,23,Male,Software Engineering,83.5,76.2,60.8,53.4,3.2,2.2,6.0,No,No,Not At Risk
ST09521,23,Male,Computer Science,89.2,91.2,65.5,61.3,5.3,2.8,6.0,Yes,Yes,Not At Risk
ST10295,22,Male,Data Science,82.2,75.1,92.2,57.0,5.0,2.71,7.0,Yes,Yes,Not At Risk
ST04647,20,Female,Computer Science,92.6,78.4,59.2,46.4,5.2,3.73,6.0,No,Yes,Not At Risk
ST05008,20,Male,IT,100.0,75.6,55.1,76.7,4.9,3.53,5.0,Yes,Yes,Not At Risk
ST06801,24,Female,Software Engineering,54.7,57.3,85.9,83.9,2.2,4.0,1.0,Yes,No,Not At Risk
ST06690,18,Female,IT,77.4,34.5,62.4,68.4,3.3,2.28,0.0,Yes,No,Not At Risk
ST06171,18,Male,Computer Science,98.2,63.9,63.3,67.0,6.1,1.34,4.0,Yes,No,At Risk
ST10879,19,Female,IT,86.4,78.1,61.6,66.5,8.2,3.62,4.0,Yes,Yes,Not At Risk
ST06718,24,Female,IT,79.9,70.8,90.3,65.3,8.8,3.58,7.0,Yes,No,Not At Risk
ST04073,19,Male,Software Engineering,82.7,67.4,82.4,92.7,4.7,3.26,1.0,Yes,Yes,Not At Risk
ST02546,24,Male,IT,73.3,70.3,78.0,88.6,3.8,2.06,2.0,Yes,No,Not At Risk
ST10876,22,Female,Software Engineering,84.4,79.9,69.7,49.5,1.7,3.36,4.0,Yes,Yes,Not At Risk
ST07151,25,Female,Computer Science,63.4,76.5,71.3,81.1,14.2,2.85,5.0,Yes,No,Not At Risk
ST01563,22,Male,Computer Science,75.0,54.7,84.7,87.6,14.3,2.76,2.0,Yes,No,Not At Risk
ST10716,23,Female,Computer Science,86.4,84.5,77.2,62.3,2.5,3.22,4.0,Yes,No,Not At Risk
ST00418,21,Male,IT,70.7,57.5,73.3,70.1,11.9,3.68,2.0,Yes,No,At Risk
ST11404,19,Female,Computer Science,73.0,54.2,59.7,76.9,12.3,3.05,3.0,Yes,Yes,Not At Risk
ST11413,24,Female,Data Science,91.4,70.1,63.1,60.5,11.8,3.27,3.0,Yes,Yes,Not At Risk
ST05204,25,Male,Software Engineering,77.2,79.0,57.6,70.3,7.3,2.09,3.0,Yes,No,Not At Risk
ST05027,20,Female,Computer Science,100.0,72.4,41.3,81.4,5.5,2.7,5.0,Yes,No,Not At Risk
ST02595,23,Female,Computer Science,91.0,66.4,60.1,69.8,3.3,2.53,4.0,Yes,Yes,Not At Risk
ST03348,23,Female,Computer Science,100.0,50.5,62.1,66.0,9.8,3.86,2.0,Yes,Yes,At Risk
ST02273,24,Male,Software Engineering,95.8,43.2,78.5,100.0,2.9,3.32,6.0,Yes,Yes,Not At Risk
ST00204,21,Female,Computer Science,66.2,87.6,66.4,66.9,1.6,3.94,5.0,Yes,Yes,At Risk
ST02144,23,Female,Computer Science,68.5,85.1,69.8,56.0,3.1,2.7,2.0,Yes,Yes,Not At Risk
ST01928,22,Female,Software Engineering,73.2,65.7,49.5,37.9,5.8,2.69,6.0,Yes,Yes,Not At Risk
ST06766,19,Male,Data Science,67.1,82.2,78.3,72.4,2.2,1.29,5.0,Yes,No,Not At Risk
ST11870,18,Female,Computer Science,63.4,76.3,88.8,68.5,4.3,4.0,4.0,No,Yes,Not At Risk
ST05813,21,Male,IT,86.2,44.6,75.8,62.1,14.2,3.12,3.0,Yes,No,Not At Risk
ST06187,18,Male,IT,50.9,68.2,67.7,78.3,8.5,2.56,3.0,Yes,No,Not At Risk
ST10174,19,Male,IT,100.0,63.6,35.2,74.3,1.7,2.36,4.0,Yes,No,Not At Risk
ST02622,24,Male,Data Science,63.3,61.4,60.5,100.0,2.6,2.81,2.0,Yes,No,Not At Risk
ST10014,21,Female,IT,79.6,62.6,67.2,50.9,2.7,2.91,4.0,Yes,No,At Risk
ST00480,22,Male,IT,87.7,67.0,60.0,65.4,11.5,3.05,4.0,,Yes,Not At Risk
ST07656,18,Female,Computer Science,74.2,67.8,58.9,68.3,3.7,3.42,1.0,Yes,No,Not At Risk
ST01242,22,Female,Computer Science,82.1,57.0,59.9,67.8,1.8,2.75,3.0,Yes,Yes,Not At Risk
ST02270,22,Female,Computer Science,75.0,69.7,75.0,69.8,9.0,2.81,7.0,Yes,Yes,Not At Risk
ST00817,24,Female,Data Science,77.1,74.8,79.6,64.6,11.5,3.46,1.0,Yes,Yes,Not At Risk
ST00153,19,Female,IT,100.0,65.2,92.0,65.7,6.8,2.73,4.0,No,Yes,At Risk
ST07135,22,Male,Computer Science,65.2,46.6,53.7,86.2,4.2,2.23,5.0,Yes,No,At Risk
ST01823,24,Female,Computer Science,82.5,44.8,74.5,77.3,1.9,2.09,7.0,Yes,No,Not At Risk
ST01999,18,Male,IT,76.7,82.3,73.9,80.4,6.4,2.49,5.0,Yes,No,At Risk
ST04597,21,Male,Computer Science,84.9,59.4,82.2,38.9,6.7,3.42,8.0,Yes,Yes,Not At Risk
ST08733,24,Female,Data Science,90.3,78.7,67.4,63.9,2.9,3.16,1.0,Yes,Yes,Not At Risk
ST07148,23,Male,Computer Science,80.5,83.3,84.7,68.6,6.1,4.0,3.0,Yes,Yes,Not At Risk
ST09620,21,Female,Computer Science,67.4,80.2,66.6,58.2,6.9,3.6,5.0,Yes,Yes,Not At Risk
ST00956,23,Female,Software Engineering,80.5,52.9,82.7,48.0,3.7,3.76,3.0,Yes,Yes,Not At Risk
ST09781,23,Female,Software Engineering,71.7,70.7,56.6,77.0,1.9,1.47,,Yes,Yes,Not At Risk
ST10764,24,Female,Computer Science,99.6,100.0,64.1,66.1,7.4,3.0,6.0,Yes,No,Not At Risk
ST07843,19,Female,Data Science,88.6,61.7,89.0,51.2,3.0,3.77,2.0,Yes,Yes,Not At Risk
ST08729,22,Male,IT,90.9,68.4,88.2,66.2,3.3,3.81,1.0,Yes,No,At Risk
ST09603,21,Male,Software Engineering,92.1,26.9,73.3,37.4,8.1,2.85,6.0,Yes,No,At Risk
ST11137,20,Female,Computer Science,91.0,63.1,56.8,42.8,5.7,3.2,11.0,Yes,Yes,Not At Risk
ST02193,24,Female,Data Science,85.1,98.7,42.0,77.5,10.5,2.88,4.0,Yes,No,Not At Risk
ST08768,24,female,Software Engineering,70.9,91.8,78.2,48.9,5.1,2.77,6.0,Yes,No,Not At Risk
ST07821,23,Female,Computer Science,77.4,87.7,64.7,57.2,5.9,4.0,1.0,Yes,Yes,Not At Risk
ST00778,25,Female,Data Science,89.2,79.3,42.4,68.5,1.9,3.12,6.0,Yes,Yes,At Risk
ST09602,22,Male,Computer Science,85.1,66.1,34.5,68.5,3.6,3.94,4.0,Yes,Yes,Not At Risk
ST05953,18,Female,Software Engineering,77.3,81.3,94.4,65.5,2.0,2.74,3.0,Yes,No,Not At Risk
ST04728,21,Male,IT,76.4,68.8,56.3,39.4,1.5,1.55,3.0,Yes,Yes,Not At Risk
ST03540,23,Male,Data Science,86.8,63.8,76.5,37.4,2.4,2.7,4.0,Yes,No,Not At Risk
ST08569,20,Female,,100.0,96.9,59.8,80.1,1.0,3.22,5.0,Yes,Yes,Not At Risk
ST11409,18,Male,Software Engineering,99.1,59.2,45.5,58.1,5.5,2.6,8.0,Yes,No,Not At Risk
ST01337,19,Male,Computer Science,81.6,68.9,79.0,59.6,5.9,2.21,6.0,Yes,Yes,Not At Risk
ST01644,24,Male,IT,59.3,51.1,73.0,59.3,5.5,3.21,7.0,Yes,Yes,At Risk
ST07518,21,Female,IT,97.0,64.9,100.0,44.7,3.8,3.31,5.0,Yes,No,Not At Risk
ST01931,19,Male,Software Engineering,84.0,64.1,73.9,61.1,2.3,3.01,4.0,Yes,Yes,Not At Risk
ST10767,21,Female,Computer Science,84.7,69.8,42.5,38.9,2.4,2.95,3.0,Yes,No,Not At Risk
ST09739,21,Female,Data Science,83.2,69.8,62.4,29.4,2.4,2.72,3.0,Yes,Yes,Not At Risk
ST04644,20,Male,Software Engineering,89.2,85.1,55.8,66.5,4.4,3.06,4.0,Yes,No,Not At Risk
ST07435,19,Female,IT,83.1,60.0,74.5,88.7,4.5,1.99,2.0,Yes,Yes,Not At Risk
ST07184,23,Female,Software Engineering,74.4,67.3,65.4,39.0,3.4,2.2,3.0,Yes,Yes,Not At Risk
ST03401,25,Male,Computer Science,89.2,54.4,91.3,65.7,2.1,2.32,6.0,Yes,Yes,Not At Risk
ST08652,24,Male,Computer Science,97.7,62.0,65.4,94.3,5.3,2.16,2.0,Yes,No,Not At Risk
ST07225,24,Female,Computer Science,92.8,97.6,69.4,73.6,4.3,3.16,7.0,Yes,No,Not At Risk
ST02688,21,Male,IT,82.1,63.0,78.7,53.9,1.7,3.06,3.0,Yes,No,Not At Risk
ST00731,22,Female,Computer Science,80.2,60.7,47.2,80.7,4.6,3.29,4.0,Yes,Yes,Not At Risk
ST04809,24,Female,Data Science,76.0,91.0,51.5,52.3,7.1,2.18,6.0,Yes,Yes,At Risk
ST03117,22,Female,Computer Science,84.1,72.9,54.2,60.6,6.9,3.73,5.0,Yes,No,Not At Risk
ST03912,20,Female,IT,65.9,81.4,34.2,33.7,10.0,2.74,4.0,Yes,No,At Risk
ST03942,20,Male,Computer Science,96.2,68.9,70.1,93.3,8.2,2.83,7.0,Yes,No,Not At Risk
ST00291,19,Male,Computer Science,70.4,50.3,83.9,62.4,7.4,1.87,5.0,Yes,No,Not At Risk
ST00286,18,Male,Data Science,62.7,80.4,81.4,72.5,11.1,3.36,2.0,Yes,Yes,Not At Risk
ST03198,21,Male,Computer Science,83.4,82.5,83.2,52.5,3.9,2.83,5.0,Yes,No,Not At Risk
ST11294,20,Male,IT,77.7,40.2,58.5,82.4,3.7,4.0,2.0,Yes,Yes,Not At Risk
ST09056,22,Female,Computer Science,97.5,82.5,85.0,75.1,7.2,2.67,6.0,Yes,No,Not At Risk
ST05128,19,Female,Computer Science,80.6,85.5,50.0,60.1,2.1,2.52,1.0,Yes,No,Not At Risk
ST08791,21,Male,IT,72.8,74.4,45.3,55.3,4.8,3.43,13.0,Yes,No,Not At Risk
ST09680,19,Female,Computer Science,80.9,100.0,53.6,56.8,3.3,3.03,5.0,Yes,No,Not At Risk
ST07957,22,Female,IT,85.9,69.1,71.7,77.4,12.6,3.04,7.0,Yes,No,Not At Risk
ST02692,24,Female,Data Science,77.3,88.1,68.6,56.8,5.0,2.44,2.0,Yes,Yes,Not At Risk
ST11282,24,Male,Software Engineering,89.4,75.9,56.9,94.2,4.8,2.71,2.0,Yes,Yes,Not At Risk
ST03739,25,Male,IT,72.1,64.9,64.6,77.3,10.7,2.54,2.0,Yes,No,At Risk
ST07282,22,Male,IT,90.8,86.4,71.4,65.7,11.0,3.05,3.0,Yes,Yes,Not At Risk
ST08013,23,Male,Software Engineering,78.1,91.5,47.2,22.5,3.5,1.92,2.0,Yes,Yes,Not At Risk
ST07950,20,Male,Computer Science,100.0,69.3,73.6,47.5,1.4,1.57,6.0,Yes,No,At Risk
ST08059,18,Female,Data Science,88.9,94.5,74.3,68.2,18.8,1.71,,Yes,Yes,Not At Risk
ST08946,22,Male,Computer Science,74.9,58.0,63.0,100.0,12.6,3.27,2.0,No,No,Not At Risk
ST00326,21,Female,Computer Science,78.4,70.4,58.2,100.0,5.3,2.85,3.0,Yes,No,Not At Risk
ST01477,25,Female,Computer Science,65.1,63.9,77.8,69.1,5.8,2.61,3.0,Yes,Yes,Not At Risk
ST09732,23,Male,Software Engineering,64.6,59.5,64.6,79.9,4.2,2.46,2.0,Yes,Yes,Not At Risk
ST09762,19,Male,Computer Science,62.7,54.1,66.6,64.9,6.3,3.14,3.0,Yes,Yes,Not At Risk
ST01045,22,Female,Software Engineering,75.9,88.8,72.7,79.9,5.6,2.57,1.0,Yes,Yes,Not At Risk
ST00756,22,Male,Data Science,78.1,86.2,89.8,68.5,13.8,3.07,1.0,Yes,No,Not At Risk
ST00125,22,Female,Computer Science,85.3,64.4,83.6,69.5,6.5,3.28,2.0,Yes,No,Not At Risk
ST00677,18,Male,IT,72.1,62.5,57.9,58.5,7.3,3.05,3.0,Yes,Yes,Not At Risk
ST04963,18,Female,Software Engineering,83.3,71.3,73.3,48.5,4.4,3.54,9.0,Yes,No,Not At Risk
ST07886,20,Female,Data Science,87.3,100.0,76.8,39.1,3.6,2.75,5.0,Yes,Yes,Not At Risk
ST07069,21,Female,,82.5,59.4,69.6,63.2,5.3,3.01,4.0,Yes,Yes,Not At Risk
ST08942,24,Male,Data Science,83.2,35.4,43.9,52.0,15.3,2.5,2.0,Yes,No,Not At Risk
ST04058,18,Male,Software Engineering,61.4,78.8,83.3,71.0,5.0,3.1,2.0,Yes,Yes,Not At Risk
ST10024,24,Male,Computer Science,92.8,61.5,38.0,91.1,5.6,1.98,6.0,Yes,Yes,Not At Risk
ST10025,22,Female,Computer Science,65.2,92.0,80.1,86.0,10.0,2.92,4.0,Yes,Yes,Not At Risk
ST04751,25,Male,IT,85.6,70.2,70.4,47.0,2.9,3.45,2.0,Yes,No,Not At Risk
ST05579,18,Male,Computer Science,73.5,71.2,59.2,67.1,2.7,3.79,5.0,Yes,No,Not At Risk
ST03919,19,Female,Computer Science,79.7,66.4,81.0,67.5,4.5,3.62,4.0,Yes,No,Not At Risk
ST07462,20,Female,Computer Science,100.0,51.1,71.7,79.4,2.5,3.36,3.0,Yes,Yes,Not At Risk
ST11140,25,Male,IT,62.2,42.9,60.3,48.9,11.1,3.78,3.0,Yes,No,At Risk
ST02849,19,Male,IT,63.3,41.6,58.0,82.4,5.6,2.91,3.0,Yes,No,At Risk
ST04386,21,Female,Data Science,70.4,75.0,68.2,54.7,2.4,2.08,2.0,Yes,Yes,Not At Risk
ST02554,23,Female,Data Science,93.7,64.7,89.0,58.3,6.7,3.41,4.0,Yes,Yes,Not At Risk
ST02130,25,Female,Computer Science,82.7,80.5,76.7,75.3,9.9,1.57,3.0,Yes,No,Not At Risk
ST03890,20,Male,IT,76.7,62.4,51.5,67.5,5.3,1.98,2.0,Yes,Yes,Not At Risk
ST10734,20,Female,Computer Science,100.0,83.5,60.2,37.6,7.8,3.34,1.0,Yes,No,Not At Risk
ST05627,23,Female,Software Engineering,75.5,57.0,62.9,26.8,6.5,2.4,2.0,Yes,Yes,Not At Risk
ST08616,21,Male,Data Science,91.1,58.6,71.3,68.3,6.6,3.15,5.0,Yes,Yes,Not At Risk
ST03127,24,Female,Software Engineering,64.6,32.3,59.4,71.5,6.5,2.82,7.0,Yes,Yes,At Risk
ST09083,22,Male,Software Engineering,80.9,54.7,60.0,65.7,7.1,2.71,7.0,Yes,No,Not At Risk
ST05150,18,Male,IT,69.7,59.9,76.1,68.9,0.9,3.36,8.0,Yes,No,At Risk
ST05680,22,Female,Computer Science,71.3,38.8,63.6,68.6,7.2,2.76,,Yes,Yes,Not At Risk
ST06976,18,Male,Computer Science,98.4,62.8,76.2,83.3,2.6,2.49,3.0,Yes,No,Not At Risk
ST11838,19,Female,Data Science,55.7,90.5,77.4,50.7,8.1,3.78,2.0,Yes,No,Not At Risk
ST00627,19,Female,Computer Science,69.3,57.7,53.5,83.7,6.0,2.96,2.0,Yes,No,Not At Risk
ST02037,23,Female,Data Science,75.2,61.3,59.2,48.8,13.9,3.36,3.0,Yes,No,Not At Risk
ST06526,18,Male,Computer Science,88.8,42.6,35.1,86.8,2.5,2.62,4.0,Yes,Yes,Not At Risk
ST00009,20,Female,IT,74.8,61.0,99.8,44.6,10.7,2.33,5.0,Yes,No,Not At Risk
ST06314,21,Female,Software Engineering,78.3,57.4,40.9,57.1,5.8,3.25,7.0,Yes,Yes,Not At Risk
ST07238,22,Female,Computer Science,53.0,77.0,99.5,56.3,3.8,2.34,3.0,Yes,No,Not At Risk
ST10165,23,Female,Computer Science,77.9,79.5,88.4,51.2,7.2,2.0,5.0,Yes,Yes,Not At Risk
ST02637,23,Female,Software Engineering,94.5,44.7,59.7,75.5,2.2,3.03,3.0,Yes,Yes,At Risk
ST00610,19,Male,IT,97.5,87.0,48.4,66.0,14.3,2.82,6.0,Yes,Yes,Not At Risk
ST04534,23,Female,Software Engineering,100.0,54.2,65.4,52.2,2.8,1.94,3.0,Yes,No,Not At Risk
ST05272,24,Female,Computer Science,78.5,57.2,60.1,62.5,2.1,1.43,4.0,Yes,No,Not At Risk
ST10420,19,Female,IT,69.2,90.5,68.0,70.9,3.1,2.66,4.0,Yes,No,At Risk
ST04201,18,Male,Computer Science,66.0,98.7,67.6,55.0,1.8,2.89,5.0,Yes,Yes,Not At Risk
ST11346,24,Female,Software Engineering,96.2,82.4,56.9,45.2,4.2,2.48,1.0,Yes,Yes,Not At Risk
ST01518,22,Male,Software Engineering,95.2,77.5,84.3,35.5,11.0,1.78,4.0,No,No,Not At Risk
ST04696,24,Female,Software Engineering,39.2,75.7,88.9,72.9,4.9,2.27,2.0,Yes,Yes,Not At Risk
ST00266,18,Male,Software Engineering,75.1,89.1,66.9,75.9,0.9,2.47,3.0,Yes,No,Not At Risk
ST03242,24,Male,IT,78.6,61.3,74.2,58.0,10.1,3.36,3.0,Yes,Yes,Not At Risk
ST08209,20,Female,Data Science,88.5,73.2,56.8,78.1,5.1,3.05,4.0,Yes,No,Not At Risk
ST05362,21,Female,Software Engineering,95.8,82.8,76.8,91.1,10.9,3.08,7.0,Yes,Yes,Not At Risk
ST08862,23,Male,IT,95.3,75.9,77.7,53.3,5.4,3.05,,No,Yes,Not At Risk
ST08287,19,Male,IT,82.7,67.8,87.4,63.7,7.3,3.02,4.0,Yes,No,Not At Risk
ST07864,19,Male,Software Engineering,73.8,56.0,65.6,95.9,5.9,3.34,3.0,Yes,Yes,Not At Risk
ST07755,19,Female,Software Engineering,82.6,64.4,63.1,98.5,5.8,3.11,2.0,Yes,No,Not At Risk
ST08311,24,Female,IT,100.0,84.1,69.1,77.8,1.6,2.62,7.0,Yes,No,Not At Risk
ST07213,22,Male,Computer Science,86.7,65.1,78.2,57.9,4.1,3.29,3.0,No,No,Not At Risk
ST10898,22,Male,Software Engineering,76.1,96.4,66.6,55.5,7.3,4.0,6.0,Yes,Yes,Not At Risk
ST10283,20,Male,Data Science,73.4,48.3,59.4,54.5,4.3,2.95,5.0,Yes,No,Not At Risk
ST03564,22,Female,Computer Science,95.6,75.5,63.1,37.8,10.5,2.15,2.0,Yes,No,Not At Risk
ST02391,19,Male,Software Engineering,82.2,71.4,76.6,44.4,1.9,3.45,2.0,No,Yes,Not At Risk
ST05950,25,Male,Computer Science,77.5,48.1,62.2,59.6,4.7,2.19,3.0,Yes,No,At Risk
ST05728,20,Male,Computer Science,77.3,37.9,77.2,63.6,8.9,2.38,2.0,Yes,No,Not At Risk
ST03163,19,Male,IT,79.5,75.9,80.2,61.0,3.8,3.77,4.0,Yes,Yes,Not At Risk
ST03556,21,Female,Computer Science,100.0,80.7,60.3,54.7,2.2,3.05,4.0,Yes,Yes,Not At Risk
ST03891,22,Male,Computer Science,76.6,99.4,75.8,68.9,5.2,4.0,7.0,Yes,Yes,Not At Risk
ST04394,19,Male,Software Engineering,87.6,65.1,58.7,47.7,4.2,3.3,4.0,Yes,No,Not At Risk
ST02077,21,Female,Data Science,84.3,99.4,67.3,70.4,3.9,3.06,1.0,Yes,Yes,Not At Risk
ST11255,23,Female,Computer Science,76.4,47.3,77.9,71.6,6.9,2.05,4.0,Yes,No,At Risk
ST03632,20,Female,Computer Science,81.7,56.4,60.1,49.0,3.1,3.05,2.0,No,No,Not At Risk
ST06687,22,Male,Computer Science,64.5,61.7,68.9,67.8,10.5,2.68,3.0,Yes,Yes,Not At Risk
ST00827,25,Male,Computer Science,86.6,69.2,59.9,38.6,3.6,3.7,7.0,Yes,No,At Risk
ST10035,18,Female,IT,80.0,100.0,28.0,77.9,4.3,3.32,4.0,Yes,No,Not At Risk
ST06377,20,Female,Computer Science,81.9,98.8,100.0,62.5,5.4,2.5,3.0,Yes,No,Not At Risk
ST06656,23,Female,Computer Science,81.9,89.0,51.4,78.0,11.5,4.0,8.0,Yes,No,Not At Risk
ST10205,22,Male,Data Science,74.6,85.0,70.4,60.7,8.6,2.78,7.0,Yes,Yes,Not At Risk
ST05459,18,M,Computer Science,77.0,79.3,59.8,53.2,7.7,3.4,2.0,Yes,Yes,Not At Risk
ST04910,21,Male,Computer Science,75.4,47.2,69.6,61.9,8.3,2.55,3.0,Yes,No,At Risk
ST04246,19,Male,Computer Science,82.1,61.3,57.4,55.8,8.9,3.44,5.0,Yes,Yes,Not At Risk
ST03796,21,Male,Computer Science,83.3,76.2,70.6,70.4,7.5,2.11,6.0,No,Yes,Not At Risk
ST07134,23,Male,IT,97.4,49.8,76.5,51.4,2.4,2.33,5.0,Yes,No,Not At Risk
ST10987,22,Female,Software Engineering,82.1,93.7,87.8,91.9,3.9,2.54,7.0,Yes,Yes,Not At Risk
ST06491,20,Female,Computer Science,89.3,72.1,59.7,63.1,5.9,3.21,5.0,Yes,No,Not At Risk
ST04452,18,Male,Software Engineering,63.8,81.5,67.0,62.4,2.1,3.79,2.0,Yes,No,Not At Risk
ST06855,21,Female,Software Engineering,72.1,54.1,92.9,59.9,3.0,2.06,4.0,Yes,Yes,Not At Risk
ST01540,21,Male,Software Engineering,71.5,83.9,38.4,71.8,5.7,2.65,0.0,Yes,No,At Risk
ST11161,22,Male,Computer Science,86.4,93.2,62.4,66.8,8.0,3.79,2.0,Yes,No,Not At Risk
ST02780,24,Female,Data Science,72.6,56.5,58.7,52.5,8.4,2.78,2.0,Yes,Yes,Not At Risk
ST08900,21,Male,Data Science,94.8,73.1,62.9,80.5,4.3,2.75,1.0,Yes,No,Not At Risk
ST00506,19,Male,IT,69.0,51.5,73.2,66.8,1.5,3.5,6.0,Yes,No,Not At Risk
ST11992,18,Female,Data Science,91.8,79.7,65.2,49.6,7.8,1.12,2.0,Yes,No,Not At Risk
ST07613,23,Male,IT,86.2,70.5,56.4,25.1,4.5,3.03,5.0,Yes,No,Not At Risk
ST05873,21,Female,Software Engineering,83.4,85.8,21.1,50.1,8.3,2.43,2.0,Yes,No,Not At Risk
ST06158,19,Male,IT,99.2,62.8,68.6,64.9,5.6,3.25,3.0,Yes,Yes,Not At Risk
ST07488,20,Female,Computer Science,87.7,84.7,74.0,80.6,5.8,2.21,4.0,Yes,No,Not At Risk
ST00742,23,Female,,57.7,49.9,57.1,61.8,14.0,2.59,2.0,Yes,Yes,Not At Risk
ST04296,20,Male,Software Engineering,86.3,71.9,67.5,77.7,5.5,1.68,4.0,Yes,No,Not At Risk
ST06321,20,Female,Software Engineering,60.2,40.4,82.5,64.4,6.6,2.71,9.0,Yes,Yes,At Risk
ST06674,19,Male,IT,88.9,65.2,79.3,62.9,3.2,3.27,4.0,Yes,No,Not At Risk
ST04889,24,Male,IT,75.4,48.5,60.1,54.8,2.4,3.45,4.0,Yes,Yes,Not At Risk
ST06703,24,Male,Computer Science,92.8,95.7,98.6,52.4,8.3,3.39,4.0,Yes,Yes,Not At Risk
ST01933,23,Female,Computer Science,100.0,50.2,54.9,50.1,8.2,3.16,4.0,Yes,No,Not At Risk
ST04989,24,Female,Computer Science,71.1,53.9,59.4,39.2,2.3,3.33,5.0,Yes,Yes,At Risk
ST04447,19,Male,Computer Science,79.3,49.5,91.2,47.3,8.8,3.08,4.0,Yes,No,At Risk
ST09590,23,Female,IT,84.2,90.0,61.7,68.6,2.1,1.95,5.0,Yes,Yes,Not At Risk
ST02278,18,Male,IT,79.9,46.6,55.6,48.9,4.6,3.05,5.0,Yes,No,Not At Risk
ST06728,18,Female,Software Engineering,100.0,58.5,60.4,69.1,6.7,2.85,5.0,Yes,No,Not At Risk
ST07394,22,Male,Data Science,96.7,60.6,73.3,59.5,4.3,2.7,6.0,Yes,No,Not At Risk
ST00728,20,Female,Software Engineering,66.9,66.3,68.8,97.9,7.2,3.63,4.0,Yes,Yes,Not At Risk
ST09302,24,Female,,77.0,90.3,60.8,37.3,6.5,2.75,1.0,Yes,No,At Risk
ST07021,22,Male,Data Science,56.7,61.1,57.8,80.3,4.4,2.99,1.0,Yes,No,At Risk
ST10979,23,Male,IT,79.2,63.6,50.9,58.9,9.5,3.49,8.0,Yes,No,Not At Risk
ST00993,18,Female,Software Engineering,71.6,57.8,92.7,92.3,4.3,1.72,0.0,Yes,No,Not At Risk
ST03523,22,Female,Computer Science,89.2,59.6,37.5,62.0,2.7,2.88,6.0,Yes,Yes,Not At Risk
ST01282,24,Male,IT,80.8,67.8,49.9,47.7,10.0,2.81,2.0,,Yes,Not At Risk
ST08800,18,Male,Data Science,56.6,43.5,50.6,81.4,5.3,2.08,4.0,Yes,No,At Risk
ST05276,20,Male,Computer Science,77.6,80.9,67.6,71.7,9.4,2.2,4.0,Yes,Yes,Not At Risk
ST00922,22,Female,Data Science,84.5,53.3,35.5,68.6,10.2,3.37,2.0,,No,Not At Risk
ST07085,18,Female,Software Engineering,84.6,64.9,93.0,87.5,3.6,2.59,5.0,Yes,No,Not At Risk
ST10808,20,Male,Software Engineering,83.9,50.2,68.0,75.2,6.2,2.78,6.0,Yes,No,Not At Risk
ST11516,20,Female,Data Science,79.9,72.7,50.8,62.4,2.1,2.22,4.0,Yes,No,Not At Risk
ST11847,18,Female,Computer Science,82.1,38.0,88.4,40.2,2.8,2.57,4.0,Yes,No,Not At Risk
ST00959,21,Female,Software Engineering,85.4,53.1,55.4,75.9,5.0,1.68,8.0,Yes,Yes,At Risk
ST05244,23,Female,Data Science,93.5,58.0,78.4,61.4,8.6,1.69,2.0,Yes,No,Not At Risk
ST06654,21,Male,IT,92.9,72.0,83.2,83.3,2.5,2.02,7.0,Yes,No,Not At Risk
ST03775,21,Male,,70.8,75.3,75.5,79.7,5.7,2.91,5.0,Yes,Yes,Not At Risk
ST05819,25,Male,IT,95.5,83.2,61.1,30.1,17.9,3.21,4.0,Yes,No,Not At Risk
ST11940,24,Male,IT,58.4,59.5,86.1,64.8,13.0,3.81,5.0,Yes,No,Not At Risk
ST02526,23,Female,Computer Science,68.4,93.4,48.7,79.5,5.6,2.84,3.0,Yes,Yes,Not At Risk
ST06944,20,Female,Software Engineering,79.7,61.1,62.3,55.9,9.3,3.57,3.0,Yes,No,At Risk
ST11464,18,Female,Computer Science,82.1,100.0,58.9,72.8,4.8,3.47,5.0,Yes,No,Not At Risk
ST06065,21,Male,Computer Science,100.0,43.8,67.7,80.5,2.4,3.55,7.0,Yes,Yes,Not At Risk
ST07284,20,Male,Software Engineering,97.7,76.3,69.0,52.8,2.9,3.02,5.0,Yes,Yes,Not At Risk
ST00034,23,Female,Software Engineering,84.2,63.4,86.5,64.9,16.3,3.38,2.0,Yes,Yes,Not At Risk
ST01631,23,Female,Data Science,77.0,60.9,42.1,64.8,6.1,2.84,2.0,Yes,No,At Risk
ST08495,22,Female,Computer Science,77.0,53.5,69.0,76.2,8.0,2.71,3.0,Yes,No,Not At Risk
ST10457,24,Male,Software Engineering,84.1,68.9,70.7,42.2,5.1,2.29,5.0,Yes,Yes,Not At Risk
ST09861,18,Male,Data Science,77.2,69.6,64.8,55.5,10.5,3.09,4.0,Yes,Yes,At Risk
ST05778,25,Female,,55.5,62.1,64.1,73.2,4.0,3.62,3.0,Yes,Yes,At Risk
ST10327,20,Male,Software Engineering,82.2,57.5,54.9,30.3,5.8,2.38,2.0,Yes,No,At Risk
ST07247,18,Male,Software Engineering,84.3,100.0,66.9,56.4,3.1,2.44,5.0,Yes,Yes,Not At Risk
ST02271,25,Male,Computer Science,76.6,44.8,69.5,20.1,7.4,3.33,6.0,Yes,No,At Risk
ST11448,20,Male,Software Engineering,84.7,77.5,76.6,71.5,10.3,4.0,5.0,Yes,Yes,Not At Risk
ST01784,23,Male,IT,67.9,55.7,61.3,73.9,1.8,2.06,5.0,Yes,No,Not At Risk
ST01288,19,Male,Computer Science,85.2,79.8,76.1,100.0,3.5,3.24,4.0,Yes,Yes,Not At Risk
ST01160,24,Female,Computer Science,81.6,79.7,44.1,49.1,7.3,2.55,6.0,Yes,No,Not At Risk
ST08481,25,Male,IT,63.4,60.7,68.6,80.0,4.1,4.0,4.0,Yes,No,Not At Risk
ST07466,21,Male,Computer Science,83.9,78.3,58.1,54.4,3.1,3.17,6.0,Yes,No,Not At Risk
ST10988,25,Male,Computer Science,74.6,42.9,60.9,63.1,4.8,2.91,3.0,Yes,Yes,Not At Risk
ST03489,22,Male,Computer Science,80.8,89.0,62.2,29.0,9.2,3.02,3.0,Yes,Yes,Not At Risk
ST09954,24,Male,Data Science,87.7,94.9,62.0,53.8,4.8,3.27,0.0,Yes,No,Not At Risk
ST02830,21,Female,Software Engineering,83.3,64.9,78.0,59.9,3.7,2.22,7.0,Yes,Yes,Not At Risk
ST11735,18,Female,Computer Science,100.0,63.3,58.0,68.7,4.6,3.08,3.0,Yes,No,Not At Risk
ST11217,21,Female,Computer Science,76.2,60.6,63.2,99.2,0.7,3.93,5.0,Yes,No,Not At Risk
ST06015,22,Female,IT,77.8,82.3,27.4,31.4,4.6,3.06,3.0,Yes,Yes,At Risk
ST00921,25,Male,IT,92.3,55.0,49.5,51.7,6.5,3.6,6.0,Yes,Yes,At Risk
ST11604,20,Male,IT,73.4,78.9,53.2,77.8,15.8,3.83,4.0,Yes,No,Not At Risk
ST08961,22,Male,IT,85.9,73.7,53.8,41.4,2.5,2.32,4.0,Yes,Yes,At Risk
ST02603,23,Male,Data Science,72.2,89.5,84.9,44.4,2.2,2.46,5.0,Yes,No,Not At Risk
ST10046,20,Male,Computer Science,80.6,60.6,80.3,49.0,2.9,2.52,8.0,Yes,No,Not At Risk
ST01629,23,Male,Computer Science,70.1,68.3,71.0,77.6,12.0,2.58,3.0,Yes,Yes,Not At Risk
ST00136,19,Female,Data Science,87.8,78.8,65.9,60.9,10.3,1.98,5.0,Yes,Yes,Not At Risk
ST11511,25,Male,Computer Science,89.5,71.5,66.1,31.1,13.5,2.76,4.0,Yes,Yes,Not At Risk
ST07523,21,Male,Data Science,65.6,72.5,66.1,87.5,9.6,2.88,2.0,Yes,No,Not At Risk
ST01679,23,Female,IT,91.6,57.9,64.3,84.0,13.6,2.49,7.0,Yes,No,Not At Risk
ST09179,25,Female,Computer Science,76.2,54.9,58.5,82.0,3.7,3.03,3.0,Yes,Yes,Not At Risk
ST09209,25,Female,Computer Science,83.6,56.8,46.3,40.8,5.6,1.79,3.0,Yes,Yes,Not At Risk
ST11671,20,Male,IT,71.4,61.4,74.8,100.0,5.3,2.98,5.0,Yes,Yes,Not At Risk
ST10098,19,Male,Software Engineering,80.6,62.1,62.2,63.1,7.0,1.94,4.0,Yes,No,Not At Risk
ST07137,21,Female,IT,79.8,65.4,83.2,57.3,4.2,2.46,1.0,Yes,Yes,At Risk
ST02667,22,Female,Computer Science,85.7,45.4,64.0,28.2,7.1,2.36,4.0,Yes,Yes,Not At Risk
ST09963,18,Female,Computer Science,85.8,84.7,69.4,80.4,7.5,1.89,1.0,Yes,Yes,Not At Risk
ST10396,18,Female,Software Engineering,97.3,55.6,68.5,77.0,4.8,2.18,4.0,Yes,Yes,Not At Risk
ST07014,24,Male,Software Engineering,73.1,41.4,52.8,42.2,11.1,3.09,4.0,Yes,No,At Risk
ST01106,24,Female,Software Engineering,62.4,81.2,78.4,52.6,3.1,3.62,1.0,Yes,Yes,Not At Risk
ST07104,24,Female,Data Science,74.2,88.4,64.2,57.7,5.3,4.0,3.0,Yes,No,Not At Risk
ST04468,25,Male,Computer Science,94.5,37.5,65.0,77.5,3.7,3.44,7.0,Yes,Yes,Not At Risk
ST03194,20,Male,Computer Science,93.0,90.9,63.3,61.2,2.1,2.99,2.0,Yes,No,Not At Risk
ST09733,21,Female,IT,68.3,53.3,77.4,79.2,5.4,3.39,8.0,Yes,Yes,Not At Risk
ST09101,20,Female,Software Engineering,63.2,72.4,57.1,85.7,4.1,2.79,6.0,Yes,Yes,Not At Risk
ST02064,18,Male,Data Science,69.8,63.5,41.1,55.4,5.3,3.12,5.0,Yes,Yes,Not At Risk
ST06552,23,Male,Data Science,68.1,47.5,61.6,49.7,9.1,3.42,4.0,Yes,Yes,At Risk
ST04297,20,Male,Computer Science,76.4,62.9,64.1,52.5,3.0,3.35,6.0,Yes,No,Not At Risk
ST11646,18,Male,IT,86.4,82.2,62.9,53.9,9.7,3.84,7.0,Yes,No,Not At Risk
ST04833,18,Male,Software Engineering,82.3,67.2,63.2,42.4,12.8,2.81,2.0,Yes,No,Not At Risk
ST07041,20,Female,Computer Science,70.0,84.9,70.8,62.5,5.0,3.95,7.0,Yes,No,Not At Risk
ST09848,20,Female,IT,90.2,94.8,28.1,72.5,10.4,2.88,7.0,Yes,Yes,Not At Risk
ST03539,21,Male,IT,65.4,61.6,56.6,57.5,5.1,4.0,,Yes,Yes,Not At Risk
ST03377,19,Male,Computer Science,100.0,68.2,61.0,48.7,8.1,2.77,4.0,Yes,Yes,Not At Risk
ST09460,25,Female,Computer Science,83.1,71.4,64.1,69.9,11.0,3.18,5.0,No,No,Not At Risk
ST01955,24,Female,Data Science,58.6,83.4,61.9,71.9,2.3,2.7,4.0,Yes,Yes,Not At Risk
ST01545,24,Male,Computer Science,71.7,77.3,65.1,82.4,13.1,2.29,6.0,Yes,No,Not At Risk
ST01188,18,Female,Software Engineering,81.0,38.8,56.4,36.8,9.7,3.18,6.0,Yes,No,Not At Risk
ST09513,22,Female,Data Science,91.8,64.4,70.4,62.6,3.5,3.45,5.0,Yes,Yes,Not At Risk
ST03350,20,Male,Data Science,63.2,97.2,60.6,64.7,4.1,3.34,7.0,Yes,No,Not At Risk
ST02749,18,Male,Computer Science,81.7,48.8,59.5,62.7,6.1,2.17,5.0,Yes,Yes,At Risk
ST03368,18,Male,Software Engineering,60.5,62.1,66.7,78.3,1.9,3.88,4.0,Yes,No,Not At Risk
ST00247,25,Female,Computer Science,91.8,66.2,45.3,81.0,4.4,2.25,5.0,Yes,Yes,Not At Risk
ST02386,23,Male,Computer Science,80.6,66.2,100.0,79.3,10.6,2.22,4.0,Yes,No,Not At Risk
ST08155,21,Female,Software Engineering,94.9,30.9,71.1,87.0,6.5,2.91,6.0,Yes,No,At Risk
ST07145,24,Female,Computer Science,79.3,65.3,56.7,56.0,11.1,2.59,3.0,Yes,No,Not At Risk
ST04603,24,Male,Data Science,74.5,89.4,41.3,55.0,7.7,1.73,3.0,Yes,Yes,Not At Risk
ST06863,19,Male,IT,92.1,65.8,37.5,79.5,7.9,3.64,3.0,Yes,Yes,Not At Risk
ST11289,22,Female,Computer Science,100.0,94.0,50.1,46.9,9.1,1.41,9.0,Yes,Yes,Not At Risk
ST09174,25,Female,Computer Science,83.7,46.6,75.4,70.3,2.3,3.29,7.0,Yes,Yes,Not At Risk
ST02527,23,Female,IT,75.2,100.0,72.5,47.4,5.9,3.83,4.0,Yes,Yes,Not At Risk
ST07037,23,Female,Software Engineering,100.0,75.8,78.0,61.8,11.1,2.29,6.0,Yes,Yes,Not At Risk
ST01966,22,Female,Computer Science,88.0,68.1,52.0,69.6,10.9,3.02,7.0,Yes,No,Not At Risk
ST11708,22,Female,Computer Science,82.9,59.6,63.5,59.8,11.3,3.11,4.0,No,Yes,Not At Risk
ST02079,19,Female,Data Science,85.8,48.5,67.1,87.5,12.4,2.71,3.0,Yes,No,Not At Risk
ST11083,22,Female,,95.2,77.3,52.5,58.4,4.9,3.99,7.0,No,No,At Risk
ST11387,21,Female,Computer Science,66.1,36.0,62.7,55.8,6.4,2.38,3.0,Yes,No,Not At Risk
ST02525,19,Male,Computer Science,100.0,47.0,60.8,64.7,2.5,1.31,5.0,Yes,No,At Risk
ST07423,24,Male,Data Science,96.7,75.0,43.1,63.2,3.6,2.05,4.0,Yes,No,Not At Risk
ST11434,21,Male,Computer Science,99.2,74.7,64.5,58.1,6.7,2.34,3.0,Yes,No,Not At Risk
ST01004,18,Male,Computer Science,92.0,74.5,72.9,66.9,5.0,3.59,3.0,Yes,Yes,Not At Risk
ST06215,22,Male,Software Engineering,78.4,44.3,46.9,51.9,5.5,2.62,2.0,Yes,Yes,At Risk
ST06729,22,Male,IT,100.0,99.3,69.7,70.4,3.1,2.82,6.0,Yes,Yes,Not At Risk
ST04061,19,Female,Software Engineering,86.9,58.5,53.9,67.9,5.3,2.78,2.0,Yes,Yes,Not At Risk
ST04765,18,Male,Computer Science,100.0,66.9,95.7,100.0,13.4,3.31,1.0,Yes,Yes,Not At Risk
ST08592,18,Male,Data Science,78.0,68.7,61.6,86.6,3.0,2.48,6.0,Yes,Yes,Not At Risk
ST07914,19,Female,Computer Science,78.7,26.7,51.7,60.5,6.1,2.99,3.0,Yes,Yes,Not At Risk
ST09311,20,Female,Computer Science,77.7,61.5,41.0,35.0,6.1,2.72,3.0,Yes,No,At Risk
ST00093,20,Male,Software Engineering,81.9,93.7,70.8,48.3,11.4,2.96,4.0,,No,Not At Risk
ST06495,23,Male,Software Engineering,79.0,60.0,79.9,75.9,2.8,2.8,6.0,,Yes,Not At Risk
ST11405,22,Male,Data Science,97.8,68.2,37.2,58.2,6.0,2.15,4.0,Yes,Yes,Not At Risk
ST03287,23,Male,Computer Science,89.2,100.0,60.4,72.9,4.8,2.92,5.0,Yes,No,Not At Risk
ST06758,21,Female,Software Engineering,81.7,69.4,88.8,45.2,9.4,2.97,2.0,Yes,Yes,Not At Risk
ST00455,20,Male,Software Engineering,94.2,76.6,63.1,65.7,7.8,4.0,3.0,Yes,Yes,Not At Risk
ST09161,23,Female,Data Science,83.5,70.2,82.4,47.7,7.5,2.32,3.0,Yes,No,Not At Risk
ST11923,21,Female,Computer Science,95.1,65.7,62.1,66.8,4.4,2.53,2.0,Yes,No,Not At Risk
ST10202,19,Male,Computer Science,85.3,70.6,64.0,73.8,2.0,1.59,6.0,Yes,Yes,Not At Risk
ST05138,22,Female,Software Engineering,84.2,63.3,66.3,50.8,11.2,2.39,4.0,Yes,No,At Risk
ST11299,18,Female,IT,74.5,60.3,87.7,,10.2,2.71,6.0,Yes,No,Not At Risk
ST01284,22,Male,Software Engineering,100.0,79.4,66.2,55.4,5.1,3.26,2.0,Yes,No,Not At Risk
ST11826,24,Male,Software Engineering,100.0,73.8,47.2,67.1,4.8,2.68,5.0,Yes,No,Not At Risk
ST06394,22,Female,Computer Science,67.3,77.8,58.2,32.1,4.9,3.24,4.0,Yes,Yes,Not At Risk
ST00303,20,Male,Software Engineering,69.1,62.4,86.4,83.8,12.5,4.0,3.0,Yes,Yes,Not At Risk
ST10018,19,Male,Computer Science,63.9,66.4,56.7,77.9,5.9,3.58,4.0,Yes,No,At Risk
ST02772,25,Female,IT,62.7,34.6,80.9,66.0,5.0,3.65,8.0,Yes,No,At Risk
ST01693,21,Male,Computer Science,100.0,58.9,66.1,76.2,8.8,2.73,3.0,Yes,No,Not At Risk
ST04481,24,Female,Computer Science,81.4,48.8,54.1,17.0,4.5,4.0,6.0,Yes,No,Not At Risk
ST09608,20,Male,Software Engineering,84.4,59.3,52.4,42.3,2.5,3.34,6.0,Yes,No,Not At Risk
ST04561,22,Female,IT,67.7,67.4,77.4,47.5,5.1,2.12,5.0,Yes,Yes,At Risk
ST00899,25,Male,Software Engineering,71.7,86.7,39.9,74.0,3.0,2.8,4.0,Yes,Yes,Not At Risk
ST04923,18,Male,IT,78.2,45.0,96.0,47.3,25.0,1.79,7.0,Yes,Yes,Not At Risk
ST05157,21,Female,Computer Science,94.4,69.3,87.9,59.9,5.4,3.23,3.0,Yes,No,At Risk
ST08972,19,Male,Software Engineering,96.5,75.1,87.0,62.7,9.5,2.86,5.0,Yes,No,Not At Risk
ST05820,20,Male,Data Science,65.3,87.3,61.5,71.3,2.5,3.65,5.0,Yes,No,Not At Risk
ST04485,24,Female,IT,85.7,71.9,44.1,82.4,4.8,3.02,3.0,Yes,No,Not At Risk
ST02139,20,Female,IT,74.1,100.0,86.0,57.3,10.5,2.5,,,Yes,Not At Risk
ST02445,22,Female,Computer Science,84.9,61.8,45.6,47.0,6.1,2.23,0.0,Yes,Yes,Not At Risk
ST08248,24,Male,Data Science,53.7,87.9,55.3,75.9,7.6,3.12,6.0,Yes,Yes,Not At Risk
ST07057,20,Female,Computer Science,86.1,48.8,67.9,57.8,6.7,2.48,1.0,Yes,No,Not At Risk
ST03860,21,Male,IT,96.8,53.8,30.2,99.3,4.4,2.15,7.0,Yes,Yes,At Risk
ST00675,25,Male,Software Engineering,100.0,48.5,69.3,60.6,6.0,2.55,6.0,Yes,No,Not At Risk
ST02048,22,Male,Computer Science,81.4,67.7,66.8,65.9,0.7,2.42,5.0,Yes,Yes,Not At Risk
ST03264,20,Male,IT,79.8,48.4,73.8,75.7,5.0,2.09,3.0,Yes,No,At Risk
ST04111,21,Male,Data Science,81.3,61.9,74.5,69.1,3.3,2.37,3.0,Yes,No,Not At Risk
ST00850,23,Male,Computer Science,97.7,71.9,38.8,82.4,4.5,2.31,3.0,Yes,No,Not At Risk
ST03113,23,Male,Software Engineering,87.2,76.6,70.1,41.9,11.5,2.05,1.0,Yes,No,Not At Risk
ST08356,22,Male,Data Science,90.1,70.1,45.6,33.8,6.2,2.48,9.0,Yes,Yes,Not At Risk
ST09395,20,Male,IT,84.3,30.4,65.6,78.4,3.1,2.88,3.0,Yes,No,At Risk
ST00432,19,Male,Software Engineering,85.4,49.4,76.6,64.7,5.9,3.39,2.0,Yes,Yes,Not At Risk
ST08973,20,Female,Software Engineering,97.4,61.2,32.5,83.5,1.9,2.75,3.0,No,Yes,Not At Risk
ST01055,19,Female,Software Engineering,94.8,36.7,33.7,71.0,3.0,2.85,6.0,Yes,No,Not At Risk
ST01682,24,Female,Software Engineering,71.6,85.4,93.7,33.2,10.1,2.36,2.0,Yes,Yes,Not At Risk
ST10931,21,Female,Computer Science,88.4,79.5,40.9,50.6,2.1,2.86,5.0,Yes,No,Not At Risk
ST02572,24,Male,Data Science,55.4,69.0,88.4,60.7,8.0,2.37,7.0,Yes,No,At Risk
ST03535,19,Female,,76.8,54.9,68.6,79.8,4.0,3.56,4.0,Yes,No,Not At Risk
ST11211,19,Female,Data Science,68.6,60.1,62.9,76.8,11.3,1.87,1.0,No,Yes,Not At Risk
ST10875,25,Male,Computer Science,66.0,71.8,65.3,71.3,4.6,3.28,4.0,Yes,Yes,Not At Risk
ST11245,24,Male,Computer Science,73.8,66.6,81.6,54.5,7.1,1.74,3.0,Yes,Yes,Not At Risk
ST00668,25,Female,IT,66.4,68.4,77.5,82.7,6.2,2.24,7.0,Yes,Yes,Not At Risk
ST11529,19,Male,IT,76.5,84.6,67.7,52.9,4.5,3.31,2.0,Yes,No,Not At Risk
ST10369,18,Male,IT,75.3,51.2,85.4,58.8,6.1,3.08,7.0,Yes,No,Not At Risk
ST02765,23,Female,Software Engineering,72.5,62.1,39.5,56.6,5.4,3.91,4.0,Yes,Yes,Not At Risk
ST03075,25,Male,Data Science,95.8,41.3,43.5,64.1,8.0,2.82,1.0,Yes,Yes,Not At Risk
ST01701,18,Female,,85.7,77.2,46.0,77.9,8.6,2.48,6.0,Yes,Yes,Not At Risk
ST03369,25,Female,Data Science,72.6,65.4,72.5,70.8,6.4,2.68,7.0,Yes,No,At Risk
ST09185,23,Female,Data Science,97.8,54.7,74.1,63.8,3.7,2.77,2.0,Yes,Yes,Not At Risk
ST06258,21,Male,,88.1,94.1,86.4,69.3,6.3,2.6,3.0,Yes,No,Not At Risk
ST01797,20,Male,Computer Science,86.4,54.5,43.4,51.5,2.9,3.42,5.0,Yes,Yes,Not At Risk
ST05819,25,Male,IT,95.5,83.2,61.1,30.1,17.9,3.21,4.0,Yes,No,Not At Risk
ST02371,25,Female,Software Engineering,81.0,48.3,68.8,79.6,9.0,2.84,6.0,Yes,Yes,Not At Risk
ST08325,24,Female,Data Science,72.2,68.9,73.5,33.4,8.1,4.0,8.0,Yes,No,At Risk
ST01807,24,M,IT,63.9,59.1,70.5,39.4,12.1,2.06,2.0,Yes,No,At Risk
ST11240,20,Female,Data Science,94.0,85.7,60.9,45.2,6.8,2.69,4.0,Yes,No,Not At Risk
ST01782,23,Male,Software Engineering,78.8,65.9,78.1,67.0,2.7,3.4,7.0,Yes,Yes,Not At Risk
ST08644,18,Male,Computer Science,84.4,47.9,92.7,72.2,12.3,3.49,4.0,Yes,Yes,Not At Risk
ST00557,25,Female,Computer Science,87.3,52.9,99.3,82.6,6.8,2.9,9.0,Yes,No,Not At Risk
ST07451,19,Female,Software Engineering,76.5,51.4,74.5,49.3,11.0,4.0,3.0,Yes,No,Not At Risk
ST04196,22,Male,IT,93.8,63.6,60.7,62.7,7.4,2.82,3.0,Yes,Yes,Not At Risk
ST02331,23,Male,IT,89.9,83.0,57.0,49.8,6.8,3.5,7.0,Yes,No,Not At Risk
ST09060,19,Male,IT,54.6,63.9,62.7,,13.5,3.51,4.0,Yes,Yes,Not At Risk
ST01558,24,Female,Computer Science,79.9,69.6,60.5,52.7,8.3,3.35,2.0,Yes,Yes,At Risk
ST03586,24,Female,IT,77.9,90.8,73.1,85.4,11.8,2.78,1.0,Yes,No,Not At Risk
ST03326,22,Female,Software Engineering,83.0,83.4,38.7,63.4,1.8,4.0,4.0,Yes,No,Not At Risk
ST04967,25,Male,IT,81.4,66.9,73.7,82.0,5.4,2.49,2.0,Yes,Yes,Not At Risk
ST06051,20,Male,IT,90.5,53.7,79.6,65.6,2.0,3.22,5.0,Yes,No,Not At Risk
ST07706,23,Male,Data Science,68.6,62.2,64.8,69.4,3.5,3.08,6.0,Yes,No,Not At Risk
ST03807,19,Male,Data Science,71.8,51.5,49.5,80.0,10.6,2.05,2.0,Yes,No,Not At Risk
ST11082,25,Male,Data Science,85.9,54.1,68.0,46.7,4.2,2.52,1.0,Yes,Yes,Not At Risk
ST07122,22,Male,Software Engineering,95.6,71.1,76.0,64.2,4.1,3.86,1.0,Yes,No,Not At Risk
ST05664,21,Male,Data Science,97.1,81.1,47.7,47.4,10.8,2.33,1.0,Yes,No,At Risk
ST08918,25,Male,Computer Science,95.5,66.0,77.3,70.7,4.5,3.44,3.0,Yes,No,Not At Risk
ST00224,21,Female,,68.5,78.4,71.3,56.2,3.3,2.85,4.0,Yes,Yes,At Risk
ST00317,22,Female,IT,82.3,67.2,63.5,40.0,5.8,3.98,4.0,No,No,At Risk
ST05403,19,Female,Computer Science,75.5,64.9,56.1,43.5,7.9,2.56,4.0,Yes,No,At Risk
ST09677,25,Female,IT,82.2,70.2,81.4,31.5,1.4,2.86,6.0,Yes,Yes,Not At Risk
ST11400,23,Male,IT,82.6,57.2,70.0,58.4,9.6,2.76,5.0,Yes,No,At Risk
ST01296,18,Male,IT,69.9,36.0,70.9,73.1,4.2,1.98,3.0,Yes,Yes,Not At Risk
ST06816,18,Male,Data Science,89.9,58.4,60.2,65.1,4.8,2.67,5.0,Yes,No,Not At Risk
ST05917,19,Female,IT,75.0,100.0,81.2,56.9,1.3,2.25,4.0,Yes,Yes,Not At Risk
ST02870,25,Male,Data Science,57.7,62.2,65.6,42.3,5.3,3.24,5.0,Yes,No,Not At Risk
ST03716,18,Female,Software Engineering,93.4,62.4,75.8,41.9,7.4,2.87,2.0,No,No,Not At Risk
ST09286,24,Male,Software Engineering,83.5,62.5,57.6,45.5,6.2,2.78,3.0,Yes,No,Not At Risk
ST07140,24,Male,Computer Science,84.7,51.5,64.9,53.6,4.6,2.48,2.0,Yes,No,Not At Risk
ST04100,24,Female,Computer Science,92.1,81.2,68.1,55.1,7.0,2.71,4.0,Yes,Yes,Not At Risk
ST03510,24,Female,Computer Science,78.0,56.6,50.1,54.0,4.2,3.14,8.0,Yes,Yes,Not At Risk
ST02645,23,Male,IT,84.6,99.3,77.3,53.1,8.4,2.62,6.0,Yes,Yes,Not At Risk
ST05129,19,Female,Data Science,100.0,59.8,53.6,48.3,10.0,2.38,7.0,Yes,No,Not At Risk
ST10600,23,Male,Computer Science,85.4,47.4,41.0,56.9,3.0,1.95,2.0,Yes,Yes,Not At Risk
ST09132,18,Female,Computer Science,81.2,77.3,54.8,84.6,9.4,3.39,2.0,Yes,No,Not At Risk
ST06781,21,Male,Software Engineering,77.6,85.8,49.3,66.9,5.8,3.78,6.0,Yes,No,Not At Risk
ST04037,23,Female,IT,73.5,71.8,66.9,87.3,13.4,3.89,5.0,Yes,No,Not At Risk
ST03566,22,Male,Computer Science,99.8,50.1,80.5,96.8,9.9,3.62,3.0,Yes,No,Not At Risk
ST01616,24,Male,Data Science,82.3,100.0,100.0,65.7,6.0,3.42,5.0,Yes,No,Not At Risk
ST09002,25,Female,Computer Science,82.7,66.9,91.1,35.7,3.8,3.64,3.0,Yes,No,At Risk
ST02646,19,Female,Data Science,95.9,57.4,58.6,75.1,4.1,2.98,4.0,Yes,No,Not At Risk
ST10753,24,Male,IT,93.3,54.9,79.4,48.2,1.3,2.67,4.0,,Yes,At Risk
ST05256,25,Female,Data Science,78.9,65.1,52.6,59.7,4.2,3.13,7.0,Yes,No,Not At Risk
ST03621,20,Female,Software Engineering,96.4,91.8,49.6,69.4,2.6,2.99,6.0,Yes,Yes,Not At Risk
ST06450,22,Male,Data Science,94.1,93.4,78.4,53.9,2.4,2.17,5.0,Yes,No,Not At Risk
ST09788,19,Male,IT,100.0,65.7,61.2,48.3,8.1,2.73,1.0,Yes,Yes,Not At Risk
ST10806,24,Female,Data Science,89.7,66.1,52.3,68.3,3.8,3.21,6.0,Yes,No,Not At Risk
ST02920,24,Male,IT,100.0,78.7,74.2,42.8,4.7,2.48,4.0,Yes,Yes,Not At Risk
ST11381,24,Male,IT,79.1,64.1,74.0,46.5,4.2,3.3,4.0,Yes,No,Not At Risk
ST10689,24,Female,IT,83.6,91.8,23.6,80.7,7.6,3.1,7.0,Yes,Yes,Not At Risk
ST08146,18,Female,IT,80.0,40.3,68.2,33.2,3.7,3.44,5.0,Yes,No,At Risk
ST01116,23,Male,Software Engineering,77.9,25.1,61.0,74.3,7.6,3.72,3.0,Yes,No,At Risk
ST09651,19,Female,,72.4,49.5,58.0,67.7,4.4,2.41,4.0,Yes,No,At Risk
ST08537,19,Male,Computer Science,90.6,57.6,87.4,60.3,4.0,3.33,4.0,Yes,Yes,Not At Risk
ST01366,21,Male,IT,74.2,66.3,67.6,48.7,3.6,3.51,5.0,Yes,Yes,At Risk
ST06128,24,Female,Software Engineering,74.5,67.9,92.1,54.7,12.4,2.49,4.0,Yes,No,At Risk
ST00120,22,Female,IT,56.2,92.4,57.0,36.9,4.0,3.06,2.0,Yes,Yes,At Risk
ST02874,19,Female,Computer Science,68.2,53.3,64.9,80.7,5.6,3.21,8.0,Yes,No,Not At Risk
ST10574,21,Female,Computer Science,52.2,74.3,73.1,,5.4,2.27,3.0,No,No,Not At Risk
ST08224,22,Female,Computer Science,80.7,68.6,58.3,35.3,4.1,2.23,4.0,Yes,Yes,Not At Risk
ST05367,23,Female,Computer Science,89.1,64.1,60.5,73.8,4.7,3.92,5.0,Yes,Yes,Not At Risk
ST00885,21,Male,Data Science,78.3,83.5,65.2,81.4,6.3,2.98,9.0,Yes,No,Not At Risk
ST01359,22,Female,Software Engineering,72.3,42.5,68.7,61.7,6.3,2.91,3.0,Yes,Yes,At Risk
ST08777,24,Female,IT,89.9,83.1,40.2,46.7,7.0,2.92,4.0,Yes,No,Not At Risk
ST02177,20,Male,IT,95.8,64.9,71.0,77.2,3.7,3.28,1.0,Yes,Yes,Not At Risk
ST00535,18,Male,Computer Science,65.2,53.8,50.1,51.1,6.5,2.9,5.0,Yes,Yes,At Risk
ST04656,21,Male,Software Engineering,80.7,79.6,85.8,42.2,3.5,2.9,4.0,Yes,Yes,Not At Risk
ST04633,18,Male,Data Science,66.5,89.1,56.7,53.8,3.7,3.54,4.0,Yes,No,Not At Risk
ST09065,19,Female,Data Science,84.7,64.2,75.2,55.1,3.9,3.25,6.0,Yes,No,Not At Risk
ST00072,18,Male,Computer Science,68.1,100.0,62.2,65.5,2.1,2.73,3.0,No,Yes,Not At Risk
ST10445,20,Female,Computer Science,92.9,78.8,56.4,69.9,3.8,2.59,5.0,Yes,Yes,Not At Risk
ST04566,24,Female,Computer Science,69.7,80.6,85.4,82.3,7.6,2.8,2.0,Yes,Yes,Not At Risk
ST08277,22,Female,Computer Science,100.0,88.6,44.8,89.6,8.5,3.65,2.0,Yes,Yes,Not At Risk
ST09826,18,Female,Computer Science,73.9,56.9,27.0,83.8,3.7,2.73,2.0,Yes,No,Not At Risk
ST05619,24,Female,Computer Science,70.4,49.8,56.9,100.0,5.1,2.82,6.0,Yes,Yes,Not At Risk
ST02228,22,Female,Computer Science,100.0,64.5,88.6,90.4,4.1,3.27,5.0,Yes,No,Not At Risk
ST02052,18,Male,IT,72.2,55.0,84.7,75.8,5.7,3.18,6.0,No,No,Not At Risk
ST09385,21,Female,IT,88.6,75.2,62.9,52.6,3.1,3.53,5.0,Yes,No,Not At Risk
ST02610,20,Female,,84.5,56.8,63.7,83.9,9.2,2.22,3.0,Yes,Yes,Not At Risk
ST01611,25,Male,IT,83.5,85.5,65.1,83.1,4.7,3.33,4.0,Yes,No,Not At Risk
ST05886,21,Male,Computer Science,78.4,62.0,52.9,44.5,2.8,2.21,7.0,Yes,Yes,At Risk
ST00554,20,Male,Software Engineering,87.4,100.0,58.7,56.1,4.5,3.45,3.0,Yes,No,Not At Risk
ST03168,22,Male,IT,100.0,63.2,61.4,57.9,5.0,3.16,3.0,Yes,No,Not At Risk
ST01528,18,Male,IT,72.2,50.5,58.9,59.0,5.4,4.0,4.0,Yes,Yes,Not At Risk
ST08363,19,Male,Software Engineering,86.8,66.8,86.0,40.9,18.3,3.11,2.0,Yes,Yes,Not At Risk
ST06169,20,Male,Software Engineering,73.6,75.8,65.3,67.0,4.1,3.03,2.0,Yes,Yes,Not At Risk
ST01889,24,Male,IT,69.9,65.8,59.6,77.5,6.3,3.79,,Yes,Yes,Not At Risk
ST05313,20,Female,IT,79.6,55.1,79.9,62.3,2.2,2.84,2.0,Yes,Yes,Not At Risk
ST05148,22,Female,Computer Science,86.9,64.7,61.8,53.9,1.7,3.21,3.0,Yes,Yes,Not At Risk
ST03266,25,Male,Data Science,79.6,59.2,76.1,40.2,1.9,1.78,6.0,Yes,Yes,Not At Risk
ST03321,25,Female,IT,62.2,55.8,62.7,90.6,8.3,3.39,9.0,Yes,Yes,At Risk
ST08246,25,Male,IT,81.3,74.7,89.0,40.6,4.9,3.7,4.0,Yes,No,At Risk
ST11622,20,Female,IT,81.4,55.1,75.9,60.7,5.9,2.11,6.0,No,No,Not At Risk
ST00378,22,Male,Computer Science,80.3,71.3,79.5,52.0,7.7,3.47,2.0,Yes,No,Not At Risk
ST00217,19,Male,Data Science,67.3,65.7,78.4,45.7,8.4,1.86,6.0,No,No,Not At Risk
ST09997,21,Male,Software Engineering,94.4,71.0,62.2,67.9,7.6,2.11,5.0,Yes,No,Not At Risk
ST07389,20,Male,Software Engineering,75.0,69.7,79.2,83.9,3.8,3.75,3.0,Yes,Yes,Not At Risk
ST08137,19,Female,Software Engineering,64.6,70.0,57.1,61.5,4.9,1.55,,Yes,No,Not At Risk
ST08887,21,Male,Computer Science,85.0,93.5,34.1,41.6,4.6,2.96,5.0,Yes,No,At Risk
ST03847,23,Female,Computer Science,87.7,77.9,78.6,47.5,4.8,2.61,1.0,Yes,Yes,Not At Risk
ST08839,20,Male,IT,58.9,62.4,81.8,93.2,2.9,2.82,3.0,Yes,Yes,Not At Risk
ST03002,19,Female,Computer Science,83.9,55.3,68.4,67.3,1.1,3.52,4.0,Yes,No,Not At Risk
ST08206,22,Female,Computer Science,100.0,55.1,72.1,43.5,4.2,3.65,3.0,Yes,Yes,Not At Risk
ST01238,25,Female,Data Science,74.1,62.7,68.4,75.6,0.7,2.82,2.0,Yes,Yes,At Risk
ST06361,18,Female,IT,71.8,47.5,54.7,55.4,2.3,3.1,2.0,Yes,No,Not At Risk
ST04965,25,Male,Computer Science,73.2,41.0,55.3,40.2,3.7,3.01,5.0,Yes,Yes,At Risk
ST05654,21,Male,Computer Science,100.0,57.1,57.9,54.2,14.2,1.92,3.0,Yes,No,At Risk
ST03019,25,Male,Computer Science,91.7,54.0,48.0,43.6,3.6,3.2,3.0,Yes,No,Not At Risk
ST04919,20,Female,Software Engineering,79.2,60.3,48.4,58.6,6.5,2.7,4.0,No,Yes,Not At Risk
ST07443,21,Male,IT,79.8,63.3,69.6,92.4,3.0,3.15,3.0,Yes,Yes,Not At Risk
ST05107,20,Male,Software Engineering,58.5,71.0,74.8,70.0,8.0,3.02,2.0,Yes,Yes,At Risk
ST09718,19,Female,,100.0,84.0,71.0,44.1,1.9,3.71,3.0,Yes,Yes,Not At Risk
ST08062,19,Female,Computer Science,77.8,70.1,83.6,65.2,3.5,3.76,3.0,Yes,No,Not At Risk
ST01961,20,Male,IT,75.1,66.0,66.6,66.2,6.2,2.7,5.0,Yes,Yes,Not At Risk
ST08258,19,Female,Computer Science,82.8,78.4,50.9,92.2,8.7,3.07,,Yes,Yes,Not At Risk
ST04242,20,Male,Computer Science,95.0,59.6,60.7,69.1,0.8,2.72,7.0,Yes,No,Not At Risk
ST10608,19,Female,IT,91.9,78.6,34.7,91.6,1.9,2.86,4.0,Yes,Yes,Not At Risk
ST08525,22,Female,Data Science,85.0,50.3,59.1,48.0,12.7,2.39,2.0,Yes,No,Not At Risk
ST01864,21,Male,IT,100.0,98.2,44.2,74.8,6.6,3.57,5.0,Yes,No,Not At Risk
ST05483,18,Male,Computer Science,77.6,96.0,83.3,60.8,16.3,2.69,4.0,Yes,No,Not At Risk
ST10884,20,Male,Software Engineering,89.9,71.4,70.4,51.5,3.3,2.71,7.0,Yes,No,Not At Risk
ST05690,18,Male,IT,79.1,62.0,64.9,50.8,16.3,2.83,7.0,Yes,Yes,Not At Risk
ST00814,19,Male,Computer Science,75.2,63.0,80.7,35.7,9.2,2.79,,Yes,Yes,At Risk
ST05405,24,Male,Computer Science,83.7,80.3,55.9,23.3,3.0,2.79,3.0,Yes,Yes,Not At Risk
ST06953,23,Male,IT,65.6,76.0,63.6,77.6,5.4,2.22,4.0,Yes,No,Not At Risk
ST03362,22,Male,Data Science,67.6,59.6,84.7,72.3,7.5,3.28,5.0,Yes,Yes,Not At Risk
ST00380,20,Female,Data Science,78.9,78.0,85.1,78.7,3.8,2.36,2.0,Yes,No,Not At Risk
ST03162,24,Female,IT,76.2,79.1,51.6,74.2,7.4,4.0,7.0,Yes,Yes,Not At Risk
ST06536,24,Female,Computer Science,83.5,66.0,47.2,41.5,12.1,2.89,3.0,Yes,No,Not At Risk
ST08403,19,Male,IT,99.4,58.1,90.7,44.7,11.8,3.34,5.0,No,No,Not At Risk
ST07436,23,Male,Data Science,86.6,82.1,51.4,54.4,7.5,2.74,6.0,Yes,Yes,Not At Risk
ST06978,19,Male,Computer Science,98.0,79.3,100.0,51.3,2.9,2.65,3.0,Yes,No,Not At Risk
ST09725,19,Female,Data Science,90.0,74.0,70.2,83.8,3.5,2.64,2.0,Yes,No,Not At Risk
ST11143,19,Male,Computer Science,77.6,49.9,64.1,23.9,7.2,3.46,6.0,Yes,No,At Risk
ST07965,22,Female,IT,73.1,61.7,47.0,94.4,12.1,3.61,2.0,Yes,Yes,Not At Risk
ST09167,22,Male,Computer Science,87.0,70.5,66.5,46.6,4.9,3.43,4.0,Yes,No,Not At Risk
ST02465,20,Female,IT,86.7,100.0,63.7,73.8,6.2,2.83,2.0,Yes,No,Not At Risk
ST07526,21,Male,Computer Science,73.5,41.1,39.4,51.8,10.2,2.24,4.0,Yes,No,At Risk
ST09698,25,Male,Data Science,73.9,74.8,64.8,77.8,10.1,4.0,0.0,Yes,Yes,Not At Risk
ST07258,23,Male,Software Engineering,72.1,79.7,81.6,60.7,6.1,3.31,6.0,Yes,No,Not At Risk
ST02682,24,Female,IT,70.5,64.6,76.5,58.4,2.4,2.54,5.0,Yes,Yes,Not At Risk
ST04980,21,Male,Software Engineering,71.4,53.3,64.6,21.1,7.4,2.9,4.0,Yes,No,At Risk
ST03421,20,Male,IT,78.4,78.4,60.3,70.5,7.9,3.34,6.0,Yes,No,Not At Risk
ST09173,21,Female,Computer Science,52.6,70.4,47.3,59.2,5.7,2.84,5.0,Yes,Yes,Not At Risk
ST01510,21,Male,Computer Science,88.9,74.5,54.2,63.7,9.7,2.42,2.0,Yes,No,Not At Risk
ST05366,25,Male,Software Engineering,91.1,46.6,38.1,49.1,14.4,3.27,0.0,Yes,Yes,Not At Risk
ST06960,25,Female,IT,79.1,52.0,65.7,51.5,3.5,3.49,7.0,Yes,No,Not At Risk
ST04357,20,Female,Computer Science,87.9,100.0,74.9,68.6,5.2,3.46,1.0,Yes,No,Not At Risk
ST05142,22,Female,Software Engineering,97.5,59.9,77.5,48.6,2.9,3.26,4.0,Yes,No,Not At Risk
ST01498,19,Male,Computer Science,81.5,80.5,67.9,94.9,14.2,1.97,1.0,Yes,Yes,Not At Risk
ST11867,21,Female,Computer Science,81.5,74.8,58.1,66.2,2.8,2.82,6.0,Yes,Yes,Not At Risk
ST01785,23,Male,Software Engineering,85.8,39.4,65.8,86.5,9.2,1.78,3.0,Yes,No,Not At Risk
ST11065,22,Female,Data Science,68.5,73.2,69.5,51.9,5.4,3.18,5.0,Yes,No,Not At Risk
ST06277,18,Male,IT,86.1,83.0,93.2,42.6,1.5,2.82,4.0,Yes,Yes,Not At Risk
ST10142,24,Female,Computer Science,87.8,69.5,35.4,30.3,2.1,2.51,6.0,Yes,No,Not At Risk
ST01385,19,Female,IT,71.4,42.6,58.8,41.8,5.0,3.01,4.0,Yes,Yes,Not At Risk
ST05393,25,female,Computer Science,95.9,71.2,81.5,73.8,2.0,3.68,4.0,Yes,No,Not At Risk
ST09298,22,female,Computer Science,87.1,57.3,68.3,49.2,12.7,3.04,1.0,Yes,No,At Risk
ST09981,18,Male,Computer Science,78.0,56.7,40.3,91.0,15.7,2.58,7.0,Yes,No,Not At Risk
ST05527,18,Male,Computer Science,100.0,78.7,35.2,71.6,1.3,2.35,1.0,Yes,No,Not At Risk
ST05862,25,Female,Computer Science,79.9,89.7,58.6,81.1,7.6,2.17,5.0,Yes,Yes,Not At Risk
ST11007,23,Female,Computer Science,88.3,65.3,68.4,98.6,5.8,2.86,1.0,Yes,Yes,Not At Risk
ST09847,20,Female,Data Science,86.3,48.6,57.5,41.7,0.9,2.64,5.0,Yes,Yes,At Risk
ST05231,22,Female,Software Engineering,77.7,86.3,70.7,56.0,5.8,2.52,2.0,Yes,No,Not At Risk
ST11146,18,Female,Computer Science,85.2,60.1,45.6,77.9,11.0,2.41,5.0,Yes,No,Not At Risk
ST04612,22,Male,Software Engineering,84.7,57.1,75.0,67.5,4.8,1.93,7.0,Yes,Yes,Not At Risk
ST05638,24,Male,Computer Science,63.5,69.0,88.0,20.2,2.4,3.09,1.0,Yes,No,Not At Risk
ST02916,22,Male,Data Science,85.1,79.6,26.8,52.2,6.3,2.92,4.0,Yes,Yes,Not At Risk
ST06950,25,Male,Computer Science,91.4,69.5,57.5,36.2,5.7,2.64,7.0,Yes,Yes,Not At Risk
ST10694,21,Male,Computer Science,86.4,54.0,82.9,61.1,4.8,2.9,5.0,Yes,No,Not At Risk
ST03832,23,Male,Computer Science,73.9,86.4,74.6,37.6,6.0,3.27,,Yes,Yes,Not At Risk
ST02535,24,Male,Computer Science,97.7,73.4,33.4,47.0,3.5,3.14,5.0,Yes,No,Not At Risk
ST08158,20,Male,Software Engineering,71.1,72.6,46.9,65.5,9.2,3.32,2.0,Yes,Yes,At Risk
ST04392,22,Female,Computer Science,71.1,54.6,60.1,72.4,2.3,1.98,7.0,Yes,No,Not At Risk
ST10703,23,Male,Software Engineering,78.7,60.4,74.4,66.5,4.6,2.69,2.0,Yes,Yes,Not At Risk
ST08194,18,Female,IT,76.2,63.7,56.7,44.5,9.8,2.07,3.0,Yes,Yes,Not At Risk
ST06400,23,Male,Data Science,82.8,51.4,56.6,71.0,2.1,3.11,4.0,Yes,No,At Risk
ST09576,23,Female,IT,96.6,53.6,81.7,50.4,6.3,2.68,4.0,Yes,Yes,Not At Risk
ST00166,20,Male,Computer Science,83.9,80.8,62.7,46.9,3.5,2.02,3.0,Yes,No,Not At Risk
ST07310,22,Female,Software Engineering,74.1,89.4,34.9,79.4,7.5,3.16,7.0,Yes,No,Not At Risk
ST11156,19,Female,Data Science,95.7,71.9,66.2,45.3,4.0,4.0,8.0,Yes,Yes,Not At Risk
ST11706,22,Male,Computer Science,84.5,69.5,38.6,89.6,7.4,3.23,5.0,Yes,No,Not At Risk
ST00892,20,Female,Software Engineering,85.6,80.6,48.3,60.9,2.3,3.19,6.0,Yes,Yes,Not At Risk
ST05158,19,Female,Computer Science,89.3,97.6,90.8,91.9,8.7,3.11,3.0,Yes,No,Not At Risk
ST06132,23,Male,Data Science,73.6,59.0,52.7,52.9,1.2,3.46,2.0,Yes,No,Not At Risk
ST05270,20,Male,Data Science,67.7,36.6,51.7,51.8,8.4,2.88,3.0,Yes,Yes,At Risk
ST03587,23,Female,IT,84.5,86.0,51.5,90.5,9.3,3.61,6.0,No,No,Not At Risk
ST01251,18,Female,Computer Science,72.7,85.8,29.2,90.3,7.1,2.54,5.0,Yes,No,Not At Risk
ST11579,19,Male,IT,89.5,71.9,66.1,46.1,4.3,2.35,5.0,Yes,No,Not At Risk
ST06806,18,Male,Data Science,100.0,76.5,65.8,61.1,7.1,3.83,3.0,No,No,Not At Risk
ST06295,20,Female,Software Engineering,92.8,88.8,95.7,59.0,13.4,3.21,5.0,Yes,No,Not At Risk
ST05289,22,Male,IT,100.0,83.5,92.3,78.2,9.9,2.95,0.0,Yes,No,Not At Risk
ST01428,24,Female,Software Engineering,60.4,86.8,73.7,59.5,5.4,2.5,4.0,Yes,Yes,At Risk
ST06112,22,Female,IT,89.5,72.8,36.8,89.2,5.3,2.67,3.0,Yes,Yes,Not At Risk
ST00032,18,Male,Computer Science,76.1,52.9,68.7,75.3,3.4,2.79,4.0,Yes,No,Not At Risk
ST04483,24,Male,Software Engineering,100.0,64.2,57.0,52.9,13.6,2.86,,Yes,No,Not At Risk
ST04841,21,Male,Data Science,73.6,89.6,73.0,79.0,5.9,3.71,4.0,Yes,No,Not At Risk
ST07932,24,Female,Software Engineering,82.9,56.0,65.0,61.0,6.7,2.33,8.0,Yes,No,Not At Risk
ST07879,18,Male,Computer Science,100.0,77.1,74.6,21.9,4.1,2.48,4.0,Yes,No,Not At Risk
ST01720,19,Female,Computer Science,66.3,71.7,60.0,55.8,6.2,3.12,5.0,No,Yes,Not At Risk
ST08438,22,Male,IT,72.3,50.7,32.8,56.7,4.6,2.6,9.0,Yes,Yes,Not At Risk
ST04784,24,Male,IT,82.6,60.6,52.2,56.0,6.2,2.44,2.0,Yes,No,Not At Risk
ST11791,20,Male,IT,74.3,49.3,56.1,79.5,3.7,2.16,2.0,Yes,No,Not At Risk
ST00433,20,Male,Software Engineering,72.8,65.0,56.5,60.9,5.6,3.13,5.0,Yes,No,Not At Risk
ST11910,23,Female,Computer Science,94.4,63.8,60.9,53.1,6.4,3.5,6.0,Yes,No,Not At Risk
ST10509,24,Female,Computer Science,100.0,68.6,69.6,82.9,4.3,3.98,6.0,Yes,Yes,Not At Risk
ST05865,25,Female,Computer Science,80.1,85.6,86.1,57.7,4.2,2.67,3.0,Yes,Yes,Not At Risk
ST04799,25,Female,Software Engineering,74.6,71.7,60.3,38.6,13.0,3.51,6.0,Yes,No,Not At Risk
ST07475,21,Male,Software Engineering,55.5,41.2,77.1,66.0,8.8,3.66,10.0,Yes,No,Not At Risk
ST11343,20,Male,Data Science,85.0,88.2,78.8,65.8,10.0,3.01,4.0,Yes,Yes,Not At Risk
ST10032,25,Male,Computer Science,100.0,45.5,82.7,94.1,5.3,2.53,1.0,Yes,Yes,Not At Risk
ST00785,23,Female,IT,84.2,42.7,94.1,51.9,8.4,3.35,4.0,Yes,No,Not At Risk
ST01956,19,Female,IT,80.8,32.6,61.7,73.0,3.7,3.72,7.0,Yes,Yes,Not At Risk
ST11420,18,Male,Computer Science,67.9,43.9,46.9,80.7,9.0,2.24,5.0,Yes,Yes,Not At Risk
ST01624,20,Female,IT,78.3,80.7,53.1,48.4,3.8,3.44,6.0,Yes,No,At Risk
ST02319,24,Male,Computer Science,90.6,89.2,76.6,71.0,6.1,3.19,3.0,Yes,No,Not At Risk
ST04501,22,Male,Software Engineering,69.4,67.5,76.2,44.2,14.9,2.4,6.0,Yes,Yes,Not At Risk
ST01115,19,Female,Data Science,100.0,65.4,64.7,46.2,5.8,3.22,4.0,Yes,Yes,Not At Risk
ST03626,24,Female,Computer Science,88.3,87.7,90.9,65.5,2.4,2.4,6.0,Yes,Yes,Not At Risk
ST00588,23,Male,Computer Science,87.4,75.8,75.6,67.0,5.4,3.57,5.0,Yes,Yes,Not At Risk
ST10044,23,Female,Software Engineering,75.5,76.8,74.7,61.3,5.3,3.23,8.0,Yes,No,Not At Risk
ST02976,19,Female,Computer Science,53.5,55.7,61.6,46.6,2.6,3.37,6.0,Yes,Yes,At Risk
ST08496,22,Female,Software Engineering,64.6,60.5,65.4,49.6,10.1,3.05,2.0,,No,At Risk
ST01560,24,Male,Data Science,79.4,59.7,51.7,57.0,3.8,3.07,,Yes,Yes,At Risk
ST00612,20,Female,Data Science,79.4,57.0,64.3,36.4,7.9,3.91,5.0,Yes,No,Not At Risk
ST02942,24,Female,IT,100.0,58.6,72.4,61.1,7.0,2.84,7.0,Yes,Yes,Not At Risk
ST08954,18,Male,IT,93.6,60.3,70.7,74.9,6.0,3.72,3.0,Yes,Yes,Not At Risk
ST01920,24,Male,Computer Science,100.0,68.5,49.6,38.4,3.3,3.13,7.0,Yes,Yes,Not At Risk
ST01829,24,Male,Software Engineering,88.7,74.0,69.0,75.5,5.1,3.55,3.0,Yes,Yes,Not At Risk
ST10856,25,Female,Computer Science,87.0,73.9,56.2,52.5,2.6,1.31,5.0,Yes,Yes,Not At Risk
ST11729,21,Male,Computer Science,78.8,67.8,67.3,55.8,13.0,2.69,3.0,Yes,No,Not At Risk
ST10255,21,Female,Data Science,77.3,61.9,49.5,100.0,11.1,3.45,0.0,Yes,No,Not At Risk
ST11277,25,Female,Software Engineering,81.8,70.1,53.5,85.6,5.6,3.06,5.0,Yes,No,Not At Risk
ST01777,18,Female,IT,78.2,74.9,25.6,49.7,1.8,1.69,5.0,Yes,No,Not At Risk
ST11663,23,Female,IT,98.1,84.8,91.3,59.4,6.2,2.75,5.0,Yes,Yes,Not At Risk
ST01986,25,Male,IT,71.8,69.0,68.1,77.6,1.4,3.66,3.0,Yes,Yes,Not At Risk
ST06126,18,Male,IT,94.5,81.5,44.5,61.2,2.5,2.82,5.0,Yes,Yes,Not At Risk
ST05291,21,Female,IT,65.9,82.0,45.9,76.5,3.5,3.47,3.0,Yes,Yes,Not At Risk
ST01256,25,Male,Computer Science,85.1,68.6,63.7,71.2,5.2,3.0,4.0,Yes,Yes,Not At Risk
ST11842,24,Female,Data Science,100.0,69.3,72.1,78.0,3.4,3.39,7.0,Yes,No,Not At Risk
ST09658,19,Female,Computer Science,69.3,77.3,64.2,82.5,3.6,3.04,7.0,Yes,No,Not At Risk
ST03599,18,Male,Software Engineering,94.0,64.6,45.8,60.6,18.9,2.71,3.0,Yes,No,Not At Risk
ST02375,18,Female,IT,95.2,73.4,97.6,65.1,16.6,2.77,3.0,Yes,Yes,Not At Risk
ST04124,20,female,Software Engineering,91.2,77.8,65.4,82.2,8.8,2.62,3.0,Yes,No,Not At Risk
ST00512,20,Female,Software Engineering,72.4,74.9,74.4,60.5,7.3,2.28,7.0,Yes,No,Not At Risk
ST06359,23,Male,Data Science,74.5,53.7,50.0,55.1,3.2,2.93,3.0,Yes,Yes,At Risk
ST10978,20,Female,IT,74.2,69.2,55.3,45.4,11.2,3.31,,Yes,No,At Risk
ST10575,19,Female,Data Science,63.8,68.6,86.7,51.1,4.1,2.93,,Yes,Yes,Not At Risk
ST02060,23,Male,Software Engineering,72.1,59.3,37.4,31.2,1.0,3.87,3.0,Yes,No,Not At Risk
ST02518,21,Male,Computer Science,77.1,59.4,52.6,33.9,8.9,4.0,5.0,Yes,No,At Risk
ST02340,22,Female,Data Science,97.4,73.2,78.9,61.2,3.6,3.21,5.0,Yes,No,Not At Risk
ST07101,18,Female,Computer Science,82.0,57.1,64.1,74.8,3.1,2.4,7.0,Yes,No,Not At Risk
ST06456,19,Female,IT,91.8,100.0,89.8,79.7,3.1,2.84,3.0,Yes,Yes,Not At Risk
ST10472,21,Male,Computer Science,95.9,86.8,75.2,81.8,6.7,2.24,5.0,Yes,Yes,Not At Risk
ST02014,22,Male,Computer Science,88.0,92.1,75.1,93.6,3.7,2.86,,Yes,No,Not At Risk
ST02729,20,Male,IT,100.0,58.0,86.2,39.6,2.5,2.5,1.0,Yes,Yes,Not At Risk
ST02279,23,Female,Computer Science,72.5,50.7,65.0,60.0,6.0,2.12,4.0,Yes,No,Not At Risk
ST08508,21,Female,IT,100.0,85.6,68.4,,3.7,3.09,3.0,Yes,No,Not At Risk
ST05782,20,Female,Software Engineering,90.2,68.7,63.9,57.4,3.0,2.88,6.0,Yes,No,Not At Risk
ST10182,24,Male,IT,93.3,80.7,47.3,76.6,3.9,2.26,3.0,Yes,No,Not At Risk
ST02083,19,Male,,66.0,64.1,57.9,76.0,4.1,3.14,5.0,Yes,Yes,Not At Risk
ST06202,24,Male,IT,86.1,73.5,60.2,76.4,4.2,3.95,0.0,Yes,Yes,Not At Risk
ST10225,24,Male,Software Engineering,97.3,55.6,88.8,48.1,3.1,3.01,6.0,Yes,No,Not At Risk
ST09061,24,Female,Software Engineering,60.0,78.4,51.3,88.6,9.5,4.0,5.0,No,Yes,Not At Risk
ST00244,24,Female,Computer Science,77.8,100.0,55.6,23.0,1.3,1.33,0.0,Yes,Yes,Not At Risk
ST11891,18,Female,IT,62.8,97.5,46.4,55.2,2.2,3.35,2.0,Yes,Yes,Not At Risk
ST06636,25,Female,Computer Science,65.0,49.8,66.4,81.5,6.7,2.38,4.0,No,Yes,Not At Risk
ST01977,18,Male,Data Science,77.7,65.7,81.9,61.0,3.7,2.67,5.0,Yes,No,Not At Risk
ST09588,25,Female,Computer Science,72.2,72.3,73.1,54.9,10.5,2.93,2.0,Yes,No,Not At Risk
ST09766,19,Female,IT,83.9,79.1,84.5,35.2,6.8,1.65,4.0,Yes,No,Not At Risk
ST00712,19,Female,IT,61.6,89.5,75.3,67.2,7.3,2.47,2.0,Yes,No,Not At Risk
ST11257,25,Female,Computer Science,80.7,61.5,87.8,85.7,8.8,3.43,1.0,No,Yes,Not At Risk
ST02029,20,Male,Computer Science,83.4,43.0,78.1,67.6,12.9,2.23,3.0,Yes,Yes,At Risk
ST05776,19,Female,IT,89.6,86.1,49.5,68.4,14.8,2.57,8.0,Yes,Yes,Not At Risk
ST00748,25,Male,Computer Science,86.5,78.6,68.7,46.2,9.6,2.69,2.0,Yes,No,Not At Risk
ST06427,22,Female,IT,72.6,72.4,80.5,,3.3,1.62,5.0,Yes,Yes,Not At Risk
ST04097,21,Male,Computer Science,99.9,62.8,53.7,58.8,6.0,3.78,2.0,Yes,No,Not At Risk
ST04048,20,Male,Software Engineering,79.9,72.2,77.5,83.5,4.7,2.86,3.0,No,Yes,Not At Risk
ST00085,24,Male,Data Science,64.2,58.8,58.4,29.5,2.8,3.2,5.0,Yes,No,Not At Risk
ST04925,19,Female,IT,88.4,33.9,58.4,75.5,2.8,3.07,4.0,Yes,No,Not At Risk
ST01790,19,Female,Data Science,76.5,62.0,40.1,70.1,2.5,3.29,4.0,Yes,No,Not At Risk
ST00764,20,Female,Computer Science,74.5,81.3,67.3,51.9,2.7,2.95,4.0,Yes,No,Not At Risk
ST09451,21,Female,IT,93.5,67.0,100.0,57.4,1.4,2.89,4.0,Yes,No,Not At Risk
ST05524,22,Male,Software Engineering,100.0,61.0,52.6,56.5,4.0,3.59,1.0,Yes,No,Not At Risk
ST05455,23,Male,Software Engineering,100.0,79.7,73.7,58.3,6.7,2.93,6.0,Yes,No,Not At Risk
ST00460,23,Male,IT,62.9,56.2,58.1,44.8,4.7,3.58,2.0,Yes,Yes,At Risk
ST10866,20,Female,Software Engineering,55.8,85.8,86.2,74.3,6.8,2.81,4.0,Yes,Yes,Not At Risk
ST11063,21,Male,Computer Science,78.9,74.7,60.3,52.3,6.3,2.46,5.0,Yes,No,Not At Risk
ST08853,25,Male,Computer Science,78.8,83.8,98.9,51.8,12.2,2.62,4.0,Yes,Yes,Not At Risk
ST06042,22,Male,Software Engineering,82.0,62.5,42.4,62.7,4.7,4.0,5.0,Yes,No,Not At Risk
ST04407,25,Female,IT,88.0,81.5,73.8,56.0,3.2,2.65,4.0,Yes,Yes,Not At Risk
ST01444,25,Female,Computer Science,79.3,74.3,62.9,44.0,3.1,2.57,4.0,Yes,No,Not At Risk
ST05739,22,Male,Software Engineering,68.4,62.6,65.8,79.9,3.7,1.97,1.0,Yes,Yes,Not At Risk
ST02197,24,Female,Software Engineering,71.4,89.6,55.3,72.2,7.1,2.31,6.0,Yes,Yes,Not At Risk
ST02017,23,Female,Software Engineering,100.0,63.8,77.9,54.7,4.4,2.26,3.0,Yes,No,Not At Risk
ST05339,21,Female,Data Science,82.2,81.4,69.4,89.1,4.4,2.63,1.0,Yes,No,Not At Risk
ST05381,20,Female,Software Engineering,100.0,55.4,85.3,79.8,8.9,2.94,3.0,Yes,Yes,Not At Risk
ST05189,23,Male,Software Engineering,94.7,66.9,67.4,70.2,4.7,2.4,6.0,Yes,No,At Risk
ST05216,20,Male,IT,64.3,63.4,48.1,86.3,4.1,2.49,2.0,Yes,Yes,Not At Risk
ST08319,20,Female,Computer Science,92.4,61.9,61.0,47.5,8.6,2.0,,Yes,No,Not At Risk
ST08052,23,Female,Software Engineering,69.4,70.8,83.0,50.6,3.8,4.0,3.0,Yes,Yes,Not At Risk
ST06844,18,Female,IT,92.0,88.4,60.1,51.5,10.5,2.76,2.0,Yes,No,Not At Risk
ST06222,21,Female,Computer Science,87.7,60.2,57.0,59.0,4.5,1.97,6.0,No,No,Not At Risk
ST08629,23,Female,Software Engineering,65.3,76.9,63.6,55.8,5.1,3.9,3.0,Yes,No,Not At Risk
ST09911,18,Female,Computer Science,100.0,69.3,50.0,79.6,3.9,2.9,3.0,Yes,Yes,Not At Risk
ST06338,19,Male,IT,60.1,64.3,60.6,73.1,20.4,3.06,4.0,Yes,Yes,At Risk
ST11690,18,Male,Software Engineering,94.9,83.2,84.5,32.8,2.1,2.0,4.0,Yes,Yes,Not At Risk
ST05604,23,Male,IT,69.2,80.9,23.5,99.7,3.8,3.89,4.0,Yes,No,Not At Risk
ST09077,19,Female,Data Science,73.9,62.7,38.5,61.8,7.5,2.25,4.0,Yes,Yes,Not At Risk
ST00501,20,Female,Software Engineering,84.4,60.5,70.6,44.0,3.5,3.52,3.0,Yes,Yes,Not At Risk
ST10723,24,Male,Software Engineering,87.9,59.9,68.9,61.5,12.3,3.21,9.0,Yes,No,Not At Risk
ST10314,19,Male,Software Engineering,84.8,42.7,61.3,87.5,2.8,2.7,4.0,Yes,No,Not At Risk
ST01404,21,Female,Data Science,81.5,80.2,55.8,71.0,5.3,2.73,6.0,Yes,No,Not At Risk
ST04531,24,Female,Computer Science,88.7,72.1,53.4,43.9,10.6,3.19,3.0,Yes,No,Not At Risk
ST00118,20,Male,Computer Science,71.9,64.5,67.8,78.2,4.2,4.0,5.0,Yes,No,Not At Risk
ST02066,22,Male,Data Science,96.2,87.3,86.2,50.8,8.1,3.58,7.0,Yes,Yes,Not At Risk
ST07489,18,Female,IT,57.9,70.9,70.4,55.1,8.5,1.51,3.0,Yes,Yes,Not At Risk
ST03772,19,Male,IT,86.8,71.4,32.9,,2.6,3.9,1.0,Yes,No,Not At Risk
ST02023,25,Male,Data Science,75.6,52.3,73.7,45.2,3.3,2.08,2.0,Yes,Yes,Not At Risk
ST09256,21,Male,Data Science,75.1,68.8,69.1,65.6,4.8,2.84,6.0,Yes,No,Not At Risk
ST08571,18,Female,Data Science,72.3,69.6,54.8,66.5,4.8,4.0,5.0,Yes,No,Not At Risk
ST02062,22,Female,Data Science,83.8,58.7,100.0,74.9,4.9,3.18,5.0,Yes,Yes,Not At Risk
ST05118,24,Male,Computer Science,78.0,64.8,48.4,57.0,2.5,3.08,2.0,Yes,No,Not At Risk
ST05673,23,Female,Computer Science,80.6,71.9,54.6,62.1,9.1,2.39,5.0,Yes,No,Not At Risk
ST08913,20,Female,Data Science,75.1,65.4,66.7,83.9,0.7,2.56,2.0,Yes,No,Not At Risk
ST09160,22,Female,IT,82.0,60.5,83.3,66.0,12.0,2.67,1.0,Yes,No,Not At Risk
ST11300,18,Female,IT,57.3,69.6,69.5,81.2,11.1,2.0,0.0,Yes,No,Not At Risk
ST05028,20,Male,Software Engineering,87.2,85.0,69.5,,0.7,3.01,6.0,Yes,Yes,Not At Risk
ST01357,23,Female,Data Science,72.6,63.3,77.3,45.1,3.2,2.9,2.0,Yes,No,At Risk
ST10027,20,Female,Computer Science,78.2,71.2,58.0,61.4,1.8,2.77,4.0,Yes,No,Not At Risk
ST09934,22,Male,IT,95.3,60.6,69.7,58.5,1.2,2.16,5.0,Yes,Yes,Not At Risk
ST03961,25,Female,Data Science,100.0,84.2,62.5,70.1,5.3,2.46,6.0,Yes,Yes,Not At Risk
ST01598,20,Male,Computer Science,85.3,70.4,51.9,37.4,11.1,1.98,4.0,Yes,Yes,Not At Risk
ST10776,18,Male,IT,89.0,59.9,69.1,74.9,5.3,3.41,4.0,No,Yes,Not At Risk
ST07699,20,Male,Data Science,97.7,77.2,78.1,88.0,4.6,3.85,4.0,Yes,Yes,Not At Risk
ST10625,20,Male,Computer Science,86.5,65.2,49.5,46.5,2.2,2.67,3.0,Yes,Yes,Not At Risk
ST07293,18,Female,Software Engineering,91.1,51.8,64.6,58.3,4.2,3.01,5.0,Yes,No,Not At Risk
ST02670,20,female,Computer Science,86.8,93.3,61.3,64.1,6.1,1.85,5.0,Yes,No,Not At Risk
ST06102,24,Female,Computer Science,90.5,49.4,61.7,83.1,7.2,2.16,5.0,Yes,No,Not At Risk
ST08109,18,Female,Computer Science,86.6,87.1,86.2,58.9,7.6,3.52,1.0,Yes,No,Not At Risk
ST08553,18,Female,Computer Science,86.9,81.6,48.1,69.2,2.4,2.45,6.0,Yes,No,Not At Risk
ST10416,22,Male,Computer Science,82.9,54.8,69.0,67.3,2.2,3.79,4.0,Yes,No,Not At Risk
ST06489,20,Female,Data Science,76.5,86.4,60.7,57.1,5.1,3.93,4.0,Yes,No,Not At Risk
ST06820,23,Female,IT,100.0,73.2,39.4,53.0,5.3,3.55,3.0,Yes,Yes,Not At Risk
ST07077,18,Female,Computer Science,70.9,65.5,79.5,67.1,2.7,2.27,3.0,Yes,No,At Risk
ST07841,24,Female,Computer Science,94.9,70.9,54.7,48.9,11.6,2.38,6.0,Yes,No,Not At Risk
ST02502,21,Male,IT,61.9,97.0,56.4,92.3,6.5,2.51,3.0,No,No,Not At Risk
ST09537,25,Male,Computer Science,87.8,55.9,82.7,94.5,9.3,4.0,3.0,Yes,No,Not At Risk
ST05287,25,Male,Computer Science,93.8,73.9,70.8,71.4,7.2,3.55,7.0,Yes,Yes,Not At Risk
ST09350,25,Female,IT,65.4,82.9,28.4,74.3,5.5,3.13,4.0,Yes,No,Not At Risk
ST07061,20,Female,IT,76.7,60.9,73.8,65.1,2.7,3.37,5.0,No,No,Not At Risk
ST11442,22,Female,Data Science,72.6,76.4,72.6,56.1,4.2,2.71,7.0,,Yes,Not At Risk
ST10162,25,M,IT,76.2,73.8,83.2,73.5,4.9,2.63,3.0,Yes,No,Not At Risk
ST00212,19,Female,Software Engineering,100.0,78.1,95.6,46.6,12.1,3.06,3.0,Yes,Yes,Not At Risk
ST10984,18,Female,Computer Science,93.8,66.6,40.3,28.4,3.9,3.17,7.0,Yes,Yes,Not At Risk
ST05201,18,Female,Software Engineering,86.4,42.9,56.5,63.9,6.4,3.51,2.0,Yes,No,Not At Risk
ST11709,20,Male,IT,85.6,52.9,75.1,52.1,9.0,1.65,5.0,Yes,No,Not At Risk
ST01098,22,Female,Software Engineering,76.4,54.0,74.2,42.1,7.2,2.81,3.0,Yes,Yes,Not At Risk
ST11699,19,Male,Computer Science,53.2,66.9,86.7,86.7,8.9,2.99,4.0,Yes,No,Not At Risk
ST00067,19,Male,IT,89.2,68.7,78.7,55.1,10.0,4.0,3.0,Yes,No,Not At Risk
ST01899,22,Female,Software Engineering,94.9,70.8,63.6,60.9,4.4,3.25,5.0,Yes,Yes,Not At Risk
ST04921,21,Female,IT,78.8,52.6,72.2,75.7,5.2,3.13,0.0,Yes,Yes,Not At Risk
ST04592,19,Female,IT,84.3,68.1,58.8,58.8,5.5,3.74,5.0,Yes,No,Not At Risk
ST09570,23,Male,Computer Science,87.6,65.5,54.6,77.7,3.5,2.08,4.0,Yes,Yes,Not At Risk
ST09977,25,Male,IT,81.9,78.8,81.6,29.6,2.6,3.62,6.0,Yes,Yes,Not At Risk
ST01037,21,Male,Software Engineering,87.4,53.4,67.5,71.3,8.2,3.38,3.0,Yes,Yes,Not At Risk
ST08705,21,Female,Data Science,70.2,84.3,40.4,61.6,8.2,2.73,4.0,Yes,No,Not At Risk
ST06263,24,Male,Computer Science,58.4,59.6,65.6,65.6,7.2,3.69,7.0,Yes,No,Not At Risk
ST05308,24,Male,Software Engineering,70.4,100.0,55.7,30.8,5.0,3.07,6.0,Yes,No,Not At Risk
ST03217,20,Male,Software Engineering,89.2,61.9,35.2,38.0,11.7,3.34,5.0,Yes,No,Not At Risk
ST05887,20,Male,Software Engineering,60.4,84.5,68.3,51.9,11.1,3.29,7.0,Yes,No,Not At Risk
ST06534,21,Male,Software Engineering,95.0,31.9,65.9,78.7,6.2,4.0,5.0,Yes,Yes,Not At Risk
ST00891,18,Male,Software Engineering,98.8,78.4,56.3,56.6,1.5,3.07,6.0,Yes,Yes,Not At Risk
ST05757,18,Female,Computer Science,87.2,68.8,49.2,62.4,1.7,3.26,3.0,Yes,Yes,Not At Risk
ST02864,20,Female,IT,94.0,71.5,71.1,49.7,3.7,2.1,4.0,Yes,No,Not At Risk
ST03754,22,Male,IT,77.9,56.4,56.8,,2.1,2.21,4.0,Yes,No,Not At Risk
ST05057,21,Male,IT,78.8,62.0,71.3,53.4,2.6,4.0,4.0,Yes,No,Not At Risk
ST11794,23,Female,Data Science,88.9,82.3,46.6,67.6,5.3,3.21,3.0,Yes,Yes,Not At Risk
ST08369,24,Male,Software Engineering,90.5,49.7,67.3,80.1,5.7,3.05,3.0,No,Yes,At Risk
ST09805,18,Male,IT,82.4,68.1,59.9,61.8,8.6,3.39,3.0,Yes,Yes,Not At Risk
ST02054,22,Female,IT,58.6,58.5,100.0,67.8,3.9,2.72,6.0,Yes,Yes,Not At Risk
ST09270,21,Male,IT,81.3,59.5,70.8,52.0,13.3,2.59,1.0,Yes,No,At Risk
ST04396,22,Female,Computer Science,79.5,68.7,44.9,75.9,6.0,2.73,3.0,Yes,Yes,At Risk
ST03357,25,Male,Computer Science,85.5,89.2,55.6,64.8,7.9,3.36,7.0,Yes,No,Not At Risk
ST00620,25,Male,Computer Science,88.4,99.5,92.2,87.2,5.4,2.81,8.0,Yes,No,Not At Risk
ST10477,23,Female,Computer Science,64.2,96.0,61.4,62.7,7.7,3.04,4.0,Yes,Yes,Not At Risk
ST08024,25,Male,Computer Science,69.4,74.6,91.0,66.9,4.2,2.78,2.0,Yes,No,Not At Risk
ST08628,21,Female,Software Engineering,81.3,77.2,79.9,70.6,4.7,2.49,5.0,Yes,No,Not At Risk
ST05152,25,Female,IT,96.6,60.4,63.6,38.4,6.0,3.65,6.0,Yes,No,Not At Risk
ST07883,18,Male,Computer Science,80.3,46.9,55.0,40.9,15.0,2.77,3.0,Yes,Yes,At Risk
ST04904,23,Male,Computer Science,67.9,66.5,69.7,73.3,8.2,2.63,4.0,Yes,No,Not At Risk
ST03823,22,Female,Computer Science,63.0,72.5,72.3,65.1,3.7,4.0,3.0,No,Yes,Not At Risk
ST11599,20,Female,Software Engineering,81.4,47.0,50.0,68.8,5.4,3.05,2.0,Yes,Yes,Not At Risk
ST03219,19,Male,Computer Science,84.8,56.0,70.5,92.7,7.2,3.11,7.0,Yes,No,Not At Risk
ST11317,19,Female,IT,90.8,56.2,55.5,56.6,3.3,3.22,2.0,Yes,Yes,Not At Risk
ST00333,23,Female,Data Science,86.7,67.8,100.0,60.6,5.0,2.23,1.0,Yes,No,At Risk
ST07447,19,Male,Computer Science,84.1,100.0,89.4,64.6,5.8,2.95,1.0,Yes,No,Not At Risk
ST05075,20,Female,Software Engineering,86.0,41.5,67.6,75.5,5.0,2.91,1.0,Yes,No,Not At Risk
ST05692,21,Female,Computer Science,83.2,89.7,71.0,70.8,11.9,2.99,1.0,Yes,No,Not At Risk
ST08296,20,Female,Software Engineering,95.1,54.4,87.9,46.1,2.4,3.23,2.0,Yes,No,Not At Risk
ST01304,19,Female,Software Engineering,99.4,59.4,55.7,82.3,8.8,2.31,3.0,Yes,No,Not At Risk
ST11133,23,Male,Computer Science,78.5,63.2,52.1,74.2,7.1,2.29,4.0,Yes,Yes,Not At Risk
ST00595,20,Male,IT,76.3,77.7,49.1,70.9,4.4,3.12,4.0,Yes,No,Not At Risk
ST06963,20,Female,Computer Science,73.0,71.1,74.1,74.3,4.0,2.49,2.0,Yes,Yes,Not At Risk
ST09714,18,Female,Computer Science,81.5,75.5,44.6,68.4,12.7,3.51,6.0,Yes,Yes,Not At Risk
ST02335,19,Female,IT,90.8,52.4,70.2,80.8,4.0,2.98,7.0,Yes,No,At Risk
ST10144,19,Male,Computer Science,74.9,52.4,51.6,73.7,5.7,3.16,1.0,Yes,No,At Risk
ST03178,24,Male,Data Science,80.0,78.0,69.9,73.3,2.3,2.67,2.0,Yes,No,Not At Risk
ST11778,24,Female,Computer Science,91.4,29.5,58.5,69.0,8.6,3.3,2.0,Yes,No,At Risk
ST08375,25,Female,Data Science,65.8,71.3,67.5,68.2,5.9,2.61,4.0,Yes,No,Not At Risk
ST06135,19,Female,IT,91.4,88.7,33.6,56.9,5.9,4.0,2.0,Yes,No,Not At Risk
ST10589,19,Female,Computer Science,65.3,71.7,82.3,60.2,10.5,2.97,1.0,Yes,No,Not At Risk
ST08586,21,Male,Computer Science,91.2,78.1,51.1,69.8,10.1,4.0,2.0,Yes,No,Not At Risk
ST10538,25,Female,Data Science,75.7,82.4,81.2,31.9,12.4,2.81,5.0,Yes,No,Not At Risk
ST10440,20,Male,Data Science,86.1,65.4,65.2,62.6,4.8,1.75,5.0,,No,Not At Risk
ST09975,18,Female,IT,88.2,62.9,50.0,62.9,7.0,2.41,5.0,Yes,No,Not At Risk
ST11853,19,Male,Computer Science,78.0,42.9,85.1,43.4,13.5,2.72,6.0,Yes,Yes,At Risk
ST10983,20,Female,IT,79.1,70.9,46.8,77.3,5.1,2.85,4.0,Yes,Yes,Not At Risk
ST04430,22,Male,,78.5,47.1,64.1,57.1,7.5,4.0,4.0,Yes,Yes,Not At Risk
ST06621,24,Female,IT,62.6,76.9,65.9,29.2,2.6,2.92,2.0,Yes,No,At Risk
ST10321,23,Female,Data Science,71.1,58.6,82.6,97.2,2.3,4.0,1.0,Yes,No,Not At Risk
ST02618,24,Female,Computer Science,79.6,99.4,82.5,85.8,9.6,3.56,2.0,Yes,Yes,Not At Risk
ST04032,19,Male,Data Science,95.7,70.6,62.0,77.2,3.0,2.8,6.0,Yes,No,Not At Risk
ST05294,20,Male,Computer Science,94.7,92.0,83.2,90.9,4.3,2.26,4.0,Yes,No,Not At Risk
ST05741,19,Female,Data Science,66.2,74.3,74.3,83.5,3.1,3.19,5.0,Yes,No,At Risk
ST01020,23,Male,Computer Science,91.1,57.7,64.0,61.1,10.6,3.56,4.0,Yes,Yes,Not At Risk
ST00693,25,Female,IT,89.1,37.1,65.0,59.0,8.1,3.7,,Yes,Yes,Not At Risk
ST08039,18,Male,Software Engineering,93.0,79.3,80.8,67.2,7.5,1.82,3.0,Yes,No,Not At Risk
ST08073,22,Female,IT,86.4,77.9,55.9,59.3,7.4,2.29,6.0,Yes,No,Not At Risk
ST01711,20,Female,Computer Science,81.8,79.1,72.1,91.1,1.8,2.51,6.0,Yes,Yes,At Risk
ST04043,20,Male,IT,80.4,46.2,61.3,49.7,1.7,2.67,4.0,Yes,Yes,Not At Risk
ST03829,24,Male,IT,71.9,68.2,59.9,77.2,12.4,1.49,2.0,Yes,No,Not At Risk
ST04666,20,Male,Software Engineering,96.2,72.2,64.3,91.9,2.4,2.95,6.0,Yes,Yes,Not At Risk
ST03820,23,Female,Data Science,95.4,63.9,55.5,65.5,0.8,3.01,3.0,Yes,Yes,Not At Risk
ST01789,19,Male,Software Engineering,91.6,30.4,71.4,46.6,7.2,1.68,2.0,Yes,No,Not At Risk
ST06296,19,Female,Software Engineering,79.6,45.0,55.7,84.6,10.4,2.83,6.0,Yes,Yes,Not At Risk
ST10476,22,Female,Data Science,93.4,52.6,48.8,65.4,4.4,2.63,7.0,Yes,Yes,Not At Risk
ST11144,20,Male,Software Engineering,76.8,54.8,85.7,75.9,3.6,1.88,2.0,Yes,No,Not At Risk
ST03146,19,Male,Computer Science,75.5,40.7,76.8,43.9,7.3,2.71,5.0,Yes,No,Not At Risk
ST08845,23,Female,Software Engineering,100.0,64.2,62.8,63.1,2.7,3.85,2.0,Yes,No,Not At Risk
ST08027,25,Female,IT,79.8,52.6,49.6,60.1,8.5,2.32,1.0,Yes,No,Not At Risk
ST10390,22,Female,IT,85.5,71.5,63.2,100.0,7.2,3.37,4.0,Yes,No,Not At Risk
ST03275,21,Male,Software Engineering,74.9,92.9,73.8,58.1,6.7,2.65,2.0,Yes,No,Not At Risk
ST05729,18,Female,Software Engineering,68.0,76.9,56.8,56.5,2.3,2.24,3.0,Yes,Yes,At Risk
ST04669,21,Female,Software Engineering,100.0,91.0,100.0,81.8,1.9,3.18,3.0,Yes,No,Not At Risk
ST07765,19,Female,Software Engineering,85.7,74.1,71.9,53.8,2.9,3.41,2.0,Yes,Yes,At Risk
ST06211,19,Female,IT,93.7,60.6,58.7,75.7,1.4,2.91,3.0,Yes,No,Not At Risk
ST11876,24,Male,IT,100.0,66.2,77.1,50.5,6.2,3.11,3.0,Yes,Yes,Not At Risk
ST02509,19,Female,IT,90.7,60.6,74.4,70.7,2.8,3.26,5.0,Yes,No,At Risk
ST10731,20,Male,Software Engineering,80.7,51.0,70.0,81.4,8.1,3.21,4.0,Yes,Yes,Not At Risk
ST01271,22,Female,Software Engineering,78.4,71.2,68.4,52.9,3.0,2.9,2.0,Yes,Yes,Not At Risk
ST06369,24,Female,Computer Science,63.4,58.0,51.0,39.4,2.9,3.34,3.0,Yes,Yes,Not At Risk
ST07760,21,Female,IT,78.4,57.3,46.5,20.6,8.7,4.0,4.0,Yes,No,Not At Risk
ST00912,21,Male,IT,81.1,63.0,75.2,44.2,5.2,3.81,4.0,Yes,Yes,Not At Risk
ST00390,20,Male,IT,97.2,75.8,80.3,55.3,2.4,2.06,8.0,Yes,No,At Risk
ST04022,18,Male,Computer Science,65.1,61.3,46.7,68.2,2.6,3.56,3.0,No,Yes,At Risk
ST01674,22,Male,IT,83.4,58.8,55.0,57.8,4.0,2.68,5.0,Yes,Yes,Not At Risk
ST02858,25,Female,Software Engineering,66.5,90.1,61.2,41.8,7.4,2.68,5.0,Yes,Yes,At Risk
ST02979,19,Male,Computer Science,93.5,80.0,42.0,89.5,6.9,3.47,6.0,Yes,Yes,Not At Risk
ST06335,22,Female,IT,100.0,82.2,60.2,94.2,1.7,3.97,4.0,Yes,No,Not At Risk
ST01768,24,Female,Computer Science,71.4,83.7,69.1,60.1,4.8,3.38,2.0,No,Yes,Not At Risk
ST09039,23,Female,IT,91.1,74.4,73.0,56.2,13.6,2.75,5.0,Yes,No,Not At Risk
ST09067,19,Female,Software Engineering,65.7,61.0,54.9,58.6,17.2,2.86,2.0,Yes,Yes,Not At Risk
ST04416,25,Male,Software Engineering,63.4,59.1,62.0,67.5,3.1,2.26,5.0,Yes,No,Not At Risk
ST03729,23,Female,Computer Science,90.3,97.9,53.1,66.3,8.8,2.88,5.0,Yes,No,Not At Risk
ST09444,23,Male,Computer Science,96.2,71.7,31.2,70.6,2.3,2.45,2.0,Yes,No,Not At Risk
ST10198,23,Female,Computer Science,89.9,94.7,68.9,92.3,3.4,3.97,3.0,Yes,No,Not At Risk
ST08119,21,Female,Data Science,61.9,79.8,96.8,66.0,2.7,2.89,2.0,Yes,No,At Risk
ST04347,22,Female,Software Engineering,81.0,72.9,66.0,69.9,3.0,1.47,7.0,,No,At Risk
ST01912,25,Female,IT,85.3,61.6,61.4,68.0,8.9,2.37,4.0,Yes,Yes,Not At Risk
ST06679,24,Female,Computer Science,83.8,71.6,64.7,71.3,5.5,2.79,2.0,Yes,No,Not At Risk
ST08041,23,Male,Computer Science,70.2,55.3,66.2,62.5,5.6,2.98,5.0,Yes,Yes,At Risk
ST08658,21,Female,Computer Science,99.5,86.9,44.7,60.2,2.8,2.61,4.0,Yes,No,Not At Risk
ST06958,25,Female,Computer Science,84.4,100.0,52.9,77.9,1.6,2.54,3.0,Yes,No,Not At Risk
ST09290,24,Male,Software Engineering,82.4,82.5,66.5,72.3,8.5,1.83,2.0,Yes,No,Not At Risk
ST05631,20,Male,Data Science,81.9,53.8,67.2,66.0,3.9,2.52,9.0,Yes,No,Not At Risk
ST04774,23,Female,Computer Science,75.4,36.2,32.5,68.0,3.1,2.74,0.0,Yes,Yes,Not At Risk
ST09999,21,Male,IT,95.0,44.8,53.9,77.0,5.4,2.75,4.0,Yes,No,Not At Risk
ST10886,21,Male,Computer Science,95.6,51.8,68.6,72.9,3.1,3.05,6.0,Yes,No,Not At Risk
ST05086,23,Female,,89.0,81.0,52.9,42.9,6.2,2.68,2.0,Yes,No,Not At Risk
ST09617,18,Male,Software Engineering,92.4,53.1,63.8,70.9,25.0,2.37,5.0,Yes,No,Not At Risk
ST03835,19,Male,IT,84.7,71.2,60.1,49.4,1.5,2.3,6.0,Yes,Yes,Not At Risk
ST08685,23,Female,IT,88.8,60.3,66.9,69.6,7.7,2.64,4.0,Yes,No,Not At Risk
ST07692,21,Female,Computer Science,61.5,65.3,100.0,96.6,5.8,3.92,2.0,No,Yes,Not At Risk
ST06035,25,Female,Computer Science,62.0,95.9,65.7,26.3,3.3,3.28,4.0,Yes,No,Not At Risk
ST02040,20,Male,Data Science,83.1,93.9,80.4,26.9,1.7,3.51,6.0,Yes,Yes,Not At Risk
ST06268,21,Male,Computer Science,70.5,59.4,74.5,50.4,14.3,2.91,3.0,Yes,Yes,Not At Risk
ST11301,22,Male,Software Engineering,92.2,66.1,85.4,31.1,3.2,2.76,6.0,Yes,No,Not At Risk
ST11829,20,Female,Software Engineering,63.1,74.7,88.9,70.8,5.5,3.36,4.0,Yes,Yes,Not At Risk
ST07554,22,Male,Computer Science,69.5,50.2,100.0,72.3,3.2,1.01,1.0,Yes,No,Not At Risk
ST07636,19,Female,Computer Science,84.1,47.4,86.7,63.1,8.5,2.66,3.0,Yes,No,At Risk
ST00123,24,Female,Computer Science,90.6,67.9,76.7,53.7,2.4,3.24,3.0,No,No,Not At Risk
ST02203,22,Male,Computer Science,91.4,66.3,78.4,90.6,8.0,2.46,1.0,Yes,No,Not At Risk
ST07513,23,Male,Data Science,81.3,83.1,58.9,61.7,11.6,3.25,5.0,Yes,No,Not At Risk
ST09558,23,Male,Computer Science,66.5,55.4,64.3,51.8,13.9,3.23,8.0,Yes,Yes,Not At Risk
ST03307,18,Female,IT,91.3,61.0,51.0,35.5,3.5,3.79,2.0,Yes,Yes,At Risk
ST11068,21,Male,Computer Science,67.4,74.8,51.5,95.2,5.9,3.29,2.0,Yes,Yes,Not At Risk
ST07874,18,Female,Software Engineering,79.6,69.9,68.4,64.6,8.5,2.39,4.0,Yes,Yes,Not At Risk
ST04740,24,Female,Software Engineering,86.9,89.0,51.1,71.4,6.5,4.0,4.0,Yes,No,Not At Risk
ST03207,23,Female,Computer Science,61.7,60.6,62.9,84.2,10.6,1.47,5.0,Yes,No,Not At Risk
ST11812,25,Male,Computer Science,85.9,51.1,74.6,58.9,8.8,3.08,4.0,Yes,No,Not At Risk
ST00024,22,Female,Software Engineering,99.4,68.4,86.9,54.9,7.4,2.28,5.0,Yes,No,Not At Risk
ST01975,20,Female,Computer Science,77.7,82.6,66.0,44.5,8.1,1.76,4.0,Yes,No,Not At Risk
ST09535,21,Female,IT,78.7,100.0,80.7,78.8,5.6,2.9,1.0,Yes,Yes,Not At Risk
ST04062,21,Male,Computer Science,98.5,73.3,72.9,88.6,4.1,3.14,2.0,Yes,No,Not At Risk
ST09867,24,Male,Computer Science,69.0,51.1,54.4,34.4,7.0,2.18,1.0,Yes,Yes,Not At Risk
ST01516,22,Male,IT,79.0,73.6,65.9,83.5,9.4,3.78,6.0,Yes,Yes,Not At Risk
ST02713,23,Female,IT,62.5,63.3,27.8,61.9,4.6,2.98,3.0,Yes,No,Not At Risk
ST04206,23,Male,Computer Science,89.4,77.8,69.8,66.9,3.2,4.0,3.0,No,No,Not At Risk
ST08274,18,Female,Software Engineering,80.9,58.2,49.8,58.3,6.5,2.68,3.0,Yes,No,Not At Risk
ST04579,18,Female,IT,73.2,69.3,74.9,52.3,9.0,3.31,4.0,Yes,No,Not At Risk
ST08372,24,Male,IT,58.0,74.7,84.1,38.4,2.7,1.83,2.0,Yes,No,At Risk
ST02769,25,Female,Software Engineering,94.8,91.8,36.8,75.5,3.7,2.95,5.0,Yes,Yes,Not At Risk
ST06217,20,Male,Computer Science,83.2,41.4,53.1,50.6,5.7,3.26,1.0,Yes,No,At Risk
ST02860,25,Female,Computer Science,80.5,75.6,74.4,76.1,8.0,1.93,3.0,Yes,No,Not At Risk
ST11009,20,Female,Computer Science,93.6,37.6,100.0,61.7,5.5,3.28,5.0,Yes,No,At Risk
ST05823,18,Male,IT,91.6,74.2,62.9,68.3,7.2,3.43,7.0,Yes,No,At Risk
ST04060,20,Male,Computer Science,89.2,56.0,69.2,65.9,4.2,2.63,4.0,Yes,Yes,Not At Risk
ST05205,19,Male,Software Engineering,89.5,78.3,84.4,54.4,7.0,3.91,4.0,Yes,Yes,Not At Risk
ST10943,18,Female,Computer Science,98.9,61.0,76.5,64.7,17.5,3.42,2.0,Yes,Yes,Not At Risk
ST10800,24,female,Data Science,86.3,88.8,82.9,92.4,4.0,2.89,5.0,Yes,Yes,Not At Risk
ST04007,24,Male,Software Engineering,90.8,57.9,76.5,67.9,3.5,2.95,1.0,Yes,Yes,Not At Risk
ST03757,22,Female,Data Science,82.4,80.3,53.7,66.0,14.2,2.72,3.0,Yes,No,Not At Risk
ST04762,21,Male,Data Science,75.2,78.7,89.1,61.3,10.0,2.26,5.0,Yes,No,Not At Risk
ST11713,25,Male,Data Science,91.9,36.0,83.5,79.0,3.4,3.02,1.0,Yes,No,Not At Risk
ST01691,20,Male,Computer Science,91.4,67.6,60.1,50.2,7.0,3.43,5.0,Yes,No,Not At Risk
ST11431,23,Female,Computer Science,77.4,36.1,58.1,67.8,3.6,3.97,4.0,Yes,No,Not At Risk
ST08114,20,Female,Data Science,92.0,56.7,79.9,58.1,1.8,3.09,3.0,Yes,Yes,Not At Risk
ST05263,22,Male,Computer Science,85.1,69.2,69.6,71.4,1.7,2.51,1.0,No,No,Not At Risk
ST01191,22,Female,Data Science,87.3,32.3,63.4,67.7,7.0,2.1,5.0,Yes,No,At Risk
ST01383,21,Male,Computer Science,88.0,73.6,50.6,39.3,4.4,1.53,5.0,Yes,Yes,Not At Risk
ST02608,20,Female,Data Science,63.4,89.5,89.4,73.8,6.9,3.73,7.0,Yes,No,Not At Risk
ST10631,18,M,Computer Science,100.0,58.3,54.7,48.4,4.9,3.93,2.0,Yes,Yes,Not At Risk
ST00896,18,Female,IT,80.0,82.3,81.0,79.5,7.5,2.96,4.0,Yes,Yes,Not At Risk
ST01322,18,Male,Data Science,71.9,47.8,59.9,32.2,10.8,2.53,6.0,Yes,No,Not At Risk
ST05997,24,Female,IT,91.3,79.5,60.7,69.0,1.7,3.36,2.0,Yes,No,Not At Risk
ST10495,18,Female,Computer Science,86.9,69.4,74.0,85.9,2.1,3.59,1.0,Yes,No,Not At Risk
ST11362,19,Male,Software Engineering,100.0,73.1,56.5,43.0,19.1,3.27,3.0,Yes,Yes,Not At Risk
ST10301,23,Female,Software Engineering,68.0,72.2,33.6,39.7,1.8,3.44,3.0,Yes,No,Not At Risk
ST00277,23,Male,Computer Science,80.5,95.2,51.7,57.4,10.3,3.84,3.0,Yes,Yes,Not At Risk
ST01929,18,Female,Computer Science,100.0,71.8,62.1,87.3,5.7,1.86,3.0,Yes,Yes,Not At Risk
ST10317,20,Male,Computer Science,74.2,61.8,52.3,100.0,1.9,2.43,2.0,Yes,No,Not At Risk
ST10545,25,Male,IT,85.8,55.7,57.2,,2.4,3.79,3.0,Yes,No,Not At Risk
ST07978,21,Male,Software Engineering,100.0,53.3,62.0,38.0,13.8,3.87,6.0,Yes,Yes,Not At Risk
ST07295,20,Female,Data Science,74.4,71.4,62.3,81.5,11.4,2.61,1.0,Yes,Yes,Not At Risk
ST08533,20,Female,Software Engineering,79.0,53.2,77.8,58.1,4.9,2.55,2.0,Yes,Yes,Not At Risk
ST00323,23,Male,IT,79.3,82.2,64.2,62.7,2.7,0.88,6.0,Yes,Yes,Not At Risk
ST07314,22,Male,IT,82.7,48.4,75.0,82.6,8.5,2.21,2.0,Yes,No,Not At Risk
ST03131,19,Male,Data Science,64.0,74.6,81.5,76.1,3.0,1.65,3.0,Yes,No,Not At Risk
ST02006,23,Female,Data Science,78.3,69.2,28.9,75.5,5.6,2.31,5.0,Yes,No,Not At Risk
ST11549,22,Male,Computer Science,61.8,53.2,78.2,89.6,6.2,2.73,11.0,Yes,Yes,At Risk
ST08294,25,Male,Data Science,90.5,78.4,50.0,75.0,4.9,4.0,3.0,Yes,No,Not At Risk
ST04260,18,Male,Computer Science,100.0,87.6,100.0,23.0,7.1,2.73,2.0,Yes,No,Not At Risk
ST05279,22,Male,IT,77.4,61.1,67.9,63.0,3.5,3.87,3.0,No,Yes,Not At Risk
ST09806,19,Female,Data Science,82.8,78.9,67.0,64.1,6.9,2.72,5.0,Yes,Yes,Not At Risk
ST11677,20,Female,Computer Science,93.0,40.7,43.9,76.9,5.5,2.95,3.0,Yes,No,Not At Risk
ST04675,20,Female,IT,93.6,45.7,100.0,66.8,2.3,2.96,3.0,Yes,Yes,Not At Risk
ST03480,21,Male,Data Science,60.0,63.7,57.7,57.9,4.6,2.36,2.0,Yes,Yes,Not At Risk
ST11333,21,Male,Software Engineering,81.5,61.2,89.7,61.7,3.6,2.11,1.0,,No,Not At Risk
ST09255,18,Female,Software Engineering,81.2,60.6,62.9,39.4,3.7,2.92,5.0,Yes,Yes,Not At Risk
ST01028,19,Female,Computer Science,89.4,75.8,55.1,80.7,10.2,3.49,6.0,Yes,Yes,Not At Risk
ST01016,18,Male,Computer Science,98.1,43.7,49.5,78.7,2.9,3.0,6.0,Yes,No,Not At Risk
ST09831,24,Female,Software Engineering,85.2,65.0,50.3,69.7,4.5,3.67,1.0,Yes,Yes,Not At Risk
ST05207,21,Male,IT,83.5,76.5,31.0,52.6,2.6,2.59,7.0,Yes,No,At Risk
ST08341,25,female,Data Science,84.5,65.7,57.8,76.4,4.8,3.36,5.0,Yes,No,Not At Risk
ST00709,20,Male,Data Science,61.7,63.4,67.9,65.3,6.1,2.27,1.0,Yes,No,Not At Risk
ST02092,21,Male,Data Science,80.4,64.3,60.7,56.8,2.9,3.26,4.0,Yes,No,Not At Risk
ST03705,18,Male,Data Science,81.8,88.5,57.0,59.7,3.6,3.99,10.0,Yes,No,At Risk
ST03597,18,Male,Data Science,51.8,100.0,69.0,37.0,8.2,2.56,5.0,Yes,No,At Risk
ST03844,22,Female,Software Engineering,88.0,62.5,72.2,59.5,5.3,4.0,3.0,Yes,Yes,Not At Risk
ST04175,24,Male,IT,77.2,69.0,53.1,62.5,6.0,1.6,2.0,Yes,No,Not At Risk
ST02164,20,Male,Data Science,70.9,84.2,58.4,90.3,1.6,2.46,2.0,Yes,No,Not At Risk
ST03477,22,Male,IT,76.4,57.6,59.2,62.5,2.8,1.79,5.0,Yes,No,Not At Risk
ST04638,24,Male,Software Engineering,81.6,75.8,78.8,41.8,9.9,2.37,3.0,Yes,No,Not At Risk
ST10937,24,Female,Computer Science,88.2,51.4,95.4,82.2,15.7,2.97,1.0,Yes,No,Not At Risk
ST06455,21,Female,Computer Science,78.3,68.1,78.0,63.1,4.9,3.56,4.0,Yes,No,Not At Risk
ST06250,18,Male,IT,58.5,82.1,55.2,88.8,3.0,3.84,3.0,Yes,No,At Risk
ST04137,25,Male,Software Engineering,100.0,69.5,78.3,63.6,6.8,2.6,6.0,Yes,Yes,Not At Risk
ST06040,25,Male,Data Science,85.3,85.3,65.6,44.1,7.6,3.2,3.0,Yes,No,Not At Risk
ST00471,24,Male,Computer Science,89.5,51.3,93.5,82.9,7.6,1.98,1.0,Yes,No,Not At Risk
ST06854,24,Male,Computer Science,77.5,74.6,43.6,66.3,5.7,2.78,3.0,Yes,No,Not At Risk
